library_id	field	value	source_type	source	source_locator	source_record	notes	candidate_file	candidate_row	source_value
Ahuja2024:CWD1	collection_date	2002-09-22	primary_sheet	data/sources/Ahuja2024_Supplementary_Table_1.xlsx	Invertebrate.1.0!I15	Ahuja2024:CWD1	Ahuja2024:CWD1;voucher:YPMIZ35024	data/sources/metadata_enrichment/sheet_metadata.tsv	2	
Ahuja2024:CWD1	collection_depth_source	data/sources/Ahuja2024_Supplementary_Table_1.xlsx#Invertebrate.1.0!P15	primary_sheet	data/sources/Ahuja2024_Supplementary_Table_1.xlsx	Invertebrate.1.0!P15	Ahuja2024:CWD1	Ahuja2024:CWD1;voucher:YPMIZ35024; explicit_metre_unit	data/sources/metadata_enrichment/sheet_metadata.tsv	3	
Ahuja2024:CWD1	collection_id	OC381-18-6	primary_sheet	data/sources/Ahuja2024_Supplementary_Table_1.xlsx	Invertebrate.1.0!B15	Ahuja2024:CWD1	Ahuja2024:CWD1;voucher:YPMIZ35024	data/sources/metadata_enrichment/sheet_metadata.tsv	4	
Ahuja2024:CWD1	depth_m	10	primary_sheet	data/sources/Ahuja2024_Supplementary_Table_1.xlsx	Invertebrate.1.0!P15	Ahuja2024:CWD1	Ahuja2024:CWD1;voucher:YPMIZ35024; explicit_metre_unit	data/sources/metadata_enrichment/sheet_metadata.tsv	5	
Ahuja2024:CWD1	depth_original	10 meters	primary_sheet	data/sources/Ahuja2024_Supplementary_Table_1.xlsx	Invertebrate.1.0!P15	Ahuja2024:CWD1	Ahuja2024:CWD1;voucher:YPMIZ35024	data/sources/metadata_enrichment/sheet_metadata.tsv	6	
Ahuja2024:CWD1	lat_long_raw	37.43 N 72.68 W	primary_sheet	data/sources/Ahuja2024_Supplementary_Table_1.xlsx	Invertebrate.1.0!U15	Ahuja2024:CWD1	Ahuja2024:CWD1;voucher:YPMIZ35024	data/sources/metadata_enrichment/sheet_metadata.tsv	7	
Ahuja2024:CWD1	latitude	37.43	primary_sheet	data/sources/Ahuja2024_Supplementary_Table_1.xlsx	Invertebrate.1.0!U15	Ahuja2024:CWD1	Ahuja2024:CWD1;voucher:YPMIZ35024	data/sources/metadata_enrichment/sheet_metadata.tsv	8	
Ahuja2024:CWD1	locality	Atlantic Ocean	primary_sheet	data/sources/Ahuja2024_Supplementary_Table_1.xlsx	Invertebrate.1.0!J15	Ahuja2024:CWD1	Ahuja2024:CWD1;voucher:YPMIZ35024	data/sources/metadata_enrichment/sheet_metadata.tsv	9	
Ahuja2024:CWD1	longitude	-72.68	primary_sheet	data/sources/Ahuja2024_Supplementary_Table_1.xlsx	Invertebrate.1.0!U15	Ahuja2024:CWD1	Ahuja2024:CWD1;voucher:YPMIZ35024	data/sources/metadata_enrichment/sheet_metadata.tsv	10	
Ahuja2024:CWD1	specimen_voucher	YPM:IZ:35024	primary_sheet	data/sources/Ahuja2024_Supplementary_Table_1.xlsx	Invertebrate.1.0!W15	Ahuja2024:CWD1	Ahuja2024:CWD1;voucher:YPMIZ35024	data/sources/metadata_enrichment/sheet_metadata.tsv	11	
Ahuja2024:CWD1	tissue	siphosome	primary_sheet	data/sources/Ahuja2024_Supplementary_Table_1.xlsx	Invertebrate.1.0!K15	Ahuja2024:CWD1	Ahuja2024:CWD1;voucher:YPMIZ35024	data/sources/metadata_enrichment/sheet_metadata.tsv	12	
Ahuja2024:CWD101	collection_date	2003-07-18	primary_sheet	data/sources/Ahuja2024_Supplementary_Table_1.xlsx	Invertebrate.1.0!I20	Ahuja2024:CWD101	Ahuja2024:CWD101;voucher:YPMIZ35090	data/sources/metadata_enrichment/sheet_metadata.tsv	13	
Ahuja2024:CWD101	collection_depth_source	data/sources/Ahuja2024_Supplementary_Table_1.xlsx#Invertebrate.1.0!P20	primary_sheet	data/sources/Ahuja2024_Supplementary_Table_1.xlsx	Invertebrate.1.0!P20	Ahuja2024:CWD101	Ahuja2024:CWD101;voucher:YPMIZ35090; explicit_metre_unit	data/sources/metadata_enrichment/sheet_metadata.tsv	14	
Ahuja2024:CWD101	collection_id	Tib595D1	primary_sheet	data/sources/Ahuja2024_Supplementary_Table_1.xlsx	Invertebrate.1.0!B20	Ahuja2024:CWD101	Ahuja2024:CWD101;voucher:YPMIZ35090	data/sources/metadata_enrichment/sheet_metadata.tsv	15	
Ahuja2024:CWD101	depth_m	387	primary_sheet	data/sources/Ahuja2024_Supplementary_Table_1.xlsx	Invertebrate.1.0!P20	Ahuja2024:CWD101	Ahuja2024:CWD101;voucher:YPMIZ35090; explicit_metre_unit	data/sources/metadata_enrichment/sheet_metadata.tsv	16	
Ahuja2024:CWD101	depth_original	387 meters	primary_sheet	data/sources/Ahuja2024_Supplementary_Table_1.xlsx	Invertebrate.1.0!P20	Ahuja2024:CWD101	Ahuja2024:CWD101;voucher:YPMIZ35090	data/sources/metadata_enrichment/sheet_metadata.tsv	17	
Ahuja2024:CWD101	lat_long_raw	36.23 N 122.77 W	primary_sheet	data/sources/Ahuja2024_Supplementary_Table_1.xlsx	Invertebrate.1.0!U20	Ahuja2024:CWD101	Ahuja2024:CWD101;voucher:YPMIZ35090	data/sources/metadata_enrichment/sheet_metadata.tsv	18	
Ahuja2024:CWD101	latitude	36.23	primary_sheet	data/sources/Ahuja2024_Supplementary_Table_1.xlsx	Invertebrate.1.0!U20	Ahuja2024:CWD101	Ahuja2024:CWD101;voucher:YPMIZ35090	data/sources/metadata_enrichment/sheet_metadata.tsv	19	
Ahuja2024:CWD101	locality	Pacific Ocean	primary_sheet	data/sources/Ahuja2024_Supplementary_Table_1.xlsx	Invertebrate.1.0!J20	Ahuja2024:CWD101	Ahuja2024:CWD101;voucher:YPMIZ35090	data/sources/metadata_enrichment/sheet_metadata.tsv	20	
Ahuja2024:CWD101	longitude	-122.77	primary_sheet	data/sources/Ahuja2024_Supplementary_Table_1.xlsx	Invertebrate.1.0!U20	Ahuja2024:CWD101	Ahuja2024:CWD101;voucher:YPMIZ35090	data/sources/metadata_enrichment/sheet_metadata.tsv	21	
Ahuja2024:CWD101	specimen_voucher	YPM:IZ:35090	primary_sheet	data/sources/Ahuja2024_Supplementary_Table_1.xlsx	Invertebrate.1.0!W20	Ahuja2024:CWD101	Ahuja2024:CWD101;voucher:YPMIZ35090	data/sources/metadata_enrichment/sheet_metadata.tsv	22	
Ahuja2024:CWD101	tissue	siphosome	primary_sheet	data/sources/Ahuja2024_Supplementary_Table_1.xlsx	Invertebrate.1.0!K20	Ahuja2024:CWD101	Ahuja2024:CWD101;voucher:YPMIZ35090	data/sources/metadata_enrichment/sheet_metadata.tsv	23	
Ahuja2024:CWD104	collection_date	2003-07-19	primary_sheet	data/sources/Ahuja2024_Supplementary_Table_1.xlsx	Invertebrate.1.0!I21	Ahuja2024:CWD104	Ahuja2024:CWD104	data/sources/metadata_enrichment/sheet_metadata.tsv	24	
Ahuja2024:CWD104	collection_depth_source	data/sources/Ahuja2024_Supplementary_Table_1.xlsx#Invertebrate.1.0!P21	primary_sheet	data/sources/Ahuja2024_Supplementary_Table_1.xlsx	Invertebrate.1.0!P21	Ahuja2024:CWD104	Ahuja2024:CWD104; explicit_metre_unit	data/sources/metadata_enrichment/sheet_metadata.tsv	25	
Ahuja2024:CWD104	collection_id	Tib596SS12	primary_sheet	data/sources/Ahuja2024_Supplementary_Table_1.xlsx	Invertebrate.1.0!B21	Ahuja2024:CWD104	Ahuja2024:CWD104	data/sources/metadata_enrichment/sheet_metadata.tsv	26	
Ahuja2024:CWD104	depth_m	877	primary_sheet	data/sources/Ahuja2024_Supplementary_Table_1.xlsx	Invertebrate.1.0!P21	Ahuja2024:CWD104	Ahuja2024:CWD104; explicit_metre_unit	data/sources/metadata_enrichment/sheet_metadata.tsv	27	
Ahuja2024:CWD104	depth_original	877 meters	primary_sheet	data/sources/Ahuja2024_Supplementary_Table_1.xlsx	Invertebrate.1.0!P21	Ahuja2024:CWD104	Ahuja2024:CWD104	data/sources/metadata_enrichment/sheet_metadata.tsv	28	
Ahuja2024:CWD104	lat_long_raw	36.22 N 123.77 W	primary_sheet	data/sources/Ahuja2024_Supplementary_Table_1.xlsx	Invertebrate.1.0!U21	Ahuja2024:CWD104	Ahuja2024:CWD104	data/sources/metadata_enrichment/sheet_metadata.tsv	29	
Ahuja2024:CWD104	latitude	36.22	primary_sheet	data/sources/Ahuja2024_Supplementary_Table_1.xlsx	Invertebrate.1.0!U21	Ahuja2024:CWD104	Ahuja2024:CWD104	data/sources/metadata_enrichment/sheet_metadata.tsv	30	
Ahuja2024:CWD104	locality	Pacific Ocean	primary_sheet	data/sources/Ahuja2024_Supplementary_Table_1.xlsx	Invertebrate.1.0!J21	Ahuja2024:CWD104	Ahuja2024:CWD104	data/sources/metadata_enrichment/sheet_metadata.tsv	31	
Ahuja2024:CWD104	longitude	-123.77	primary_sheet	data/sources/Ahuja2024_Supplementary_Table_1.xlsx	Invertebrate.1.0!U21	Ahuja2024:CWD104	Ahuja2024:CWD104	data/sources/metadata_enrichment/sheet_metadata.tsv	32	
Ahuja2024:CWD104	tissue	siphosome	primary_sheet	data/sources/Ahuja2024_Supplementary_Table_1.xlsx	Invertebrate.1.0!K21	Ahuja2024:CWD104	Ahuja2024:CWD104	data/sources/metadata_enrichment/sheet_metadata.tsv	33	
Ahuja2024:CWD11	collection_date	2002-07-03	primary_sheet	data/sources/Ahuja2024_Supplementary_Table_1.xlsx	Invertebrate.1.0!I48	Ahuja2024:CWD11	Ahuja2024:CWD11;voucher:YPMIZ35076	data/sources/metadata_enrichment/sheet_metadata.tsv	34	
Ahuja2024:CWD11	collection_depth_source	data/sources/Ahuja2024_Supplementary_Table_1.xlsx#Invertebrate.1.0!P48	primary_sheet	data/sources/Ahuja2024_Supplementary_Table_1.xlsx	Invertebrate.1.0!P48	Ahuja2024:CWD11	Ahuja2024:CWD11;voucher:YPMIZ35076; explicit_metre_unit	data/sources/metadata_enrichment/sheet_metadata.tsv	35	
Ahuja2024:CWD11	collection_id	JSL3272D1	primary_sheet	data/sources/Ahuja2024_Supplementary_Table_1.xlsx	Invertebrate.1.0!B48	Ahuja2024:CWD11	Ahuja2024:CWD11;voucher:YPMIZ35076	data/sources/metadata_enrichment/sheet_metadata.tsv	36	
Ahuja2024:CWD11	depth_m	800	primary_sheet	data/sources/Ahuja2024_Supplementary_Table_1.xlsx	Invertebrate.1.0!P48	Ahuja2024:CWD11	Ahuja2024:CWD11;voucher:YPMIZ35076; explicit_metre_unit	data/sources/metadata_enrichment/sheet_metadata.tsv	37	
Ahuja2024:CWD11	depth_original	800 meters	primary_sheet	data/sources/Ahuja2024_Supplementary_Table_1.xlsx	Invertebrate.1.0!P48	Ahuja2024:CWD11	Ahuja2024:CWD11;voucher:YPMIZ35076	data/sources/metadata_enrichment/sheet_metadata.tsv	38	
Ahuja2024:CWD11	lat_long_raw	40.31 N 68.13 W	primary_sheet	data/sources/Ahuja2024_Supplementary_Table_1.xlsx	Invertebrate.1.0!U48	Ahuja2024:CWD11	Ahuja2024:CWD11;voucher:YPMIZ35076	data/sources/metadata_enrichment/sheet_metadata.tsv	39	
Ahuja2024:CWD11	latitude	40.31	primary_sheet	data/sources/Ahuja2024_Supplementary_Table_1.xlsx	Invertebrate.1.0!U48	Ahuja2024:CWD11	Ahuja2024:CWD11;voucher:YPMIZ35076	data/sources/metadata_enrichment/sheet_metadata.tsv	40	
Ahuja2024:CWD11	locality	Atlantic Ocean	primary_sheet	data/sources/Ahuja2024_Supplementary_Table_1.xlsx	Invertebrate.1.0!J48	Ahuja2024:CWD11	Ahuja2024:CWD11;voucher:YPMIZ35076	data/sources/metadata_enrichment/sheet_metadata.tsv	41	
Ahuja2024:CWD11	longitude	-68.13	primary_sheet	data/sources/Ahuja2024_Supplementary_Table_1.xlsx	Invertebrate.1.0!U48	Ahuja2024:CWD11	Ahuja2024:CWD11;voucher:YPMIZ35076	data/sources/metadata_enrichment/sheet_metadata.tsv	42	
Ahuja2024:CWD11	specimen_voucher	YPM:IZ:35076	primary_sheet	data/sources/Ahuja2024_Supplementary_Table_1.xlsx	Invertebrate.1.0!W48	Ahuja2024:CWD11	Ahuja2024:CWD11;voucher:YPMIZ35076	data/sources/metadata_enrichment/sheet_metadata.tsv	43	
Ahuja2024:CWD11	tissue	siphosome	primary_sheet	data/sources/Ahuja2024_Supplementary_Table_1.xlsx	Invertebrate.1.0!K48	Ahuja2024:CWD11	Ahuja2024:CWD11;voucher:YPMIZ35076	data/sources/metadata_enrichment/sheet_metadata.tsv	44	
Ahuja2024:CWD116	collection_date	2003-07-19	primary_sheet	data/sources/Ahuja2024_Supplementary_Table_1.xlsx	Invertebrate.1.0!I17	Ahuja2024:CWD116	Ahuja2024:CWD116	data/sources/metadata_enrichment/sheet_metadata.tsv	45	
Ahuja2024:CWD116	collection_depth_source	data/sources/Ahuja2024_Supplementary_Table_1.xlsx#Invertebrate.1.0!P17	primary_sheet	data/sources/Ahuja2024_Supplementary_Table_1.xlsx	Invertebrate.1.0!P17	Ahuja2024:CWD116	Ahuja2024:CWD116; explicit_metre_unit	data/sources/metadata_enrichment/sheet_metadata.tsv	46	
Ahuja2024:CWD116	collection_id	MBARI071903BW	primary_sheet	data/sources/Ahuja2024_Supplementary_Table_1.xlsx	Invertebrate.1.0!B17	Ahuja2024:CWD116	Ahuja2024:CWD116	data/sources/metadata_enrichment/sheet_metadata.tsv	47	
Ahuja2024:CWD116	depth_m	10	primary_sheet	data/sources/Ahuja2024_Supplementary_Table_1.xlsx	Invertebrate.1.0!P17	Ahuja2024:CWD116	Ahuja2024:CWD116; explicit_metre_unit	data/sources/metadata_enrichment/sheet_metadata.tsv	48	
Ahuja2024:CWD116	depth_original	10 meters	primary_sheet	data/sources/Ahuja2024_Supplementary_Table_1.xlsx	Invertebrate.1.0!P17	Ahuja2024:CWD116	Ahuja2024:CWD116	data/sources/metadata_enrichment/sheet_metadata.tsv	49	
Ahuja2024:CWD116	lat_long_raw	36.22 N 123.77 W	primary_sheet	data/sources/Ahuja2024_Supplementary_Table_1.xlsx	Invertebrate.1.0!U17	Ahuja2024:CWD116	Ahuja2024:CWD116	data/sources/metadata_enrichment/sheet_metadata.tsv	50	
Ahuja2024:CWD116	latitude	36.22	primary_sheet	data/sources/Ahuja2024_Supplementary_Table_1.xlsx	Invertebrate.1.0!U17	Ahuja2024:CWD116	Ahuja2024:CWD116	data/sources/metadata_enrichment/sheet_metadata.tsv	51	
Ahuja2024:CWD116	locality	Pacific Ocean	primary_sheet	data/sources/Ahuja2024_Supplementary_Table_1.xlsx	Invertebrate.1.0!J17	Ahuja2024:CWD116	Ahuja2024:CWD116	data/sources/metadata_enrichment/sheet_metadata.tsv	52	
Ahuja2024:CWD116	longitude	-123.77	primary_sheet	data/sources/Ahuja2024_Supplementary_Table_1.xlsx	Invertebrate.1.0!U17	Ahuja2024:CWD116	Ahuja2024:CWD116	data/sources/metadata_enrichment/sheet_metadata.tsv	53	
Ahuja2024:CWD116	tissue	siphosome	primary_sheet	data/sources/Ahuja2024_Supplementary_Table_1.xlsx	Invertebrate.1.0!K17	Ahuja2024:CWD116	Ahuja2024:CWD116	data/sources/metadata_enrichment/sheet_metadata.tsv	54	
Ahuja2024:CWD117	collection_date	1999-06-28	primary_sheet	data/sources/Ahuja2024_Supplementary_Table_1.xlsx	Invertebrate.1.0!I34	Ahuja2024:CWD117	Ahuja2024:CWD117;voucher:YPMIZ35045	data/sources/metadata_enrichment/sheet_metadata.tsv	55	
Ahuja2024:CWD117	collection_depth_source	data/sources/Ahuja2024_Supplementary_Table_1.xlsx#Invertebrate.1.0!P34	primary_sheet	data/sources/Ahuja2024_Supplementary_Table_1.xlsx	Invertebrate.1.0!P34	Ahuja2024:CWD117	Ahuja2024:CWD117;voucher:YPMIZ35045; explicit_metre_unit	data/sources/metadata_enrichment/sheet_metadata.tsv	56	
Ahuja2024:CWD117	collection_id	OC394-5-4	primary_sheet	data/sources/Ahuja2024_Supplementary_Table_1.xlsx	Invertebrate.1.0!B34	Ahuja2024:CWD117	Ahuja2024:CWD117;voucher:YPMIZ35045	data/sources/metadata_enrichment/sheet_metadata.tsv	57	
Ahuja2024:CWD117	depth_m	10	primary_sheet	data/sources/Ahuja2024_Supplementary_Table_1.xlsx	Invertebrate.1.0!P34	Ahuja2024:CWD117	Ahuja2024:CWD117;voucher:YPMIZ35045; explicit_metre_unit	data/sources/metadata_enrichment/sheet_metadata.tsv	58	
Ahuja2024:CWD117	depth_original	10 meters	primary_sheet	data/sources/Ahuja2024_Supplementary_Table_1.xlsx	Invertebrate.1.0!P34	Ahuja2024:CWD117	Ahuja2024:CWD117;voucher:YPMIZ35045	data/sources/metadata_enrichment/sheet_metadata.tsv	59	
Ahuja2024:CWD117	lat_long_raw	39.70 N 70.92 W	primary_sheet	data/sources/Ahuja2024_Supplementary_Table_1.xlsx	Invertebrate.1.0!U34	Ahuja2024:CWD117	Ahuja2024:CWD117;voucher:YPMIZ35045	data/sources/metadata_enrichment/sheet_metadata.tsv	60	
Ahuja2024:CWD117	latitude	39.7	primary_sheet	data/sources/Ahuja2024_Supplementary_Table_1.xlsx	Invertebrate.1.0!U34	Ahuja2024:CWD117	Ahuja2024:CWD117;voucher:YPMIZ35045	data/sources/metadata_enrichment/sheet_metadata.tsv	61	
Ahuja2024:CWD117	locality	Atlantic Ocean	primary_sheet	data/sources/Ahuja2024_Supplementary_Table_1.xlsx	Invertebrate.1.0!J34	Ahuja2024:CWD117	Ahuja2024:CWD117;voucher:YPMIZ35045	data/sources/metadata_enrichment/sheet_metadata.tsv	62	
Ahuja2024:CWD117	longitude	-70.92	primary_sheet	data/sources/Ahuja2024_Supplementary_Table_1.xlsx	Invertebrate.1.0!U34	Ahuja2024:CWD117	Ahuja2024:CWD117;voucher:YPMIZ35045	data/sources/metadata_enrichment/sheet_metadata.tsv	63	
Ahuja2024:CWD117	specimen_voucher	YPM:IZ:35045	primary_sheet	data/sources/Ahuja2024_Supplementary_Table_1.xlsx	Invertebrate.1.0!W34	Ahuja2024:CWD117	Ahuja2024:CWD117;voucher:YPMIZ35045	data/sources/metadata_enrichment/sheet_metadata.tsv	64	
Ahuja2024:CWD117	tissue	siphosome	primary_sheet	data/sources/Ahuja2024_Supplementary_Table_1.xlsx	Invertebrate.1.0!K34	Ahuja2024:CWD117	Ahuja2024:CWD117;voucher:YPMIZ35045	data/sources/metadata_enrichment/sheet_metadata.tsv	65	
Ahuja2024:CWD12	collection_date	2003-04-16	primary_sheet	data/sources/Ahuja2024_Supplementary_Table_1.xlsx	Invertebrate.1.0!I32	Ahuja2024:CWD12	Ahuja2024:CWD12;voucher:YPMIZ35038	data/sources/metadata_enrichment/sheet_metadata.tsv	66	
Ahuja2024:CWD12	collection_depth_source	data/sources/Ahuja2024_Supplementary_Table_1.xlsx#Invertebrate.1.0!P32	primary_sheet	data/sources/Ahuja2024_Supplementary_Table_1.xlsx	Invertebrate.1.0!P32	Ahuja2024:CWD12	Ahuja2024:CWD12;voucher:YPMIZ35038; explicit_metre_unit	data/sources/metadata_enrichment/sheet_metadata.tsv	67	
Ahuja2024:CWD12	collection_id	VF041603	primary_sheet	data/sources/Ahuja2024_Supplementary_Table_1.xlsx	Invertebrate.1.0!B32	Ahuja2024:CWD12	Ahuja2024:CWD12;voucher:YPMIZ35038	data/sources/metadata_enrichment/sheet_metadata.tsv	68	
Ahuja2024:CWD12	depth_m	10	primary_sheet	data/sources/Ahuja2024_Supplementary_Table_1.xlsx	Invertebrate.1.0!P32	Ahuja2024:CWD12	Ahuja2024:CWD12;voucher:YPMIZ35038; explicit_metre_unit	data/sources/metadata_enrichment/sheet_metadata.tsv	69	
Ahuja2024:CWD12	depth_original	10 meters	primary_sheet	data/sources/Ahuja2024_Supplementary_Table_1.xlsx	Invertebrate.1.0!P32	Ahuja2024:CWD12	Ahuja2024:CWD12;voucher:YPMIZ35038	data/sources/metadata_enrichment/sheet_metadata.tsv	70	
Ahuja2024:CWD12	lat_long_raw	43.68 N 7.33 E	primary_sheet	data/sources/Ahuja2024_Supplementary_Table_1.xlsx	Invertebrate.1.0!U32	Ahuja2024:CWD12	Ahuja2024:CWD12;voucher:YPMIZ35038	data/sources/metadata_enrichment/sheet_metadata.tsv	71	
Ahuja2024:CWD12	latitude	43.68	primary_sheet	data/sources/Ahuja2024_Supplementary_Table_1.xlsx	Invertebrate.1.0!U32	Ahuja2024:CWD12	Ahuja2024:CWD12;voucher:YPMIZ35038	data/sources/metadata_enrichment/sheet_metadata.tsv	72	
Ahuja2024:CWD12	locality	Mediterranean Sea	primary_sheet	data/sources/Ahuja2024_Supplementary_Table_1.xlsx	Invertebrate.1.0!J32	Ahuja2024:CWD12	Ahuja2024:CWD12;voucher:YPMIZ35038	data/sources/metadata_enrichment/sheet_metadata.tsv	73	
Ahuja2024:CWD12	longitude	7.33	primary_sheet	data/sources/Ahuja2024_Supplementary_Table_1.xlsx	Invertebrate.1.0!U32	Ahuja2024:CWD12	Ahuja2024:CWD12;voucher:YPMIZ35038	data/sources/metadata_enrichment/sheet_metadata.tsv	74	
Ahuja2024:CWD12	specimen_voucher	YPM:IZ:35038	primary_sheet	data/sources/Ahuja2024_Supplementary_Table_1.xlsx	Invertebrate.1.0!W32	Ahuja2024:CWD12	Ahuja2024:CWD12;voucher:YPMIZ35038	data/sources/metadata_enrichment/sheet_metadata.tsv	75	
Ahuja2024:CWD12	tissue	siphosome	primary_sheet	data/sources/Ahuja2024_Supplementary_Table_1.xlsx	Invertebrate.1.0!K32	Ahuja2024:CWD12	Ahuja2024:CWD12;voucher:YPMIZ35038	data/sources/metadata_enrichment/sheet_metadata.tsv	76	
Ahuja2024:CWD121	collection_date	1999-06-28	primary_sheet	data/sources/Ahuja2024_Supplementary_Table_1.xlsx	Invertebrate.1.0!I14	Ahuja2024:CWD121	Ahuja2024:CWD121;voucher:YPMIZ35350	data/sources/metadata_enrichment/sheet_metadata.tsv	77	
Ahuja2024:CWD121	collection_depth_source	data/sources/Ahuja2024_Supplementary_Table_1.xlsx#Invertebrate.1.0!P14	primary_sheet	data/sources/Ahuja2024_Supplementary_Table_1.xlsx	Invertebrate.1.0!P14	Ahuja2024:CWD121	Ahuja2024:CWD121;voucher:YPMIZ35350; explicit_metre_unit	data/sources/metadata_enrichment/sheet_metadata.tsv	78	
Ahuja2024:CWD121	collection_id	OC394-6-22	primary_sheet	data/sources/Ahuja2024_Supplementary_Table_1.xlsx	Invertebrate.1.0!B14	Ahuja2024:CWD121	Ahuja2024:CWD121;voucher:YPMIZ35350	data/sources/metadata_enrichment/sheet_metadata.tsv	79	
Ahuja2024:CWD121	depth_m	10	primary_sheet	data/sources/Ahuja2024_Supplementary_Table_1.xlsx	Invertebrate.1.0!P14	Ahuja2024:CWD121	Ahuja2024:CWD121;voucher:YPMIZ35350; explicit_metre_unit	data/sources/metadata_enrichment/sheet_metadata.tsv	80	
Ahuja2024:CWD121	depth_original	10 meters	primary_sheet	data/sources/Ahuja2024_Supplementary_Table_1.xlsx	Invertebrate.1.0!P14	Ahuja2024:CWD121	Ahuja2024:CWD121;voucher:YPMIZ35350	data/sources/metadata_enrichment/sheet_metadata.tsv	81	
Ahuja2024:CWD121	lat_long_raw	39.75 N 70.87 W	primary_sheet	data/sources/Ahuja2024_Supplementary_Table_1.xlsx	Invertebrate.1.0!U14	Ahuja2024:CWD121	Ahuja2024:CWD121;voucher:YPMIZ35350	data/sources/metadata_enrichment/sheet_metadata.tsv	82	
Ahuja2024:CWD121	latitude	39.75	primary_sheet	data/sources/Ahuja2024_Supplementary_Table_1.xlsx	Invertebrate.1.0!U14	Ahuja2024:CWD121	Ahuja2024:CWD121;voucher:YPMIZ35350	data/sources/metadata_enrichment/sheet_metadata.tsv	83	
Ahuja2024:CWD121	locality	Atlantic Ocean	primary_sheet	data/sources/Ahuja2024_Supplementary_Table_1.xlsx	Invertebrate.1.0!J14	Ahuja2024:CWD121	Ahuja2024:CWD121;voucher:YPMIZ35350	data/sources/metadata_enrichment/sheet_metadata.tsv	84	
Ahuja2024:CWD121	longitude	-70.87	primary_sheet	data/sources/Ahuja2024_Supplementary_Table_1.xlsx	Invertebrate.1.0!U14	Ahuja2024:CWD121	Ahuja2024:CWD121;voucher:YPMIZ35350	data/sources/metadata_enrichment/sheet_metadata.tsv	85	
Ahuja2024:CWD121	specimen_voucher	YPM:IZ:35350	primary_sheet	data/sources/Ahuja2024_Supplementary_Table_1.xlsx	Invertebrate.1.0!W14	Ahuja2024:CWD121	Ahuja2024:CWD121;voucher:YPMIZ35350	data/sources/metadata_enrichment/sheet_metadata.tsv	86	
Ahuja2024:CWD121	tissue	siphosome	primary_sheet	data/sources/Ahuja2024_Supplementary_Table_1.xlsx	Invertebrate.1.0!K14	Ahuja2024:CWD121	Ahuja2024:CWD121;voucher:YPMIZ35350	data/sources/metadata_enrichment/sheet_metadata.tsv	87	
Ahuja2024:CWD122	collection_date	1999-06-28	primary_sheet	data/sources/Ahuja2024_Supplementary_Table_1.xlsx	Invertebrate.1.0!I23	Ahuja2024:CWD122	Ahuja2024:CWD122;voucher:YPMIZ35049	data/sources/metadata_enrichment/sheet_metadata.tsv	88	
Ahuja2024:CWD122	collection_depth_source	data/sources/Ahuja2024_Supplementary_Table_1.xlsx#Invertebrate.1.0!P23	primary_sheet	data/sources/Ahuja2024_Supplementary_Table_1.xlsx	Invertebrate.1.0!P23	Ahuja2024:CWD122	Ahuja2024:CWD122;voucher:YPMIZ35049; explicit_metre_unit	data/sources/metadata_enrichment/sheet_metadata.tsv	89	
Ahuja2024:CWD122	collection_id	OC394-5-19	primary_sheet	data/sources/Ahuja2024_Supplementary_Table_1.xlsx	Invertebrate.1.0!B23	Ahuja2024:CWD122	Ahuja2024:CWD122;voucher:YPMIZ35049	data/sources/metadata_enrichment/sheet_metadata.tsv	90	
Ahuja2024:CWD122	depth_m	10	primary_sheet	data/sources/Ahuja2024_Supplementary_Table_1.xlsx	Invertebrate.1.0!P23	Ahuja2024:CWD122	Ahuja2024:CWD122;voucher:YPMIZ35049; explicit_metre_unit	data/sources/metadata_enrichment/sheet_metadata.tsv	91	
Ahuja2024:CWD122	depth_original	10 meters	primary_sheet	data/sources/Ahuja2024_Supplementary_Table_1.xlsx	Invertebrate.1.0!P23	Ahuja2024:CWD122	Ahuja2024:CWD122;voucher:YPMIZ35049	data/sources/metadata_enrichment/sheet_metadata.tsv	92	
Ahuja2024:CWD122	lat_long_raw	39.7 N 70.90 W	primary_sheet	data/sources/Ahuja2024_Supplementary_Table_1.xlsx	Invertebrate.1.0!U23	Ahuja2024:CWD122	Ahuja2024:CWD122;voucher:YPMIZ35049	data/sources/metadata_enrichment/sheet_metadata.tsv	93	
Ahuja2024:CWD122	latitude	39.7	primary_sheet	data/sources/Ahuja2024_Supplementary_Table_1.xlsx	Invertebrate.1.0!U23	Ahuja2024:CWD122	Ahuja2024:CWD122;voucher:YPMIZ35049	data/sources/metadata_enrichment/sheet_metadata.tsv	94	
Ahuja2024:CWD122	locality	Atlantic Ocean	primary_sheet	data/sources/Ahuja2024_Supplementary_Table_1.xlsx	Invertebrate.1.0!J23	Ahuja2024:CWD122	Ahuja2024:CWD122;voucher:YPMIZ35049	data/sources/metadata_enrichment/sheet_metadata.tsv	95	
Ahuja2024:CWD122	longitude	-70.9	primary_sheet	data/sources/Ahuja2024_Supplementary_Table_1.xlsx	Invertebrate.1.0!U23	Ahuja2024:CWD122	Ahuja2024:CWD122;voucher:YPMIZ35049	data/sources/metadata_enrichment/sheet_metadata.tsv	96	
Ahuja2024:CWD122	specimen_voucher	YPM:IZ:35049	primary_sheet	data/sources/Ahuja2024_Supplementary_Table_1.xlsx	Invertebrate.1.0!W23	Ahuja2024:CWD122	Ahuja2024:CWD122;voucher:YPMIZ35049	data/sources/metadata_enrichment/sheet_metadata.tsv	97	
Ahuja2024:CWD122	tissue	siphosome	primary_sheet	data/sources/Ahuja2024_Supplementary_Table_1.xlsx	Invertebrate.1.0!K23	Ahuja2024:CWD122	Ahuja2024:CWD122;voucher:YPMIZ35049	data/sources/metadata_enrichment/sheet_metadata.tsv	98	
Ahuja2024:CWD131	collection_date	2003-03-15	primary_sheet	data/sources/Ahuja2024_Supplementary_Table_1.xlsx	Invertebrate.1.0!I44	Ahuja2024:CWD131	Ahuja2024:CWD131;voucher:YPMIZ35355	data/sources/metadata_enrichment/sheet_metadata.tsv	99	
Ahuja2024:CWD131	collection_depth_source	data/sources/Ahuja2024_Supplementary_Table_1.xlsx#Invertebrate.1.0!P44	primary_sheet	data/sources/Ahuja2024_Supplementary_Table_1.xlsx	Invertebrate.1.0!P44	Ahuja2024:CWD131	Ahuja2024:CWD131;voucher:YPMIZ35355; explicit_metre_unit	data/sources/metadata_enrichment/sheet_metadata.tsv	100	
Ahuja2024:CWD131	collection_id	BW415May03GOC#59	primary_sheet	data/sources/Ahuja2024_Supplementary_Table_1.xlsx	Invertebrate.1.0!B44	Ahuja2024:CWD131	Ahuja2024:CWD131;voucher:YPMIZ35355	data/sources/metadata_enrichment/sheet_metadata.tsv	101	
Ahuja2024:CWD131	depth_m	10	primary_sheet	data/sources/Ahuja2024_Supplementary_Table_1.xlsx	Invertebrate.1.0!P44	Ahuja2024:CWD131	Ahuja2024:CWD131;voucher:YPMIZ35355; explicit_metre_unit	data/sources/metadata_enrichment/sheet_metadata.tsv	102	
Ahuja2024:CWD131	depth_original	10 meters	primary_sheet	data/sources/Ahuja2024_Supplementary_Table_1.xlsx	Invertebrate.1.0!P44	Ahuja2024:CWD131	Ahuja2024:CWD131;voucher:YPMIZ35355	data/sources/metadata_enrichment/sheet_metadata.tsv	103	
Ahuja2024:CWD131	lat_long_raw	24.32 N 109.20 W	primary_sheet	data/sources/Ahuja2024_Supplementary_Table_1.xlsx	Invertebrate.1.0!U44	Ahuja2024:CWD131	Ahuja2024:CWD131;voucher:YPMIZ35355	data/sources/metadata_enrichment/sheet_metadata.tsv	104	
Ahuja2024:CWD131	latitude	24.32	primary_sheet	data/sources/Ahuja2024_Supplementary_Table_1.xlsx	Invertebrate.1.0!U44	Ahuja2024:CWD131	Ahuja2024:CWD131;voucher:YPMIZ35355	data/sources/metadata_enrichment/sheet_metadata.tsv	105	
Ahuja2024:CWD131	locality	Pacific Ocean	primary_sheet	data/sources/Ahuja2024_Supplementary_Table_1.xlsx	Invertebrate.1.0!J44	Ahuja2024:CWD131	Ahuja2024:CWD131;voucher:YPMIZ35355	data/sources/metadata_enrichment/sheet_metadata.tsv	106	
Ahuja2024:CWD131	longitude	-109.2	primary_sheet	data/sources/Ahuja2024_Supplementary_Table_1.xlsx	Invertebrate.1.0!U44	Ahuja2024:CWD131	Ahuja2024:CWD131;voucher:YPMIZ35355	data/sources/metadata_enrichment/sheet_metadata.tsv	107	
Ahuja2024:CWD131	specimen_voucher	YPM:IZ:35355	primary_sheet	data/sources/Ahuja2024_Supplementary_Table_1.xlsx	Invertebrate.1.0!W44	Ahuja2024:CWD131	Ahuja2024:CWD131;voucher:YPMIZ35355	data/sources/metadata_enrichment/sheet_metadata.tsv	108	
Ahuja2024:CWD131	tissue	siphosome	primary_sheet	data/sources/Ahuja2024_Supplementary_Table_1.xlsx	Invertebrate.1.0!K44	Ahuja2024:CWD131	Ahuja2024:CWD131;voucher:YPMIZ35355	data/sources/metadata_enrichment/sheet_metadata.tsv	109	
Ahuja2024:CWD141	collection_date	2003-03-26	primary_sheet	data/sources/Ahuja2024_Supplementary_Table_1.xlsx	Invertebrate.1.0!I47	Ahuja2024:CWD141	Ahuja2024:CWD141;voucher:YPMIZ35358	data/sources/metadata_enrichment/sheet_metadata.tsv	110	
Ahuja2024:CWD141	collection_depth_source	data/sources/Ahuja2024_Supplementary_Table_1.xlsx#Invertebrate.1.0!P47	primary_sheet	data/sources/Ahuja2024_Supplementary_Table_1.xlsx	Invertebrate.1.0!P47	Ahuja2024:CWD141	Ahuja2024:CWD141;voucher:YPMIZ35358; explicit_metre_unit	data/sources/metadata_enrichment/sheet_metadata.tsv	111	
Ahuja2024:CWD141	collection_id	26III03-GOC#188	primary_sheet	data/sources/Ahuja2024_Supplementary_Table_1.xlsx	Invertebrate.1.0!B47	Ahuja2024:CWD141	Ahuja2024:CWD141;voucher:YPMIZ35358	data/sources/metadata_enrichment/sheet_metadata.tsv	112	
Ahuja2024:CWD141	depth_m	1349	primary_sheet	data/sources/Ahuja2024_Supplementary_Table_1.xlsx	Invertebrate.1.0!P47	Ahuja2024:CWD141	Ahuja2024:CWD141;voucher:YPMIZ35358; explicit_metre_unit	data/sources/metadata_enrichment/sheet_metadata.tsv	113	
Ahuja2024:CWD141	depth_original	1349 meters	primary_sheet	data/sources/Ahuja2024_Supplementary_Table_1.xlsx	Invertebrate.1.0!P47	Ahuja2024:CWD141	Ahuja2024:CWD141;voucher:YPMIZ35358	data/sources/metadata_enrichment/sheet_metadata.tsv	114	
Ahuja2024:CWD141	lat_long_raw	24.31 N 109.20 W	primary_sheet	data/sources/Ahuja2024_Supplementary_Table_1.xlsx	Invertebrate.1.0!U47	Ahuja2024:CWD141	Ahuja2024:CWD141;voucher:YPMIZ35358	data/sources/metadata_enrichment/sheet_metadata.tsv	115	
Ahuja2024:CWD141	latitude	24.31	primary_sheet	data/sources/Ahuja2024_Supplementary_Table_1.xlsx	Invertebrate.1.0!U47	Ahuja2024:CWD141	Ahuja2024:CWD141;voucher:YPMIZ35358	data/sources/metadata_enrichment/sheet_metadata.tsv	116	
Ahuja2024:CWD141	locality	Pacific Ocean	primary_sheet	data/sources/Ahuja2024_Supplementary_Table_1.xlsx	Invertebrate.1.0!J47	Ahuja2024:CWD141	Ahuja2024:CWD141;voucher:YPMIZ35358	data/sources/metadata_enrichment/sheet_metadata.tsv	117	
Ahuja2024:CWD141	longitude	-109.2	primary_sheet	data/sources/Ahuja2024_Supplementary_Table_1.xlsx	Invertebrate.1.0!U47	Ahuja2024:CWD141	Ahuja2024:CWD141;voucher:YPMIZ35358	data/sources/metadata_enrichment/sheet_metadata.tsv	118	
Ahuja2024:CWD141	specimen_voucher	YPM:IZ:35358	primary_sheet	data/sources/Ahuja2024_Supplementary_Table_1.xlsx	Invertebrate.1.0!W47	Ahuja2024:CWD141	Ahuja2024:CWD141;voucher:YPMIZ35358	data/sources/metadata_enrichment/sheet_metadata.tsv	119	
Ahuja2024:CWD141	tissue	siphosome	primary_sheet	data/sources/Ahuja2024_Supplementary_Table_1.xlsx	Invertebrate.1.0!K47	Ahuja2024:CWD141	Ahuja2024:CWD141;voucher:YPMIZ35358	data/sources/metadata_enrichment/sheet_metadata.tsv	120	
Ahuja2024:CWD144	collection_date	2000-01-13	primary_sheet	data/sources/Ahuja2024_Supplementary_Table_1.xlsx	Invertebrate.1.0!I31	Ahuja2024:CWD144	Ahuja2024:CWD144;voucher:YPMIZ35360	data/sources/metadata_enrichment/sheet_metadata.tsv	121	
Ahuja2024:CWD144	collection_depth_source	data/sources/Ahuja2024_Supplementary_Table_1.xlsx#Invertebrate.1.0!P31	primary_sheet	data/sources/Ahuja2024_Supplementary_Table_1.xlsx	Invertebrate.1.0!P31	Ahuja2024:CWD144	Ahuja2024:CWD144;voucher:YPMIZ35360; explicit_metre_unit	data/sources/metadata_enrichment/sheet_metadata.tsv	122	
Ahuja2024:CWD144	collection_id	Tib105SS8	primary_sheet	data/sources/Ahuja2024_Supplementary_Table_1.xlsx	Invertebrate.1.0!B31	Ahuja2024:CWD144	Ahuja2024:CWD144;voucher:YPMIZ35360	data/sources/metadata_enrichment/sheet_metadata.tsv	123	
Ahuja2024:CWD144	depth_m	420	primary_sheet	data/sources/Ahuja2024_Supplementary_Table_1.xlsx	Invertebrate.1.0!P31	Ahuja2024:CWD144	Ahuja2024:CWD144;voucher:YPMIZ35360; explicit_metre_unit	data/sources/metadata_enrichment/sheet_metadata.tsv	124	
Ahuja2024:CWD144	depth_original	420 meters	primary_sheet	data/sources/Ahuja2024_Supplementary_Table_1.xlsx	Invertebrate.1.0!P31	Ahuja2024:CWD144	Ahuja2024:CWD144;voucher:YPMIZ35360	data/sources/metadata_enrichment/sheet_metadata.tsv	125	
Ahuja2024:CWD144	lat_long_raw	36.70 N 122.04 W	primary_sheet	data/sources/Ahuja2024_Supplementary_Table_1.xlsx	Invertebrate.1.0!U31	Ahuja2024:CWD144	Ahuja2024:CWD144;voucher:YPMIZ35360	data/sources/metadata_enrichment/sheet_metadata.tsv	126	
Ahuja2024:CWD144	latitude	36.7	primary_sheet	data/sources/Ahuja2024_Supplementary_Table_1.xlsx	Invertebrate.1.0!U31	Ahuja2024:CWD144	Ahuja2024:CWD144;voucher:YPMIZ35360	data/sources/metadata_enrichment/sheet_metadata.tsv	127	
Ahuja2024:CWD144	locality	Pacific Ocean	primary_sheet	data/sources/Ahuja2024_Supplementary_Table_1.xlsx	Invertebrate.1.0!J31	Ahuja2024:CWD144	Ahuja2024:CWD144;voucher:YPMIZ35360	data/sources/metadata_enrichment/sheet_metadata.tsv	128	
Ahuja2024:CWD144	longitude	-122.04	primary_sheet	data/sources/Ahuja2024_Supplementary_Table_1.xlsx	Invertebrate.1.0!U31	Ahuja2024:CWD144	Ahuja2024:CWD144;voucher:YPMIZ35360	data/sources/metadata_enrichment/sheet_metadata.tsv	129	
Ahuja2024:CWD144	specimen_voucher	YPM:IZ:35360	primary_sheet	data/sources/Ahuja2024_Supplementary_Table_1.xlsx	Invertebrate.1.0!W31	Ahuja2024:CWD144	Ahuja2024:CWD144;voucher:YPMIZ35360	data/sources/metadata_enrichment/sheet_metadata.tsv	130	
Ahuja2024:CWD144	tissue	siphosome	primary_sheet	data/sources/Ahuja2024_Supplementary_Table_1.xlsx	Invertebrate.1.0!K31	Ahuja2024:CWD144	Ahuja2024:CWD144;voucher:YPMIZ35360	data/sources/metadata_enrichment/sheet_metadata.tsv	131	
Ahuja2024:CWD146	collection_date	2003-03-13	primary_sheet	data/sources/Ahuja2024_Supplementary_Table_1.xlsx	Invertebrate.1.0!I28	Ahuja2024:CWD146	Ahuja2024:CWD146;voucher:YPMIZ35362	data/sources/metadata_enrichment/sheet_metadata.tsv	132	
Ahuja2024:CWD146	collection_depth_source	data/sources/Ahuja2024_Supplementary_Table_1.xlsx#Invertebrate.1.0!P28	primary_sheet	data/sources/Ahuja2024_Supplementary_Table_1.xlsx	Invertebrate.1.0!P28	Ahuja2024:CWD146	Ahuja2024:CWD146;voucher:YPMIZ35362; explicit_metre_unit	data/sources/metadata_enrichment/sheet_metadata.tsv	133	
Ahuja2024:CWD146	collection_id	531D3	primary_sheet	data/sources/Ahuja2024_Supplementary_Table_1.xlsx	Invertebrate.1.0!B28	Ahuja2024:CWD146	Ahuja2024:CWD146;voucher:YPMIZ35362	data/sources/metadata_enrichment/sheet_metadata.tsv	134	
Ahuja2024:CWD146	depth_m	910	primary_sheet	data/sources/Ahuja2024_Supplementary_Table_1.xlsx	Invertebrate.1.0!P28	Ahuja2024:CWD146	Ahuja2024:CWD146;voucher:YPMIZ35362; explicit_metre_unit	data/sources/metadata_enrichment/sheet_metadata.tsv	135	
Ahuja2024:CWD146	depth_original	910 meters	primary_sheet	data/sources/Ahuja2024_Supplementary_Table_1.xlsx	Invertebrate.1.0!P28	Ahuja2024:CWD146	Ahuja2024:CWD146;voucher:YPMIZ35362	data/sources/metadata_enrichment/sheet_metadata.tsv	136	
Ahuja2024:CWD146	lat_long_raw	24.32 N 109.2 W	primary_sheet	data/sources/Ahuja2024_Supplementary_Table_1.xlsx	Invertebrate.1.0!U28	Ahuja2024:CWD146	Ahuja2024:CWD146;voucher:YPMIZ35362	data/sources/metadata_enrichment/sheet_metadata.tsv	137	
Ahuja2024:CWD146	latitude	24.32	primary_sheet	data/sources/Ahuja2024_Supplementary_Table_1.xlsx	Invertebrate.1.0!U28	Ahuja2024:CWD146	Ahuja2024:CWD146;voucher:YPMIZ35362	data/sources/metadata_enrichment/sheet_metadata.tsv	138	
Ahuja2024:CWD146	locality	Pacific Ocean	primary_sheet	data/sources/Ahuja2024_Supplementary_Table_1.xlsx	Invertebrate.1.0!J28	Ahuja2024:CWD146	Ahuja2024:CWD146;voucher:YPMIZ35362	data/sources/metadata_enrichment/sheet_metadata.tsv	139	
Ahuja2024:CWD146	longitude	-109.2	primary_sheet	data/sources/Ahuja2024_Supplementary_Table_1.xlsx	Invertebrate.1.0!U28	Ahuja2024:CWD146	Ahuja2024:CWD146;voucher:YPMIZ35362	data/sources/metadata_enrichment/sheet_metadata.tsv	140	
Ahuja2024:CWD146	specimen_voucher	YPM:IZ:35362	primary_sheet	data/sources/Ahuja2024_Supplementary_Table_1.xlsx	Invertebrate.1.0!W28	Ahuja2024:CWD146	Ahuja2024:CWD146;voucher:YPMIZ35362	data/sources/metadata_enrichment/sheet_metadata.tsv	141	
Ahuja2024:CWD146	tissue	siphosome	primary_sheet	data/sources/Ahuja2024_Supplementary_Table_1.xlsx	Invertebrate.1.0!K28	Ahuja2024:CWD146	Ahuja2024:CWD146;voucher:YPMIZ35362	data/sources/metadata_enrichment/sheet_metadata.tsv	142	
Ahuja2024:CWD16	collection_date	2002-06-08	primary_sheet	data/sources/Ahuja2024_Supplementary_Table_1.xlsx	Invertebrate.1.0!I37	Ahuja2024:CWD16	Ahuja2024:CWD16;voucher:YPMIZ35039	data/sources/metadata_enrichment/sheet_metadata.tsv	143	
Ahuja2024:CWD16	collection_date	2002-06-08	primary_sheet	data/sources/Ahuja2026_journal.pone.0351247.s008.xlsx	Sheet1!H2	Ahuja2026:CWD16	Ahuja2026:CWD16;voucher:YPMIZ35039;run:SRR23143286	data/sources/metadata_enrichment/sheet_metadata.tsv	144	
Ahuja2024:CWD16	collection_depth_source	data/sources/Ahuja2024_Supplementary_Table_1.xlsx#Invertebrate.1.0!P37	primary_sheet	data/sources/Ahuja2024_Supplementary_Table_1.xlsx	Invertebrate.1.0!P37	Ahuja2024:CWD16	Ahuja2024:CWD16;voucher:YPMIZ35039; explicit_metre_unit	data/sources/metadata_enrichment/sheet_metadata.tsv	145	
Ahuja2024:CWD16	collection_depth_source	data/sources/Ahuja2026_journal.pone.0351247.s008.xlsx#Sheet1!I2	primary_sheet	data/sources/Ahuja2026_journal.pone.0351247.s008.xlsx	Sheet1!I2	Ahuja2026:CWD16	Ahuja2026:CWD16;voucher:YPMIZ35039;run:SRR23143286; explicit_metre_unit	data/sources/metadata_enrichment/sheet_metadata.tsv	146	
Ahuja2024:CWD16	collection_id	OC379-11-7	primary_sheet	data/sources/Ahuja2024_Supplementary_Table_1.xlsx	Invertebrate.1.0!B37	Ahuja2024:CWD16	Ahuja2024:CWD16;voucher:YPMIZ35039	data/sources/metadata_enrichment/sheet_metadata.tsv	147	
Ahuja2024:CWD16	collection_id	OC379-11-7	primary_sheet	data/sources/Ahuja2026_journal.pone.0351247.s008.xlsx	Sheet1!D2	Ahuja2026:CWD16	Ahuja2026:CWD16;voucher:YPMIZ35039;run:SRR23143286	data/sources/metadata_enrichment/sheet_metadata.tsv	148	
Ahuja2024:CWD16	depth_m	10	primary_sheet	data/sources/Ahuja2024_Supplementary_Table_1.xlsx	Invertebrate.1.0!P37	Ahuja2024:CWD16	Ahuja2024:CWD16;voucher:YPMIZ35039; explicit_metre_unit	data/sources/metadata_enrichment/sheet_metadata.tsv	149	
Ahuja2024:CWD16	depth_max_m	20	primary_sheet	data/sources/Ahuja2026_journal.pone.0351247.s008.xlsx	Sheet1!I2	Ahuja2026:CWD16	Ahuja2026:CWD16;voucher:YPMIZ35039;run:SRR23143286; explicit_metre_unit	data/sources/metadata_enrichment/sheet_metadata.tsv	150	
Ahuja2024:CWD16	depth_min_m	0	primary_sheet	data/sources/Ahuja2026_journal.pone.0351247.s008.xlsx	Sheet1!I2	Ahuja2026:CWD16	Ahuja2026:CWD16;voucher:YPMIZ35039;run:SRR23143286; explicit_metre_unit	data/sources/metadata_enrichment/sheet_metadata.tsv	151	
Ahuja2024:CWD16	depth_original	10 meters	primary_sheet	data/sources/Ahuja2024_Supplementary_Table_1.xlsx	Invertebrate.1.0!P37	Ahuja2024:CWD16	Ahuja2024:CWD16;voucher:YPMIZ35039	data/sources/metadata_enrichment/sheet_metadata.tsv	152	
Ahuja2024:CWD16	depth_original	0-20 m	primary_sheet	data/sources/Ahuja2026_journal.pone.0351247.s008.xlsx	Sheet1!I2	Ahuja2026:CWD16	Ahuja2026:CWD16;voucher:YPMIZ35039;run:SRR23143286	data/sources/metadata_enrichment/sheet_metadata.tsv	153	
Ahuja2024:CWD16	lat_long_raw	37.45 N 74.02 W	primary_sheet	data/sources/Ahuja2024_Supplementary_Table_1.xlsx	Invertebrate.1.0!U37	Ahuja2024:CWD16	Ahuja2024:CWD16;voucher:YPMIZ35039	data/sources/metadata_enrichment/sheet_metadata.tsv	154	
Ahuja2024:CWD16	lat_long_raw	37.450000, -74.016667	primary_sheet	data/sources/Ahuja2026_journal.pone.0351247.s008.xlsx	Sheet1!G2	Ahuja2026:CWD16	Ahuja2026:CWD16;voucher:YPMIZ35039;run:SRR23143286	data/sources/metadata_enrichment/sheet_metadata.tsv	155	
Ahuja2024:CWD16	latitude	37.45	primary_sheet	data/sources/Ahuja2024_Supplementary_Table_1.xlsx	Invertebrate.1.0!U37	Ahuja2024:CWD16	Ahuja2024:CWD16;voucher:YPMIZ35039	data/sources/metadata_enrichment/sheet_metadata.tsv	156	
Ahuja2024:CWD16	latitude	37.45	primary_sheet	data/sources/Ahuja2026_journal.pone.0351247.s008.xlsx	Sheet1!G2	Ahuja2026:CWD16	Ahuja2026:CWD16;voucher:YPMIZ35039;run:SRR23143286	data/sources/metadata_enrichment/sheet_metadata.tsv	157	
Ahuja2024:CWD16	locality	Atlantic Ocean	primary_sheet	data/sources/Ahuja2024_Supplementary_Table_1.xlsx	Invertebrate.1.0!J37	Ahuja2024:CWD16	Ahuja2024:CWD16;voucher:YPMIZ35039	data/sources/metadata_enrichment/sheet_metadata.tsv	158	
Ahuja2024:CWD16	locality	Virginia	primary_sheet	data/sources/Ahuja2026_journal.pone.0351247.s008.xlsx	Sheet1!F2	Ahuja2026:CWD16	Ahuja2026:CWD16;voucher:YPMIZ35039;run:SRR23143286	data/sources/metadata_enrichment/sheet_metadata.tsv	159	
Ahuja2024:CWD16	longitude	-74.016667	primary_sheet	data/sources/Ahuja2026_journal.pone.0351247.s008.xlsx	Sheet1!G2	Ahuja2026:CWD16	Ahuja2026:CWD16;voucher:YPMIZ35039;run:SRR23143286	data/sources/metadata_enrichment/sheet_metadata.tsv	161	
Ahuja2024:CWD16	ocean_region	NW Atlantic	primary_sheet	data/sources/Ahuja2026_journal.pone.0351247.s008.xlsx	Sheet1!E2	Ahuja2026:CWD16	Ahuja2026:CWD16;voucher:YPMIZ35039;run:SRR23143286	data/sources/metadata_enrichment/sheet_metadata.tsv	162	
Ahuja2024:CWD16	specimen_voucher	YPM:IZ:35039	primary_sheet	data/sources/Ahuja2024_Supplementary_Table_1.xlsx	Invertebrate.1.0!W37	Ahuja2024:CWD16	Ahuja2024:CWD16;voucher:YPMIZ35039	data/sources/metadata_enrichment/sheet_metadata.tsv	163	
Ahuja2024:CWD16	specimen_voucher	YPM:IZ:35039	primary_sheet	data/sources/Ahuja2026_journal.pone.0351247.s008.xlsx	Sheet1!B2	Ahuja2026:CWD16	Ahuja2026:CWD16;voucher:YPMIZ35039;run:SRR23143286; review replace: Equivalent institution, collection and catalog number; normalize punctuation for this exact voucher while preserving the source spelling.	data/sources/metadata_enrichment/sheet_metadata.tsv	164	YPM-IZ-35039
Ahuja2024:CWD16	tissue	siphosome	primary_sheet	data/sources/Ahuja2024_Supplementary_Table_1.xlsx	Invertebrate.1.0!K37	Ahuja2024:CWD16	Ahuja2024:CWD16;voucher:YPMIZ35039	data/sources/metadata_enrichment/sheet_metadata.tsv	165	
Ahuja2024:CWD17	collection_date	2002-09-16	primary_sheet	data/sources/Ahuja2024_Supplementary_Table_1.xlsx	Invertebrate.1.0!I33	Ahuja2024:CWD17	Ahuja2024:CWD17;voucher:YPMIZ35040	data/sources/metadata_enrichment/sheet_metadata.tsv	166	
Ahuja2024:CWD17	collection_depth_source	data/sources/Ahuja2024_Supplementary_Table_1.xlsx#Invertebrate.1.0!P33	primary_sheet	data/sources/Ahuja2024_Supplementary_Table_1.xlsx	Invertebrate.1.0!P33	Ahuja2024:CWD17	Ahuja2024:CWD17;voucher:YPMIZ35040; explicit_metre_unit	data/sources/metadata_enrichment/sheet_metadata.tsv	167	
Ahuja2024:CWD17	collection_id	OC381-3-20	primary_sheet	data/sources/Ahuja2024_Supplementary_Table_1.xlsx	Invertebrate.1.0!B33	Ahuja2024:CWD17	Ahuja2024:CWD17;voucher:YPMIZ35040	data/sources/metadata_enrichment/sheet_metadata.tsv	168	
Ahuja2024:CWD17	depth_m	10	primary_sheet	data/sources/Ahuja2024_Supplementary_Table_1.xlsx	Invertebrate.1.0!P33	Ahuja2024:CWD17	Ahuja2024:CWD17;voucher:YPMIZ35040; explicit_metre_unit	data/sources/metadata_enrichment/sheet_metadata.tsv	169	
Ahuja2024:CWD17	depth_original	10 meters	primary_sheet	data/sources/Ahuja2024_Supplementary_Table_1.xlsx	Invertebrate.1.0!P33	Ahuja2024:CWD17	Ahuja2024:CWD17;voucher:YPMIZ35040	data/sources/metadata_enrichment/sheet_metadata.tsv	170	
Ahuja2024:CWD17	lat_long_raw	38.85 N 72.45 W	primary_sheet	data/sources/Ahuja2024_Supplementary_Table_1.xlsx	Invertebrate.1.0!U33	Ahuja2024:CWD17	Ahuja2024:CWD17;voucher:YPMIZ35040	data/sources/metadata_enrichment/sheet_metadata.tsv	171	
Ahuja2024:CWD17	latitude	38.85	primary_sheet	data/sources/Ahuja2024_Supplementary_Table_1.xlsx	Invertebrate.1.0!U33	Ahuja2024:CWD17	Ahuja2024:CWD17;voucher:YPMIZ35040	data/sources/metadata_enrichment/sheet_metadata.tsv	172	
Ahuja2024:CWD17	locality	Atlantic Ocean	primary_sheet	data/sources/Ahuja2024_Supplementary_Table_1.xlsx	Invertebrate.1.0!J33	Ahuja2024:CWD17	Ahuja2024:CWD17;voucher:YPMIZ35040	data/sources/metadata_enrichment/sheet_metadata.tsv	173	
Ahuja2024:CWD17	longitude	-72.45	primary_sheet	data/sources/Ahuja2024_Supplementary_Table_1.xlsx	Invertebrate.1.0!U33	Ahuja2024:CWD17	Ahuja2024:CWD17;voucher:YPMIZ35040	data/sources/metadata_enrichment/sheet_metadata.tsv	174	
Ahuja2024:CWD17	specimen_voucher	YPM:IZ:35040	primary_sheet	data/sources/Ahuja2024_Supplementary_Table_1.xlsx	Invertebrate.1.0!W33	Ahuja2024:CWD17	Ahuja2024:CWD17;voucher:YPMIZ35040	data/sources/metadata_enrichment/sheet_metadata.tsv	175	
Ahuja2024:CWD17	tissue	siphosome	primary_sheet	data/sources/Ahuja2024_Supplementary_Table_1.xlsx	Invertebrate.1.0!K33	Ahuja2024:CWD17	Ahuja2024:CWD17;voucher:YPMIZ35040	data/sources/metadata_enrichment/sheet_metadata.tsv	176	
Ahuja2024:CWD19	collection_date	1999-03-12	primary_sheet	data/sources/Ahuja2024_Supplementary_Table_1.xlsx	Invertebrate.1.0!I41	Ahuja2024:CWD19	Ahuja2024:CWD19;voucher:YPMIZ35346	data/sources/metadata_enrichment/sheet_metadata.tsv	177	
Ahuja2024:CWD19	collection_depth_source	data/sources/Ahuja2024_Supplementary_Table_1.xlsx#Invertebrate.1.0!P41	primary_sheet	data/sources/Ahuja2024_Supplementary_Table_1.xlsx	Invertebrate.1.0!P41	Ahuja2024:CWD19	Ahuja2024:CWD19;voucher:YPMIZ35346; explicit_metre_unit	data/sources/metadata_enrichment/sheet_metadata.tsv	178	
Ahuja2024:CWD19	collection_id	MBARI03129	primary_sheet	data/sources/Ahuja2024_Supplementary_Table_1.xlsx	Invertebrate.1.0!B41	Ahuja2024:CWD19	Ahuja2024:CWD19;voucher:YPMIZ35346	data/sources/metadata_enrichment/sheet_metadata.tsv	179	
Ahuja2024:CWD19	depth_m	298	primary_sheet	data/sources/Ahuja2024_Supplementary_Table_1.xlsx	Invertebrate.1.0!P41	Ahuja2024:CWD19	Ahuja2024:CWD19;voucher:YPMIZ35346; explicit_metre_unit	data/sources/metadata_enrichment/sheet_metadata.tsv	180	
Ahuja2024:CWD19	depth_original	298 meters	primary_sheet	data/sources/Ahuja2024_Supplementary_Table_1.xlsx	Invertebrate.1.0!P41	Ahuja2024:CWD19	Ahuja2024:CWD19;voucher:YPMIZ35346	data/sources/metadata_enrichment/sheet_metadata.tsv	181	
Ahuja2024:CWD19	lat_long_raw	36.71 N 122.05 W	primary_sheet	data/sources/Ahuja2024_Supplementary_Table_1.xlsx	Invertebrate.1.0!U41	Ahuja2024:CWD19	Ahuja2024:CWD19;voucher:YPMIZ35346	data/sources/metadata_enrichment/sheet_metadata.tsv	182	
Ahuja2024:CWD19	latitude	36.71	primary_sheet	data/sources/Ahuja2024_Supplementary_Table_1.xlsx	Invertebrate.1.0!U41	Ahuja2024:CWD19	Ahuja2024:CWD19;voucher:YPMIZ35346	data/sources/metadata_enrichment/sheet_metadata.tsv	183	
Ahuja2024:CWD19	locality	Pacific Ocean	primary_sheet	data/sources/Ahuja2024_Supplementary_Table_1.xlsx	Invertebrate.1.0!J41	Ahuja2024:CWD19	Ahuja2024:CWD19;voucher:YPMIZ35346	data/sources/metadata_enrichment/sheet_metadata.tsv	184	
Ahuja2024:CWD19	longitude	-122.05	primary_sheet	data/sources/Ahuja2024_Supplementary_Table_1.xlsx	Invertebrate.1.0!U41	Ahuja2024:CWD19	Ahuja2024:CWD19;voucher:YPMIZ35346	data/sources/metadata_enrichment/sheet_metadata.tsv	185	
Ahuja2024:CWD19	specimen_voucher	YPM:IZ:35346	primary_sheet	data/sources/Ahuja2024_Supplementary_Table_1.xlsx	Invertebrate.1.0!W41	Ahuja2024:CWD19	Ahuja2024:CWD19;voucher:YPMIZ35346	data/sources/metadata_enrichment/sheet_metadata.tsv	186	
Ahuja2024:CWD19	tissue	siphosome	primary_sheet	data/sources/Ahuja2024_Supplementary_Table_1.xlsx	Invertebrate.1.0!K41	Ahuja2024:CWD19	Ahuja2024:CWD19;voucher:YPMIZ35346	data/sources/metadata_enrichment/sheet_metadata.tsv	187	
Ahuja2024:CWD2	collection_date	2002-09-18	primary_sheet	data/sources/Ahuja2024_Supplementary_Table_1.xlsx	Invertebrate.1.0!I16	Ahuja2024:CWD2	Ahuja2024:CWD2;voucher:YPMIZ35029	data/sources/metadata_enrichment/sheet_metadata.tsv	188	
Ahuja2024:CWD2	collection_depth_source	data/sources/Ahuja2024_Supplementary_Table_1.xlsx#Invertebrate.1.0!P16	primary_sheet	data/sources/Ahuja2024_Supplementary_Table_1.xlsx	Invertebrate.1.0!P16	Ahuja2024:CWD2	Ahuja2024:CWD2;voucher:YPMIZ35029; explicit_metre_unit	data/sources/metadata_enrichment/sheet_metadata.tsv	189	
Ahuja2024:CWD2	collection_id	OC381-7-27	primary_sheet	data/sources/Ahuja2024_Supplementary_Table_1.xlsx	Invertebrate.1.0!B16	Ahuja2024:CWD2	Ahuja2024:CWD2;voucher:YPMIZ35029	data/sources/metadata_enrichment/sheet_metadata.tsv	190	
Ahuja2024:CWD2	depth_m	10	primary_sheet	data/sources/Ahuja2024_Supplementary_Table_1.xlsx	Invertebrate.1.0!P16	Ahuja2024:CWD2	Ahuja2024:CWD2;voucher:YPMIZ35029; explicit_metre_unit	data/sources/metadata_enrichment/sheet_metadata.tsv	191	
Ahuja2024:CWD2	depth_original	10 meters	primary_sheet	data/sources/Ahuja2024_Supplementary_Table_1.xlsx	Invertebrate.1.0!P16	Ahuja2024:CWD2	Ahuja2024:CWD2;voucher:YPMIZ35029	data/sources/metadata_enrichment/sheet_metadata.tsv	192	
Ahuja2024:CWD2	lat_long_raw	37.63 N 73.45 W	primary_sheet	data/sources/Ahuja2024_Supplementary_Table_1.xlsx	Invertebrate.1.0!U16	Ahuja2024:CWD2	Ahuja2024:CWD2;voucher:YPMIZ35029	data/sources/metadata_enrichment/sheet_metadata.tsv	193	
Ahuja2024:CWD2	latitude	37.63	primary_sheet	data/sources/Ahuja2024_Supplementary_Table_1.xlsx	Invertebrate.1.0!U16	Ahuja2024:CWD2	Ahuja2024:CWD2;voucher:YPMIZ35029	data/sources/metadata_enrichment/sheet_metadata.tsv	194	
Ahuja2024:CWD2	locality	Atlantic Ocean	primary_sheet	data/sources/Ahuja2024_Supplementary_Table_1.xlsx	Invertebrate.1.0!J16	Ahuja2024:CWD2	Ahuja2024:CWD2;voucher:YPMIZ35029	data/sources/metadata_enrichment/sheet_metadata.tsv	195	
Ahuja2024:CWD2	longitude	-73.45	primary_sheet	data/sources/Ahuja2024_Supplementary_Table_1.xlsx	Invertebrate.1.0!U16	Ahuja2024:CWD2	Ahuja2024:CWD2;voucher:YPMIZ35029	data/sources/metadata_enrichment/sheet_metadata.tsv	196	
Ahuja2024:CWD2	specimen_voucher	YPM:IZ:35029	primary_sheet	data/sources/Ahuja2024_Supplementary_Table_1.xlsx	Invertebrate.1.0!W16	Ahuja2024:CWD2	Ahuja2024:CWD2;voucher:YPMIZ35029	data/sources/metadata_enrichment/sheet_metadata.tsv	197	
Ahuja2024:CWD2	tissue	siphosome	primary_sheet	data/sources/Ahuja2024_Supplementary_Table_1.xlsx	Invertebrate.1.0!K16	Ahuja2024:CWD2	Ahuja2024:CWD2;voucher:YPMIZ35029	data/sources/metadata_enrichment/sheet_metadata.tsv	198	
Ahuja2024:CWD20	collection_date	1999-07-20	primary_sheet	data/sources/Ahuja2024_Supplementary_Table_1.xlsx	Invertebrate.1.0!I45	Ahuja2024:CWD20	Ahuja2024:CWD20;voucher:YPMIZ35347	data/sources/metadata_enrichment/sheet_metadata.tsv	199	
Ahuja2024:CWD20	collection_depth_source	data/sources/Ahuja2024_Supplementary_Table_1.xlsx#Invertebrate.1.0!P45	primary_sheet	data/sources/Ahuja2024_Supplementary_Table_1.xlsx	Invertebrate.1.0!P45	Ahuja2024:CWD20	Ahuja2024:CWD20;voucher:YPMIZ35347; explicit_metre_unit	data/sources/metadata_enrichment/sheet_metadata.tsv	200	
Ahuja2024:CWD20	collection_id	MBARI-OC	primary_sheet	data/sources/Ahuja2024_Supplementary_Table_1.xlsx	Invertebrate.1.0!B45	Ahuja2024:CWD20	Ahuja2024:CWD20;voucher:YPMIZ35347	data/sources/metadata_enrichment/sheet_metadata.tsv	201	
Ahuja2024:CWD20	depth_m	10	primary_sheet	data/sources/Ahuja2024_Supplementary_Table_1.xlsx	Invertebrate.1.0!P45	Ahuja2024:CWD20	Ahuja2024:CWD20;voucher:YPMIZ35347; explicit_metre_unit	data/sources/metadata_enrichment/sheet_metadata.tsv	202	
Ahuja2024:CWD20	depth_original	10 meters	primary_sheet	data/sources/Ahuja2024_Supplementary_Table_1.xlsx	Invertebrate.1.0!P45	Ahuja2024:CWD20	Ahuja2024:CWD20;voucher:YPMIZ35347	data/sources/metadata_enrichment/sheet_metadata.tsv	203	
Ahuja2024:CWD20	lat_long_raw	40.31 N 68.14 W	primary_sheet	data/sources/Ahuja2024_Supplementary_Table_1.xlsx	Invertebrate.1.0!U45	Ahuja2024:CWD20	Ahuja2024:CWD20;voucher:YPMIZ35347	data/sources/metadata_enrichment/sheet_metadata.tsv	204	
Ahuja2024:CWD20	latitude	40.31	primary_sheet	data/sources/Ahuja2024_Supplementary_Table_1.xlsx	Invertebrate.1.0!U45	Ahuja2024:CWD20	Ahuja2024:CWD20;voucher:YPMIZ35347	data/sources/metadata_enrichment/sheet_metadata.tsv	205	
Ahuja2024:CWD20	locality	Atlantic Ocean	primary_sheet	data/sources/Ahuja2024_Supplementary_Table_1.xlsx	Invertebrate.1.0!J45	Ahuja2024:CWD20	Ahuja2024:CWD20;voucher:YPMIZ35347	data/sources/metadata_enrichment/sheet_metadata.tsv	206	
Ahuja2024:CWD20	longitude	-68.14	primary_sheet	data/sources/Ahuja2024_Supplementary_Table_1.xlsx	Invertebrate.1.0!U45	Ahuja2024:CWD20	Ahuja2024:CWD20;voucher:YPMIZ35347	data/sources/metadata_enrichment/sheet_metadata.tsv	207	
Ahuja2024:CWD20	specimen_voucher	YPM:IZ:35347	primary_sheet	data/sources/Ahuja2024_Supplementary_Table_1.xlsx	Invertebrate.1.0!W45	Ahuja2024:CWD20	Ahuja2024:CWD20;voucher:YPMIZ35347	data/sources/metadata_enrichment/sheet_metadata.tsv	208	
Ahuja2024:CWD20	tissue	siphosome	primary_sheet	data/sources/Ahuja2024_Supplementary_Table_1.xlsx	Invertebrate.1.0!K45	Ahuja2024:CWD20	Ahuja2024:CWD20;voucher:YPMIZ35347	data/sources/metadata_enrichment/sheet_metadata.tsv	209	
Ahuja2024:CWD21	collection_date	2002-09-24	primary_sheet	data/sources/Ahuja2024_Supplementary_Table_1.xlsx	Invertebrate.1.0!I46	Ahuja2024:CWD21	Ahuja2024:CWD21;voucher:YPMIZ35041	data/sources/metadata_enrichment/sheet_metadata.tsv	210	
Ahuja2024:CWD21	collection_depth_source	data/sources/Ahuja2024_Supplementary_Table_1.xlsx#Invertebrate.1.0!P46	primary_sheet	data/sources/Ahuja2024_Supplementary_Table_1.xlsx	Invertebrate.1.0!P46	Ahuja2024:CWD21	Ahuja2024:CWD21;voucher:YPMIZ35041; explicit_metre_unit	data/sources/metadata_enrichment/sheet_metadata.tsv	211	
Ahuja2024:CWD21	collection_id	OC381-22-18	primary_sheet	data/sources/Ahuja2024_Supplementary_Table_1.xlsx	Invertebrate.1.0!B46	Ahuja2024:CWD21	Ahuja2024:CWD21;voucher:YPMIZ35041	data/sources/metadata_enrichment/sheet_metadata.tsv	212	
Ahuja2024:CWD21	depth_m	10	primary_sheet	data/sources/Ahuja2024_Supplementary_Table_1.xlsx	Invertebrate.1.0!P46	Ahuja2024:CWD21	Ahuja2024:CWD21;voucher:YPMIZ35041; explicit_metre_unit	data/sources/metadata_enrichment/sheet_metadata.tsv	213	
Ahuja2024:CWD21	depth_original	10 meters	primary_sheet	data/sources/Ahuja2024_Supplementary_Table_1.xlsx	Invertebrate.1.0!P46	Ahuja2024:CWD21	Ahuja2024:CWD21;voucher:YPMIZ35041	data/sources/metadata_enrichment/sheet_metadata.tsv	214	
Ahuja2024:CWD21	lat_long_raw	38.9 N 70.27 W	primary_sheet	data/sources/Ahuja2024_Supplementary_Table_1.xlsx	Invertebrate.1.0!U46	Ahuja2024:CWD21	Ahuja2024:CWD21;voucher:YPMIZ35041	data/sources/metadata_enrichment/sheet_metadata.tsv	215	
Ahuja2024:CWD21	latitude	38.9	primary_sheet	data/sources/Ahuja2024_Supplementary_Table_1.xlsx	Invertebrate.1.0!U46	Ahuja2024:CWD21	Ahuja2024:CWD21;voucher:YPMIZ35041	data/sources/metadata_enrichment/sheet_metadata.tsv	216	
Ahuja2024:CWD21	locality	Atlantic Ocean	primary_sheet	data/sources/Ahuja2024_Supplementary_Table_1.xlsx	Invertebrate.1.0!J46	Ahuja2024:CWD21	Ahuja2024:CWD21;voucher:YPMIZ35041	data/sources/metadata_enrichment/sheet_metadata.tsv	217	
Ahuja2024:CWD21	longitude	-70.27	primary_sheet	data/sources/Ahuja2024_Supplementary_Table_1.xlsx	Invertebrate.1.0!U46	Ahuja2024:CWD21	Ahuja2024:CWD21;voucher:YPMIZ35041	data/sources/metadata_enrichment/sheet_metadata.tsv	218	
Ahuja2024:CWD21	specimen_voucher	YPM:IZ:35041	primary_sheet	data/sources/Ahuja2024_Supplementary_Table_1.xlsx	Invertebrate.1.0!W46	Ahuja2024:CWD21	Ahuja2024:CWD21;voucher:YPMIZ35041	data/sources/metadata_enrichment/sheet_metadata.tsv	219	
Ahuja2024:CWD21	tissue	siphosome	primary_sheet	data/sources/Ahuja2024_Supplementary_Table_1.xlsx	Invertebrate.1.0!K46	Ahuja2024:CWD21	Ahuja2024:CWD21;voucher:YPMIZ35041	data/sources/metadata_enrichment/sheet_metadata.tsv	220	
Ahuja2024:CWD3	collection_date	2002-09-17	primary_sheet	data/sources/Ahuja2024_Supplementary_Table_1.xlsx	Invertebrate.1.0!I18	Ahuja2024:CWD3	Ahuja2024:CWD3;voucher:YPMIZ35030	data/sources/metadata_enrichment/sheet_metadata.tsv	221	
Ahuja2024:CWD3	collection_depth_source	data/sources/Ahuja2024_Supplementary_Table_1.xlsx#Invertebrate.1.0!P18	primary_sheet	data/sources/Ahuja2024_Supplementary_Table_1.xlsx	Invertebrate.1.0!P18	Ahuja2024:CWD3	Ahuja2024:CWD3;voucher:YPMIZ35030; explicit_metre_unit	data/sources/metadata_enrichment/sheet_metadata.tsv	222	
Ahuja2024:CWD3	collection_id	OC381-5-5	primary_sheet	data/sources/Ahuja2024_Supplementary_Table_1.xlsx	Invertebrate.1.0!B18	Ahuja2024:CWD3	Ahuja2024:CWD3;voucher:YPMIZ35030	data/sources/metadata_enrichment/sheet_metadata.tsv	223	
Ahuja2024:CWD3	depth_m	10	primary_sheet	data/sources/Ahuja2024_Supplementary_Table_1.xlsx	Invertebrate.1.0!P18	Ahuja2024:CWD3	Ahuja2024:CWD3;voucher:YPMIZ35030; explicit_metre_unit	data/sources/metadata_enrichment/sheet_metadata.tsv	224	
Ahuja2024:CWD3	depth_original	10 meters	primary_sheet	data/sources/Ahuja2024_Supplementary_Table_1.xlsx	Invertebrate.1.0!P18	Ahuja2024:CWD3	Ahuja2024:CWD3;voucher:YPMIZ35030	data/sources/metadata_enrichment/sheet_metadata.tsv	225	
Ahuja2024:CWD3	lat_long_raw	38.17 N 72.98 W	primary_sheet	data/sources/Ahuja2024_Supplementary_Table_1.xlsx	Invertebrate.1.0!U18	Ahuja2024:CWD3	Ahuja2024:CWD3;voucher:YPMIZ35030	data/sources/metadata_enrichment/sheet_metadata.tsv	226	
Ahuja2024:CWD3	latitude	38.17	primary_sheet	data/sources/Ahuja2024_Supplementary_Table_1.xlsx	Invertebrate.1.0!U18	Ahuja2024:CWD3	Ahuja2024:CWD3;voucher:YPMIZ35030	data/sources/metadata_enrichment/sheet_metadata.tsv	227	
Ahuja2024:CWD3	locality	Atlantic Ocean	primary_sheet	data/sources/Ahuja2024_Supplementary_Table_1.xlsx	Invertebrate.1.0!J18	Ahuja2024:CWD3	Ahuja2024:CWD3;voucher:YPMIZ35030	data/sources/metadata_enrichment/sheet_metadata.tsv	228	
Ahuja2024:CWD3	longitude	-72.98	primary_sheet	data/sources/Ahuja2024_Supplementary_Table_1.xlsx	Invertebrate.1.0!U18	Ahuja2024:CWD3	Ahuja2024:CWD3;voucher:YPMIZ35030	data/sources/metadata_enrichment/sheet_metadata.tsv	229	
Ahuja2024:CWD3	specimen_voucher	YPM:IZ:35030	primary_sheet	data/sources/Ahuja2024_Supplementary_Table_1.xlsx	Invertebrate.1.0!W18	Ahuja2024:CWD3	Ahuja2024:CWD3;voucher:YPMIZ35030	data/sources/metadata_enrichment/sheet_metadata.tsv	230	
Ahuja2024:CWD3	tissue	siphosome	primary_sheet	data/sources/Ahuja2024_Supplementary_Table_1.xlsx	Invertebrate.1.0!K18	Ahuja2024:CWD3	Ahuja2024:CWD3;voucher:YPMIZ35030	data/sources/metadata_enrichment/sheet_metadata.tsv	231	
Ahuja2024:CWD6	collection_date	2002-06-11	primary_sheet	data/sources/Ahuja2024_Supplementary_Table_1.xlsx	Invertebrate.1.0!I25	Ahuja2024:CWD6	Ahuja2024:CWD6;voucher:YPMIZ35032	data/sources/metadata_enrichment/sheet_metadata.tsv	232	
Ahuja2024:CWD6	collection_depth_source	data/sources/Ahuja2024_Supplementary_Table_1.xlsx#Invertebrate.1.0!P25	primary_sheet	data/sources/Ahuja2024_Supplementary_Table_1.xlsx	Invertebrate.1.0!P25	Ahuja2024:CWD6	Ahuja2024:CWD6;voucher:YPMIZ35032; explicit_metre_unit	data/sources/metadata_enrichment/sheet_metadata.tsv	233	
Ahuja2024:CWD6	collection_id	OC379-16-20	primary_sheet	data/sources/Ahuja2024_Supplementary_Table_1.xlsx	Invertebrate.1.0!B25	Ahuja2024:CWD6	Ahuja2024:CWD6;voucher:YPMIZ35032	data/sources/metadata_enrichment/sheet_metadata.tsv	234	
Ahuja2024:CWD6	depth_m	10	primary_sheet	data/sources/Ahuja2024_Supplementary_Table_1.xlsx	Invertebrate.1.0!P25	Ahuja2024:CWD6	Ahuja2024:CWD6;voucher:YPMIZ35032; explicit_metre_unit	data/sources/metadata_enrichment/sheet_metadata.tsv	235	
Ahuja2024:CWD6	depth_original	10 meters	primary_sheet	data/sources/Ahuja2024_Supplementary_Table_1.xlsx	Invertebrate.1.0!P25	Ahuja2024:CWD6	Ahuja2024:CWD6;voucher:YPMIZ35032	data/sources/metadata_enrichment/sheet_metadata.tsv	236	
Ahuja2024:CWD6	lat_long_raw	37.68 N 73.13 W	primary_sheet	data/sources/Ahuja2024_Supplementary_Table_1.xlsx	Invertebrate.1.0!U25	Ahuja2024:CWD6	Ahuja2024:CWD6;voucher:YPMIZ35032	data/sources/metadata_enrichment/sheet_metadata.tsv	237	
Ahuja2024:CWD6	latitude	37.68	primary_sheet	data/sources/Ahuja2024_Supplementary_Table_1.xlsx	Invertebrate.1.0!U25	Ahuja2024:CWD6	Ahuja2024:CWD6;voucher:YPMIZ35032	data/sources/metadata_enrichment/sheet_metadata.tsv	238	
Ahuja2024:CWD6	locality	Atlantic Ocean	primary_sheet	data/sources/Ahuja2024_Supplementary_Table_1.xlsx	Invertebrate.1.0!J25	Ahuja2024:CWD6	Ahuja2024:CWD6;voucher:YPMIZ35032	data/sources/metadata_enrichment/sheet_metadata.tsv	239	
Ahuja2024:CWD6	longitude	-73.13	primary_sheet	data/sources/Ahuja2024_Supplementary_Table_1.xlsx	Invertebrate.1.0!U25	Ahuja2024:CWD6	Ahuja2024:CWD6;voucher:YPMIZ35032	data/sources/metadata_enrichment/sheet_metadata.tsv	240	
Ahuja2024:CWD6	specimen_voucher	YPM:IZ:35032	primary_sheet	data/sources/Ahuja2024_Supplementary_Table_1.xlsx	Invertebrate.1.0!W25	Ahuja2024:CWD6	Ahuja2024:CWD6;voucher:YPMIZ35032	data/sources/metadata_enrichment/sheet_metadata.tsv	241	
Ahuja2024:CWD6	tissue	siphosome	primary_sheet	data/sources/Ahuja2024_Supplementary_Table_1.xlsx	Invertebrate.1.0!K25	Ahuja2024:CWD6	Ahuja2024:CWD6;voucher:YPMIZ35032	data/sources/metadata_enrichment/sheet_metadata.tsv	242	
Ahuja2024:CWD7	collection_date	2002-09-19	primary_sheet	data/sources/Ahuja2024_Supplementary_Table_1.xlsx	Invertebrate.1.0!I27	Ahuja2024:CWD7	Ahuja2024:CWD7;voucher:YPMIZ35033	data/sources/metadata_enrichment/sheet_metadata.tsv	243	
Ahuja2024:CWD7	collection_depth_source	data/sources/Ahuja2024_Supplementary_Table_1.xlsx#Invertebrate.1.0!P27	primary_sheet	data/sources/Ahuja2024_Supplementary_Table_1.xlsx	Invertebrate.1.0!P27	Ahuja2024:CWD7	Ahuja2024:CWD7;voucher:YPMIZ35033; explicit_metre_unit	data/sources/metadata_enrichment/sheet_metadata.tsv	244	
Ahuja2024:CWD7	collection_id	OC381-9-4	primary_sheet	data/sources/Ahuja2024_Supplementary_Table_1.xlsx	Invertebrate.1.0!B27	Ahuja2024:CWD7	Ahuja2024:CWD7;voucher:YPMIZ35033	data/sources/metadata_enrichment/sheet_metadata.tsv	245	
Ahuja2024:CWD7	depth_m	10	primary_sheet	data/sources/Ahuja2024_Supplementary_Table_1.xlsx	Invertebrate.1.0!P27	Ahuja2024:CWD7	Ahuja2024:CWD7;voucher:YPMIZ35033; explicit_metre_unit	data/sources/metadata_enrichment/sheet_metadata.tsv	246	
Ahuja2024:CWD7	depth_original	10 meters	primary_sheet	data/sources/Ahuja2024_Supplementary_Table_1.xlsx	Invertebrate.1.0!P27	Ahuja2024:CWD7	Ahuja2024:CWD7;voucher:YPMIZ35033	data/sources/metadata_enrichment/sheet_metadata.tsv	247	
Ahuja2024:CWD7	lat_long_raw	36.98 N 73.85 W	primary_sheet	data/sources/Ahuja2024_Supplementary_Table_1.xlsx	Invertebrate.1.0!U27	Ahuja2024:CWD7	Ahuja2024:CWD7;voucher:YPMIZ35033	data/sources/metadata_enrichment/sheet_metadata.tsv	248	
Ahuja2024:CWD7	latitude	36.98	primary_sheet	data/sources/Ahuja2024_Supplementary_Table_1.xlsx	Invertebrate.1.0!U27	Ahuja2024:CWD7	Ahuja2024:CWD7;voucher:YPMIZ35033	data/sources/metadata_enrichment/sheet_metadata.tsv	249	
Ahuja2024:CWD7	locality	Atlantic Ocean	primary_sheet	data/sources/Ahuja2024_Supplementary_Table_1.xlsx	Invertebrate.1.0!J27	Ahuja2024:CWD7	Ahuja2024:CWD7;voucher:YPMIZ35033	data/sources/metadata_enrichment/sheet_metadata.tsv	250	
Ahuja2024:CWD7	longitude	-73.85	primary_sheet	data/sources/Ahuja2024_Supplementary_Table_1.xlsx	Invertebrate.1.0!U27	Ahuja2024:CWD7	Ahuja2024:CWD7;voucher:YPMIZ35033	data/sources/metadata_enrichment/sheet_metadata.tsv	251	
Ahuja2024:CWD7	specimen_voucher	YPM:IZ:35033	primary_sheet	data/sources/Ahuja2024_Supplementary_Table_1.xlsx	Invertebrate.1.0!W27	Ahuja2024:CWD7	Ahuja2024:CWD7;voucher:YPMIZ35033	data/sources/metadata_enrichment/sheet_metadata.tsv	252	
Ahuja2024:CWD7	tissue	siphosome	primary_sheet	data/sources/Ahuja2024_Supplementary_Table_1.xlsx	Invertebrate.1.0!K27	Ahuja2024:CWD7	Ahuja2024:CWD7;voucher:YPMIZ35033	data/sources/metadata_enrichment/sheet_metadata.tsv	253	
Ahuja2024:NA1	collection_date	2021-10-29	primary_sheet	data/sources/Ahuja2024_Supplementary_Table_1.xlsx	Invertebrate.1.0!I24	Ahuja2024:NA1	Ahuja2024:NA1;voucher:YPMIZ110225	data/sources/metadata_enrichment/sheet_metadata.tsv	254	
Ahuja2024:NA1	collection_depth_source	data/sources/Ahuja2024_Supplementary_Table_1.xlsx#Invertebrate.1.0!P24	primary_sheet	data/sources/Ahuja2024_Supplementary_Table_1.xlsx	Invertebrate.1.0!P24	Ahuja2024:NA1	Ahuja2024:NA1;voucher:YPMIZ110225; explicit_metre_unit	data/sources/metadata_enrichment/sheet_metadata.tsv	255	
Ahuja2024:NA1	collection_id	D1398-SS8	primary_sheet	data/sources/Ahuja2024_Supplementary_Table_1.xlsx	Invertebrate.1.0!B24	Ahuja2024:NA1	Ahuja2024:NA1;voucher:YPMIZ110225	data/sources/metadata_enrichment/sheet_metadata.tsv	256	
Ahuja2024:NA1	depth_m	964	primary_sheet	data/sources/Ahuja2024_Supplementary_Table_1.xlsx	Invertebrate.1.0!P24	Ahuja2024:NA1	Ahuja2024:NA1;voucher:YPMIZ110225; explicit_metre_unit	data/sources/metadata_enrichment/sheet_metadata.tsv	257	
Ahuja2024:NA1	depth_original	964 meters	primary_sheet	data/sources/Ahuja2024_Supplementary_Table_1.xlsx	Invertebrate.1.0!P24	Ahuja2024:NA1	Ahuja2024:NA1;voucher:YPMIZ110225	data/sources/metadata_enrichment/sheet_metadata.tsv	258	
Ahuja2024:NA1	lat_long_raw	36.224784 N 123.14242 W	primary_sheet	data/sources/Ahuja2024_Supplementary_Table_1.xlsx	Invertebrate.1.0!U24	Ahuja2024:NA1	Ahuja2024:NA1;voucher:YPMIZ110225	data/sources/metadata_enrichment/sheet_metadata.tsv	259	
Ahuja2024:NA1	latitude	36.224784	primary_sheet	data/sources/Ahuja2024_Supplementary_Table_1.xlsx	Invertebrate.1.0!U24	Ahuja2024:NA1	Ahuja2024:NA1;voucher:YPMIZ110225	data/sources/metadata_enrichment/sheet_metadata.tsv	260	
Ahuja2024:NA1	locality	Pacific Ocean	primary_sheet	data/sources/Ahuja2024_Supplementary_Table_1.xlsx	Invertebrate.1.0!J24	Ahuja2024:NA1	Ahuja2024:NA1;voucher:YPMIZ110225	data/sources/metadata_enrichment/sheet_metadata.tsv	261	
Ahuja2024:NA1	longitude	-123.14242	primary_sheet	data/sources/Ahuja2024_Supplementary_Table_1.xlsx	Invertebrate.1.0!U24	Ahuja2024:NA1	Ahuja2024:NA1;voucher:YPMIZ110225	data/sources/metadata_enrichment/sheet_metadata.tsv	262	
Ahuja2024:NA1	specimen_voucher	YPM:IZ:110225	primary_sheet	data/sources/Ahuja2024_Supplementary_Table_1.xlsx	Invertebrate.1.0!W24	Ahuja2024:NA1	Ahuja2024:NA1;voucher:YPMIZ110225	data/sources/metadata_enrichment/sheet_metadata.tsv	263	
Ahuja2024:NA1	tissue	siphosome	primary_sheet	data/sources/Ahuja2024_Supplementary_Table_1.xlsx	Invertebrate.1.0!K24	Ahuja2024:NA1	Ahuja2024:NA1;voucher:YPMIZ110225	data/sources/metadata_enrichment/sheet_metadata.tsv	264	
Ahuja2024:NA10	collection_date	2006-05-16	primary_sheet	data/sources/Ahuja2024_Supplementary_Table_1.xlsx	Invertebrate.1.0!I42	Ahuja2024:NA10	Ahuja2024:NA10	data/sources/metadata_enrichment/sheet_metadata.tsv	265	
Ahuja2024:NA10	collection_depth_source	data/sources/Ahuja2024_Supplementary_Table_1.xlsx#Invertebrate.1.0!P42	primary_sheet	data/sources/Ahuja2024_Supplementary_Table_1.xlsx	Invertebrate.1.0!P42	Ahuja2024:NA10	Ahuja2024:NA10; explicit_metre_unit	data/sources/metadata_enrichment/sheet_metadata.tsv	266	
Ahuja2024:NA10	collection_id	T987-D2	primary_sheet	data/sources/Ahuja2024_Supplementary_Table_1.xlsx	Invertebrate.1.0!B42	Ahuja2024:NA10	Ahuja2024:NA10	data/sources/metadata_enrichment/sheet_metadata.tsv	267	
Ahuja2024:NA10	depth_m	286.25	primary_sheet	data/sources/Ahuja2024_Supplementary_Table_1.xlsx	Invertebrate.1.0!P42	Ahuja2024:NA10	Ahuja2024:NA10; explicit_metre_unit	data/sources/metadata_enrichment/sheet_metadata.tsv	268	
Ahuja2024:NA10	depth_original	286.25 meters	primary_sheet	data/sources/Ahuja2024_Supplementary_Table_1.xlsx	Invertebrate.1.0!P42	Ahuja2024:NA10	Ahuja2024:NA10	data/sources/metadata_enrichment/sheet_metadata.tsv	269	
Ahuja2024:NA10	lat_long_raw	35.648785 N 122.737913 W	primary_sheet	data/sources/Ahuja2024_Supplementary_Table_1.xlsx	Invertebrate.1.0!U42	Ahuja2024:NA10	Ahuja2024:NA10	data/sources/metadata_enrichment/sheet_metadata.tsv	270	
Ahuja2024:NA10	latitude	35.648785	primary_sheet	data/sources/Ahuja2024_Supplementary_Table_1.xlsx	Invertebrate.1.0!U42	Ahuja2024:NA10	Ahuja2024:NA10	data/sources/metadata_enrichment/sheet_metadata.tsv	271	
Ahuja2024:NA10	locality	Pacific Ocean	primary_sheet	data/sources/Ahuja2024_Supplementary_Table_1.xlsx	Invertebrate.1.0!J42	Ahuja2024:NA10	Ahuja2024:NA10	data/sources/metadata_enrichment/sheet_metadata.tsv	272	
Ahuja2024:NA10	longitude	-122.737913	primary_sheet	data/sources/Ahuja2024_Supplementary_Table_1.xlsx	Invertebrate.1.0!U42	Ahuja2024:NA10	Ahuja2024:NA10	data/sources/metadata_enrichment/sheet_metadata.tsv	273	
Ahuja2024:NA10	tissue	siphosome	primary_sheet	data/sources/Ahuja2024_Supplementary_Table_1.xlsx	Invertebrate.1.0!K42	Ahuja2024:NA10	Ahuja2024:NA10	data/sources/metadata_enrichment/sheet_metadata.tsv	274	
Ahuja2024:NA11	collection_date	2005-04-09	primary_sheet	data/sources/Ahuja2024_Supplementary_Table_1.xlsx	Invertebrate.1.0!I43	Ahuja2024:NA11	Ahuja2024:NA11	data/sources/metadata_enrichment/sheet_metadata.tsv	275	
Ahuja2024:NA11	collection_depth_source	data/sources/Ahuja2024_Supplementary_Table_1.xlsx#Invertebrate.1.0!P43	primary_sheet	data/sources/Ahuja2024_Supplementary_Table_1.xlsx	Invertebrate.1.0!P43	Ahuja2024:NA11	Ahuja2024:NA11; explicit_metre_unit	data/sources/metadata_enrichment/sheet_metadata.tsv	276	
Ahuja2024:NA11	collection_id	T845-D3	primary_sheet	data/sources/Ahuja2024_Supplementary_Table_1.xlsx	Invertebrate.1.0!B43	Ahuja2024:NA11	Ahuja2024:NA11	data/sources/metadata_enrichment/sheet_metadata.tsv	277	
Ahuja2024:NA11	depth_m	235	primary_sheet	data/sources/Ahuja2024_Supplementary_Table_1.xlsx	Invertebrate.1.0!P43	Ahuja2024:NA11	Ahuja2024:NA11; explicit_metre_unit	data/sources/metadata_enrichment/sheet_metadata.tsv	278	
Ahuja2024:NA11	depth_original	235 meters	primary_sheet	data/sources/Ahuja2024_Supplementary_Table_1.xlsx	Invertebrate.1.0!P43	Ahuja2024:NA11	Ahuja2024:NA11	data/sources/metadata_enrichment/sheet_metadata.tsv	279	
Ahuja2024:NA11	lat_long_raw	36.6990 N 122.0578 W	primary_sheet	data/sources/Ahuja2024_Supplementary_Table_1.xlsx	Invertebrate.1.0!U43	Ahuja2024:NA11	Ahuja2024:NA11	data/sources/metadata_enrichment/sheet_metadata.tsv	280	
Ahuja2024:NA11	latitude	36.699	primary_sheet	data/sources/Ahuja2024_Supplementary_Table_1.xlsx	Invertebrate.1.0!U43	Ahuja2024:NA11	Ahuja2024:NA11	data/sources/metadata_enrichment/sheet_metadata.tsv	281	
Ahuja2024:NA11	locality	Pacific Ocean	primary_sheet	data/sources/Ahuja2024_Supplementary_Table_1.xlsx	Invertebrate.1.0!J43	Ahuja2024:NA11	Ahuja2024:NA11	data/sources/metadata_enrichment/sheet_metadata.tsv	282	
Ahuja2024:NA11	longitude	-122.0578	primary_sheet	data/sources/Ahuja2024_Supplementary_Table_1.xlsx	Invertebrate.1.0!U43	Ahuja2024:NA11	Ahuja2024:NA11	data/sources/metadata_enrichment/sheet_metadata.tsv	283	
Ahuja2024:NA11	tissue	siphosome	primary_sheet	data/sources/Ahuja2024_Supplementary_Table_1.xlsx	Invertebrate.1.0!K43	Ahuja2024:NA11	Ahuja2024:NA11	data/sources/metadata_enrichment/sheet_metadata.tsv	284	
Ahuja2024:NA2	collection_date	2021-10-30	primary_sheet	data/sources/Ahuja2024_Supplementary_Table_1.xlsx	Invertebrate.1.0!I39	Ahuja2024:NA2	Ahuja2024:NA2	data/sources/metadata_enrichment/sheet_metadata.tsv	285	
Ahuja2024:NA2	collection_depth_source	data/sources/Ahuja2024_Supplementary_Table_1.xlsx#Invertebrate.1.0!P39	primary_sheet	data/sources/Ahuja2024_Supplementary_Table_1.xlsx	Invertebrate.1.0!P39	Ahuja2024:NA2	Ahuja2024:NA2; explicit_metre_unit	data/sources/metadata_enrichment/sheet_metadata.tsv	286	
Ahuja2024:NA2	collection_id	D1399-D4	primary_sheet	data/sources/Ahuja2024_Supplementary_Table_1.xlsx	Invertebrate.1.0!B39	Ahuja2024:NA2	Ahuja2024:NA2	data/sources/metadata_enrichment/sheet_metadata.tsv	287	
Ahuja2024:NA2	depth_m	600	primary_sheet	data/sources/Ahuja2024_Supplementary_Table_1.xlsx	Invertebrate.1.0!P39	Ahuja2024:NA2	Ahuja2024:NA2; explicit_metre_unit	data/sources/metadata_enrichment/sheet_metadata.tsv	288	
Ahuja2024:NA2	depth_original	600 meters	primary_sheet	data/sources/Ahuja2024_Supplementary_Table_1.xlsx	Invertebrate.1.0!P39	Ahuja2024:NA2	Ahuja2024:NA2	data/sources/metadata_enrichment/sheet_metadata.tsv	289	
Ahuja2024:NA2	lat_long_raw	36.698 N 122.0716 W	primary_sheet	data/sources/Ahuja2024_Supplementary_Table_1.xlsx	Invertebrate.1.0!U39	Ahuja2024:NA2	Ahuja2024:NA2	data/sources/metadata_enrichment/sheet_metadata.tsv	290	
Ahuja2024:NA2	latitude	36.698	primary_sheet	data/sources/Ahuja2024_Supplementary_Table_1.xlsx	Invertebrate.1.0!U39	Ahuja2024:NA2	Ahuja2024:NA2	data/sources/metadata_enrichment/sheet_metadata.tsv	291	
Ahuja2024:NA2	locality	Pacific Ocean	primary_sheet	data/sources/Ahuja2024_Supplementary_Table_1.xlsx	Invertebrate.1.0!J39	Ahuja2024:NA2	Ahuja2024:NA2	data/sources/metadata_enrichment/sheet_metadata.tsv	292	
Ahuja2024:NA2	longitude	-122.0716	primary_sheet	data/sources/Ahuja2024_Supplementary_Table_1.xlsx	Invertebrate.1.0!U39	Ahuja2024:NA2	Ahuja2024:NA2	data/sources/metadata_enrichment/sheet_metadata.tsv	293	
Ahuja2024:NA2	tissue	siphosome	primary_sheet	data/sources/Ahuja2024_Supplementary_Table_1.xlsx	Invertebrate.1.0!K39	Ahuja2024:NA2	Ahuja2024:NA2	data/sources/metadata_enrichment/sheet_metadata.tsv	294	
Ahuja2024:NA3	collection_date	2021-10-30	primary_sheet	data/sources/Ahuja2024_Supplementary_Table_1.xlsx	Invertebrate.1.0!I29	Ahuja2024:NA3	Ahuja2024:NA3	data/sources/metadata_enrichment/sheet_metadata.tsv	295	
Ahuja2024:NA3	collection_depth_source	data/sources/Ahuja2024_Supplementary_Table_1.xlsx#Invertebrate.1.0!P29	primary_sheet	data/sources/Ahuja2024_Supplementary_Table_1.xlsx	Invertebrate.1.0!P29	Ahuja2024:NA3	Ahuja2024:NA3; explicit_metre_unit	data/sources/metadata_enrichment/sheet_metadata.tsv	296	
Ahuja2024:NA3	collection_id	D1399-D5	primary_sheet	data/sources/Ahuja2024_Supplementary_Table_1.xlsx	Invertebrate.1.0!B29	Ahuja2024:NA3	Ahuja2024:NA3	data/sources/metadata_enrichment/sheet_metadata.tsv	297	
Ahuja2024:NA3	depth_m	349	primary_sheet	data/sources/Ahuja2024_Supplementary_Table_1.xlsx	Invertebrate.1.0!P29	Ahuja2024:NA3	Ahuja2024:NA3; explicit_metre_unit	data/sources/metadata_enrichment/sheet_metadata.tsv	298	
Ahuja2024:NA3	depth_original	349 meters	primary_sheet	data/sources/Ahuja2024_Supplementary_Table_1.xlsx	Invertebrate.1.0!P29	Ahuja2024:NA3	Ahuja2024:NA3	data/sources/metadata_enrichment/sheet_metadata.tsv	299	
Ahuja2024:NA3	lat_long_raw	36.697 N 122.0724 W	primary_sheet	data/sources/Ahuja2024_Supplementary_Table_1.xlsx	Invertebrate.1.0!U29	Ahuja2024:NA3	Ahuja2024:NA3	data/sources/metadata_enrichment/sheet_metadata.tsv	300	
Ahuja2024:NA3	latitude	36.697	primary_sheet	data/sources/Ahuja2024_Supplementary_Table_1.xlsx	Invertebrate.1.0!U29	Ahuja2024:NA3	Ahuja2024:NA3	data/sources/metadata_enrichment/sheet_metadata.tsv	301	
Ahuja2024:NA3	locality	Pacific Ocean	primary_sheet	data/sources/Ahuja2024_Supplementary_Table_1.xlsx	Invertebrate.1.0!J29	Ahuja2024:NA3	Ahuja2024:NA3	data/sources/metadata_enrichment/sheet_metadata.tsv	302	
Ahuja2024:NA3	longitude	-122.0724	primary_sheet	data/sources/Ahuja2024_Supplementary_Table_1.xlsx	Invertebrate.1.0!U29	Ahuja2024:NA3	Ahuja2024:NA3	data/sources/metadata_enrichment/sheet_metadata.tsv	303	
Ahuja2024:NA3	tissue	siphosome	primary_sheet	data/sources/Ahuja2024_Supplementary_Table_1.xlsx	Invertebrate.1.0!K29	Ahuja2024:NA3	Ahuja2024:NA3	data/sources/metadata_enrichment/sheet_metadata.tsv	304	
Ahuja2024:NA4	collection_date	2021-10-30	primary_sheet	data/sources/Ahuja2024_Supplementary_Table_1.xlsx	Invertebrate.1.0!I40	Ahuja2024:NA4	Ahuja2024:NA4	data/sources/metadata_enrichment/sheet_metadata.tsv	305	
Ahuja2024:NA4	collection_depth_source	data/sources/Ahuja2024_Supplementary_Table_1.xlsx#Invertebrate.1.0!P40	primary_sheet	data/sources/Ahuja2024_Supplementary_Table_1.xlsx	Invertebrate.1.0!P40	Ahuja2024:NA4	Ahuja2024:NA4; explicit_metre_unit	data/sources/metadata_enrichment/sheet_metadata.tsv	306	
Ahuja2024:NA4	collection_id	D1398-SS11	primary_sheet	data/sources/Ahuja2024_Supplementary_Table_1.xlsx	Invertebrate.1.0!B40	Ahuja2024:NA4	Ahuja2024:NA4	data/sources/metadata_enrichment/sheet_metadata.tsv	307	
Ahuja2024:NA4	depth_m	249	primary_sheet	data/sources/Ahuja2024_Supplementary_Table_1.xlsx	Invertebrate.1.0!P40	Ahuja2024:NA4	Ahuja2024:NA4; explicit_metre_unit	data/sources/metadata_enrichment/sheet_metadata.tsv	308	
Ahuja2024:NA4	depth_original	249 meters	primary_sheet	data/sources/Ahuja2024_Supplementary_Table_1.xlsx	Invertebrate.1.0!P40	Ahuja2024:NA4	Ahuja2024:NA4	data/sources/metadata_enrichment/sheet_metadata.tsv	309	
Ahuja2024:NA4	lat_long_raw	36.2235 N 123.143176 W	primary_sheet	data/sources/Ahuja2024_Supplementary_Table_1.xlsx	Invertebrate.1.0!U40	Ahuja2024:NA4	Ahuja2024:NA4	data/sources/metadata_enrichment/sheet_metadata.tsv	310	
Ahuja2024:NA4	latitude	36.2235	primary_sheet	data/sources/Ahuja2024_Supplementary_Table_1.xlsx	Invertebrate.1.0!U40	Ahuja2024:NA4	Ahuja2024:NA4	data/sources/metadata_enrichment/sheet_metadata.tsv	311	
Ahuja2024:NA4	locality	Pacific Ocean	primary_sheet	data/sources/Ahuja2024_Supplementary_Table_1.xlsx	Invertebrate.1.0!J40	Ahuja2024:NA4	Ahuja2024:NA4	data/sources/metadata_enrichment/sheet_metadata.tsv	312	
Ahuja2024:NA4	longitude	-123.143176	primary_sheet	data/sources/Ahuja2024_Supplementary_Table_1.xlsx	Invertebrate.1.0!U40	Ahuja2024:NA4	Ahuja2024:NA4	data/sources/metadata_enrichment/sheet_metadata.tsv	313	
Ahuja2024:NA4	tissue	siphosome	primary_sheet	data/sources/Ahuja2024_Supplementary_Table_1.xlsx	Invertebrate.1.0!K40	Ahuja2024:NA4	Ahuja2024:NA4	data/sources/metadata_enrichment/sheet_metadata.tsv	314	
Ahuja2024:NA5	collection_date	2021-10-30	primary_sheet	data/sources/Ahuja2024_Supplementary_Table_1.xlsx	Invertebrate.1.0!I19	Ahuja2024:NA5	Ahuja2024:NA5	data/sources/metadata_enrichment/sheet_metadata.tsv	315	
Ahuja2024:NA5	collection_depth_source	data/sources/Ahuja2024_Supplementary_Table_1.xlsx#Invertebrate.1.0!P19	primary_sheet	data/sources/Ahuja2024_Supplementary_Table_1.xlsx	Invertebrate.1.0!P19	Ahuja2024:NA5	Ahuja2024:NA5; explicit_metre_unit	data/sources/metadata_enrichment/sheet_metadata.tsv	316	
Ahuja2024:NA5	collection_id	D1399-D12	primary_sheet	data/sources/Ahuja2024_Supplementary_Table_1.xlsx	Invertebrate.1.0!B19	Ahuja2024:NA5	Ahuja2024:NA5	data/sources/metadata_enrichment/sheet_metadata.tsv	317	
Ahuja2024:NA5	depth_m	556	primary_sheet	data/sources/Ahuja2024_Supplementary_Table_1.xlsx	Invertebrate.1.0!P19	Ahuja2024:NA5	Ahuja2024:NA5; explicit_metre_unit	data/sources/metadata_enrichment/sheet_metadata.tsv	318	
Ahuja2024:NA5	depth_original	556 meters	primary_sheet	data/sources/Ahuja2024_Supplementary_Table_1.xlsx	Invertebrate.1.0!P19	Ahuja2024:NA5	Ahuja2024:NA5	data/sources/metadata_enrichment/sheet_metadata.tsv	319	
Ahuja2024:NA5	lat_long_raw	36.698 N 122.0719 W	primary_sheet	data/sources/Ahuja2024_Supplementary_Table_1.xlsx	Invertebrate.1.0!U19	Ahuja2024:NA5	Ahuja2024:NA5	data/sources/metadata_enrichment/sheet_metadata.tsv	320	
Ahuja2024:NA5	latitude	36.698	primary_sheet	data/sources/Ahuja2024_Supplementary_Table_1.xlsx	Invertebrate.1.0!U19	Ahuja2024:NA5	Ahuja2024:NA5	data/sources/metadata_enrichment/sheet_metadata.tsv	321	
Ahuja2024:NA5	locality	Pacific Ocean	primary_sheet	data/sources/Ahuja2024_Supplementary_Table_1.xlsx	Invertebrate.1.0!J19	Ahuja2024:NA5	Ahuja2024:NA5	data/sources/metadata_enrichment/sheet_metadata.tsv	322	
Ahuja2024:NA5	longitude	-122.0719	primary_sheet	data/sources/Ahuja2024_Supplementary_Table_1.xlsx	Invertebrate.1.0!U19	Ahuja2024:NA5	Ahuja2024:NA5	data/sources/metadata_enrichment/sheet_metadata.tsv	323	
Ahuja2024:NA5	tissue	siphosome	primary_sheet	data/sources/Ahuja2024_Supplementary_Table_1.xlsx	Invertebrate.1.0!K19	Ahuja2024:NA5	Ahuja2024:NA5	data/sources/metadata_enrichment/sheet_metadata.tsv	324	
Ahuja2024:NA6	collection_date	2021-09-23	primary_sheet	data/sources/Ahuja2024_Supplementary_Table_1.xlsx	Invertebrate.1.0!I26	Ahuja2024:NA6	Ahuja2024:NA6	data/sources/metadata_enrichment/sheet_metadata.tsv	325	
Ahuja2024:NA6	collection_depth_source	data/sources/Ahuja2024_Supplementary_Table_1.xlsx#Invertebrate.1.0!P26	primary_sheet	data/sources/Ahuja2024_Supplementary_Table_1.xlsx	Invertebrate.1.0!P26	Ahuja2024:NA6	Ahuja2024:NA6; explicit_metre_unit	data/sources/metadata_enrichment/sheet_metadata.tsv	326	
Ahuja2024:NA6	collection_id	V4355-SS6	primary_sheet	data/sources/Ahuja2024_Supplementary_Table_1.xlsx	Invertebrate.1.0!B26	Ahuja2024:NA6	Ahuja2024:NA6	data/sources/metadata_enrichment/sheet_metadata.tsv	327	
Ahuja2024:NA6	depth_m	467	primary_sheet	data/sources/Ahuja2024_Supplementary_Table_1.xlsx	Invertebrate.1.0!P26	Ahuja2024:NA6	Ahuja2024:NA6; explicit_metre_unit	data/sources/metadata_enrichment/sheet_metadata.tsv	328	
Ahuja2024:NA6	depth_original	467 meters	primary_sheet	data/sources/Ahuja2024_Supplementary_Table_1.xlsx	Invertebrate.1.0!P26	Ahuja2024:NA6	Ahuja2024:NA6	data/sources/metadata_enrichment/sheet_metadata.tsv	329	
Ahuja2024:NA6	lat_long_raw	36.6844 N 122.072 W	primary_sheet	data/sources/Ahuja2024_Supplementary_Table_1.xlsx	Invertebrate.1.0!U26	Ahuja2024:NA6	Ahuja2024:NA6	data/sources/metadata_enrichment/sheet_metadata.tsv	330	
Ahuja2024:NA6	latitude	36.6844	primary_sheet	data/sources/Ahuja2024_Supplementary_Table_1.xlsx	Invertebrate.1.0!U26	Ahuja2024:NA6	Ahuja2024:NA6	data/sources/metadata_enrichment/sheet_metadata.tsv	331	
Ahuja2024:NA6	locality	Pacific Ocean	primary_sheet	data/sources/Ahuja2024_Supplementary_Table_1.xlsx	Invertebrate.1.0!J26	Ahuja2024:NA6	Ahuja2024:NA6	data/sources/metadata_enrichment/sheet_metadata.tsv	332	
Ahuja2024:NA6	longitude	-122.072	primary_sheet	data/sources/Ahuja2024_Supplementary_Table_1.xlsx	Invertebrate.1.0!U26	Ahuja2024:NA6	Ahuja2024:NA6	data/sources/metadata_enrichment/sheet_metadata.tsv	333	
Ahuja2024:NA6	tissue	siphosome	primary_sheet	data/sources/Ahuja2024_Supplementary_Table_1.xlsx	Invertebrate.1.0!K26	Ahuja2024:NA6	Ahuja2024:NA6	data/sources/metadata_enrichment/sheet_metadata.tsv	334	
Ahuja2024:NA7	collection_date	2021-09-23	primary_sheet	data/sources/Ahuja2024_Supplementary_Table_1.xlsx	Invertebrate.1.0!I35	Ahuja2024:NA7	Ahuja2024:NA7	data/sources/metadata_enrichment/sheet_metadata.tsv	335	
Ahuja2024:NA7	collection_depth_source	data/sources/Ahuja2024_Supplementary_Table_1.xlsx#Invertebrate.1.0!P35	primary_sheet	data/sources/Ahuja2024_Supplementary_Table_1.xlsx	Invertebrate.1.0!P35	Ahuja2024:NA7	Ahuja2024:NA7; explicit_metre_unit	data/sources/metadata_enrichment/sheet_metadata.tsv	336	
Ahuja2024:NA7	collection_id	V4355-D3	primary_sheet	data/sources/Ahuja2024_Supplementary_Table_1.xlsx	Invertebrate.1.0!B35	Ahuja2024:NA7	Ahuja2024:NA7	data/sources/metadata_enrichment/sheet_metadata.tsv	337	
Ahuja2024:NA7	depth_m	417	primary_sheet	data/sources/Ahuja2024_Supplementary_Table_1.xlsx	Invertebrate.1.0!P35	Ahuja2024:NA7	Ahuja2024:NA7; explicit_metre_unit	data/sources/metadata_enrichment/sheet_metadata.tsv	338	
Ahuja2024:NA7	depth_original	417 meters	primary_sheet	data/sources/Ahuja2024_Supplementary_Table_1.xlsx	Invertebrate.1.0!P35	Ahuja2024:NA7	Ahuja2024:NA7	data/sources/metadata_enrichment/sheet_metadata.tsv	339	
Ahuja2024:NA7	lat_long_raw	36.6842 N 122.0727 W	primary_sheet	data/sources/Ahuja2024_Supplementary_Table_1.xlsx	Invertebrate.1.0!U35	Ahuja2024:NA7	Ahuja2024:NA7	data/sources/metadata_enrichment/sheet_metadata.tsv	340	
Ahuja2024:NA7	latitude	36.6842	primary_sheet	data/sources/Ahuja2024_Supplementary_Table_1.xlsx	Invertebrate.1.0!U35	Ahuja2024:NA7	Ahuja2024:NA7	data/sources/metadata_enrichment/sheet_metadata.tsv	341	
Ahuja2024:NA7	locality	Pacific Ocean	primary_sheet	data/sources/Ahuja2024_Supplementary_Table_1.xlsx	Invertebrate.1.0!J35	Ahuja2024:NA7	Ahuja2024:NA7	data/sources/metadata_enrichment/sheet_metadata.tsv	342	
Ahuja2024:NA7	longitude	-122.0727	primary_sheet	data/sources/Ahuja2024_Supplementary_Table_1.xlsx	Invertebrate.1.0!U35	Ahuja2024:NA7	Ahuja2024:NA7	data/sources/metadata_enrichment/sheet_metadata.tsv	343	
Ahuja2024:NA7	tissue	siphosome	primary_sheet	data/sources/Ahuja2024_Supplementary_Table_1.xlsx	Invertebrate.1.0!K35	Ahuja2024:NA7	Ahuja2024:NA7	data/sources/metadata_enrichment/sheet_metadata.tsv	344	
Ahuja2024:NA8	collection_date	2021-10-29	primary_sheet	data/sources/Ahuja2024_Supplementary_Table_1.xlsx	Invertebrate.1.0!I22	Ahuja2024:NA8	Ahuja2024:NA8;voucher:YPMIZ110226	data/sources/metadata_enrichment/sheet_metadata.tsv	345	
Ahuja2024:NA8	collection_depth_source	data/sources/Ahuja2024_Supplementary_Table_1.xlsx#Invertebrate.1.0!P22	primary_sheet	data/sources/Ahuja2024_Supplementary_Table_1.xlsx	Invertebrate.1.0!P22	Ahuja2024:NA8	Ahuja2024:NA8;voucher:YPMIZ110226; explicit_metre_unit	data/sources/metadata_enrichment/sheet_metadata.tsv	346	
Ahuja2024:NA8	collection_id	D1398-D1	primary_sheet	data/sources/Ahuja2024_Supplementary_Table_1.xlsx	Invertebrate.1.0!B22	Ahuja2024:NA8	Ahuja2024:NA8;voucher:YPMIZ110226	data/sources/metadata_enrichment/sheet_metadata.tsv	347	
Ahuja2024:NA8	depth_m	1299	primary_sheet	data/sources/Ahuja2024_Supplementary_Table_1.xlsx	Invertebrate.1.0!P22	Ahuja2024:NA8	Ahuja2024:NA8;voucher:YPMIZ110226; explicit_metre_unit	data/sources/metadata_enrichment/sheet_metadata.tsv	348	
Ahuja2024:NA8	depth_original	1299 meters	primary_sheet	data/sources/Ahuja2024_Supplementary_Table_1.xlsx	Invertebrate.1.0!P22	Ahuja2024:NA8	Ahuja2024:NA8;voucher:YPMIZ110226	data/sources/metadata_enrichment/sheet_metadata.tsv	349	
Ahuja2024:NA8	lat_long_raw	36.225 N 123.1424 W	primary_sheet	data/sources/Ahuja2024_Supplementary_Table_1.xlsx	Invertebrate.1.0!U22	Ahuja2024:NA8	Ahuja2024:NA8;voucher:YPMIZ110226	data/sources/metadata_enrichment/sheet_metadata.tsv	350	
Ahuja2024:NA8	latitude	36.225	primary_sheet	data/sources/Ahuja2024_Supplementary_Table_1.xlsx	Invertebrate.1.0!U22	Ahuja2024:NA8	Ahuja2024:NA8;voucher:YPMIZ110226	data/sources/metadata_enrichment/sheet_metadata.tsv	351	
Ahuja2024:NA8	locality	Pacific Ocean	primary_sheet	data/sources/Ahuja2024_Supplementary_Table_1.xlsx	Invertebrate.1.0!J22	Ahuja2024:NA8	Ahuja2024:NA8;voucher:YPMIZ110226	data/sources/metadata_enrichment/sheet_metadata.tsv	352	
Ahuja2024:NA8	longitude	-123.1424	primary_sheet	data/sources/Ahuja2024_Supplementary_Table_1.xlsx	Invertebrate.1.0!U22	Ahuja2024:NA8	Ahuja2024:NA8;voucher:YPMIZ110226	data/sources/metadata_enrichment/sheet_metadata.tsv	353	
Ahuja2024:NA8	specimen_voucher	YPM:IZ:110226	primary_sheet	data/sources/Ahuja2024_Supplementary_Table_1.xlsx	Invertebrate.1.0!W22	Ahuja2024:NA8	Ahuja2024:NA8;voucher:YPMIZ110226	data/sources/metadata_enrichment/sheet_metadata.tsv	354	
Ahuja2024:NA8	tissue	siphosome	primary_sheet	data/sources/Ahuja2024_Supplementary_Table_1.xlsx	Invertebrate.1.0!K22	Ahuja2024:NA8	Ahuja2024:NA8;voucher:YPMIZ110226	data/sources/metadata_enrichment/sheet_metadata.tsv	355	
Ahuja2024:NA9	collection_date	2010-10-12	primary_sheet	data/sources/Ahuja2024_Supplementary_Table_1.xlsx	Invertebrate.1.0!I30	Ahuja2024:NA9	Ahuja2024:NA9	data/sources/metadata_enrichment/sheet_metadata.tsv	356	
Ahuja2024:NA9	collection_depth_source	data/sources/Ahuja2024_Supplementary_Table_1.xlsx#Invertebrate.1.0!P30	primary_sheet	data/sources/Ahuja2024_Supplementary_Table_1.xlsx	Invertebrate.1.0!P30	Ahuja2024:NA9	Ahuja2024:NA9; explicit_metre_unit	data/sources/metadata_enrichment/sheet_metadata.tsv	357	
Ahuja2024:NA9	collection_id	D199-SS8	primary_sheet	data/sources/Ahuja2024_Supplementary_Table_1.xlsx	Invertebrate.1.0!B30	Ahuja2024:NA9	Ahuja2024:NA9	data/sources/metadata_enrichment/sheet_metadata.tsv	358	
Ahuja2024:NA9	depth_m	420	primary_sheet	data/sources/Ahuja2024_Supplementary_Table_1.xlsx	Invertebrate.1.0!P30	Ahuja2024:NA9	Ahuja2024:NA9; explicit_metre_unit	data/sources/metadata_enrichment/sheet_metadata.tsv	359	
Ahuja2024:NA9	depth_original	420 meters	primary_sheet	data/sources/Ahuja2024_Supplementary_Table_1.xlsx	Invertebrate.1.0!P30	Ahuja2024:NA9	Ahuja2024:NA9	data/sources/metadata_enrichment/sheet_metadata.tsv	360	
Ahuja2024:NA9	lat_long_raw	36.6996 N 122.0999 W	primary_sheet	data/sources/Ahuja2024_Supplementary_Table_1.xlsx	Invertebrate.1.0!U30	Ahuja2024:NA9	Ahuja2024:NA9	data/sources/metadata_enrichment/sheet_metadata.tsv	361	
Ahuja2024:NA9	latitude	36.6996	primary_sheet	data/sources/Ahuja2024_Supplementary_Table_1.xlsx	Invertebrate.1.0!U30	Ahuja2024:NA9	Ahuja2024:NA9	data/sources/metadata_enrichment/sheet_metadata.tsv	362	
Ahuja2024:NA9	locality	Pacific Ocean	primary_sheet	data/sources/Ahuja2024_Supplementary_Table_1.xlsx	Invertebrate.1.0!J30	Ahuja2024:NA9	Ahuja2024:NA9	data/sources/metadata_enrichment/sheet_metadata.tsv	363	
Ahuja2024:NA9	longitude	-122.0999	primary_sheet	data/sources/Ahuja2024_Supplementary_Table_1.xlsx	Invertebrate.1.0!U30	Ahuja2024:NA9	Ahuja2024:NA9	data/sources/metadata_enrichment/sheet_metadata.tsv	364	
Ahuja2024:NA9	tissue	siphosome	primary_sheet	data/sources/Ahuja2024_Supplementary_Table_1.xlsx	Invertebrate.1.0!K30	Ahuja2024:NA9	Ahuja2024:NA9	data/sources/metadata_enrichment/sheet_metadata.tsv	365	
Ahuja2026:NA19	collection_date	2013-02-11	primary_sheet	data/sources/Ahuja2024_Supplementary_Table_1.xlsx	Invertebrate.1.0!I36	Ahuja2024:NA19	Ahuja2024:NA19	data/sources/metadata_enrichment/sheet_metadata.tsv	366	
Ahuja2026:NA19	collection_date	2013-02-11	primary_sheet	data/sources/Ahuja2026_journal.pone.0351247.s008.xlsx	Sheet1!H23	Ahuja2026:NA19	Ahuja2026:NA19;voucher:YPMIZ111744;run:SRR23143273	data/sources/metadata_enrichment/sheet_metadata.tsv	367	
Ahuja2026:NA19	collection_depth_source	data/sources/Ahuja2024_Supplementary_Table_1.xlsx#Invertebrate.1.0!P36	primary_sheet	data/sources/Ahuja2024_Supplementary_Table_1.xlsx	Invertebrate.1.0!P36	Ahuja2024:NA19	Ahuja2024:NA19; explicit_metre_unit	data/sources/metadata_enrichment/sheet_metadata.tsv	368	
Ahuja2026:NA19	collection_depth_source	data/sources/Ahuja2026_journal.pone.0351247.s008.xlsx#Sheet1!I23	primary_sheet	data/sources/Ahuja2026_journal.pone.0351247.s008.xlsx	Sheet1!I23	Ahuja2026:NA19	Ahuja2026:NA19;voucher:YPMIZ111744;run:SRR23143273; metres_inferred_from_other_depth_cells_in_same_column	data/sources/metadata_enrichment/sheet_metadata.tsv	369	
Ahuja2026:NA19	collection_id	V3698-D2	primary_sheet	data/sources/Ahuja2024_Supplementary_Table_1.xlsx	Invertebrate.1.0!B36	Ahuja2024:NA19	Ahuja2024:NA19	data/sources/metadata_enrichment/sheet_metadata.tsv	370	
Ahuja2026:NA19	collection_id	V3698-D2	primary_sheet	data/sources/Ahuja2026_journal.pone.0351247.s008.xlsx	Sheet1!D23	Ahuja2026:NA19	Ahuja2026:NA19;voucher:YPMIZ111744;run:SRR23143273	data/sources/metadata_enrichment/sheet_metadata.tsv	371	
Ahuja2026:NA19	depth_m	297	primary_sheet	data/sources/Ahuja2024_Supplementary_Table_1.xlsx	Invertebrate.1.0!P36	Ahuja2024:NA19	Ahuja2024:NA19; explicit_metre_unit	data/sources/metadata_enrichment/sheet_metadata.tsv	372	
Ahuja2026:NA19	depth_m	296	primary_sheet	data/sources/Ahuja2026_journal.pone.0351247.s008.xlsx	Sheet1!I23	Ahuja2026:NA19	Ahuja2026:NA19;voucher:YPMIZ111744;run:SRR23143273; metres_inferred_from_other_depth_cells_in_same_column	data/sources/metadata_enrichment/sheet_metadata.tsv	373	
Ahuja2026:NA19	depth_original	297 meters	primary_sheet	data/sources/Ahuja2024_Supplementary_Table_1.xlsx	Invertebrate.1.0!P36	Ahuja2024:NA19	Ahuja2024:NA19	data/sources/metadata_enrichment/sheet_metadata.tsv	374	
Ahuja2026:NA19	depth_original	296	primary_sheet	data/sources/Ahuja2026_journal.pone.0351247.s008.xlsx	Sheet1!I23	Ahuja2026:NA19	Ahuja2026:NA19;voucher:YPMIZ111744;run:SRR23143273	data/sources/metadata_enrichment/sheet_metadata.tsv	375	
Ahuja2026:NA19	lat_long_raw	36.698983 N 122.050126 W	primary_sheet	data/sources/Ahuja2024_Supplementary_Table_1.xlsx	Invertebrate.1.0!U36	Ahuja2024:NA19	Ahuja2024:NA19	data/sources/metadata_enrichment/sheet_metadata.tsv	376	
Ahuja2026:NA19	lat_long_raw	36.698983, -122.050126	primary_sheet	data/sources/Ahuja2026_journal.pone.0351247.s008.xlsx	Sheet1!G23	Ahuja2026:NA19	Ahuja2026:NA19;voucher:YPMIZ111744;run:SRR23143273	data/sources/metadata_enrichment/sheet_metadata.tsv	377	
Ahuja2026:NA19	latitude	36.698983	primary_sheet	data/sources/Ahuja2024_Supplementary_Table_1.xlsx	Invertebrate.1.0!U36	Ahuja2024:NA19	Ahuja2024:NA19	data/sources/metadata_enrichment/sheet_metadata.tsv	378	
Ahuja2026:NA19	latitude	36.698983	primary_sheet	data/sources/Ahuja2026_journal.pone.0351247.s008.xlsx	Sheet1!G23	Ahuja2026:NA19	Ahuja2026:NA19;voucher:YPMIZ111744;run:SRR23143273	data/sources/metadata_enrichment/sheet_metadata.tsv	379	
Ahuja2026:NA19	locality	Pacific Ocean	primary_sheet	data/sources/Ahuja2024_Supplementary_Table_1.xlsx	Invertebrate.1.0!J36	Ahuja2024:NA19	Ahuja2024:NA19	data/sources/metadata_enrichment/sheet_metadata.tsv	380	
Ahuja2026:NA19	locality	California	primary_sheet	data/sources/Ahuja2026_journal.pone.0351247.s008.xlsx	Sheet1!F23	Ahuja2026:NA19	Ahuja2026:NA19;voucher:YPMIZ111744;run:SRR23143273	data/sources/metadata_enrichment/sheet_metadata.tsv	381	
Ahuja2026:NA19	longitude	-122.050126	primary_sheet	data/sources/Ahuja2024_Supplementary_Table_1.xlsx	Invertebrate.1.0!U36	Ahuja2024:NA19	Ahuja2024:NA19	data/sources/metadata_enrichment/sheet_metadata.tsv	382	
Ahuja2026:NA19	longitude	-122.050126	primary_sheet	data/sources/Ahuja2026_journal.pone.0351247.s008.xlsx	Sheet1!G23	Ahuja2026:NA19	Ahuja2026:NA19;voucher:YPMIZ111744;run:SRR23143273	data/sources/metadata_enrichment/sheet_metadata.tsv	383	
Ahuja2026:NA19	ocean_region	NE Pacific	primary_sheet	data/sources/Ahuja2026_journal.pone.0351247.s008.xlsx	Sheet1!E23	Ahuja2026:NA19	Ahuja2026:NA19;voucher:YPMIZ111744;run:SRR23143273	data/sources/metadata_enrichment/sheet_metadata.tsv	384	
Ahuja2026:NA19	specimen_voucher	YPM:IZ:111744	primary_sheet	data/sources/Ahuja2026_journal.pone.0351247.s008.xlsx	Sheet1!B23	Ahuja2026:NA19	Ahuja2026:NA19;voucher:YPMIZ111744;run:SRR23143273; review replace: Exact YPM institution, IZ collection and catalog number match the canonical specimen_id; normalize punctuation only, preserving the original source spelling.	data/sources/metadata_enrichment/sheet_metadata.tsv	385	YPM-IZ-111744
Ahuja2026:NA19	tissue	siphosome	primary_sheet	data/sources/Ahuja2024_Supplementary_Table_1.xlsx	Invertebrate.1.0!K36	Ahuja2024:NA19	Ahuja2024:NA19	data/sources/metadata_enrichment/sheet_metadata.tsv	386	
Ahuja2026:NA28	collection_date	2013-08-30	primary_sheet	data/sources/Ahuja2026_journal.pone.0351247.s008.xlsx	Sheet1!H13	Ahuja2026:NA28	Ahuja2026:NA28;voucher:YPMIZ110451;run:SRR33215983	data/sources/metadata_enrichment/sheet_metadata.tsv	387	
Ahuja2026:NA28	collection_depth_source	data/sources/Ahuja2026_journal.pone.0351247.s008.xlsx#Sheet1!I13	primary_sheet	data/sources/Ahuja2026_journal.pone.0351247.s008.xlsx	Sheet1!I13	Ahuja2026:NA28	Ahuja2026:NA28;voucher:YPMIZ110451;run:SRR33215983; explicit_metre_unit	data/sources/metadata_enrichment/sheet_metadata.tsv	388	
Ahuja2026:NA28	collection_id	RI2-5	primary_sheet	data/sources/Ahuja2026_journal.pone.0351247.s008.xlsx	Sheet1!D13	Ahuja2026:NA28	Ahuja2026:NA28;voucher:YPMIZ110451;run:SRR33215983	data/sources/metadata_enrichment/sheet_metadata.tsv	389	
Ahuja2026:NA28	depth_max_m	20	primary_sheet	data/sources/Ahuja2026_journal.pone.0351247.s008.xlsx	Sheet1!I13	Ahuja2026:NA28	Ahuja2026:NA28;voucher:YPMIZ110451;run:SRR33215983; explicit_metre_unit	data/sources/metadata_enrichment/sheet_metadata.tsv	390	
Ahuja2026:NA28	depth_min_m	0	primary_sheet	data/sources/Ahuja2026_journal.pone.0351247.s008.xlsx	Sheet1!I13	Ahuja2026:NA28	Ahuja2026:NA28;voucher:YPMIZ110451;run:SRR33215983; explicit_metre_unit	data/sources/metadata_enrichment/sheet_metadata.tsv	391	
Ahuja2026:NA28	depth_original	0-20 m	primary_sheet	data/sources/Ahuja2026_journal.pone.0351247.s008.xlsx	Sheet1!I13	Ahuja2026:NA28	Ahuja2026:NA28;voucher:YPMIZ110451;run:SRR33215983	data/sources/metadata_enrichment/sheet_metadata.tsv	392	
Ahuja2026:NA28	lat_long_raw	41.036, -71.399	primary_sheet	data/sources/Ahuja2026_journal.pone.0351247.s008.xlsx	Sheet1!G13	Ahuja2026:NA28	Ahuja2026:NA28;voucher:YPMIZ110451;run:SRR33215983	data/sources/metadata_enrichment/sheet_metadata.tsv	393	
Ahuja2026:NA28	latitude	41.036	primary_sheet	data/sources/Ahuja2026_journal.pone.0351247.s008.xlsx	Sheet1!G13	Ahuja2026:NA28	Ahuja2026:NA28;voucher:YPMIZ110451;run:SRR33215983	data/sources/metadata_enrichment/sheet_metadata.tsv	394	
Ahuja2026:NA28	locality	Rhode Island	primary_sheet	data/sources/Ahuja2026_journal.pone.0351247.s008.xlsx	Sheet1!F13	Ahuja2026:NA28	Ahuja2026:NA28;voucher:YPMIZ110451;run:SRR33215983	data/sources/metadata_enrichment/sheet_metadata.tsv	395	
Ahuja2026:NA28	longitude	-71.399	primary_sheet	data/sources/Ahuja2026_journal.pone.0351247.s008.xlsx	Sheet1!G13	Ahuja2026:NA28	Ahuja2026:NA28;voucher:YPMIZ110451;run:SRR33215983	data/sources/metadata_enrichment/sheet_metadata.tsv	396	
Ahuja2026:NA28	ocean_region	NW Atlantic	primary_sheet	data/sources/Ahuja2026_journal.pone.0351247.s008.xlsx	Sheet1!E13	Ahuja2026:NA28	Ahuja2026:NA28;voucher:YPMIZ110451;run:SRR33215983	data/sources/metadata_enrichment/sheet_metadata.tsv	397	
Ahuja2026:NA28	specimen_voucher	YPM:IZ:110451	primary_sheet	data/sources/Ahuja2026_journal.pone.0351247.s008.xlsx	Sheet1!B13	Ahuja2026:NA28	Ahuja2026:NA28;voucher:YPMIZ110451;run:SRR33215983; review replace: Exact YPM institution, IZ collection and catalog number match the canonical specimen_id; normalize punctuation only, preserving the original source spelling.	data/sources/metadata_enrichment/sheet_metadata.tsv	398	YPM-IZ-110451
Ahuja2026:NA29	collection_date	2017-03-16	primary_sheet	data/sources/Ahuja2026_journal.pone.0351247.s008.xlsx	Sheet1!H12	Ahuja2026:NA29	Ahuja2026:NA29;voucher:YPMIZ111733;run:SRR33215966	data/sources/metadata_enrichment/sheet_metadata.tsv	399	
Ahuja2026:NA29	collection_depth_source	data/sources/Ahuja2026_journal.pone.0351247.s008.xlsx#Sheet1!I12	primary_sheet	data/sources/Ahuja2026_journal.pone.0351247.s008.xlsx	Sheet1!I12	Ahuja2026:NA29	Ahuja2026:NA29;voucher:YPMIZ111733;run:SRR33215966; explicit_metre_unit	data/sources/metadata_enrichment/sheet_metadata.tsv	400	
Ahuja2026:NA29	collection_id	KOK BW4-2	primary_sheet	data/sources/Ahuja2026_journal.pone.0351247.s008.xlsx	Sheet1!D12	Ahuja2026:NA29	Ahuja2026:NA29;voucher:YPMIZ111733;run:SRR33215966	data/sources/metadata_enrichment/sheet_metadata.tsv	401	
Ahuja2026:NA29	depth_max_m	20	primary_sheet	data/sources/Ahuja2026_journal.pone.0351247.s008.xlsx	Sheet1!I12	Ahuja2026:NA29	Ahuja2026:NA29;voucher:YPMIZ111733;run:SRR33215966; explicit_metre_unit	data/sources/metadata_enrichment/sheet_metadata.tsv	402	
Ahuja2026:NA29	depth_min_m	0	primary_sheet	data/sources/Ahuja2026_journal.pone.0351247.s008.xlsx	Sheet1!I12	Ahuja2026:NA29	Ahuja2026:NA29;voucher:YPMIZ111733;run:SRR33215966; explicit_metre_unit	data/sources/metadata_enrichment/sheet_metadata.tsv	403	
Ahuja2026:NA29	depth_original	0-20 m	primary_sheet	data/sources/Ahuja2026_journal.pone.0351247.s008.xlsx	Sheet1!I12	Ahuja2026:NA29	Ahuja2026:NA29;voucher:YPMIZ111733;run:SRR33215966	data/sources/metadata_enrichment/sheet_metadata.tsv	404	
Ahuja2026:NA29	lat_long_raw	19.344170, -156.075853	primary_sheet	data/sources/Ahuja2026_journal.pone.0351247.s008.xlsx	Sheet1!G12	Ahuja2026:NA29	Ahuja2026:NA29;voucher:YPMIZ111733;run:SRR33215966	data/sources/metadata_enrichment/sheet_metadata.tsv	405	
Ahuja2026:NA29	latitude	19.34417	primary_sheet	data/sources/Ahuja2026_journal.pone.0351247.s008.xlsx	Sheet1!G12	Ahuja2026:NA29	Ahuja2026:NA29;voucher:YPMIZ111733;run:SRR33215966	data/sources/metadata_enrichment/sheet_metadata.tsv	406	
Ahuja2026:NA29	locality	Hawai'i	primary_sheet	data/sources/Ahuja2026_journal.pone.0351247.s008.xlsx	Sheet1!F12	Ahuja2026:NA29	Ahuja2026:NA29;voucher:YPMIZ111733;run:SRR33215966	data/sources/metadata_enrichment/sheet_metadata.tsv	407	
Ahuja2026:NA29	longitude	-156.075853	primary_sheet	data/sources/Ahuja2026_journal.pone.0351247.s008.xlsx	Sheet1!G12	Ahuja2026:NA29	Ahuja2026:NA29;voucher:YPMIZ111733;run:SRR33215966	data/sources/metadata_enrichment/sheet_metadata.tsv	408	
Ahuja2026:NA29	ocean_region	N Pacific	primary_sheet	data/sources/Ahuja2026_journal.pone.0351247.s008.xlsx	Sheet1!E12	Ahuja2026:NA29	Ahuja2026:NA29;voucher:YPMIZ111733;run:SRR33215966	data/sources/metadata_enrichment/sheet_metadata.tsv	409	
Ahuja2026:NA29	specimen_voucher	YPM:IZ:111733	primary_sheet	data/sources/Ahuja2026_journal.pone.0351247.s008.xlsx	Sheet1!B12	Ahuja2026:NA29	Ahuja2026:NA29;voucher:YPMIZ111733;run:SRR33215966; review replace: Exact YPM institution, IZ collection and catalog number match the canonical specimen_id; normalize punctuation only, preserving the original source spelling.	data/sources/metadata_enrichment/sheet_metadata.tsv	410	YPM-IZ-111733
Ahuja2026:NA30	collection_date	2011-04-01	primary_sheet	data/sources/Ahuja2026_journal.pone.0351247.s008.xlsx	Sheet1!H17	Ahuja2026:NA30	Ahuja2026:NA30;voucher:YPMIZ111732;run:SRR33215979	data/sources/metadata_enrichment/sheet_metadata.tsv	411	
Ahuja2026:NA30	collection_depth_source	data/sources/Ahuja2026_journal.pone.0351247.s008.xlsx#Sheet1!I17	primary_sheet	data/sources/Ahuja2026_journal.pone.0351247.s008.xlsx	Sheet1!I17	Ahuja2026:NA30	Ahuja2026:NA30;voucher:YPMIZ111732;run:SRR33215979; explicit_metre_unit	data/sources/metadata_enrichment/sheet_metadata.tsv	412	
Ahuja2026:NA30	collection_id	V13	primary_sheet	data/sources/Ahuja2026_journal.pone.0351247.s008.xlsx	Sheet1!D17	Ahuja2026:NA30	Ahuja2026:NA30;voucher:YPMIZ111732;run:SRR33215979	data/sources/metadata_enrichment/sheet_metadata.tsv	413	
Ahuja2026:NA30	depth_max_m	20	primary_sheet	data/sources/Ahuja2026_journal.pone.0351247.s008.xlsx	Sheet1!I17	Ahuja2026:NA30	Ahuja2026:NA30;voucher:YPMIZ111732;run:SRR33215979; explicit_metre_unit	data/sources/metadata_enrichment/sheet_metadata.tsv	414	
Ahuja2026:NA30	depth_min_m	0	primary_sheet	data/sources/Ahuja2026_journal.pone.0351247.s008.xlsx	Sheet1!I17	Ahuja2026:NA30	Ahuja2026:NA30;voucher:YPMIZ111732;run:SRR33215979; explicit_metre_unit	data/sources/metadata_enrichment/sheet_metadata.tsv	415	
Ahuja2026:NA30	depth_original	0-20 m	primary_sheet	data/sources/Ahuja2026_journal.pone.0351247.s008.xlsx	Sheet1!I17	Ahuja2026:NA30	Ahuja2026:NA30;voucher:YPMIZ111732;run:SRR33215979	data/sources/metadata_enrichment/sheet_metadata.tsv	416	
Ahuja2026:NA30	lat_long_raw	43.690000, 7.310000	primary_sheet	data/sources/Ahuja2026_journal.pone.0351247.s008.xlsx	Sheet1!G17	Ahuja2026:NA30	Ahuja2026:NA30;voucher:YPMIZ111732;run:SRR33215979	data/sources/metadata_enrichment/sheet_metadata.tsv	417	
Ahuja2026:NA30	latitude	43.69	primary_sheet	data/sources/Ahuja2026_journal.pone.0351247.s008.xlsx	Sheet1!G17	Ahuja2026:NA30	Ahuja2026:NA30;voucher:YPMIZ111732;run:SRR33215979	data/sources/metadata_enrichment/sheet_metadata.tsv	418	
Ahuja2026:NA30	locality	France	primary_sheet	data/sources/Ahuja2026_journal.pone.0351247.s008.xlsx	Sheet1!F17	Ahuja2026:NA30	Ahuja2026:NA30;voucher:YPMIZ111732;run:SRR33215979	data/sources/metadata_enrichment/sheet_metadata.tsv	419	
Ahuja2026:NA30	longitude	7.31	primary_sheet	data/sources/Ahuja2026_journal.pone.0351247.s008.xlsx	Sheet1!G17	Ahuja2026:NA30	Ahuja2026:NA30;voucher:YPMIZ111732;run:SRR33215979	data/sources/metadata_enrichment/sheet_metadata.tsv	420	
Ahuja2026:NA30	ocean_region	Mediterranean	primary_sheet	data/sources/Ahuja2026_journal.pone.0351247.s008.xlsx	Sheet1!E17	Ahuja2026:NA30	Ahuja2026:NA30;voucher:YPMIZ111732;run:SRR33215979	data/sources/metadata_enrichment/sheet_metadata.tsv	421	
Ahuja2026:NA30	specimen_voucher	YPM:IZ:111732	primary_sheet	data/sources/Ahuja2026_journal.pone.0351247.s008.xlsx	Sheet1!B17	Ahuja2026:NA30	Ahuja2026:NA30;voucher:YPMIZ111732;run:SRR33215979; review replace: Exact YPM institution, IZ collection and catalog number match the canonical specimen_id; normalize punctuation only, preserving the original source spelling.	data/sources/metadata_enrichment/sheet_metadata.tsv	422	YPM-IZ-111732
Ahuja2026:NA31	collection_date	2010-06-18	primary_sheet	data/sources/Ahuja2026_journal.pone.0351247.s008.xlsx	Sheet1!H9	Ahuja2026:NA31	Ahuja2026:NA31;voucher:YPMIZ111742;run:SRR33215969	data/sources/metadata_enrichment/sheet_metadata.tsv	423	
Ahuja2026:NA31	collection_depth_source	data/sources/Ahuja2026_journal.pone.0351247.s008.xlsx#Sheet1!I9	primary_sheet	data/sources/Ahuja2026_journal.pone.0351247.s008.xlsx	Sheet1!I9	Ahuja2026:NA31	Ahuja2026:NA31;voucher:YPMIZ111742;run:SRR33215969; explicit_metre_unit	data/sources/metadata_enrichment/sheet_metadata.tsv	424	
Ahuja2026:NA31	collection_id	GOCBW2 nanomia	primary_sheet	data/sources/Ahuja2026_journal.pone.0351247.s008.xlsx	Sheet1!D9	Ahuja2026:NA31	Ahuja2026:NA31;voucher:YPMIZ111742;run:SRR33215969	data/sources/metadata_enrichment/sheet_metadata.tsv	425	
Ahuja2026:NA31	depth_max_m	20	primary_sheet	data/sources/Ahuja2026_journal.pone.0351247.s008.xlsx	Sheet1!I9	Ahuja2026:NA31	Ahuja2026:NA31;voucher:YPMIZ111742;run:SRR33215969; explicit_metre_unit	data/sources/metadata_enrichment/sheet_metadata.tsv	426	
Ahuja2026:NA31	depth_min_m	0	primary_sheet	data/sources/Ahuja2026_journal.pone.0351247.s008.xlsx	Sheet1!I9	Ahuja2026:NA31	Ahuja2026:NA31;voucher:YPMIZ111742;run:SRR33215969; explicit_metre_unit	data/sources/metadata_enrichment/sheet_metadata.tsv	427	
Ahuja2026:NA31	depth_original	0-20 m	primary_sheet	data/sources/Ahuja2026_journal.pone.0351247.s008.xlsx	Sheet1!I9	Ahuja2026:NA31	Ahuja2026:NA31;voucher:YPMIZ111742;run:SRR33215969	data/sources/metadata_enrichment/sheet_metadata.tsv	428	
Ahuja2026:NA31	lat_long_raw	27.591667, -111.516667	primary_sheet	data/sources/Ahuja2026_journal.pone.0351247.s008.xlsx	Sheet1!G9	Ahuja2026:NA31	Ahuja2026:NA31;voucher:YPMIZ111742;run:SRR33215969	data/sources/metadata_enrichment/sheet_metadata.tsv	429	
Ahuja2026:NA31	latitude	27.591667	primary_sheet	data/sources/Ahuja2026_journal.pone.0351247.s008.xlsx	Sheet1!G9	Ahuja2026:NA31	Ahuja2026:NA31;voucher:YPMIZ111742;run:SRR33215969	data/sources/metadata_enrichment/sheet_metadata.tsv	430	
Ahuja2026:NA31	locality	Gulf of California	primary_sheet	data/sources/Ahuja2026_journal.pone.0351247.s008.xlsx	Sheet1!F9	Ahuja2026:NA31	Ahuja2026:NA31;voucher:YPMIZ111742;run:SRR33215969	data/sources/metadata_enrichment/sheet_metadata.tsv	431	
Ahuja2026:NA31	longitude	-111.516667	primary_sheet	data/sources/Ahuja2026_journal.pone.0351247.s008.xlsx	Sheet1!G9	Ahuja2026:NA31	Ahuja2026:NA31;voucher:YPMIZ111742;run:SRR33215969	data/sources/metadata_enrichment/sheet_metadata.tsv	432	
Ahuja2026:NA31	ocean_region	Gulf of California	primary_sheet	data/sources/Ahuja2026_journal.pone.0351247.s008.xlsx	Sheet1!E9	Ahuja2026:NA31	Ahuja2026:NA31;voucher:YPMIZ111742;run:SRR33215969	data/sources/metadata_enrichment/sheet_metadata.tsv	433	
Ahuja2026:NA31	specimen_voucher	YPM:IZ:111742	primary_sheet	data/sources/Ahuja2026_journal.pone.0351247.s008.xlsx	Sheet1!B9	Ahuja2026:NA31	Ahuja2026:NA31;voucher:YPMIZ111742;run:SRR33215969; review replace: Exact YPM institution, IZ collection and catalog number match the canonical specimen_id; normalize punctuation only, preserving the original source spelling.	data/sources/metadata_enrichment/sheet_metadata.tsv	434	YPM-IZ-111742
Ahuja2026:NA32	collection_date	2015-03-13	primary_sheet	data/sources/Ahuja2026_journal.pone.0351247.s008.xlsx	Sheet1!H10	Ahuja2026:NA32	Ahuja2026:NA32;voucher:YPMIZ111740;run:SRR33215968	data/sources/metadata_enrichment/sheet_metadata.tsv	435	
Ahuja2026:NA32	collection_depth_source	data/sources/Ahuja2026_journal.pone.0351247.s008.xlsx#Sheet1!I10	primary_sheet	data/sources/Ahuja2026_journal.pone.0351247.s008.xlsx	Sheet1!I10	Ahuja2026:NA32	Ahuja2026:NA32;voucher:YPMIZ111740;run:SRR33215968; explicit_metre_unit	data/sources/metadata_enrichment/sheet_metadata.tsv	436	
Ahuja2026:NA32	collection_id	GoC2015 BW6 nanomia	primary_sheet	data/sources/Ahuja2026_journal.pone.0351247.s008.xlsx	Sheet1!D10	Ahuja2026:NA32	Ahuja2026:NA32;voucher:YPMIZ111740;run:SRR33215968	data/sources/metadata_enrichment/sheet_metadata.tsv	437	
Ahuja2026:NA32	depth_max_m	20	primary_sheet	data/sources/Ahuja2026_journal.pone.0351247.s008.xlsx	Sheet1!I10	Ahuja2026:NA32	Ahuja2026:NA32;voucher:YPMIZ111740;run:SRR33215968; explicit_metre_unit	data/sources/metadata_enrichment/sheet_metadata.tsv	438	
Ahuja2026:NA32	depth_min_m	0	primary_sheet	data/sources/Ahuja2026_journal.pone.0351247.s008.xlsx	Sheet1!I10	Ahuja2026:NA32	Ahuja2026:NA32;voucher:YPMIZ111740;run:SRR33215968; explicit_metre_unit	data/sources/metadata_enrichment/sheet_metadata.tsv	439	
Ahuja2026:NA32	depth_original	0-20 m	primary_sheet	data/sources/Ahuja2026_journal.pone.0351247.s008.xlsx	Sheet1!I10	Ahuja2026:NA32	Ahuja2026:NA32;voucher:YPMIZ111740;run:SRR33215968	data/sources/metadata_enrichment/sheet_metadata.tsv	440	
Ahuja2026:NA32	lat_long_raw	22.916667, -108.116667	primary_sheet	data/sources/Ahuja2026_journal.pone.0351247.s008.xlsx	Sheet1!G10	Ahuja2026:NA32	Ahuja2026:NA32;voucher:YPMIZ111740;run:SRR33215968	data/sources/metadata_enrichment/sheet_metadata.tsv	441	
Ahuja2026:NA32	latitude	22.916667	primary_sheet	data/sources/Ahuja2026_journal.pone.0351247.s008.xlsx	Sheet1!G10	Ahuja2026:NA32	Ahuja2026:NA32;voucher:YPMIZ111740;run:SRR33215968	data/sources/metadata_enrichment/sheet_metadata.tsv	442	
Ahuja2026:NA32	locality	Gulf of California	primary_sheet	data/sources/Ahuja2026_journal.pone.0351247.s008.xlsx	Sheet1!F10	Ahuja2026:NA32	Ahuja2026:NA32;voucher:YPMIZ111740;run:SRR33215968	data/sources/metadata_enrichment/sheet_metadata.tsv	443	
Ahuja2026:NA32	longitude	-108.116667	primary_sheet	data/sources/Ahuja2026_journal.pone.0351247.s008.xlsx	Sheet1!G10	Ahuja2026:NA32	Ahuja2026:NA32;voucher:YPMIZ111740;run:SRR33215968	data/sources/metadata_enrichment/sheet_metadata.tsv	444	
Ahuja2026:NA32	ocean_region	Gulf of California	primary_sheet	data/sources/Ahuja2026_journal.pone.0351247.s008.xlsx	Sheet1!E10	Ahuja2026:NA32	Ahuja2026:NA32;voucher:YPMIZ111740;run:SRR33215968	data/sources/metadata_enrichment/sheet_metadata.tsv	445	
Ahuja2026:NA32	specimen_voucher	YPM:IZ:111740	primary_sheet	data/sources/Ahuja2026_journal.pone.0351247.s008.xlsx	Sheet1!B10	Ahuja2026:NA32	Ahuja2026:NA32;voucher:YPMIZ111740;run:SRR33215968; review replace: Exact YPM institution, IZ collection and catalog number match the canonical specimen_id; normalize punctuation only, preserving the original source spelling.	data/sources/metadata_enrichment/sheet_metadata.tsv	446	YPM-IZ-111740
Ahuja2026:NA33	collection_date	2015-03-15	primary_sheet	data/sources/Ahuja2026_journal.pone.0351247.s008.xlsx	Sheet1!H11	Ahuja2026:NA33	Ahuja2026:NA33;voucher:YPMIZ111741;run:SRR33215967	data/sources/metadata_enrichment/sheet_metadata.tsv	447	
Ahuja2026:NA33	collection_depth_source	data/sources/Ahuja2026_journal.pone.0351247.s008.xlsx#Sheet1!I11	primary_sheet	data/sources/Ahuja2026_journal.pone.0351247.s008.xlsx	Sheet1!I11	Ahuja2026:NA33	Ahuja2026:NA33;voucher:YPMIZ111741;run:SRR33215967; explicit_metre_unit	data/sources/metadata_enrichment/sheet_metadata.tsv	448	
Ahuja2026:NA33	collection_id	GoCBW8 nanomia	primary_sheet	data/sources/Ahuja2026_journal.pone.0351247.s008.xlsx	Sheet1!D11	Ahuja2026:NA33	Ahuja2026:NA33;voucher:YPMIZ111741;run:SRR33215967	data/sources/metadata_enrichment/sheet_metadata.tsv	449	
Ahuja2026:NA33	depth_max_m	20	primary_sheet	data/sources/Ahuja2026_journal.pone.0351247.s008.xlsx	Sheet1!I11	Ahuja2026:NA33	Ahuja2026:NA33;voucher:YPMIZ111741;run:SRR33215967; explicit_metre_unit	data/sources/metadata_enrichment/sheet_metadata.tsv	450	
Ahuja2026:NA33	depth_min_m	0	primary_sheet	data/sources/Ahuja2026_journal.pone.0351247.s008.xlsx	Sheet1!I11	Ahuja2026:NA33	Ahuja2026:NA33;voucher:YPMIZ111741;run:SRR33215967; explicit_metre_unit	data/sources/metadata_enrichment/sheet_metadata.tsv	451	
Ahuja2026:NA33	depth_original	0-20 m	primary_sheet	data/sources/Ahuja2026_journal.pone.0351247.s008.xlsx	Sheet1!I11	Ahuja2026:NA33	Ahuja2026:NA33;voucher:YPMIZ111741;run:SRR33215967	data/sources/metadata_enrichment/sheet_metadata.tsv	452	
Ahuja2026:NA33	lat_long_raw	24.183333, -108.633333	primary_sheet	data/sources/Ahuja2026_journal.pone.0351247.s008.xlsx	Sheet1!G11	Ahuja2026:NA33	Ahuja2026:NA33;voucher:YPMIZ111741;run:SRR33215967	data/sources/metadata_enrichment/sheet_metadata.tsv	453	
Ahuja2026:NA33	latitude	24.183333	primary_sheet	data/sources/Ahuja2026_journal.pone.0351247.s008.xlsx	Sheet1!G11	Ahuja2026:NA33	Ahuja2026:NA33;voucher:YPMIZ111741;run:SRR33215967	data/sources/metadata_enrichment/sheet_metadata.tsv	454	
Ahuja2026:NA33	locality	Gulf of California	primary_sheet	data/sources/Ahuja2026_journal.pone.0351247.s008.xlsx	Sheet1!F11	Ahuja2026:NA33	Ahuja2026:NA33;voucher:YPMIZ111741;run:SRR33215967	data/sources/metadata_enrichment/sheet_metadata.tsv	455	
Ahuja2026:NA33	longitude	-108.633333	primary_sheet	data/sources/Ahuja2026_journal.pone.0351247.s008.xlsx	Sheet1!G11	Ahuja2026:NA33	Ahuja2026:NA33;voucher:YPMIZ111741;run:SRR33215967	data/sources/metadata_enrichment/sheet_metadata.tsv	456	
Ahuja2026:NA33	ocean_region	Gulf of California	primary_sheet	data/sources/Ahuja2026_journal.pone.0351247.s008.xlsx	Sheet1!E11	Ahuja2026:NA33	Ahuja2026:NA33;voucher:YPMIZ111741;run:SRR33215967	data/sources/metadata_enrichment/sheet_metadata.tsv	457	
Ahuja2026:NA33	specimen_voucher	YPM:IZ:111741	primary_sheet	data/sources/Ahuja2026_journal.pone.0351247.s008.xlsx	Sheet1!B11	Ahuja2026:NA33	Ahuja2026:NA33;voucher:YPMIZ111741;run:SRR33215967; review replace: Exact YPM institution, IZ collection and catalog number match the canonical specimen_id; normalize punctuation only, preserving the original source spelling.	data/sources/metadata_enrichment/sheet_metadata.tsv	458	YPM-IZ-111741
Ahuja2026:NA34	collection_date	2024-06-16	primary_sheet	data/sources/Ahuja2026_journal.pone.0351247.s008.xlsx	Sheet1!H18	Ahuja2026:NA34	Ahuja2026:NA34;voucher:YPMIZ111164;run:SRR33215978	data/sources/metadata_enrichment/sheet_metadata.tsv	459	
Ahuja2026:NA34	collection_depth_source	data/sources/Ahuja2026_journal.pone.0351247.s008.xlsx#Sheet1!I18	primary_sheet	data/sources/Ahuja2026_journal.pone.0351247.s008.xlsx	Sheet1!I18	Ahuja2026:NA34	Ahuja2026:NA34;voucher:YPMIZ111164;run:SRR33215978; explicit_metre_unit	data/sources/metadata_enrichment/sheet_metadata.tsv	460	
Ahuja2026:NA34	collection_id	Nanomia-FHL-A	primary_sheet	data/sources/Ahuja2026_journal.pone.0351247.s008.xlsx	Sheet1!D18	Ahuja2026:NA34	Ahuja2026:NA34;voucher:YPMIZ111164;run:SRR33215978	data/sources/metadata_enrichment/sheet_metadata.tsv	461	
Ahuja2026:NA34	depth_max_m	20	primary_sheet	data/sources/Ahuja2026_journal.pone.0351247.s008.xlsx	Sheet1!I18	Ahuja2026:NA34	Ahuja2026:NA34;voucher:YPMIZ111164;run:SRR33215978; explicit_metre_unit	data/sources/metadata_enrichment/sheet_metadata.tsv	462	
Ahuja2026:NA34	depth_min_m	0	primary_sheet	data/sources/Ahuja2026_journal.pone.0351247.s008.xlsx	Sheet1!I18	Ahuja2026:NA34	Ahuja2026:NA34;voucher:YPMIZ111164;run:SRR33215978; explicit_metre_unit	data/sources/metadata_enrichment/sheet_metadata.tsv	463	
Ahuja2026:NA34	depth_original	0-20 m	primary_sheet	data/sources/Ahuja2026_journal.pone.0351247.s008.xlsx	Sheet1!I18	Ahuja2026:NA34	Ahuja2026:NA34;voucher:YPMIZ111164;run:SRR33215978	data/sources/metadata_enrichment/sheet_metadata.tsv	464	
Ahuja2026:NA34	lat_long_raw	48.54505, -123.012141	primary_sheet	data/sources/Ahuja2026_journal.pone.0351247.s008.xlsx	Sheet1!G18	Ahuja2026:NA34	Ahuja2026:NA34;voucher:YPMIZ111164;run:SRR33215978	data/sources/metadata_enrichment/sheet_metadata.tsv	465	
Ahuja2026:NA34	latitude	48.54505	primary_sheet	data/sources/Ahuja2026_journal.pone.0351247.s008.xlsx	Sheet1!G18	Ahuja2026:NA34	Ahuja2026:NA34;voucher:YPMIZ111164;run:SRR33215978	data/sources/metadata_enrichment/sheet_metadata.tsv	466	
Ahuja2026:NA34	locality	Washington	primary_sheet	data/sources/Ahuja2026_journal.pone.0351247.s008.xlsx	Sheet1!F18	Ahuja2026:NA34	Ahuja2026:NA34;voucher:YPMIZ111164;run:SRR33215978	data/sources/metadata_enrichment/sheet_metadata.tsv	467	
Ahuja2026:NA34	longitude	-123.012141	primary_sheet	data/sources/Ahuja2026_journal.pone.0351247.s008.xlsx	Sheet1!G18	Ahuja2026:NA34	Ahuja2026:NA34;voucher:YPMIZ111164;run:SRR33215978	data/sources/metadata_enrichment/sheet_metadata.tsv	468	
Ahuja2026:NA34	ocean_region	NE Pacific	primary_sheet	data/sources/Ahuja2026_journal.pone.0351247.s008.xlsx	Sheet1!E18	Ahuja2026:NA34	Ahuja2026:NA34;voucher:YPMIZ111164;run:SRR33215978	data/sources/metadata_enrichment/sheet_metadata.tsv	469	
Ahuja2026:NA34	specimen_voucher	YPM:IZ:111164	primary_sheet	data/sources/Ahuja2026_journal.pone.0351247.s008.xlsx	Sheet1!B18	Ahuja2026:NA34	Ahuja2026:NA34;voucher:YPMIZ111164;run:SRR33215978; review replace: Exact YPM institution, IZ collection and catalog number match the canonical specimen_id; normalize punctuation only, preserving the original source spelling.	data/sources/metadata_enrichment/sheet_metadata.tsv	470	YPM-IZ-111164
Ahuja2026:NA35	collection_date	2024-06-16	primary_sheet	data/sources/Ahuja2026_journal.pone.0351247.s008.xlsx	Sheet1!H19	Ahuja2026:NA35	Ahuja2026:NA35;voucher:YPMIZ111165;run:SRR33215977	data/sources/metadata_enrichment/sheet_metadata.tsv	471	
Ahuja2026:NA35	collection_depth_source	data/sources/Ahuja2026_journal.pone.0351247.s008.xlsx#Sheet1!I19	primary_sheet	data/sources/Ahuja2026_journal.pone.0351247.s008.xlsx	Sheet1!I19	Ahuja2026:NA35	Ahuja2026:NA35;voucher:YPMIZ111165;run:SRR33215977; explicit_metre_unit	data/sources/metadata_enrichment/sheet_metadata.tsv	472	
Ahuja2026:NA35	collection_id	Nanomia-FHL-B	primary_sheet	data/sources/Ahuja2026_journal.pone.0351247.s008.xlsx	Sheet1!D19	Ahuja2026:NA35	Ahuja2026:NA35;voucher:YPMIZ111165;run:SRR33215977	data/sources/metadata_enrichment/sheet_metadata.tsv	473	
Ahuja2026:NA35	depth_max_m	20	primary_sheet	data/sources/Ahuja2026_journal.pone.0351247.s008.xlsx	Sheet1!I19	Ahuja2026:NA35	Ahuja2026:NA35;voucher:YPMIZ111165;run:SRR33215977; explicit_metre_unit	data/sources/metadata_enrichment/sheet_metadata.tsv	474	
Ahuja2026:NA35	depth_min_m	0	primary_sheet	data/sources/Ahuja2026_journal.pone.0351247.s008.xlsx	Sheet1!I19	Ahuja2026:NA35	Ahuja2026:NA35;voucher:YPMIZ111165;run:SRR33215977; explicit_metre_unit	data/sources/metadata_enrichment/sheet_metadata.tsv	475	
Ahuja2026:NA35	depth_original	0-20 m	primary_sheet	data/sources/Ahuja2026_journal.pone.0351247.s008.xlsx	Sheet1!I19	Ahuja2026:NA35	Ahuja2026:NA35;voucher:YPMIZ111165;run:SRR33215977	data/sources/metadata_enrichment/sheet_metadata.tsv	476	
Ahuja2026:NA35	lat_long_raw	48.54505, -123.012141	primary_sheet	data/sources/Ahuja2026_journal.pone.0351247.s008.xlsx	Sheet1!G19	Ahuja2026:NA35	Ahuja2026:NA35;voucher:YPMIZ111165;run:SRR33215977	data/sources/metadata_enrichment/sheet_metadata.tsv	477	
Ahuja2026:NA35	latitude	48.54505	primary_sheet	data/sources/Ahuja2026_journal.pone.0351247.s008.xlsx	Sheet1!G19	Ahuja2026:NA35	Ahuja2026:NA35;voucher:YPMIZ111165;run:SRR33215977	data/sources/metadata_enrichment/sheet_metadata.tsv	478	
Ahuja2026:NA35	locality	Washington	primary_sheet	data/sources/Ahuja2026_journal.pone.0351247.s008.xlsx	Sheet1!F19	Ahuja2026:NA35	Ahuja2026:NA35;voucher:YPMIZ111165;run:SRR33215977	data/sources/metadata_enrichment/sheet_metadata.tsv	479	
Ahuja2026:NA35	longitude	-123.012141	primary_sheet	data/sources/Ahuja2026_journal.pone.0351247.s008.xlsx	Sheet1!G19	Ahuja2026:NA35	Ahuja2026:NA35;voucher:YPMIZ111165;run:SRR33215977	data/sources/metadata_enrichment/sheet_metadata.tsv	480	
Ahuja2026:NA35	ocean_region	NE Pacific	primary_sheet	data/sources/Ahuja2026_journal.pone.0351247.s008.xlsx	Sheet1!E19	Ahuja2026:NA35	Ahuja2026:NA35;voucher:YPMIZ111165;run:SRR33215977	data/sources/metadata_enrichment/sheet_metadata.tsv	481	
Ahuja2026:NA35	specimen_voucher	YPM:IZ:111165	primary_sheet	data/sources/Ahuja2026_journal.pone.0351247.s008.xlsx	Sheet1!B19	Ahuja2026:NA35	Ahuja2026:NA35;voucher:YPMIZ111165;run:SRR33215977; review replace: Exact YPM institution, IZ collection and catalog number match the canonical specimen_id; normalize punctuation only, preserving the original source spelling.	data/sources/metadata_enrichment/sheet_metadata.tsv	482	YPM-IZ-111165
Ahuja2026:NA36	collection_date	2024-06-16	primary_sheet	data/sources/Ahuja2026_journal.pone.0351247.s008.xlsx	Sheet1!H20	Ahuja2026:NA36	Ahuja2026:NA36;voucher:YPMIZ111166;run:SRR33215976	data/sources/metadata_enrichment/sheet_metadata.tsv	483	
Ahuja2026:NA36	collection_depth_source	data/sources/Ahuja2026_journal.pone.0351247.s008.xlsx#Sheet1!I20	primary_sheet	data/sources/Ahuja2026_journal.pone.0351247.s008.xlsx	Sheet1!I20	Ahuja2026:NA36	Ahuja2026:NA36;voucher:YPMIZ111166;run:SRR33215976; explicit_metre_unit	data/sources/metadata_enrichment/sheet_metadata.tsv	484	
Ahuja2026:NA36	collection_id	Nanomia-FHL-C	primary_sheet	data/sources/Ahuja2026_journal.pone.0351247.s008.xlsx	Sheet1!D20	Ahuja2026:NA36	Ahuja2026:NA36;voucher:YPMIZ111166;run:SRR33215976	data/sources/metadata_enrichment/sheet_metadata.tsv	485	
Ahuja2026:NA36	depth_max_m	20	primary_sheet	data/sources/Ahuja2026_journal.pone.0351247.s008.xlsx	Sheet1!I20	Ahuja2026:NA36	Ahuja2026:NA36;voucher:YPMIZ111166;run:SRR33215976; explicit_metre_unit	data/sources/metadata_enrichment/sheet_metadata.tsv	486	
Ahuja2026:NA36	depth_min_m	0	primary_sheet	data/sources/Ahuja2026_journal.pone.0351247.s008.xlsx	Sheet1!I20	Ahuja2026:NA36	Ahuja2026:NA36;voucher:YPMIZ111166;run:SRR33215976; explicit_metre_unit	data/sources/metadata_enrichment/sheet_metadata.tsv	487	
Ahuja2026:NA36	depth_original	0-20 m	primary_sheet	data/sources/Ahuja2026_journal.pone.0351247.s008.xlsx	Sheet1!I20	Ahuja2026:NA36	Ahuja2026:NA36;voucher:YPMIZ111166;run:SRR33215976	data/sources/metadata_enrichment/sheet_metadata.tsv	488	
Ahuja2026:NA36	lat_long_raw	48.54505, -123.012141	primary_sheet	data/sources/Ahuja2026_journal.pone.0351247.s008.xlsx	Sheet1!G20	Ahuja2026:NA36	Ahuja2026:NA36;voucher:YPMIZ111166;run:SRR33215976	data/sources/metadata_enrichment/sheet_metadata.tsv	489	
Ahuja2026:NA36	latitude	48.54505	primary_sheet	data/sources/Ahuja2026_journal.pone.0351247.s008.xlsx	Sheet1!G20	Ahuja2026:NA36	Ahuja2026:NA36;voucher:YPMIZ111166;run:SRR33215976	data/sources/metadata_enrichment/sheet_metadata.tsv	490	
Ahuja2026:NA36	locality	Washington	primary_sheet	data/sources/Ahuja2026_journal.pone.0351247.s008.xlsx	Sheet1!F20	Ahuja2026:NA36	Ahuja2026:NA36;voucher:YPMIZ111166;run:SRR33215976	data/sources/metadata_enrichment/sheet_metadata.tsv	491	
Ahuja2026:NA36	longitude	-123.012141	primary_sheet	data/sources/Ahuja2026_journal.pone.0351247.s008.xlsx	Sheet1!G20	Ahuja2026:NA36	Ahuja2026:NA36;voucher:YPMIZ111166;run:SRR33215976	data/sources/metadata_enrichment/sheet_metadata.tsv	492	
Ahuja2026:NA36	ocean_region	NE Pacific	primary_sheet	data/sources/Ahuja2026_journal.pone.0351247.s008.xlsx	Sheet1!E20	Ahuja2026:NA36	Ahuja2026:NA36;voucher:YPMIZ111166;run:SRR33215976	data/sources/metadata_enrichment/sheet_metadata.tsv	493	
Ahuja2026:NA36	specimen_voucher	YPM:IZ:111166	primary_sheet	data/sources/Ahuja2026_journal.pone.0351247.s008.xlsx	Sheet1!B20	Ahuja2026:NA36	Ahuja2026:NA36;voucher:YPMIZ111166;run:SRR33215976; review replace: Exact YPM institution, IZ collection and catalog number match the canonical specimen_id; normalize punctuation only, preserving the original source spelling.	data/sources/metadata_enrichment/sheet_metadata.tsv	494	YPM-IZ-111166
Ahuja2026:NA37	collection_date	2024-04-12	primary_sheet	data/sources/Ahuja2026_journal.pone.0351247.s008.xlsx	Sheet1!H21	Ahuja2026:NA37	Ahuja2026:NA37;voucher:YPMIZ111590;run:SRR33215975	data/sources/metadata_enrichment/sheet_metadata.tsv	495	
Ahuja2026:NA37	collection_depth_source	data/sources/Ahuja2026_journal.pone.0351247.s008.xlsx#Sheet1!I21	primary_sheet	data/sources/Ahuja2026_journal.pone.0351247.s008.xlsx	Sheet1!I21	Ahuja2026:NA37	Ahuja2026:NA37;voucher:YPMIZ111590;run:SRR33215975; explicit_metre_unit	data/sources/metadata_enrichment/sheet_metadata.tsv	496	
Ahuja2026:NA37	collection_id	HI-NA-43, tube 1265	primary_sheet	data/sources/Ahuja2026_journal.pone.0351247.s008.xlsx	Sheet1!D21	Ahuja2026:NA37	Ahuja2026:NA37;voucher:YPMIZ111590;run:SRR33215975	data/sources/metadata_enrichment/sheet_metadata.tsv	497	
Ahuja2026:NA37	depth_max_m	20	primary_sheet	data/sources/Ahuja2026_journal.pone.0351247.s008.xlsx	Sheet1!I21	Ahuja2026:NA37	Ahuja2026:NA37;voucher:YPMIZ111590;run:SRR33215975; explicit_metre_unit	data/sources/metadata_enrichment/sheet_metadata.tsv	498	
Ahuja2026:NA37	depth_min_m	0	primary_sheet	data/sources/Ahuja2026_journal.pone.0351247.s008.xlsx	Sheet1!I21	Ahuja2026:NA37	Ahuja2026:NA37;voucher:YPMIZ111590;run:SRR33215975; explicit_metre_unit	data/sources/metadata_enrichment/sheet_metadata.tsv	499	
Ahuja2026:NA37	depth_original	0-20 m	primary_sheet	data/sources/Ahuja2026_journal.pone.0351247.s008.xlsx	Sheet1!I21	Ahuja2026:NA37	Ahuja2026:NA37;voucher:YPMIZ111590;run:SRR33215975	data/sources/metadata_enrichment/sheet_metadata.tsv	500	
Ahuja2026:NA37	lat_long_raw	19.6183, -156.0842	primary_sheet	data/sources/Ahuja2026_journal.pone.0351247.s008.xlsx	Sheet1!G21	Ahuja2026:NA37	Ahuja2026:NA37;voucher:YPMIZ111590;run:SRR33215975	data/sources/metadata_enrichment/sheet_metadata.tsv	501	
Ahuja2026:NA37	latitude	19.6183	primary_sheet	data/sources/Ahuja2026_journal.pone.0351247.s008.xlsx	Sheet1!G21	Ahuja2026:NA37	Ahuja2026:NA37;voucher:YPMIZ111590;run:SRR33215975	data/sources/metadata_enrichment/sheet_metadata.tsv	502	
Ahuja2026:NA37	locality	Hawai'i	primary_sheet	data/sources/Ahuja2026_journal.pone.0351247.s008.xlsx	Sheet1!F21	Ahuja2026:NA37	Ahuja2026:NA37;voucher:YPMIZ111590;run:SRR33215975	data/sources/metadata_enrichment/sheet_metadata.tsv	503	
Ahuja2026:NA37	longitude	-156.0842	primary_sheet	data/sources/Ahuja2026_journal.pone.0351247.s008.xlsx	Sheet1!G21	Ahuja2026:NA37	Ahuja2026:NA37;voucher:YPMIZ111590;run:SRR33215975	data/sources/metadata_enrichment/sheet_metadata.tsv	504	
Ahuja2026:NA37	ocean_region	N Pacific	primary_sheet	data/sources/Ahuja2026_journal.pone.0351247.s008.xlsx	Sheet1!E21	Ahuja2026:NA37	Ahuja2026:NA37;voucher:YPMIZ111590;run:SRR33215975	data/sources/metadata_enrichment/sheet_metadata.tsv	505	
Ahuja2026:NA37	specimen_voucher	YPM:IZ:111590	primary_sheet	data/sources/Ahuja2026_journal.pone.0351247.s008.xlsx	Sheet1!B21	Ahuja2026:NA37	Ahuja2026:NA37;voucher:YPMIZ111590;run:SRR33215975; review replace: Exact YPM institution, IZ collection and catalog number match the canonical specimen_id; normalize punctuation only, preserving the original source spelling.	data/sources/metadata_enrichment/sheet_metadata.tsv	506	YPM-IZ-111590
Ahuja2026:NA38	collection_date	2024-04-12	primary_sheet	data/sources/Ahuja2026_journal.pone.0351247.s008.xlsx	Sheet1!H22	Ahuja2026:NA38	Ahuja2026:NA38;voucher:YPMIZ111591;run:SRR33215974	data/sources/metadata_enrichment/sheet_metadata.tsv	507	
Ahuja2026:NA38	collection_depth_source	data/sources/Ahuja2026_journal.pone.0351247.s008.xlsx#Sheet1!I22	primary_sheet	data/sources/Ahuja2026_journal.pone.0351247.s008.xlsx	Sheet1!I22	Ahuja2026:NA38	Ahuja2026:NA38;voucher:YPMIZ111591;run:SRR33215974; explicit_metre_unit	data/sources/metadata_enrichment/sheet_metadata.tsv	508	
Ahuja2026:NA38	collection_id	HI-NA-42, tube 1267	primary_sheet	data/sources/Ahuja2026_journal.pone.0351247.s008.xlsx	Sheet1!D22	Ahuja2026:NA38	Ahuja2026:NA38;voucher:YPMIZ111591;run:SRR33215974	data/sources/metadata_enrichment/sheet_metadata.tsv	509	
Ahuja2026:NA38	depth_max_m	20	primary_sheet	data/sources/Ahuja2026_journal.pone.0351247.s008.xlsx	Sheet1!I22	Ahuja2026:NA38	Ahuja2026:NA38;voucher:YPMIZ111591;run:SRR33215974; explicit_metre_unit	data/sources/metadata_enrichment/sheet_metadata.tsv	510	
Ahuja2026:NA38	depth_min_m	0	primary_sheet	data/sources/Ahuja2026_journal.pone.0351247.s008.xlsx	Sheet1!I22	Ahuja2026:NA38	Ahuja2026:NA38;voucher:YPMIZ111591;run:SRR33215974; explicit_metre_unit	data/sources/metadata_enrichment/sheet_metadata.tsv	511	
Ahuja2026:NA38	depth_original	0-20 m	primary_sheet	data/sources/Ahuja2026_journal.pone.0351247.s008.xlsx	Sheet1!I22	Ahuja2026:NA38	Ahuja2026:NA38;voucher:YPMIZ111591;run:SRR33215974	data/sources/metadata_enrichment/sheet_metadata.tsv	512	
Ahuja2026:NA38	lat_long_raw	19.6183, -156.0842	primary_sheet	data/sources/Ahuja2026_journal.pone.0351247.s008.xlsx	Sheet1!G22	Ahuja2026:NA38	Ahuja2026:NA38;voucher:YPMIZ111591;run:SRR33215974	data/sources/metadata_enrichment/sheet_metadata.tsv	513	
Ahuja2026:NA38	latitude	19.6183	primary_sheet	data/sources/Ahuja2026_journal.pone.0351247.s008.xlsx	Sheet1!G22	Ahuja2026:NA38	Ahuja2026:NA38;voucher:YPMIZ111591;run:SRR33215974	data/sources/metadata_enrichment/sheet_metadata.tsv	514	
Ahuja2026:NA38	locality	Hawai'i	primary_sheet	data/sources/Ahuja2026_journal.pone.0351247.s008.xlsx	Sheet1!F22	Ahuja2026:NA38	Ahuja2026:NA38;voucher:YPMIZ111591;run:SRR33215974	data/sources/metadata_enrichment/sheet_metadata.tsv	515	
Ahuja2026:NA38	longitude	-156.0842	primary_sheet	data/sources/Ahuja2026_journal.pone.0351247.s008.xlsx	Sheet1!G22	Ahuja2026:NA38	Ahuja2026:NA38;voucher:YPMIZ111591;run:SRR33215974	data/sources/metadata_enrichment/sheet_metadata.tsv	516	
Ahuja2026:NA38	ocean_region	N Pacific	primary_sheet	data/sources/Ahuja2026_journal.pone.0351247.s008.xlsx	Sheet1!E22	Ahuja2026:NA38	Ahuja2026:NA38;voucher:YPMIZ111591;run:SRR33215974	data/sources/metadata_enrichment/sheet_metadata.tsv	517	
Ahuja2026:NA38	specimen_voucher	YPM:IZ:111591	primary_sheet	data/sources/Ahuja2026_journal.pone.0351247.s008.xlsx	Sheet1!B22	Ahuja2026:NA38	Ahuja2026:NA38;voucher:YPMIZ111591;run:SRR33215974; review replace: Exact YPM institution, IZ collection and catalog number match the canonical specimen_id; normalize punctuation only, preserving the original source spelling.	data/sources/metadata_enrichment/sheet_metadata.tsv	518	YPM-IZ-111591
Ahuja2026:WS10	collection_date	2010-05-03	primary_sheet	data/sources/Ahuja2026_journal.pone.0351247.s008.xlsx	Sheet1!H8	Ahuja2026:WS10	Ahuja2026:WS10;voucher:YPMIZ111745;run:SRR33215970	data/sources/metadata_enrichment/sheet_metadata.tsv	519	
Ahuja2026:WS10	collection_depth_source	data/sources/Ahuja2026_journal.pone.0351247.s008.xlsx#Sheet1!I8	primary_sheet	data/sources/Ahuja2026_journal.pone.0351247.s008.xlsx	Sheet1!I8	Ahuja2026:WS10	Ahuja2026:WS10;voucher:YPMIZ111745;run:SRR33215970; metres_inferred_from_other_depth_cells_in_same_column	data/sources/metadata_enrichment/sheet_metadata.tsv	520	
Ahuja2026:WS10	collection_id	V3557-D4, #51	primary_sheet	data/sources/Ahuja2026_journal.pone.0351247.s008.xlsx	Sheet1!D8	Ahuja2026:WS10	Ahuja2026:WS10;voucher:YPMIZ111745;run:SRR33215970	data/sources/metadata_enrichment/sheet_metadata.tsv	521	
Ahuja2026:WS10	depth_m	217	primary_sheet	data/sources/Ahuja2026_journal.pone.0351247.s008.xlsx	Sheet1!I8	Ahuja2026:WS10	Ahuja2026:WS10;voucher:YPMIZ111745;run:SRR33215970; metres_inferred_from_other_depth_cells_in_same_column	data/sources/metadata_enrichment/sheet_metadata.tsv	522	
Ahuja2026:WS10	depth_original	217	primary_sheet	data/sources/Ahuja2026_journal.pone.0351247.s008.xlsx	Sheet1!I8	Ahuja2026:WS10	Ahuja2026:WS10;voucher:YPMIZ111745;run:SRR33215970	data/sources/metadata_enrichment/sheet_metadata.tsv	523	
Ahuja2026:WS10	lat_long_raw	36.700917, -122.049541	primary_sheet	data/sources/Ahuja2026_journal.pone.0351247.s008.xlsx	Sheet1!G8	Ahuja2026:WS10	Ahuja2026:WS10;voucher:YPMIZ111745;run:SRR33215970	data/sources/metadata_enrichment/sheet_metadata.tsv	524	
Ahuja2026:WS10	latitude	36.700917	primary_sheet	data/sources/Ahuja2026_journal.pone.0351247.s008.xlsx	Sheet1!G8	Ahuja2026:WS10	Ahuja2026:WS10;voucher:YPMIZ111745;run:SRR33215970	data/sources/metadata_enrichment/sheet_metadata.tsv	525	
Ahuja2026:WS10	locality	California	primary_sheet	data/sources/Ahuja2026_journal.pone.0351247.s008.xlsx	Sheet1!F8	Ahuja2026:WS10	Ahuja2026:WS10;voucher:YPMIZ111745;run:SRR33215970	data/sources/metadata_enrichment/sheet_metadata.tsv	526	
Ahuja2026:WS10	longitude	-122.049541	primary_sheet	data/sources/Ahuja2026_journal.pone.0351247.s008.xlsx	Sheet1!G8	Ahuja2026:WS10	Ahuja2026:WS10;voucher:YPMIZ111745;run:SRR33215970	data/sources/metadata_enrichment/sheet_metadata.tsv	527	
Ahuja2026:WS10	ocean_region	NE Pacific	primary_sheet	data/sources/Ahuja2026_journal.pone.0351247.s008.xlsx	Sheet1!E8	Ahuja2026:WS10	Ahuja2026:WS10;voucher:YPMIZ111745;run:SRR33215970	data/sources/metadata_enrichment/sheet_metadata.tsv	528	
Ahuja2026:WS10	specimen_voucher	YPM:IZ:111745	primary_sheet	data/sources/Ahuja2026_journal.pone.0351247.s008.xlsx	Sheet1!B8	Ahuja2026:WS10	Ahuja2026:WS10;voucher:YPMIZ111745;run:SRR33215970; review replace: Exact YPM institution, IZ collection and catalog number match the canonical specimen_id; normalize punctuation only, preserving the original source spelling.	data/sources/metadata_enrichment/sheet_metadata.tsv	529	YPM-IZ-111745
Ahuja2026:WS2	collection_date	2013-08-30	primary_sheet	data/sources/Ahuja2026_journal.pone.0351247.s008.xlsx	Sheet1!H14	Ahuja2026:WS2	Ahuja2026:WS2;voucher:YPMIZ110216;run:SRR33215982	data/sources/metadata_enrichment/sheet_metadata.tsv	530	
Ahuja2026:WS2	collection_depth_source	data/sources/Ahuja2026_journal.pone.0351247.s008.xlsx#Sheet1!I14	primary_sheet	data/sources/Ahuja2026_journal.pone.0351247.s008.xlsx	Sheet1!I14	Ahuja2026:WS2	Ahuja2026:WS2;voucher:YPMIZ110216;run:SRR33215982; explicit_metre_unit	data/sources/metadata_enrichment/sheet_metadata.tsv	531	
Ahuja2026:WS2	collection_id	RI2-8	primary_sheet	data/sources/Ahuja2026_journal.pone.0351247.s008.xlsx	Sheet1!D14	Ahuja2026:WS2	Ahuja2026:WS2;voucher:YPMIZ110216;run:SRR33215982	data/sources/metadata_enrichment/sheet_metadata.tsv	532	
Ahuja2026:WS2	depth_max_m	20	primary_sheet	data/sources/Ahuja2026_journal.pone.0351247.s008.xlsx	Sheet1!I14	Ahuja2026:WS2	Ahuja2026:WS2;voucher:YPMIZ110216;run:SRR33215982; explicit_metre_unit	data/sources/metadata_enrichment/sheet_metadata.tsv	533	
Ahuja2026:WS2	depth_min_m	0	primary_sheet	data/sources/Ahuja2026_journal.pone.0351247.s008.xlsx	Sheet1!I14	Ahuja2026:WS2	Ahuja2026:WS2;voucher:YPMIZ110216;run:SRR33215982; explicit_metre_unit	data/sources/metadata_enrichment/sheet_metadata.tsv	534	
Ahuja2026:WS2	depth_original	0-20 m	primary_sheet	data/sources/Ahuja2026_journal.pone.0351247.s008.xlsx	Sheet1!I14	Ahuja2026:WS2	Ahuja2026:WS2;voucher:YPMIZ110216;run:SRR33215982	data/sources/metadata_enrichment/sheet_metadata.tsv	535	
Ahuja2026:WS2	lat_long_raw	41.036, -71.399	primary_sheet	data/sources/Ahuja2026_journal.pone.0351247.s008.xlsx	Sheet1!G14	Ahuja2026:WS2	Ahuja2026:WS2;voucher:YPMIZ110216;run:SRR33215982	data/sources/metadata_enrichment/sheet_metadata.tsv	536	
Ahuja2026:WS2	latitude	41.036	primary_sheet	data/sources/Ahuja2026_journal.pone.0351247.s008.xlsx	Sheet1!G14	Ahuja2026:WS2	Ahuja2026:WS2;voucher:YPMIZ110216;run:SRR33215982	data/sources/metadata_enrichment/sheet_metadata.tsv	537	
Ahuja2026:WS2	locality	Rhode Island	primary_sheet	data/sources/Ahuja2026_journal.pone.0351247.s008.xlsx	Sheet1!F14	Ahuja2026:WS2	Ahuja2026:WS2;voucher:YPMIZ110216;run:SRR33215982	data/sources/metadata_enrichment/sheet_metadata.tsv	538	
Ahuja2026:WS2	longitude	-71.399	primary_sheet	data/sources/Ahuja2026_journal.pone.0351247.s008.xlsx	Sheet1!G14	Ahuja2026:WS2	Ahuja2026:WS2;voucher:YPMIZ110216;run:SRR33215982	data/sources/metadata_enrichment/sheet_metadata.tsv	539	
Ahuja2026:WS2	ocean_region	NW Atlantic	primary_sheet	data/sources/Ahuja2026_journal.pone.0351247.s008.xlsx	Sheet1!E14	Ahuja2026:WS2	Ahuja2026:WS2;voucher:YPMIZ110216;run:SRR33215982	data/sources/metadata_enrichment/sheet_metadata.tsv	540	
Ahuja2026:WS2	specimen_voucher	YPM:IZ:110216	primary_sheet	data/sources/Ahuja2026_journal.pone.0351247.s008.xlsx	Sheet1!B14	Ahuja2026:WS2	Ahuja2026:WS2;voucher:YPMIZ110216;run:SRR33215982; review replace: Exact YPM institution, IZ collection and catalog number match the canonical specimen_id; normalize punctuation only, preserving the original source spelling.	data/sources/metadata_enrichment/sheet_metadata.tsv	541	YPM-IZ-110216
Ahuja2026:WS3	collection_date	2015-09-15	primary_sheet	data/sources/Ahuja2026_journal.pone.0351247.s008.xlsx	Sheet1!H15	Ahuja2026:WS3	Ahuja2026:WS3;voucher:YPMIZ111734;run:SRR33215981	data/sources/metadata_enrichment/sheet_metadata.tsv	542	
Ahuja2026:WS3	collection_depth_source	data/sources/Ahuja2026_journal.pone.0351247.s008.xlsx#Sheet1!I15	primary_sheet	data/sources/Ahuja2026_journal.pone.0351247.s008.xlsx	Sheet1!I15	Ahuja2026:WS3	Ahuja2026:WS3;voucher:YPMIZ111734;run:SRR33215981; explicit_metre_unit	data/sources/metadata_enrichment/sheet_metadata.tsv	543	
Ahuja2026:WS3	collection_id	RI8-28, #24	primary_sheet	data/sources/Ahuja2026_journal.pone.0351247.s008.xlsx	Sheet1!D15	Ahuja2026:WS3	Ahuja2026:WS3;voucher:YPMIZ111734;run:SRR33215981	data/sources/metadata_enrichment/sheet_metadata.tsv	544	
Ahuja2026:WS3	depth_max_m	20	primary_sheet	data/sources/Ahuja2026_journal.pone.0351247.s008.xlsx	Sheet1!I15	Ahuja2026:WS3	Ahuja2026:WS3;voucher:YPMIZ111734;run:SRR33215981; explicit_metre_unit	data/sources/metadata_enrichment/sheet_metadata.tsv	545	
Ahuja2026:WS3	depth_min_m	0	primary_sheet	data/sources/Ahuja2026_journal.pone.0351247.s008.xlsx	Sheet1!I15	Ahuja2026:WS3	Ahuja2026:WS3;voucher:YPMIZ111734;run:SRR33215981; explicit_metre_unit	data/sources/metadata_enrichment/sheet_metadata.tsv	546	
Ahuja2026:WS3	depth_original	0-20 m	primary_sheet	data/sources/Ahuja2026_journal.pone.0351247.s008.xlsx	Sheet1!I15	Ahuja2026:WS3	Ahuja2026:WS3;voucher:YPMIZ111734;run:SRR33215981	data/sources/metadata_enrichment/sheet_metadata.tsv	547	
Ahuja2026:WS3	lat_long_raw	41.135, -71.366	primary_sheet	data/sources/Ahuja2026_journal.pone.0351247.s008.xlsx	Sheet1!G15	Ahuja2026:WS3	Ahuja2026:WS3;voucher:YPMIZ111734;run:SRR33215981	data/sources/metadata_enrichment/sheet_metadata.tsv	548	
Ahuja2026:WS3	latitude	41.135	primary_sheet	data/sources/Ahuja2026_journal.pone.0351247.s008.xlsx	Sheet1!G15	Ahuja2026:WS3	Ahuja2026:WS3;voucher:YPMIZ111734;run:SRR33215981	data/sources/metadata_enrichment/sheet_metadata.tsv	549	
Ahuja2026:WS3	locality	Rhode Island	primary_sheet	data/sources/Ahuja2026_journal.pone.0351247.s008.xlsx	Sheet1!F15	Ahuja2026:WS3	Ahuja2026:WS3;voucher:YPMIZ111734;run:SRR33215981	data/sources/metadata_enrichment/sheet_metadata.tsv	550	
Ahuja2026:WS3	longitude	-71.366	primary_sheet	data/sources/Ahuja2026_journal.pone.0351247.s008.xlsx	Sheet1!G15	Ahuja2026:WS3	Ahuja2026:WS3;voucher:YPMIZ111734;run:SRR33215981	data/sources/metadata_enrichment/sheet_metadata.tsv	551	
Ahuja2026:WS3	ocean_region	NW Atlantic	primary_sheet	data/sources/Ahuja2026_journal.pone.0351247.s008.xlsx	Sheet1!E15	Ahuja2026:WS3	Ahuja2026:WS3;voucher:YPMIZ111734;run:SRR33215981	data/sources/metadata_enrichment/sheet_metadata.tsv	552	
Ahuja2026:WS3	specimen_voucher	YPM:IZ:111734	primary_sheet	data/sources/Ahuja2026_journal.pone.0351247.s008.xlsx	Sheet1!B15	Ahuja2026:WS3	Ahuja2026:WS3;voucher:YPMIZ111734;run:SRR33215981; review replace: Exact YPM institution, IZ collection and catalog number match the canonical specimen_id; normalize punctuation only, preserving the original source spelling.	data/sources/metadata_enrichment/sheet_metadata.tsv	553	YPM-IZ-111734
Ahuja2026:WS4	collection_date	2014-08-20	primary_sheet	data/sources/Ahuja2026_journal.pone.0351247.s008.xlsx	Sheet1!H16	Ahuja2026:WS4	Ahuja2026:WS4;voucher:YPMIZ111735;run:SRR33215980	data/sources/metadata_enrichment/sheet_metadata.tsv	554	
Ahuja2026:WS4	collection_depth_source	data/sources/Ahuja2026_journal.pone.0351247.s008.xlsx#Sheet1!I16	primary_sheet	data/sources/Ahuja2026_journal.pone.0351247.s008.xlsx	Sheet1!I16	Ahuja2026:WS4	Ahuja2026:WS4;voucher:YPMIZ111735;run:SRR33215980; explicit_metre_unit	data/sources/metadata_enrichment/sheet_metadata.tsv	555	
Ahuja2026:WS4	collection_id	RI6-12-C10	primary_sheet	data/sources/Ahuja2026_journal.pone.0351247.s008.xlsx	Sheet1!D16	Ahuja2026:WS4	Ahuja2026:WS4;voucher:YPMIZ111735;run:SRR33215980	data/sources/metadata_enrichment/sheet_metadata.tsv	556	
Ahuja2026:WS4	depth_max_m	20	primary_sheet	data/sources/Ahuja2026_journal.pone.0351247.s008.xlsx	Sheet1!I16	Ahuja2026:WS4	Ahuja2026:WS4;voucher:YPMIZ111735;run:SRR33215980; explicit_metre_unit	data/sources/metadata_enrichment/sheet_metadata.tsv	557	
Ahuja2026:WS4	depth_min_m	0	primary_sheet	data/sources/Ahuja2026_journal.pone.0351247.s008.xlsx	Sheet1!I16	Ahuja2026:WS4	Ahuja2026:WS4;voucher:YPMIZ111735;run:SRR33215980; explicit_metre_unit	data/sources/metadata_enrichment/sheet_metadata.tsv	558	
Ahuja2026:WS4	depth_original	0-20 m	primary_sheet	data/sources/Ahuja2026_journal.pone.0351247.s008.xlsx	Sheet1!I16	Ahuja2026:WS4	Ahuja2026:WS4;voucher:YPMIZ111735;run:SRR33215980	data/sources/metadata_enrichment/sheet_metadata.tsv	559	
Ahuja2026:WS4	lat_long_raw	41.056, -71.342	primary_sheet	data/sources/Ahuja2026_journal.pone.0351247.s008.xlsx	Sheet1!G16	Ahuja2026:WS4	Ahuja2026:WS4;voucher:YPMIZ111735;run:SRR33215980	data/sources/metadata_enrichment/sheet_metadata.tsv	560	
Ahuja2026:WS4	latitude	41.056	primary_sheet	data/sources/Ahuja2026_journal.pone.0351247.s008.xlsx	Sheet1!G16	Ahuja2026:WS4	Ahuja2026:WS4;voucher:YPMIZ111735;run:SRR33215980	data/sources/metadata_enrichment/sheet_metadata.tsv	561	
Ahuja2026:WS4	locality	Rhode Island	primary_sheet	data/sources/Ahuja2026_journal.pone.0351247.s008.xlsx	Sheet1!F16	Ahuja2026:WS4	Ahuja2026:WS4;voucher:YPMIZ111735;run:SRR33215980	data/sources/metadata_enrichment/sheet_metadata.tsv	562	
Ahuja2026:WS4	longitude	-71.342	primary_sheet	data/sources/Ahuja2026_journal.pone.0351247.s008.xlsx	Sheet1!G16	Ahuja2026:WS4	Ahuja2026:WS4;voucher:YPMIZ111735;run:SRR33215980	data/sources/metadata_enrichment/sheet_metadata.tsv	563	
Ahuja2026:WS4	ocean_region	NW Atlantic	primary_sheet	data/sources/Ahuja2026_journal.pone.0351247.s008.xlsx	Sheet1!E16	Ahuja2026:WS4	Ahuja2026:WS4;voucher:YPMIZ111735;run:SRR33215980	data/sources/metadata_enrichment/sheet_metadata.tsv	564	
Ahuja2026:WS4	specimen_voucher	YPM:IZ:111735	primary_sheet	data/sources/Ahuja2026_journal.pone.0351247.s008.xlsx	Sheet1!B16	Ahuja2026:WS4	Ahuja2026:WS4;voucher:YPMIZ111735;run:SRR33215980; review replace: Exact YPM institution, IZ collection and catalog number match the canonical specimen_id; normalize punctuation only, preserving the original source spelling.	data/sources/metadata_enrichment/sheet_metadata.tsv	565	YPM-IZ-111735
Ahuja2026:WS5	collection_date	2011-12-02	primary_sheet	data/sources/Ahuja2026_journal.pone.0351247.s008.xlsx	Sheet1!H3	Ahuja2026:WS5	Ahuja2026:WS5;voucher:YPMIZ111736;run:SRR33215985	data/sources/metadata_enrichment/sheet_metadata.tsv	566	
Ahuja2026:WS5	collection_depth_source	data/sources/Ahuja2026_journal.pone.0351247.s008.xlsx#Sheet1!I3	primary_sheet	data/sources/Ahuja2026_journal.pone.0351247.s008.xlsx	Sheet1!I3	Ahuja2026:WS5	Ahuja2026:WS5;voucher:YPMIZ111736;run:SRR33215985; metres_inferred_from_other_depth_cells_in_same_column; pending_external_verification_of_collection_depth_and_units	data/sources/metadata_enrichment/sheet_metadata.tsv	567	
Ahuja2026:WS5	collection_id	D325-SS12, #9	primary_sheet	data/sources/Ahuja2026_journal.pone.0351247.s008.xlsx	Sheet1!D3	Ahuja2026:WS5	Ahuja2026:WS5;voucher:YPMIZ111736;run:SRR33215985	data/sources/metadata_enrichment/sheet_metadata.tsv	568	
Ahuja2026:WS5	depth_original	2854.16	primary_sheet	data/sources/Ahuja2026_journal.pone.0351247.s008.xlsx	Sheet1!I3	Ahuja2026:WS5	Ahuja2026:WS5;voucher:YPMIZ111736;run:SRR33215985	data/sources/metadata_enrichment/sheet_metadata.tsv	569	
Ahuja2026:WS5	lat_long_raw	36.600636, -122.376887	primary_sheet	data/sources/Ahuja2026_journal.pone.0351247.s008.xlsx	Sheet1!G3	Ahuja2026:WS5	Ahuja2026:WS5;voucher:YPMIZ111736;run:SRR33215985	data/sources/metadata_enrichment/sheet_metadata.tsv	570	
Ahuja2026:WS5	latitude	36.600636	primary_sheet	data/sources/Ahuja2026_journal.pone.0351247.s008.xlsx	Sheet1!G3	Ahuja2026:WS5	Ahuja2026:WS5;voucher:YPMIZ111736;run:SRR33215985	data/sources/metadata_enrichment/sheet_metadata.tsv	571	
Ahuja2026:WS5	locality	California	primary_sheet	data/sources/Ahuja2026_journal.pone.0351247.s008.xlsx	Sheet1!F3	Ahuja2026:WS5	Ahuja2026:WS5;voucher:YPMIZ111736;run:SRR33215985	data/sources/metadata_enrichment/sheet_metadata.tsv	572	
Ahuja2026:WS5	longitude	-122.376887	primary_sheet	data/sources/Ahuja2026_journal.pone.0351247.s008.xlsx	Sheet1!G3	Ahuja2026:WS5	Ahuja2026:WS5;voucher:YPMIZ111736;run:SRR33215985	data/sources/metadata_enrichment/sheet_metadata.tsv	573	
Ahuja2026:WS5	ocean_region	NE Pacific	primary_sheet	data/sources/Ahuja2026_journal.pone.0351247.s008.xlsx	Sheet1!E3	Ahuja2026:WS5	Ahuja2026:WS5;voucher:YPMIZ111736;run:SRR33215985	data/sources/metadata_enrichment/sheet_metadata.tsv	574	
Ahuja2026:WS5	specimen_voucher	YPM:IZ:111736	primary_sheet	data/sources/Ahuja2026_journal.pone.0351247.s008.xlsx	Sheet1!B3	Ahuja2026:WS5	Ahuja2026:WS5;voucher:YPMIZ111736;run:SRR33215985; review replace: Exact YPM institution, IZ collection and catalog number match the canonical specimen_id; normalize punctuation only, preserving the original source spelling.	data/sources/metadata_enrichment/sheet_metadata.tsv	575	YPM-IZ-111736
Ahuja2026:WS6	collection_date	2011-12-03	primary_sheet	data/sources/Ahuja2026_journal.pone.0351247.s008.xlsx	Sheet1!H4	Ahuja2026:WS6	Ahuja2026:WS6;voucher:YPMIZ111737;run:SRR33215984	data/sources/metadata_enrichment/sheet_metadata.tsv	576	
Ahuja2026:WS6	collection_depth_source	data/sources/Ahuja2026_journal.pone.0351247.s008.xlsx#Sheet1!I4	primary_sheet	data/sources/Ahuja2026_journal.pone.0351247.s008.xlsx	Sheet1!I4	Ahuja2026:WS6	Ahuja2026:WS6;voucher:YPMIZ111737;run:SRR33215984; metres_inferred_from_other_depth_cells_in_same_column; pending_external_verification_of_collection_depth_and_units	data/sources/metadata_enrichment/sheet_metadata.tsv	577	
Ahuja2026:WS6	collection_id	D326-SS1, #28	primary_sheet	data/sources/Ahuja2026_journal.pone.0351247.s008.xlsx	Sheet1!D4	Ahuja2026:WS6	Ahuja2026:WS6;voucher:YPMIZ111737;run:SRR33215984	data/sources/metadata_enrichment/sheet_metadata.tsv	578	
Ahuja2026:WS6	depth_original	2563.33	primary_sheet	data/sources/Ahuja2026_journal.pone.0351247.s008.xlsx	Sheet1!I4	Ahuja2026:WS6	Ahuja2026:WS6;voucher:YPMIZ111737;run:SRR33215984	data/sources/metadata_enrichment/sheet_metadata.tsv	579	
Ahuja2026:WS6	lat_long_raw	36.071808, -122.282111	primary_sheet	data/sources/Ahuja2026_journal.pone.0351247.s008.xlsx	Sheet1!G4	Ahuja2026:WS6	Ahuja2026:WS6;voucher:YPMIZ111737;run:SRR33215984	data/sources/metadata_enrichment/sheet_metadata.tsv	580	
Ahuja2026:WS6	latitude	36.071808	primary_sheet	data/sources/Ahuja2026_journal.pone.0351247.s008.xlsx	Sheet1!G4	Ahuja2026:WS6	Ahuja2026:WS6;voucher:YPMIZ111737;run:SRR33215984	data/sources/metadata_enrichment/sheet_metadata.tsv	581	
Ahuja2026:WS6	locality	California	primary_sheet	data/sources/Ahuja2026_journal.pone.0351247.s008.xlsx	Sheet1!F4	Ahuja2026:WS6	Ahuja2026:WS6;voucher:YPMIZ111737;run:SRR33215984	data/sources/metadata_enrichment/sheet_metadata.tsv	582	
Ahuja2026:WS6	longitude	-122.282111	primary_sheet	data/sources/Ahuja2026_journal.pone.0351247.s008.xlsx	Sheet1!G4	Ahuja2026:WS6	Ahuja2026:WS6;voucher:YPMIZ111737;run:SRR33215984	data/sources/metadata_enrichment/sheet_metadata.tsv	583	
Ahuja2026:WS6	ocean_region	NE Pacific	primary_sheet	data/sources/Ahuja2026_journal.pone.0351247.s008.xlsx	Sheet1!E4	Ahuja2026:WS6	Ahuja2026:WS6;voucher:YPMIZ111737;run:SRR33215984	data/sources/metadata_enrichment/sheet_metadata.tsv	584	
Ahuja2026:WS6	specimen_voucher	YPM:IZ:111737	primary_sheet	data/sources/Ahuja2026_journal.pone.0351247.s008.xlsx	Sheet1!B4	Ahuja2026:WS6	Ahuja2026:WS6;voucher:YPMIZ111737;run:SRR33215984; review replace: Exact YPM institution, IZ collection and catalog number match the canonical specimen_id; normalize punctuation only, preserving the original source spelling.	data/sources/metadata_enrichment/sheet_metadata.tsv	585	YPM-IZ-111737
Ahuja2026:WS7	collection_date	2011-12-07	primary_sheet	data/sources/Ahuja2026_journal.pone.0351247.s008.xlsx	Sheet1!H5	Ahuja2026:WS7	Ahuja2026:WS7;voucher:YPMIZ111738;run:SRR33215973	data/sources/metadata_enrichment/sheet_metadata.tsv	586	
Ahuja2026:WS7	collection_depth_source	data/sources/Ahuja2026_journal.pone.0351247.s008.xlsx#Sheet1!I5	primary_sheet	data/sources/Ahuja2026_journal.pone.0351247.s008.xlsx	Sheet1!I5	Ahuja2026:WS7	Ahuja2026:WS7;voucher:YPMIZ111738;run:SRR33215973; metres_inferred_from_other_depth_cells_in_same_column	data/sources/metadata_enrichment/sheet_metadata.tsv	587	
Ahuja2026:WS7	collection_id	D331-SS5a, #136	primary_sheet	data/sources/Ahuja2026_journal.pone.0351247.s008.xlsx	Sheet1!D5	Ahuja2026:WS7	Ahuja2026:WS7;voucher:YPMIZ111738;run:SRR33215973	data/sources/metadata_enrichment/sheet_metadata.tsv	588	
Ahuja2026:WS7	depth_m	662.29	primary_sheet	data/sources/Ahuja2026_journal.pone.0351247.s008.xlsx	Sheet1!I5	Ahuja2026:WS7	Ahuja2026:WS7;voucher:YPMIZ111738;run:SRR33215973; metres_inferred_from_other_depth_cells_in_same_column	data/sources/metadata_enrichment/sheet_metadata.tsv	589	
Ahuja2026:WS7	depth_original	662.29	primary_sheet	data/sources/Ahuja2026_journal.pone.0351247.s008.xlsx	Sheet1!I5	Ahuja2026:WS7	Ahuja2026:WS7;voucher:YPMIZ111738;run:SRR33215973	data/sources/metadata_enrichment/sheet_metadata.tsv	590	
Ahuja2026:WS7	lat_long_raw	36.699365, -122.101074	primary_sheet	data/sources/Ahuja2026_journal.pone.0351247.s008.xlsx	Sheet1!G5	Ahuja2026:WS7	Ahuja2026:WS7;voucher:YPMIZ111738;run:SRR33215973	data/sources/metadata_enrichment/sheet_metadata.tsv	591	
Ahuja2026:WS7	latitude	36.699365	primary_sheet	data/sources/Ahuja2026_journal.pone.0351247.s008.xlsx	Sheet1!G5	Ahuja2026:WS7	Ahuja2026:WS7;voucher:YPMIZ111738;run:SRR33215973	data/sources/metadata_enrichment/sheet_metadata.tsv	592	
Ahuja2026:WS7	locality	California	primary_sheet	data/sources/Ahuja2026_journal.pone.0351247.s008.xlsx	Sheet1!F5	Ahuja2026:WS7	Ahuja2026:WS7;voucher:YPMIZ111738;run:SRR33215973	data/sources/metadata_enrichment/sheet_metadata.tsv	593	
Ahuja2026:WS7	longitude	-122.101074	primary_sheet	data/sources/Ahuja2026_journal.pone.0351247.s008.xlsx	Sheet1!G5	Ahuja2026:WS7	Ahuja2026:WS7;voucher:YPMIZ111738;run:SRR33215973	data/sources/metadata_enrichment/sheet_metadata.tsv	594	
Ahuja2026:WS7	ocean_region	NE Pacific	primary_sheet	data/sources/Ahuja2026_journal.pone.0351247.s008.xlsx	Sheet1!E5	Ahuja2026:WS7	Ahuja2026:WS7;voucher:YPMIZ111738;run:SRR33215973	data/sources/metadata_enrichment/sheet_metadata.tsv	595	
Ahuja2026:WS7	specimen_voucher	YPM:IZ:111738	primary_sheet	data/sources/Ahuja2026_journal.pone.0351247.s008.xlsx	Sheet1!B5	Ahuja2026:WS7	Ahuja2026:WS7;voucher:YPMIZ111738;run:SRR33215973; review replace: Exact YPM institution, IZ collection and catalog number match the canonical specimen_id; normalize punctuation only, preserving the original source spelling.	data/sources/metadata_enrichment/sheet_metadata.tsv	596	YPM-IZ-111738
Ahuja2026:WS8	collection_date	2013-07-15	primary_sheet	data/sources/Ahuja2026_journal.pone.0351247.s008.xlsx	Sheet1!H6	Ahuja2026:WS8	Ahuja2026:WS8;voucher:YPMIZ111739;run:SRR33215972	data/sources/metadata_enrichment/sheet_metadata.tsv	597	
Ahuja2026:WS8	collection_depth_source	data/sources/Ahuja2026_journal.pone.0351247.s008.xlsx#Sheet1!I6	primary_sheet	data/sources/Ahuja2026_journal.pone.0351247.s008.xlsx	Sheet1!I6	Ahuja2026:WS8	Ahuja2026:WS8;voucher:YPMIZ111739;run:SRR33215972; metres_inferred_from_other_depth_cells_in_same_column	data/sources/metadata_enrichment/sheet_metadata.tsv	598	
Ahuja2026:WS8	collection_id	D500-SS12, #190	primary_sheet	data/sources/Ahuja2026_journal.pone.0351247.s008.xlsx	Sheet1!D6	Ahuja2026:WS8	Ahuja2026:WS8;voucher:YPMIZ111739;run:SRR33215972	data/sources/metadata_enrichment/sheet_metadata.tsv	599	
Ahuja2026:WS8	depth_m	559.83	primary_sheet	data/sources/Ahuja2026_journal.pone.0351247.s008.xlsx	Sheet1!I6	Ahuja2026:WS8	Ahuja2026:WS8;voucher:YPMIZ111739;run:SRR33215972; metres_inferred_from_other_depth_cells_in_same_column	data/sources/metadata_enrichment/sheet_metadata.tsv	600	
Ahuja2026:WS8	depth_original	559.83	primary_sheet	data/sources/Ahuja2026_journal.pone.0351247.s008.xlsx	Sheet1!I6	Ahuja2026:WS8	Ahuja2026:WS8;voucher:YPMIZ111739;run:SRR33215972	data/sources/metadata_enrichment/sheet_metadata.tsv	601	
Ahuja2026:WS8	lat_long_raw	36.647412, -122.113209	primary_sheet	data/sources/Ahuja2026_journal.pone.0351247.s008.xlsx	Sheet1!G6	Ahuja2026:WS8	Ahuja2026:WS8;voucher:YPMIZ111739;run:SRR33215972	data/sources/metadata_enrichment/sheet_metadata.tsv	602	
Ahuja2026:WS8	latitude	36.647412	primary_sheet	data/sources/Ahuja2026_journal.pone.0351247.s008.xlsx	Sheet1!G6	Ahuja2026:WS8	Ahuja2026:WS8;voucher:YPMIZ111739;run:SRR33215972	data/sources/metadata_enrichment/sheet_metadata.tsv	603	
Ahuja2026:WS8	locality	California	primary_sheet	data/sources/Ahuja2026_journal.pone.0351247.s008.xlsx	Sheet1!F6	Ahuja2026:WS8	Ahuja2026:WS8;voucher:YPMIZ111739;run:SRR33215972	data/sources/metadata_enrichment/sheet_metadata.tsv	604	
Ahuja2026:WS8	longitude	-122.113209	primary_sheet	data/sources/Ahuja2026_journal.pone.0351247.s008.xlsx	Sheet1!G6	Ahuja2026:WS8	Ahuja2026:WS8;voucher:YPMIZ111739;run:SRR33215972	data/sources/metadata_enrichment/sheet_metadata.tsv	605	
Ahuja2026:WS8	ocean_region	NE Pacific	primary_sheet	data/sources/Ahuja2026_journal.pone.0351247.s008.xlsx	Sheet1!E6	Ahuja2026:WS8	Ahuja2026:WS8;voucher:YPMIZ111739;run:SRR33215972	data/sources/metadata_enrichment/sheet_metadata.tsv	606	
Ahuja2026:WS8	specimen_voucher	YPM:IZ:111739	primary_sheet	data/sources/Ahuja2026_journal.pone.0351247.s008.xlsx	Sheet1!B6	Ahuja2026:WS8	Ahuja2026:WS8;voucher:YPMIZ111739;run:SRR33215972; review replace: Exact YPM institution, IZ collection and catalog number match the canonical specimen_id; normalize punctuation only, preserving the original source spelling.	data/sources/metadata_enrichment/sheet_metadata.tsv	607	YPM-IZ-111739
Ahuja2026:WS9	collection_date	2014-05-22	primary_sheet	data/sources/Ahuja2026_journal.pone.0351247.s008.xlsx	Sheet1!H7	Ahuja2026:WS9	Ahuja2026:WS9;voucher:YPMIZ107008;run:SRR33215971	data/sources/metadata_enrichment/sheet_metadata.tsv	608	
Ahuja2026:WS9	collection_depth_source	data/sources/Ahuja2026_journal.pone.0351247.s008.xlsx#Sheet1!I7	primary_sheet	data/sources/Ahuja2026_journal.pone.0351247.s008.xlsx	Sheet1!I7	Ahuja2026:WS9	Ahuja2026:WS9;voucher:YPMIZ107008;run:SRR33215971; metres_inferred_from_other_depth_cells_in_same_column	data/sources/metadata_enrichment/sheet_metadata.tsv	609	
Ahuja2026:WS9	collection_id	D614-SS12, #225	primary_sheet	data/sources/Ahuja2026_journal.pone.0351247.s008.xlsx	Sheet1!D7	Ahuja2026:WS9	Ahuja2026:WS9;voucher:YPMIZ107008;run:SRR33215971	data/sources/metadata_enrichment/sheet_metadata.tsv	610	
Ahuja2026:WS9	depth_m	309	primary_sheet	data/sources/Ahuja2026_journal.pone.0351247.s008.xlsx	Sheet1!I7	Ahuja2026:WS9	Ahuja2026:WS9;voucher:YPMIZ107008;run:SRR33215971; metres_inferred_from_other_depth_cells_in_same_column	data/sources/metadata_enrichment/sheet_metadata.tsv	611	
Ahuja2026:WS9	depth_original	309	primary_sheet	data/sources/Ahuja2026_journal.pone.0351247.s008.xlsx	Sheet1!I7	Ahuja2026:WS9	Ahuja2026:WS9;voucher:YPMIZ107008;run:SRR33215971	data/sources/metadata_enrichment/sheet_metadata.tsv	612	
Ahuja2026:WS9	lat_long_raw	35.520, -122.5239	primary_sheet	data/sources/Ahuja2026_journal.pone.0351247.s008.xlsx	Sheet1!G7	Ahuja2026:WS9	Ahuja2026:WS9;voucher:YPMIZ107008;run:SRR33215971	data/sources/metadata_enrichment/sheet_metadata.tsv	613	
Ahuja2026:WS9	latitude	35.52	primary_sheet	data/sources/Ahuja2026_journal.pone.0351247.s008.xlsx	Sheet1!G7	Ahuja2026:WS9	Ahuja2026:WS9;voucher:YPMIZ107008;run:SRR33215971	data/sources/metadata_enrichment/sheet_metadata.tsv	614	
Ahuja2026:WS9	locality	California	primary_sheet	data/sources/Ahuja2026_journal.pone.0351247.s008.xlsx	Sheet1!F7	Ahuja2026:WS9	Ahuja2026:WS9;voucher:YPMIZ107008;run:SRR33215971	data/sources/metadata_enrichment/sheet_metadata.tsv	615	
Ahuja2026:WS9	longitude	-122.5239	primary_sheet	data/sources/Ahuja2026_journal.pone.0351247.s008.xlsx	Sheet1!G7	Ahuja2026:WS9	Ahuja2026:WS9;voucher:YPMIZ107008;run:SRR33215971	data/sources/metadata_enrichment/sheet_metadata.tsv	616	
Ahuja2026:WS9	ocean_region	NE Pacific	primary_sheet	data/sources/Ahuja2026_journal.pone.0351247.s008.xlsx	Sheet1!E7	Ahuja2026:WS9	Ahuja2026:WS9;voucher:YPMIZ107008;run:SRR33215971	data/sources/metadata_enrichment/sheet_metadata.tsv	617	
Ahuja2026:WS9	specimen_voucher	YPM:IZ:107008	primary_sheet	data/sources/Ahuja2026_journal.pone.0351247.s008.xlsx	Sheet1!B7	Ahuja2026:WS9	Ahuja2026:WS9;voucher:YPMIZ107008;run:SRR33215971; review replace: Exact YPM institution, IZ collection and catalog number match the canonical specimen_id; normalize punctuation only, preserving the original source spelling.	data/sources/metadata_enrichment/sheet_metadata.tsv	618	YPM-IZ-107008
Church2025:YPM-IZ-104465	collection_date	2018-11-23	primary_sheet	data/sources/Ahuja2024_Supplementary_Table_1.xlsx	Invertebrate.1.0!I38	Ahuja2024:NA22	Ahuja2024:NA22;voucher:YPMIZ104465	data/sources/metadata_enrichment/sheet_metadata.tsv	619	
Church2025:YPM-IZ-104465	collection_depth_source	data/sources/Ahuja2024_Supplementary_Table_1.xlsx#Invertebrate.1.0!P38	primary_sheet	data/sources/Ahuja2024_Supplementary_Table_1.xlsx	Invertebrate.1.0!P38	Ahuja2024:NA22	Ahuja2024:NA22;voucher:YPMIZ104465; explicit_metre_unit	data/sources/metadata_enrichment/sheet_metadata.tsv	620	
Church2025:YPM-IZ-104465	collection_id	Guam-104465	primary_sheet	data/sources/Ahuja2024_Supplementary_Table_1.xlsx	Invertebrate.1.0!B38	Ahuja2024:NA22	Ahuja2024:NA22;voucher:YPMIZ104465	data/sources/metadata_enrichment/sheet_metadata.tsv	621	
Church2025:YPM-IZ-104465	depth_m	0	primary_sheet	data/sources/Ahuja2024_Supplementary_Table_1.xlsx	Invertebrate.1.0!P38	Ahuja2024:NA22	Ahuja2024:NA22;voucher:YPMIZ104465; explicit_metre_unit	data/sources/metadata_enrichment/sheet_metadata.tsv	622	
Church2025:YPM-IZ-104465	depth_original	0 meters	primary_sheet	data/sources/Ahuja2024_Supplementary_Table_1.xlsx	Invertebrate.1.0!P38	Ahuja2024:NA22	Ahuja2024:NA22;voucher:YPMIZ104465	data/sources/metadata_enrichment/sheet_metadata.tsv	623	
Church2025:YPM-IZ-104465	lat_long_raw	13.428 N 144.799 W	primary_sheet	data/sources/Ahuja2024_Supplementary_Table_1.xlsx	Invertebrate.1.0!U38	Ahuja2024:NA22	Ahuja2024:NA22;voucher:YPMIZ104465	data/sources/metadata_enrichment/sheet_metadata.tsv	624	
Church2025:YPM-IZ-104465	latitude	13.428	primary_sheet	data/sources/Ahuja2024_Supplementary_Table_1.xlsx	Invertebrate.1.0!U38	Ahuja2024:NA22	Ahuja2024:NA22;voucher:YPMIZ104465	data/sources/metadata_enrichment/sheet_metadata.tsv	625	
Church2025:YPM-IZ-104465	locality	Pacific Ocean	primary_sheet	data/sources/Ahuja2024_Supplementary_Table_1.xlsx	Invertebrate.1.0!J38	Ahuja2024:NA22	Ahuja2024:NA22;voucher:YPMIZ104465	data/sources/metadata_enrichment/sheet_metadata.tsv	626	
Church2025:YPM-IZ-104465	longitude	-144.799	primary_sheet	data/sources/Ahuja2024_Supplementary_Table_1.xlsx	Invertebrate.1.0!U38	Ahuja2024:NA22	Ahuja2024:NA22;voucher:YPMIZ104465	data/sources/metadata_enrichment/sheet_metadata.tsv	627	
Church2025:YPM-IZ-104465	specimen_voucher	YPM:IZ:104465	primary_sheet	data/sources/Ahuja2024_Supplementary_Table_1.xlsx	Invertebrate.1.0!W38	Ahuja2024:NA22	Ahuja2024:NA22;voucher:YPMIZ104465	data/sources/metadata_enrichment/sheet_metadata.tsv	628	
Church2025:YPM-IZ-104465	tissue	corm	primary_sheet	data/sources/Ahuja2024_Supplementary_Table_1.xlsx	Invertebrate.1.0!K38	Ahuja2024:NA22	Ahuja2024:NA22;voucher:YPMIZ104465	data/sources/metadata_enrichment/sheet_metadata.tsv	629	
Ahuja2024:CWD1	biosample	SAMN32803028	biosample	https://www.ncbi.nlm.nih.gov/biosample/SAMN32803028	BioSample/@accession	SAMN32803028		data/sources/metadata_enrichment/external/biosample_candidates.tsv	2	
Ahuja2024:CWD1	collection_date	2002-09-22	biosample	https://www.ncbi.nlm.nih.gov/biosample/SAMN32803028	Attributes/Attribute[@attribute_name='collection_date']	SAMN32803028		data/sources/metadata_enrichment/external/biosample_candidates.tsv	3	
Ahuja2024:CWD1	collection_depth_source	https://www.ncbi.nlm.nih.gov/biosample/SAMN32803028	biosample	https://www.ncbi.nlm.nih.gov/biosample/SAMN32803028	Attributes/Attribute[@attribute_name='depth']	SAMN32803028		data/sources/metadata_enrichment/external/biosample_candidates.tsv	4	
Ahuja2024:CWD1	depth_m	10	biosample	https://www.ncbi.nlm.nih.gov/biosample/SAMN32803028	Attributes/Attribute[@attribute_name='depth']	SAMN32803028	Explicit metre unit retained; source depth definition otherwise unchanged.	data/sources/metadata_enrichment/external/biosample_candidates.tsv	5	
Ahuja2024:CWD1	depth_original	10 meters	biosample	https://www.ncbi.nlm.nih.gov/biosample/SAMN32803028	Attributes/Attribute[@attribute_name='depth']	SAMN32803028		data/sources/metadata_enrichment/external/biosample_candidates.tsv	6	
Ahuja2024:CWD1	lat_long_raw	37.43 N 72.68 W	biosample	https://www.ncbi.nlm.nih.gov/biosample/SAMN32803028	Attributes/Attribute[@attribute_name='lat_lon']	SAMN32803028		data/sources/metadata_enrichment/external/biosample_candidates.tsv	7	
Ahuja2024:CWD1	latitude	37.43	biosample	https://www.ncbi.nlm.nih.gov/biosample/SAMN32803028	Attributes/Attribute[@attribute_name='lat_lon']	SAMN32803028	Hemisphere sign applied; no geographic correction inferred.	data/sources/metadata_enrichment/external/biosample_candidates.tsv	8	
Ahuja2024:CWD1	locality	Atlantic Ocean	biosample	https://www.ncbi.nlm.nih.gov/biosample/SAMN32803028	Attributes/Attribute[@attribute_name='geo_loc_name']	SAMN32803028	Original geographic-location label retained; not an inference-region assignment.	data/sources/metadata_enrichment/external/biosample_candidates.tsv	9	
Ahuja2024:CWD1	longitude	-72.68	biosample	https://www.ncbi.nlm.nih.gov/biosample/SAMN32803028	Attributes/Attribute[@attribute_name='lat_lon']	SAMN32803028	Hemisphere sign applied; no geographic correction inferred.	data/sources/metadata_enrichment/external/biosample_candidates.tsv	10	
Ahuja2024:CWD1	specimen_voucher	YPM:IZ:35024	biosample	https://www.ncbi.nlm.nih.gov/biosample/SAMN32803028	Attributes/Attribute[@attribute_name='specimen_voucher']	SAMN32803028		data/sources/metadata_enrichment/external/biosample_candidates.tsv	11	
Ahuja2024:CWD1	tissue	siphosome	biosample	https://www.ncbi.nlm.nih.gov/biosample/SAMN32803028	Attributes/Attribute[@attribute_name='tissue']	SAMN32803028		data/sources/metadata_enrichment/external/biosample_candidates.tsv	12	
Ahuja2024:CWD101	biosample	SAMN32803033	biosample	https://www.ncbi.nlm.nih.gov/biosample/SAMN32803033	BioSample/@accession	SAMN32803033		data/sources/metadata_enrichment/external/biosample_candidates.tsv	13	
Ahuja2024:CWD101	collection_date	2003-07-18	biosample	https://www.ncbi.nlm.nih.gov/biosample/SAMN32803033	Attributes/Attribute[@attribute_name='collection_date']	SAMN32803033		data/sources/metadata_enrichment/external/biosample_candidates.tsv	14	
Ahuja2024:CWD101	collection_depth_source	https://www.ncbi.nlm.nih.gov/biosample/SAMN32803033	biosample	https://www.ncbi.nlm.nih.gov/biosample/SAMN32803033	Attributes/Attribute[@attribute_name='depth']	SAMN32803033		data/sources/metadata_enrichment/external/biosample_candidates.tsv	15	
Ahuja2024:CWD101	depth_m	387	biosample	https://www.ncbi.nlm.nih.gov/biosample/SAMN32803033	Attributes/Attribute[@attribute_name='depth']	SAMN32803033	Explicit metre unit retained; source depth definition otherwise unchanged.	data/sources/metadata_enrichment/external/biosample_candidates.tsv	16	
Ahuja2024:CWD101	depth_original	387 meters	biosample	https://www.ncbi.nlm.nih.gov/biosample/SAMN32803033	Attributes/Attribute[@attribute_name='depth']	SAMN32803033		data/sources/metadata_enrichment/external/biosample_candidates.tsv	17	
Ahuja2024:CWD101	lat_long_raw	36.23 N 122.77 W	biosample	https://www.ncbi.nlm.nih.gov/biosample/SAMN32803033	Attributes/Attribute[@attribute_name='lat_lon']	SAMN32803033		data/sources/metadata_enrichment/external/biosample_candidates.tsv	18	
Ahuja2024:CWD101	latitude	36.23	biosample	https://www.ncbi.nlm.nih.gov/biosample/SAMN32803033	Attributes/Attribute[@attribute_name='lat_lon']	SAMN32803033	Hemisphere sign applied; no geographic correction inferred.	data/sources/metadata_enrichment/external/biosample_candidates.tsv	19	
Ahuja2024:CWD101	locality	Pacific Ocean	biosample	https://www.ncbi.nlm.nih.gov/biosample/SAMN32803033	Attributes/Attribute[@attribute_name='geo_loc_name']	SAMN32803033	Original geographic-location label retained; not an inference-region assignment.	data/sources/metadata_enrichment/external/biosample_candidates.tsv	20	
Ahuja2024:CWD101	longitude	-122.77	biosample	https://www.ncbi.nlm.nih.gov/biosample/SAMN32803033	Attributes/Attribute[@attribute_name='lat_lon']	SAMN32803033	Hemisphere sign applied; no geographic correction inferred.	data/sources/metadata_enrichment/external/biosample_candidates.tsv	21	
Ahuja2024:CWD101	specimen_voucher	YPM:IZ:35090	biosample	https://www.ncbi.nlm.nih.gov/biosample/SAMN32803033	Attributes/Attribute[@attribute_name='specimen_voucher']	SAMN32803033		data/sources/metadata_enrichment/external/biosample_candidates.tsv	22	
Ahuja2024:CWD101	tissue	siphosome	biosample	https://www.ncbi.nlm.nih.gov/biosample/SAMN32803033	Attributes/Attribute[@attribute_name='tissue']	SAMN32803033		data/sources/metadata_enrichment/external/biosample_candidates.tsv	23	
Ahuja2024:CWD104	biosample	SAMN32803034	biosample	https://www.ncbi.nlm.nih.gov/biosample/SAMN32803034	BioSample/@accession	SAMN32803034		data/sources/metadata_enrichment/external/biosample_candidates.tsv	24	
Ahuja2024:CWD104	collection_date	2003-07-19	biosample	https://www.ncbi.nlm.nih.gov/biosample/SAMN32803034	Attributes/Attribute[@attribute_name='collection_date']	SAMN32803034		data/sources/metadata_enrichment/external/biosample_candidates.tsv	25	
Ahuja2024:CWD104	collection_depth_source	https://www.ncbi.nlm.nih.gov/biosample/SAMN32803034	biosample	https://www.ncbi.nlm.nih.gov/biosample/SAMN32803034	Attributes/Attribute[@attribute_name='depth']	SAMN32803034		data/sources/metadata_enrichment/external/biosample_candidates.tsv	26	
Ahuja2024:CWD104	depth_m	877	biosample	https://www.ncbi.nlm.nih.gov/biosample/SAMN32803034	Attributes/Attribute[@attribute_name='depth']	SAMN32803034	Explicit metre unit retained; source depth definition otherwise unchanged.	data/sources/metadata_enrichment/external/biosample_candidates.tsv	27	
Ahuja2024:CWD104	depth_original	877 meters	biosample	https://www.ncbi.nlm.nih.gov/biosample/SAMN32803034	Attributes/Attribute[@attribute_name='depth']	SAMN32803034		data/sources/metadata_enrichment/external/biosample_candidates.tsv	28	
Ahuja2024:CWD104	lat_long_raw	36.22 N 123.77 W	biosample	https://www.ncbi.nlm.nih.gov/biosample/SAMN32803034	Attributes/Attribute[@attribute_name='lat_lon']	SAMN32803034		data/sources/metadata_enrichment/external/biosample_candidates.tsv	29	
Ahuja2024:CWD104	latitude	36.22	biosample	https://www.ncbi.nlm.nih.gov/biosample/SAMN32803034	Attributes/Attribute[@attribute_name='lat_lon']	SAMN32803034	Hemisphere sign applied; no geographic correction inferred.	data/sources/metadata_enrichment/external/biosample_candidates.tsv	30	
Ahuja2024:CWD104	locality	Pacific Ocean	biosample	https://www.ncbi.nlm.nih.gov/biosample/SAMN32803034	Attributes/Attribute[@attribute_name='geo_loc_name']	SAMN32803034	Original geographic-location label retained; not an inference-region assignment.	data/sources/metadata_enrichment/external/biosample_candidates.tsv	31	
Ahuja2024:CWD104	longitude	-123.77	biosample	https://www.ncbi.nlm.nih.gov/biosample/SAMN32803034	Attributes/Attribute[@attribute_name='lat_lon']	SAMN32803034	Hemisphere sign applied; no geographic correction inferred.	data/sources/metadata_enrichment/external/biosample_candidates.tsv	32	
Ahuja2024:CWD104	tissue	siphosome	biosample	https://www.ncbi.nlm.nih.gov/biosample/SAMN32803034	Attributes/Attribute[@attribute_name='tissue']	SAMN32803034		data/sources/metadata_enrichment/external/biosample_candidates.tsv	33	
Ahuja2024:CWD11	biosample	SAMN32803061	biosample	https://www.ncbi.nlm.nih.gov/biosample/SAMN32803061	BioSample/@accession	SAMN32803061		data/sources/metadata_enrichment/external/biosample_candidates.tsv	34	
Ahuja2024:CWD11	collection_date	2002-07-03	biosample	https://www.ncbi.nlm.nih.gov/biosample/SAMN32803061	Attributes/Attribute[@attribute_name='collection_date']	SAMN32803061		data/sources/metadata_enrichment/external/biosample_candidates.tsv	35	
Ahuja2024:CWD11	collection_depth_source	https://www.ncbi.nlm.nih.gov/biosample/SAMN32803061	biosample	https://www.ncbi.nlm.nih.gov/biosample/SAMN32803061	Attributes/Attribute[@attribute_name='depth']	SAMN32803061		data/sources/metadata_enrichment/external/biosample_candidates.tsv	36	
Ahuja2024:CWD11	depth_m	800	biosample	https://www.ncbi.nlm.nih.gov/biosample/SAMN32803061	Attributes/Attribute[@attribute_name='depth']	SAMN32803061	Explicit metre unit retained; source depth definition otherwise unchanged.	data/sources/metadata_enrichment/external/biosample_candidates.tsv	37	
Ahuja2024:CWD11	depth_original	800 meters	biosample	https://www.ncbi.nlm.nih.gov/biosample/SAMN32803061	Attributes/Attribute[@attribute_name='depth']	SAMN32803061		data/sources/metadata_enrichment/external/biosample_candidates.tsv	38	
Ahuja2024:CWD11	lat_long_raw	40.31 N 68.13 W	biosample	https://www.ncbi.nlm.nih.gov/biosample/SAMN32803061	Attributes/Attribute[@attribute_name='lat_lon']	SAMN32803061		data/sources/metadata_enrichment/external/biosample_candidates.tsv	39	
Ahuja2024:CWD11	latitude	40.31	biosample	https://www.ncbi.nlm.nih.gov/biosample/SAMN32803061	Attributes/Attribute[@attribute_name='lat_lon']	SAMN32803061	Hemisphere sign applied; no geographic correction inferred.	data/sources/metadata_enrichment/external/biosample_candidates.tsv	40	
Ahuja2024:CWD11	locality	Atlantic Ocean	biosample	https://www.ncbi.nlm.nih.gov/biosample/SAMN32803061	Attributes/Attribute[@attribute_name='geo_loc_name']	SAMN32803061	Original geographic-location label retained; not an inference-region assignment.	data/sources/metadata_enrichment/external/biosample_candidates.tsv	41	
Ahuja2024:CWD11	longitude	-68.13	biosample	https://www.ncbi.nlm.nih.gov/biosample/SAMN32803061	Attributes/Attribute[@attribute_name='lat_lon']	SAMN32803061	Hemisphere sign applied; no geographic correction inferred.	data/sources/metadata_enrichment/external/biosample_candidates.tsv	42	
Ahuja2024:CWD11	specimen_voucher	YPM:IZ:35076	biosample	https://www.ncbi.nlm.nih.gov/biosample/SAMN32803061	Attributes/Attribute[@attribute_name='specimen_voucher']	SAMN32803061		data/sources/metadata_enrichment/external/biosample_candidates.tsv	43	
Ahuja2024:CWD11	tissue	siphosome	biosample	https://www.ncbi.nlm.nih.gov/biosample/SAMN32803061	Attributes/Attribute[@attribute_name='tissue']	SAMN32803061		data/sources/metadata_enrichment/external/biosample_candidates.tsv	44	
Ahuja2024:CWD116	biosample	SAMN32803030	biosample	https://www.ncbi.nlm.nih.gov/biosample/SAMN32803030	BioSample/@accession	SAMN32803030		data/sources/metadata_enrichment/external/biosample_candidates.tsv	45	
Ahuja2024:CWD116	collection_date	2003-07-19	biosample	https://www.ncbi.nlm.nih.gov/biosample/SAMN32803030	Attributes/Attribute[@attribute_name='collection_date']	SAMN32803030		data/sources/metadata_enrichment/external/biosample_candidates.tsv	46	
Ahuja2024:CWD116	collection_depth_source	https://www.ncbi.nlm.nih.gov/biosample/SAMN32803030	biosample	https://www.ncbi.nlm.nih.gov/biosample/SAMN32803030	Attributes/Attribute[@attribute_name='depth']	SAMN32803030		data/sources/metadata_enrichment/external/biosample_candidates.tsv	47	
Ahuja2024:CWD116	depth_m	10	biosample	https://www.ncbi.nlm.nih.gov/biosample/SAMN32803030	Attributes/Attribute[@attribute_name='depth']	SAMN32803030	Explicit metre unit retained; source depth definition otherwise unchanged.	data/sources/metadata_enrichment/external/biosample_candidates.tsv	48	
Ahuja2024:CWD116	depth_original	10 meters	biosample	https://www.ncbi.nlm.nih.gov/biosample/SAMN32803030	Attributes/Attribute[@attribute_name='depth']	SAMN32803030		data/sources/metadata_enrichment/external/biosample_candidates.tsv	49	
Ahuja2024:CWD116	lat_long_raw	36.22 N 123.77 W	biosample	https://www.ncbi.nlm.nih.gov/biosample/SAMN32803030	Attributes/Attribute[@attribute_name='lat_lon']	SAMN32803030		data/sources/metadata_enrichment/external/biosample_candidates.tsv	50	
Ahuja2024:CWD116	latitude	36.22	biosample	https://www.ncbi.nlm.nih.gov/biosample/SAMN32803030	Attributes/Attribute[@attribute_name='lat_lon']	SAMN32803030	Hemisphere sign applied; no geographic correction inferred.	data/sources/metadata_enrichment/external/biosample_candidates.tsv	51	
Ahuja2024:CWD116	locality	Pacific Ocean	biosample	https://www.ncbi.nlm.nih.gov/biosample/SAMN32803030	Attributes/Attribute[@attribute_name='geo_loc_name']	SAMN32803030	Original geographic-location label retained; not an inference-region assignment.	data/sources/metadata_enrichment/external/biosample_candidates.tsv	52	
Ahuja2024:CWD116	longitude	-123.77	biosample	https://www.ncbi.nlm.nih.gov/biosample/SAMN32803030	Attributes/Attribute[@attribute_name='lat_lon']	SAMN32803030	Hemisphere sign applied; no geographic correction inferred.	data/sources/metadata_enrichment/external/biosample_candidates.tsv	53	
Ahuja2024:CWD116	tissue	siphosome	biosample	https://www.ncbi.nlm.nih.gov/biosample/SAMN32803030	Attributes/Attribute[@attribute_name='tissue']	SAMN32803030		data/sources/metadata_enrichment/external/biosample_candidates.tsv	54	
Ahuja2024:CWD117	biosample	SAMN32803047	biosample	https://www.ncbi.nlm.nih.gov/biosample/SAMN32803047	BioSample/@accession	SAMN32803047		data/sources/metadata_enrichment/external/biosample_candidates.tsv	55	
Ahuja2024:CWD117	collection_date	1999-06-28	biosample	https://www.ncbi.nlm.nih.gov/biosample/SAMN32803047	Attributes/Attribute[@attribute_name='collection_date']	SAMN32803047		data/sources/metadata_enrichment/external/biosample_candidates.tsv	56	
Ahuja2024:CWD117	collection_depth_source	https://www.ncbi.nlm.nih.gov/biosample/SAMN32803047	biosample	https://www.ncbi.nlm.nih.gov/biosample/SAMN32803047	Attributes/Attribute[@attribute_name='depth']	SAMN32803047		data/sources/metadata_enrichment/external/biosample_candidates.tsv	57	
Ahuja2024:CWD117	depth_m	10	biosample	https://www.ncbi.nlm.nih.gov/biosample/SAMN32803047	Attributes/Attribute[@attribute_name='depth']	SAMN32803047	Explicit metre unit retained; source depth definition otherwise unchanged.	data/sources/metadata_enrichment/external/biosample_candidates.tsv	58	
Ahuja2024:CWD117	depth_original	10 meters	biosample	https://www.ncbi.nlm.nih.gov/biosample/SAMN32803047	Attributes/Attribute[@attribute_name='depth']	SAMN32803047		data/sources/metadata_enrichment/external/biosample_candidates.tsv	59	
Ahuja2024:CWD117	lat_long_raw	39.70 N 70.92 W	biosample	https://www.ncbi.nlm.nih.gov/biosample/SAMN32803047	Attributes/Attribute[@attribute_name='lat_lon']	SAMN32803047		data/sources/metadata_enrichment/external/biosample_candidates.tsv	60	
Ahuja2024:CWD117	latitude	39.7	biosample	https://www.ncbi.nlm.nih.gov/biosample/SAMN32803047	Attributes/Attribute[@attribute_name='lat_lon']	SAMN32803047	Hemisphere sign applied; no geographic correction inferred.	data/sources/metadata_enrichment/external/biosample_candidates.tsv	61	
Ahuja2024:CWD117	locality	Atlantic Ocean	biosample	https://www.ncbi.nlm.nih.gov/biosample/SAMN32803047	Attributes/Attribute[@attribute_name='geo_loc_name']	SAMN32803047	Original geographic-location label retained; not an inference-region assignment.	data/sources/metadata_enrichment/external/biosample_candidates.tsv	62	
Ahuja2024:CWD117	longitude	-70.92	biosample	https://www.ncbi.nlm.nih.gov/biosample/SAMN32803047	Attributes/Attribute[@attribute_name='lat_lon']	SAMN32803047	Hemisphere sign applied; no geographic correction inferred.	data/sources/metadata_enrichment/external/biosample_candidates.tsv	63	
Ahuja2024:CWD117	specimen_voucher	YPM:IZ:35045	biosample	https://www.ncbi.nlm.nih.gov/biosample/SAMN32803047	Attributes/Attribute[@attribute_name='specimen_voucher']	SAMN32803047		data/sources/metadata_enrichment/external/biosample_candidates.tsv	64	
Ahuja2024:CWD117	tissue	siphosome	biosample	https://www.ncbi.nlm.nih.gov/biosample/SAMN32803047	Attributes/Attribute[@attribute_name='tissue']	SAMN32803047		data/sources/metadata_enrichment/external/biosample_candidates.tsv	65	
Ahuja2024:CWD12	biosample	SAMN32803045	biosample	https://www.ncbi.nlm.nih.gov/biosample/SAMN32803045	BioSample/@accession	SAMN32803045		data/sources/metadata_enrichment/external/biosample_candidates.tsv	66	
Ahuja2024:CWD12	collection_date	2003-04-16	biosample	https://www.ncbi.nlm.nih.gov/biosample/SAMN32803045	Attributes/Attribute[@attribute_name='collection_date']	SAMN32803045		data/sources/metadata_enrichment/external/biosample_candidates.tsv	67	
Ahuja2024:CWD12	collection_depth_source	https://www.ncbi.nlm.nih.gov/biosample/SAMN32803045	biosample	https://www.ncbi.nlm.nih.gov/biosample/SAMN32803045	Attributes/Attribute[@attribute_name='depth']	SAMN32803045		data/sources/metadata_enrichment/external/biosample_candidates.tsv	68	
Ahuja2024:CWD12	depth_m	10	biosample	https://www.ncbi.nlm.nih.gov/biosample/SAMN32803045	Attributes/Attribute[@attribute_name='depth']	SAMN32803045	Explicit metre unit retained; source depth definition otherwise unchanged.	data/sources/metadata_enrichment/external/biosample_candidates.tsv	69	
Ahuja2024:CWD12	depth_original	10 meters	biosample	https://www.ncbi.nlm.nih.gov/biosample/SAMN32803045	Attributes/Attribute[@attribute_name='depth']	SAMN32803045		data/sources/metadata_enrichment/external/biosample_candidates.tsv	70	
Ahuja2024:CWD12	lat_long_raw	43.68 N 7.33 E	biosample	https://www.ncbi.nlm.nih.gov/biosample/SAMN32803045	Attributes/Attribute[@attribute_name='lat_lon']	SAMN32803045		data/sources/metadata_enrichment/external/biosample_candidates.tsv	71	
Ahuja2024:CWD12	latitude	43.68	biosample	https://www.ncbi.nlm.nih.gov/biosample/SAMN32803045	Attributes/Attribute[@attribute_name='lat_lon']	SAMN32803045	Hemisphere sign applied; no geographic correction inferred.	data/sources/metadata_enrichment/external/biosample_candidates.tsv	72	
Ahuja2024:CWD12	locality	Mediterranean Sea	biosample	https://www.ncbi.nlm.nih.gov/biosample/SAMN32803045	Attributes/Attribute[@attribute_name='geo_loc_name']	SAMN32803045	Original geographic-location label retained; not an inference-region assignment.	data/sources/metadata_enrichment/external/biosample_candidates.tsv	73	
Ahuja2024:CWD12	longitude	7.33	biosample	https://www.ncbi.nlm.nih.gov/biosample/SAMN32803045	Attributes/Attribute[@attribute_name='lat_lon']	SAMN32803045	Hemisphere sign applied; no geographic correction inferred.	data/sources/metadata_enrichment/external/biosample_candidates.tsv	74	
Ahuja2024:CWD12	specimen_voucher	YPM:IZ:35038	biosample	https://www.ncbi.nlm.nih.gov/biosample/SAMN32803045	Attributes/Attribute[@attribute_name='specimen_voucher']	SAMN32803045		data/sources/metadata_enrichment/external/biosample_candidates.tsv	75	
Ahuja2024:CWD12	tissue	siphosome	biosample	https://www.ncbi.nlm.nih.gov/biosample/SAMN32803045	Attributes/Attribute[@attribute_name='tissue']	SAMN32803045		data/sources/metadata_enrichment/external/biosample_candidates.tsv	76	
Ahuja2024:CWD121	biosample	SAMN32803027	biosample	https://www.ncbi.nlm.nih.gov/biosample/SAMN32803027	BioSample/@accession	SAMN32803027		data/sources/metadata_enrichment/external/biosample_candidates.tsv	77	
Ahuja2024:CWD121	collection_date	1999-06-28	biosample	https://www.ncbi.nlm.nih.gov/biosample/SAMN32803027	Attributes/Attribute[@attribute_name='collection_date']	SAMN32803027		data/sources/metadata_enrichment/external/biosample_candidates.tsv	78	
Ahuja2024:CWD121	collection_depth_source	https://www.ncbi.nlm.nih.gov/biosample/SAMN32803027	biosample	https://www.ncbi.nlm.nih.gov/biosample/SAMN32803027	Attributes/Attribute[@attribute_name='depth']	SAMN32803027		data/sources/metadata_enrichment/external/biosample_candidates.tsv	79	
Ahuja2024:CWD121	depth_m	10	biosample	https://www.ncbi.nlm.nih.gov/biosample/SAMN32803027	Attributes/Attribute[@attribute_name='depth']	SAMN32803027	Explicit metre unit retained; source depth definition otherwise unchanged.	data/sources/metadata_enrichment/external/biosample_candidates.tsv	80	
Ahuja2024:CWD121	depth_original	10 meters	biosample	https://www.ncbi.nlm.nih.gov/biosample/SAMN32803027	Attributes/Attribute[@attribute_name='depth']	SAMN32803027		data/sources/metadata_enrichment/external/biosample_candidates.tsv	81	
Ahuja2024:CWD121	lat_long_raw	39.75 N 70.87 W	biosample	https://www.ncbi.nlm.nih.gov/biosample/SAMN32803027	Attributes/Attribute[@attribute_name='lat_lon']	SAMN32803027		data/sources/metadata_enrichment/external/biosample_candidates.tsv	82	
Ahuja2024:CWD121	latitude	39.75	biosample	https://www.ncbi.nlm.nih.gov/biosample/SAMN32803027	Attributes/Attribute[@attribute_name='lat_lon']	SAMN32803027	Hemisphere sign applied; no geographic correction inferred.	data/sources/metadata_enrichment/external/biosample_candidates.tsv	83	
Ahuja2024:CWD121	locality	Atlantic Ocean	biosample	https://www.ncbi.nlm.nih.gov/biosample/SAMN32803027	Attributes/Attribute[@attribute_name='geo_loc_name']	SAMN32803027	Original geographic-location label retained; not an inference-region assignment.	data/sources/metadata_enrichment/external/biosample_candidates.tsv	84	
Ahuja2024:CWD121	longitude	-70.87	biosample	https://www.ncbi.nlm.nih.gov/biosample/SAMN32803027	Attributes/Attribute[@attribute_name='lat_lon']	SAMN32803027	Hemisphere sign applied; no geographic correction inferred.	data/sources/metadata_enrichment/external/biosample_candidates.tsv	85	
Ahuja2024:CWD121	specimen_voucher	YPM:IZ:35350	biosample	https://www.ncbi.nlm.nih.gov/biosample/SAMN32803027	Attributes/Attribute[@attribute_name='specimen_voucher']	SAMN32803027		data/sources/metadata_enrichment/external/biosample_candidates.tsv	86	
Ahuja2024:CWD121	tissue	siphosome	biosample	https://www.ncbi.nlm.nih.gov/biosample/SAMN32803027	Attributes/Attribute[@attribute_name='tissue']	SAMN32803027		data/sources/metadata_enrichment/external/biosample_candidates.tsv	87	
Ahuja2024:CWD122	biosample	SAMN32803036	biosample	https://www.ncbi.nlm.nih.gov/biosample/SAMN32803036	BioSample/@accession	SAMN32803036		data/sources/metadata_enrichment/external/biosample_candidates.tsv	88	
Ahuja2024:CWD122	collection_date	1999-06-28	biosample	https://www.ncbi.nlm.nih.gov/biosample/SAMN32803036	Attributes/Attribute[@attribute_name='collection_date']	SAMN32803036		data/sources/metadata_enrichment/external/biosample_candidates.tsv	89	
Ahuja2024:CWD122	collection_depth_source	https://www.ncbi.nlm.nih.gov/biosample/SAMN32803036	biosample	https://www.ncbi.nlm.nih.gov/biosample/SAMN32803036	Attributes/Attribute[@attribute_name='depth']	SAMN32803036		data/sources/metadata_enrichment/external/biosample_candidates.tsv	90	
Ahuja2024:CWD122	depth_m	10	biosample	https://www.ncbi.nlm.nih.gov/biosample/SAMN32803036	Attributes/Attribute[@attribute_name='depth']	SAMN32803036	Explicit metre unit retained; source depth definition otherwise unchanged.	data/sources/metadata_enrichment/external/biosample_candidates.tsv	91	
Ahuja2024:CWD122	depth_original	10 meters	biosample	https://www.ncbi.nlm.nih.gov/biosample/SAMN32803036	Attributes/Attribute[@attribute_name='depth']	SAMN32803036		data/sources/metadata_enrichment/external/biosample_candidates.tsv	92	
Ahuja2024:CWD122	lat_long_raw	39.7 N 70.90 W	biosample	https://www.ncbi.nlm.nih.gov/biosample/SAMN32803036	Attributes/Attribute[@attribute_name='lat_lon']	SAMN32803036		data/sources/metadata_enrichment/external/biosample_candidates.tsv	93	
Ahuja2024:CWD122	latitude	39.7	biosample	https://www.ncbi.nlm.nih.gov/biosample/SAMN32803036	Attributes/Attribute[@attribute_name='lat_lon']	SAMN32803036	Hemisphere sign applied; no geographic correction inferred.	data/sources/metadata_enrichment/external/biosample_candidates.tsv	94	
Ahuja2024:CWD122	locality	Atlantic Ocean	biosample	https://www.ncbi.nlm.nih.gov/biosample/SAMN32803036	Attributes/Attribute[@attribute_name='geo_loc_name']	SAMN32803036	Original geographic-location label retained; not an inference-region assignment.	data/sources/metadata_enrichment/external/biosample_candidates.tsv	95	
Ahuja2024:CWD122	longitude	-70.9	biosample	https://www.ncbi.nlm.nih.gov/biosample/SAMN32803036	Attributes/Attribute[@attribute_name='lat_lon']	SAMN32803036	Hemisphere sign applied; no geographic correction inferred.	data/sources/metadata_enrichment/external/biosample_candidates.tsv	96	
Ahuja2024:CWD122	specimen_voucher	YPM:IZ:35049	biosample	https://www.ncbi.nlm.nih.gov/biosample/SAMN32803036	Attributes/Attribute[@attribute_name='specimen_voucher']	SAMN32803036		data/sources/metadata_enrichment/external/biosample_candidates.tsv	97	
Ahuja2024:CWD122	tissue	siphosome	biosample	https://www.ncbi.nlm.nih.gov/biosample/SAMN32803036	Attributes/Attribute[@attribute_name='tissue']	SAMN32803036		data/sources/metadata_enrichment/external/biosample_candidates.tsv	98	
Ahuja2024:CWD131	biosample	SAMN32803057	biosample	https://www.ncbi.nlm.nih.gov/biosample/SAMN32803057	BioSample/@accession	SAMN32803057		data/sources/metadata_enrichment/external/biosample_candidates.tsv	99	
Ahuja2024:CWD131	collection_date	2003-03-15	biosample	https://www.ncbi.nlm.nih.gov/biosample/SAMN32803057	Attributes/Attribute[@attribute_name='collection_date']	SAMN32803057		data/sources/metadata_enrichment/external/biosample_candidates.tsv	100	
Ahuja2024:CWD131	collection_depth_source	https://www.ncbi.nlm.nih.gov/biosample/SAMN32803057	biosample	https://www.ncbi.nlm.nih.gov/biosample/SAMN32803057	Attributes/Attribute[@attribute_name='depth']	SAMN32803057		data/sources/metadata_enrichment/external/biosample_candidates.tsv	101	
Ahuja2024:CWD131	depth_m	10	biosample	https://www.ncbi.nlm.nih.gov/biosample/SAMN32803057	Attributes/Attribute[@attribute_name='depth']	SAMN32803057	Explicit metre unit retained; source depth definition otherwise unchanged.	data/sources/metadata_enrichment/external/biosample_candidates.tsv	102	
Ahuja2024:CWD131	depth_original	10 meters	biosample	https://www.ncbi.nlm.nih.gov/biosample/SAMN32803057	Attributes/Attribute[@attribute_name='depth']	SAMN32803057		data/sources/metadata_enrichment/external/biosample_candidates.tsv	103	
Ahuja2024:CWD131	lat_long_raw	24.32 N 109.20 W	biosample	https://www.ncbi.nlm.nih.gov/biosample/SAMN32803057	Attributes/Attribute[@attribute_name='lat_lon']	SAMN32803057		data/sources/metadata_enrichment/external/biosample_candidates.tsv	104	
Ahuja2024:CWD131	latitude	24.32	biosample	https://www.ncbi.nlm.nih.gov/biosample/SAMN32803057	Attributes/Attribute[@attribute_name='lat_lon']	SAMN32803057	Hemisphere sign applied; no geographic correction inferred.	data/sources/metadata_enrichment/external/biosample_candidates.tsv	105	
Ahuja2024:CWD131	locality	Pacific Ocean	biosample	https://www.ncbi.nlm.nih.gov/biosample/SAMN32803057	Attributes/Attribute[@attribute_name='geo_loc_name']	SAMN32803057	Original geographic-location label retained; not an inference-region assignment.	data/sources/metadata_enrichment/external/biosample_candidates.tsv	106	
Ahuja2024:CWD131	longitude	-109.2	biosample	https://www.ncbi.nlm.nih.gov/biosample/SAMN32803057	Attributes/Attribute[@attribute_name='lat_lon']	SAMN32803057	Hemisphere sign applied; no geographic correction inferred.	data/sources/metadata_enrichment/external/biosample_candidates.tsv	107	
Ahuja2024:CWD131	specimen_voucher	YPM:IZ:35355	biosample	https://www.ncbi.nlm.nih.gov/biosample/SAMN32803057	Attributes/Attribute[@attribute_name='specimen_voucher']	SAMN32803057		data/sources/metadata_enrichment/external/biosample_candidates.tsv	108	
Ahuja2024:CWD131	tissue	siphosome	biosample	https://www.ncbi.nlm.nih.gov/biosample/SAMN32803057	Attributes/Attribute[@attribute_name='tissue']	SAMN32803057		data/sources/metadata_enrichment/external/biosample_candidates.tsv	109	
Ahuja2024:CWD141	biosample	SAMN32803060	biosample	https://www.ncbi.nlm.nih.gov/biosample/SAMN32803060	BioSample/@accession	SAMN32803060		data/sources/metadata_enrichment/external/biosample_candidates.tsv	110	
Ahuja2024:CWD141	collection_date	2003-03-26	biosample	https://www.ncbi.nlm.nih.gov/biosample/SAMN32803060	Attributes/Attribute[@attribute_name='collection_date']	SAMN32803060		data/sources/metadata_enrichment/external/biosample_candidates.tsv	111	
Ahuja2024:CWD141	collection_depth_source	https://www.ncbi.nlm.nih.gov/biosample/SAMN32803060	biosample	https://www.ncbi.nlm.nih.gov/biosample/SAMN32803060	Attributes/Attribute[@attribute_name='depth']	SAMN32803060		data/sources/metadata_enrichment/external/biosample_candidates.tsv	112	
Ahuja2024:CWD141	depth_m	1349	biosample	https://www.ncbi.nlm.nih.gov/biosample/SAMN32803060	Attributes/Attribute[@attribute_name='depth']	SAMN32803060	Explicit metre unit retained; source depth definition otherwise unchanged.	data/sources/metadata_enrichment/external/biosample_candidates.tsv	113	
Ahuja2024:CWD141	depth_original	1349 meters	biosample	https://www.ncbi.nlm.nih.gov/biosample/SAMN32803060	Attributes/Attribute[@attribute_name='depth']	SAMN32803060		data/sources/metadata_enrichment/external/biosample_candidates.tsv	114	
Ahuja2024:CWD141	lat_long_raw	24.31 N 109.20 W	biosample	https://www.ncbi.nlm.nih.gov/biosample/SAMN32803060	Attributes/Attribute[@attribute_name='lat_lon']	SAMN32803060		data/sources/metadata_enrichment/external/biosample_candidates.tsv	115	
Ahuja2024:CWD141	latitude	24.31	biosample	https://www.ncbi.nlm.nih.gov/biosample/SAMN32803060	Attributes/Attribute[@attribute_name='lat_lon']	SAMN32803060	Hemisphere sign applied; no geographic correction inferred.	data/sources/metadata_enrichment/external/biosample_candidates.tsv	116	
Ahuja2024:CWD141	locality	Pacific Ocean	biosample	https://www.ncbi.nlm.nih.gov/biosample/SAMN32803060	Attributes/Attribute[@attribute_name='geo_loc_name']	SAMN32803060	Original geographic-location label retained; not an inference-region assignment.	data/sources/metadata_enrichment/external/biosample_candidates.tsv	117	
Ahuja2024:CWD141	longitude	-109.2	biosample	https://www.ncbi.nlm.nih.gov/biosample/SAMN32803060	Attributes/Attribute[@attribute_name='lat_lon']	SAMN32803060	Hemisphere sign applied; no geographic correction inferred.	data/sources/metadata_enrichment/external/biosample_candidates.tsv	118	
Ahuja2024:CWD141	specimen_voucher	YPM:IZ:35358	biosample	https://www.ncbi.nlm.nih.gov/biosample/SAMN32803060	Attributes/Attribute[@attribute_name='specimen_voucher']	SAMN32803060		data/sources/metadata_enrichment/external/biosample_candidates.tsv	119	
Ahuja2024:CWD141	tissue	siphosome	biosample	https://www.ncbi.nlm.nih.gov/biosample/SAMN32803060	Attributes/Attribute[@attribute_name='tissue']	SAMN32803060		data/sources/metadata_enrichment/external/biosample_candidates.tsv	120	
Ahuja2024:CWD144	biosample	SAMN32803044	biosample	https://www.ncbi.nlm.nih.gov/biosample/SAMN32803044	BioSample/@accession	SAMN32803044		data/sources/metadata_enrichment/external/biosample_candidates.tsv	121	
Ahuja2024:CWD144	collection_date	2000-01-13	biosample	https://www.ncbi.nlm.nih.gov/biosample/SAMN32803044	Attributes/Attribute[@attribute_name='collection_date']	SAMN32803044		data/sources/metadata_enrichment/external/biosample_candidates.tsv	122	
Ahuja2024:CWD144	collection_depth_source	https://www.ncbi.nlm.nih.gov/biosample/SAMN32803044	biosample	https://www.ncbi.nlm.nih.gov/biosample/SAMN32803044	Attributes/Attribute[@attribute_name='depth']	SAMN32803044		data/sources/metadata_enrichment/external/biosample_candidates.tsv	123	
Ahuja2024:CWD144	depth_m	420	biosample	https://www.ncbi.nlm.nih.gov/biosample/SAMN32803044	Attributes/Attribute[@attribute_name='depth']	SAMN32803044	Explicit metre unit retained; source depth definition otherwise unchanged.	data/sources/metadata_enrichment/external/biosample_candidates.tsv	124	
Ahuja2024:CWD144	depth_original	420 meters	biosample	https://www.ncbi.nlm.nih.gov/biosample/SAMN32803044	Attributes/Attribute[@attribute_name='depth']	SAMN32803044		data/sources/metadata_enrichment/external/biosample_candidates.tsv	125	
Ahuja2024:CWD144	lat_long_raw	36.70 N 122.04 W	biosample	https://www.ncbi.nlm.nih.gov/biosample/SAMN32803044	Attributes/Attribute[@attribute_name='lat_lon']	SAMN32803044		data/sources/metadata_enrichment/external/biosample_candidates.tsv	126	
Ahuja2024:CWD144	latitude	36.7	biosample	https://www.ncbi.nlm.nih.gov/biosample/SAMN32803044	Attributes/Attribute[@attribute_name='lat_lon']	SAMN32803044	Hemisphere sign applied; no geographic correction inferred.	data/sources/metadata_enrichment/external/biosample_candidates.tsv	127	
Ahuja2024:CWD144	locality	Pacific Ocean	biosample	https://www.ncbi.nlm.nih.gov/biosample/SAMN32803044	Attributes/Attribute[@attribute_name='geo_loc_name']	SAMN32803044	Original geographic-location label retained; not an inference-region assignment.	data/sources/metadata_enrichment/external/biosample_candidates.tsv	128	
Ahuja2024:CWD144	longitude	-122.04	biosample	https://www.ncbi.nlm.nih.gov/biosample/SAMN32803044	Attributes/Attribute[@attribute_name='lat_lon']	SAMN32803044	Hemisphere sign applied; no geographic correction inferred.	data/sources/metadata_enrichment/external/biosample_candidates.tsv	129	
Ahuja2024:CWD144	specimen_voucher	YPM:IZ:35360	biosample	https://www.ncbi.nlm.nih.gov/biosample/SAMN32803044	Attributes/Attribute[@attribute_name='specimen_voucher']	SAMN32803044		data/sources/metadata_enrichment/external/biosample_candidates.tsv	130	
Ahuja2024:CWD144	tissue	siphosome	biosample	https://www.ncbi.nlm.nih.gov/biosample/SAMN32803044	Attributes/Attribute[@attribute_name='tissue']	SAMN32803044		data/sources/metadata_enrichment/external/biosample_candidates.tsv	131	
Ahuja2024:CWD146	biosample	SAMN32803041	biosample	https://www.ncbi.nlm.nih.gov/biosample/SAMN32803041	BioSample/@accession	SAMN32803041		data/sources/metadata_enrichment/external/biosample_candidates.tsv	132	
Ahuja2024:CWD146	collection_date	2003-03-13	biosample	https://www.ncbi.nlm.nih.gov/biosample/SAMN32803041	Attributes/Attribute[@attribute_name='collection_date']	SAMN32803041		data/sources/metadata_enrichment/external/biosample_candidates.tsv	133	
Ahuja2024:CWD146	collection_depth_source	https://www.ncbi.nlm.nih.gov/biosample/SAMN32803041	biosample	https://www.ncbi.nlm.nih.gov/biosample/SAMN32803041	Attributes/Attribute[@attribute_name='depth']	SAMN32803041		data/sources/metadata_enrichment/external/biosample_candidates.tsv	134	
Ahuja2024:CWD146	depth_m	910	biosample	https://www.ncbi.nlm.nih.gov/biosample/SAMN32803041	Attributes/Attribute[@attribute_name='depth']	SAMN32803041	Explicit metre unit retained; source depth definition otherwise unchanged.	data/sources/metadata_enrichment/external/biosample_candidates.tsv	135	
Ahuja2024:CWD146	depth_original	910 meters	biosample	https://www.ncbi.nlm.nih.gov/biosample/SAMN32803041	Attributes/Attribute[@attribute_name='depth']	SAMN32803041		data/sources/metadata_enrichment/external/biosample_candidates.tsv	136	
Ahuja2024:CWD146	lat_long_raw	24.32 N 109.2 W	biosample	https://www.ncbi.nlm.nih.gov/biosample/SAMN32803041	Attributes/Attribute[@attribute_name='lat_lon']	SAMN32803041		data/sources/metadata_enrichment/external/biosample_candidates.tsv	137	
Ahuja2024:CWD146	latitude	24.32	biosample	https://www.ncbi.nlm.nih.gov/biosample/SAMN32803041	Attributes/Attribute[@attribute_name='lat_lon']	SAMN32803041	Hemisphere sign applied; no geographic correction inferred.	data/sources/metadata_enrichment/external/biosample_candidates.tsv	138	
Ahuja2024:CWD146	locality	Pacific Ocean	biosample	https://www.ncbi.nlm.nih.gov/biosample/SAMN32803041	Attributes/Attribute[@attribute_name='geo_loc_name']	SAMN32803041	Original geographic-location label retained; not an inference-region assignment.	data/sources/metadata_enrichment/external/biosample_candidates.tsv	139	
Ahuja2024:CWD146	longitude	-109.2	biosample	https://www.ncbi.nlm.nih.gov/biosample/SAMN32803041	Attributes/Attribute[@attribute_name='lat_lon']	SAMN32803041	Hemisphere sign applied; no geographic correction inferred.	data/sources/metadata_enrichment/external/biosample_candidates.tsv	140	
Ahuja2024:CWD146	specimen_voucher	YPM:IZ:35362	biosample	https://www.ncbi.nlm.nih.gov/biosample/SAMN32803041	Attributes/Attribute[@attribute_name='specimen_voucher']	SAMN32803041		data/sources/metadata_enrichment/external/biosample_candidates.tsv	141	
Ahuja2024:CWD146	tissue	siphosome	biosample	https://www.ncbi.nlm.nih.gov/biosample/SAMN32803041	Attributes/Attribute[@attribute_name='tissue']	SAMN32803041		data/sources/metadata_enrichment/external/biosample_candidates.tsv	142	
Ahuja2024:CWD16	biosample	SAMN32803050	biosample	https://www.ncbi.nlm.nih.gov/biosample/SAMN32803050	BioSample/@accession	SAMN32803050		data/sources/metadata_enrichment/external/biosample_candidates.tsv	143	
Ahuja2024:CWD16	collection_date	2002-06-08	biosample	https://www.ncbi.nlm.nih.gov/biosample/SAMN32803050	Attributes/Attribute[@attribute_name='collection_date']	SAMN32803050		data/sources/metadata_enrichment/external/biosample_candidates.tsv	144	
Ahuja2024:CWD16	collection_depth_source	https://www.ncbi.nlm.nih.gov/biosample/SAMN32803050	biosample	https://www.ncbi.nlm.nih.gov/biosample/SAMN32803050	Attributes/Attribute[@attribute_name='depth']	SAMN32803050		data/sources/metadata_enrichment/external/biosample_candidates.tsv	145	
Ahuja2024:CWD16	depth_m	10	biosample	https://www.ncbi.nlm.nih.gov/biosample/SAMN32803050	Attributes/Attribute[@attribute_name='depth']	SAMN32803050	Explicit metre unit retained; source depth definition otherwise unchanged.	data/sources/metadata_enrichment/external/biosample_candidates.tsv	146	
Ahuja2024:CWD16	depth_original	10 meters	biosample	https://www.ncbi.nlm.nih.gov/biosample/SAMN32803050	Attributes/Attribute[@attribute_name='depth']	SAMN32803050		data/sources/metadata_enrichment/external/biosample_candidates.tsv	147	
Ahuja2024:CWD16	lat_long_raw	37.45 N 74.02 W	biosample	https://www.ncbi.nlm.nih.gov/biosample/SAMN32803050	Attributes/Attribute[@attribute_name='lat_lon']	SAMN32803050		data/sources/metadata_enrichment/external/biosample_candidates.tsv	148	
Ahuja2024:CWD16	latitude	37.45	biosample	https://www.ncbi.nlm.nih.gov/biosample/SAMN32803050	Attributes/Attribute[@attribute_name='lat_lon']	SAMN32803050	Hemisphere sign applied; no geographic correction inferred.	data/sources/metadata_enrichment/external/biosample_candidates.tsv	149	
Ahuja2024:CWD16	locality	Atlantic Ocean	biosample	https://www.ncbi.nlm.nih.gov/biosample/SAMN32803050	Attributes/Attribute[@attribute_name='geo_loc_name']	SAMN32803050	Original geographic-location label retained; not an inference-region assignment.	data/sources/metadata_enrichment/external/biosample_candidates.tsv	150	
Ahuja2024:CWD16	specimen_voucher	YPM:IZ:35039	biosample	https://www.ncbi.nlm.nih.gov/biosample/SAMN32803050	Attributes/Attribute[@attribute_name='specimen_voucher']	SAMN32803050		data/sources/metadata_enrichment/external/biosample_candidates.tsv	152	
Ahuja2024:CWD16	tissue	siphosome	biosample	https://www.ncbi.nlm.nih.gov/biosample/SAMN32803050	Attributes/Attribute[@attribute_name='tissue']	SAMN32803050		data/sources/metadata_enrichment/external/biosample_candidates.tsv	153	
Ahuja2024:CWD17	biosample	SAMN32803046	biosample	https://www.ncbi.nlm.nih.gov/biosample/SAMN32803046	BioSample/@accession	SAMN32803046		data/sources/metadata_enrichment/external/biosample_candidates.tsv	154	
Ahuja2024:CWD17	collection_date	2002-09-16	biosample	https://www.ncbi.nlm.nih.gov/biosample/SAMN32803046	Attributes/Attribute[@attribute_name='collection_date']	SAMN32803046		data/sources/metadata_enrichment/external/biosample_candidates.tsv	155	
Ahuja2024:CWD17	collection_depth_source	https://www.ncbi.nlm.nih.gov/biosample/SAMN32803046	biosample	https://www.ncbi.nlm.nih.gov/biosample/SAMN32803046	Attributes/Attribute[@attribute_name='depth']	SAMN32803046		data/sources/metadata_enrichment/external/biosample_candidates.tsv	156	
Ahuja2024:CWD17	depth_m	10	biosample	https://www.ncbi.nlm.nih.gov/biosample/SAMN32803046	Attributes/Attribute[@attribute_name='depth']	SAMN32803046	Explicit metre unit retained; source depth definition otherwise unchanged.	data/sources/metadata_enrichment/external/biosample_candidates.tsv	157	
Ahuja2024:CWD17	depth_original	10 meters	biosample	https://www.ncbi.nlm.nih.gov/biosample/SAMN32803046	Attributes/Attribute[@attribute_name='depth']	SAMN32803046		data/sources/metadata_enrichment/external/biosample_candidates.tsv	158	
Ahuja2024:CWD17	lat_long_raw	38.85 N 72.45 W	biosample	https://www.ncbi.nlm.nih.gov/biosample/SAMN32803046	Attributes/Attribute[@attribute_name='lat_lon']	SAMN32803046		data/sources/metadata_enrichment/external/biosample_candidates.tsv	159	
Ahuja2024:CWD17	latitude	38.85	biosample	https://www.ncbi.nlm.nih.gov/biosample/SAMN32803046	Attributes/Attribute[@attribute_name='lat_lon']	SAMN32803046	Hemisphere sign applied; no geographic correction inferred.	data/sources/metadata_enrichment/external/biosample_candidates.tsv	160	
Ahuja2024:CWD17	locality	Atlantic Ocean	biosample	https://www.ncbi.nlm.nih.gov/biosample/SAMN32803046	Attributes/Attribute[@attribute_name='geo_loc_name']	SAMN32803046	Original geographic-location label retained; not an inference-region assignment.	data/sources/metadata_enrichment/external/biosample_candidates.tsv	161	
Ahuja2024:CWD17	longitude	-72.45	biosample	https://www.ncbi.nlm.nih.gov/biosample/SAMN32803046	Attributes/Attribute[@attribute_name='lat_lon']	SAMN32803046	Hemisphere sign applied; no geographic correction inferred.	data/sources/metadata_enrichment/external/biosample_candidates.tsv	162	
Ahuja2024:CWD17	specimen_voucher	YPM:IZ:35040	biosample	https://www.ncbi.nlm.nih.gov/biosample/SAMN32803046	Attributes/Attribute[@attribute_name='specimen_voucher']	SAMN32803046		data/sources/metadata_enrichment/external/biosample_candidates.tsv	163	
Ahuja2024:CWD17	tissue	siphosome	biosample	https://www.ncbi.nlm.nih.gov/biosample/SAMN32803046	Attributes/Attribute[@attribute_name='tissue']	SAMN32803046		data/sources/metadata_enrichment/external/biosample_candidates.tsv	164	
Ahuja2024:CWD19	biosample	SAMN32803054	biosample	https://www.ncbi.nlm.nih.gov/biosample/SAMN32803054	BioSample/@accession	SAMN32803054		data/sources/metadata_enrichment/external/biosample_candidates.tsv	165	
Ahuja2024:CWD19	collection_date	1999-03-12	biosample	https://www.ncbi.nlm.nih.gov/biosample/SAMN32803054	Attributes/Attribute[@attribute_name='collection_date']	SAMN32803054		data/sources/metadata_enrichment/external/biosample_candidates.tsv	166	
Ahuja2024:CWD19	collection_depth_source	https://www.ncbi.nlm.nih.gov/biosample/SAMN32803054	biosample	https://www.ncbi.nlm.nih.gov/biosample/SAMN32803054	Attributes/Attribute[@attribute_name='depth']	SAMN32803054		data/sources/metadata_enrichment/external/biosample_candidates.tsv	167	
Ahuja2024:CWD19	depth_m	298	biosample	https://www.ncbi.nlm.nih.gov/biosample/SAMN32803054	Attributes/Attribute[@attribute_name='depth']	SAMN32803054	Explicit metre unit retained; source depth definition otherwise unchanged.	data/sources/metadata_enrichment/external/biosample_candidates.tsv	168	
Ahuja2024:CWD19	depth_original	298 meters	biosample	https://www.ncbi.nlm.nih.gov/biosample/SAMN32803054	Attributes/Attribute[@attribute_name='depth']	SAMN32803054		data/sources/metadata_enrichment/external/biosample_candidates.tsv	169	
Ahuja2024:CWD19	lat_long_raw	36.71 N 122.05 W	biosample	https://www.ncbi.nlm.nih.gov/biosample/SAMN32803054	Attributes/Attribute[@attribute_name='lat_lon']	SAMN32803054		data/sources/metadata_enrichment/external/biosample_candidates.tsv	170	
Ahuja2024:CWD19	latitude	36.71	biosample	https://www.ncbi.nlm.nih.gov/biosample/SAMN32803054	Attributes/Attribute[@attribute_name='lat_lon']	SAMN32803054	Hemisphere sign applied; no geographic correction inferred.	data/sources/metadata_enrichment/external/biosample_candidates.tsv	171	
Ahuja2024:CWD19	locality	Pacific Ocean	biosample	https://www.ncbi.nlm.nih.gov/biosample/SAMN32803054	Attributes/Attribute[@attribute_name='geo_loc_name']	SAMN32803054	Original geographic-location label retained; not an inference-region assignment.	data/sources/metadata_enrichment/external/biosample_candidates.tsv	172	
Ahuja2024:CWD19	longitude	-122.05	biosample	https://www.ncbi.nlm.nih.gov/biosample/SAMN32803054	Attributes/Attribute[@attribute_name='lat_lon']	SAMN32803054	Hemisphere sign applied; no geographic correction inferred.	data/sources/metadata_enrichment/external/biosample_candidates.tsv	173	
Ahuja2024:CWD19	specimen_voucher	YPM:IZ:35346	biosample	https://www.ncbi.nlm.nih.gov/biosample/SAMN32803054	Attributes/Attribute[@attribute_name='specimen_voucher']	SAMN32803054		data/sources/metadata_enrichment/external/biosample_candidates.tsv	174	
Ahuja2024:CWD19	tissue	siphosome	biosample	https://www.ncbi.nlm.nih.gov/biosample/SAMN32803054	Attributes/Attribute[@attribute_name='tissue']	SAMN32803054		data/sources/metadata_enrichment/external/biosample_candidates.tsv	175	
Ahuja2024:CWD2	biosample	SAMN32803029	biosample	https://www.ncbi.nlm.nih.gov/biosample/SAMN32803029	BioSample/@accession	SAMN32803029		data/sources/metadata_enrichment/external/biosample_candidates.tsv	176	
Ahuja2024:CWD2	collection_date	2002-09-18	biosample	https://www.ncbi.nlm.nih.gov/biosample/SAMN32803029	Attributes/Attribute[@attribute_name='collection_date']	SAMN32803029		data/sources/metadata_enrichment/external/biosample_candidates.tsv	177	
Ahuja2024:CWD2	collection_depth_source	https://www.ncbi.nlm.nih.gov/biosample/SAMN32803029	biosample	https://www.ncbi.nlm.nih.gov/biosample/SAMN32803029	Attributes/Attribute[@attribute_name='depth']	SAMN32803029		data/sources/metadata_enrichment/external/biosample_candidates.tsv	178	
Ahuja2024:CWD2	depth_m	10	biosample	https://www.ncbi.nlm.nih.gov/biosample/SAMN32803029	Attributes/Attribute[@attribute_name='depth']	SAMN32803029	Explicit metre unit retained; source depth definition otherwise unchanged.	data/sources/metadata_enrichment/external/biosample_candidates.tsv	179	
Ahuja2024:CWD2	depth_original	10 meters	biosample	https://www.ncbi.nlm.nih.gov/biosample/SAMN32803029	Attributes/Attribute[@attribute_name='depth']	SAMN32803029		data/sources/metadata_enrichment/external/biosample_candidates.tsv	180	
Ahuja2024:CWD2	lat_long_raw	37.63 N 73.45 W	biosample	https://www.ncbi.nlm.nih.gov/biosample/SAMN32803029	Attributes/Attribute[@attribute_name='lat_lon']	SAMN32803029		data/sources/metadata_enrichment/external/biosample_candidates.tsv	181	
Ahuja2024:CWD2	latitude	37.63	biosample	https://www.ncbi.nlm.nih.gov/biosample/SAMN32803029	Attributes/Attribute[@attribute_name='lat_lon']	SAMN32803029	Hemisphere sign applied; no geographic correction inferred.	data/sources/metadata_enrichment/external/biosample_candidates.tsv	182	
Ahuja2024:CWD2	locality	Atlantic Ocean	biosample	https://www.ncbi.nlm.nih.gov/biosample/SAMN32803029	Attributes/Attribute[@attribute_name='geo_loc_name']	SAMN32803029	Original geographic-location label retained; not an inference-region assignment.	data/sources/metadata_enrichment/external/biosample_candidates.tsv	183	
Ahuja2024:CWD2	longitude	-73.45	biosample	https://www.ncbi.nlm.nih.gov/biosample/SAMN32803029	Attributes/Attribute[@attribute_name='lat_lon']	SAMN32803029	Hemisphere sign applied; no geographic correction inferred.	data/sources/metadata_enrichment/external/biosample_candidates.tsv	184	
Ahuja2024:CWD2	specimen_voucher	YPM:IZ:35029	biosample	https://www.ncbi.nlm.nih.gov/biosample/SAMN32803029	Attributes/Attribute[@attribute_name='specimen_voucher']	SAMN32803029		data/sources/metadata_enrichment/external/biosample_candidates.tsv	185	
Ahuja2024:CWD2	tissue	siphosome	biosample	https://www.ncbi.nlm.nih.gov/biosample/SAMN32803029	Attributes/Attribute[@attribute_name='tissue']	SAMN32803029		data/sources/metadata_enrichment/external/biosample_candidates.tsv	186	
Ahuja2024:CWD20	biosample	SAMN32803058	biosample	https://www.ncbi.nlm.nih.gov/biosample/SAMN32803058	BioSample/@accession	SAMN32803058		data/sources/metadata_enrichment/external/biosample_candidates.tsv	187	
Ahuja2024:CWD20	collection_date	1999-07-20	biosample	https://www.ncbi.nlm.nih.gov/biosample/SAMN32803058	Attributes/Attribute[@attribute_name='collection_date']	SAMN32803058		data/sources/metadata_enrichment/external/biosample_candidates.tsv	188	
Ahuja2024:CWD20	collection_depth_source	https://www.ncbi.nlm.nih.gov/biosample/SAMN32803058	biosample	https://www.ncbi.nlm.nih.gov/biosample/SAMN32803058	Attributes/Attribute[@attribute_name='depth']	SAMN32803058		data/sources/metadata_enrichment/external/biosample_candidates.tsv	189	
Ahuja2024:CWD20	depth_m	10	biosample	https://www.ncbi.nlm.nih.gov/biosample/SAMN32803058	Attributes/Attribute[@attribute_name='depth']	SAMN32803058	Explicit metre unit retained; source depth definition otherwise unchanged.	data/sources/metadata_enrichment/external/biosample_candidates.tsv	190	
Ahuja2024:CWD20	depth_original	10 meters	biosample	https://www.ncbi.nlm.nih.gov/biosample/SAMN32803058	Attributes/Attribute[@attribute_name='depth']	SAMN32803058		data/sources/metadata_enrichment/external/biosample_candidates.tsv	191	
Ahuja2024:CWD20	lat_long_raw	40.31 N 68.14 W	biosample	https://www.ncbi.nlm.nih.gov/biosample/SAMN32803058	Attributes/Attribute[@attribute_name='lat_lon']	SAMN32803058		data/sources/metadata_enrichment/external/biosample_candidates.tsv	192	
Ahuja2024:CWD20	latitude	40.31	biosample	https://www.ncbi.nlm.nih.gov/biosample/SAMN32803058	Attributes/Attribute[@attribute_name='lat_lon']	SAMN32803058	Hemisphere sign applied; no geographic correction inferred.	data/sources/metadata_enrichment/external/biosample_candidates.tsv	193	
Ahuja2024:CWD20	locality	Atlantic Ocean	biosample	https://www.ncbi.nlm.nih.gov/biosample/SAMN32803058	Attributes/Attribute[@attribute_name='geo_loc_name']	SAMN32803058	Original geographic-location label retained; not an inference-region assignment.	data/sources/metadata_enrichment/external/biosample_candidates.tsv	194	
Ahuja2024:CWD20	longitude	-68.14	biosample	https://www.ncbi.nlm.nih.gov/biosample/SAMN32803058	Attributes/Attribute[@attribute_name='lat_lon']	SAMN32803058	Hemisphere sign applied; no geographic correction inferred.	data/sources/metadata_enrichment/external/biosample_candidates.tsv	195	
Ahuja2024:CWD20	specimen_voucher	YPM:IZ:35347	biosample	https://www.ncbi.nlm.nih.gov/biosample/SAMN32803058	Attributes/Attribute[@attribute_name='specimen_voucher']	SAMN32803058		data/sources/metadata_enrichment/external/biosample_candidates.tsv	196	
Ahuja2024:CWD20	tissue	siphosome	biosample	https://www.ncbi.nlm.nih.gov/biosample/SAMN32803058	Attributes/Attribute[@attribute_name='tissue']	SAMN32803058		data/sources/metadata_enrichment/external/biosample_candidates.tsv	197	
Ahuja2024:CWD21	biosample	SAMN32803059	biosample	https://www.ncbi.nlm.nih.gov/biosample/SAMN32803059	BioSample/@accession	SAMN32803059		data/sources/metadata_enrichment/external/biosample_candidates.tsv	198	
Ahuja2024:CWD21	collection_date	2002-09-24	biosample	https://www.ncbi.nlm.nih.gov/biosample/SAMN32803059	Attributes/Attribute[@attribute_name='collection_date']	SAMN32803059		data/sources/metadata_enrichment/external/biosample_candidates.tsv	199	
Ahuja2024:CWD21	collection_depth_source	https://www.ncbi.nlm.nih.gov/biosample/SAMN32803059	biosample	https://www.ncbi.nlm.nih.gov/biosample/SAMN32803059	Attributes/Attribute[@attribute_name='depth']	SAMN32803059		data/sources/metadata_enrichment/external/biosample_candidates.tsv	200	
Ahuja2024:CWD21	depth_m	10	biosample	https://www.ncbi.nlm.nih.gov/biosample/SAMN32803059	Attributes/Attribute[@attribute_name='depth']	SAMN32803059	Explicit metre unit retained; source depth definition otherwise unchanged.	data/sources/metadata_enrichment/external/biosample_candidates.tsv	201	
Ahuja2024:CWD21	depth_original	10 meters	biosample	https://www.ncbi.nlm.nih.gov/biosample/SAMN32803059	Attributes/Attribute[@attribute_name='depth']	SAMN32803059		data/sources/metadata_enrichment/external/biosample_candidates.tsv	202	
Ahuja2024:CWD21	lat_long_raw	38.9 N 70.27 W	biosample	https://www.ncbi.nlm.nih.gov/biosample/SAMN32803059	Attributes/Attribute[@attribute_name='lat_lon']	SAMN32803059		data/sources/metadata_enrichment/external/biosample_candidates.tsv	203	
Ahuja2024:CWD21	latitude	38.9	biosample	https://www.ncbi.nlm.nih.gov/biosample/SAMN32803059	Attributes/Attribute[@attribute_name='lat_lon']	SAMN32803059	Hemisphere sign applied; no geographic correction inferred.	data/sources/metadata_enrichment/external/biosample_candidates.tsv	204	
Ahuja2024:CWD21	locality	Atlantic Ocean	biosample	https://www.ncbi.nlm.nih.gov/biosample/SAMN32803059	Attributes/Attribute[@attribute_name='geo_loc_name']	SAMN32803059	Original geographic-location label retained; not an inference-region assignment.	data/sources/metadata_enrichment/external/biosample_candidates.tsv	205	
Ahuja2024:CWD21	longitude	-70.27	biosample	https://www.ncbi.nlm.nih.gov/biosample/SAMN32803059	Attributes/Attribute[@attribute_name='lat_lon']	SAMN32803059	Hemisphere sign applied; no geographic correction inferred.	data/sources/metadata_enrichment/external/biosample_candidates.tsv	206	
Ahuja2024:CWD21	specimen_voucher	YPM:IZ:35041	biosample	https://www.ncbi.nlm.nih.gov/biosample/SAMN32803059	Attributes/Attribute[@attribute_name='specimen_voucher']	SAMN32803059		data/sources/metadata_enrichment/external/biosample_candidates.tsv	207	
Ahuja2024:CWD21	tissue	siphosome	biosample	https://www.ncbi.nlm.nih.gov/biosample/SAMN32803059	Attributes/Attribute[@attribute_name='tissue']	SAMN32803059		data/sources/metadata_enrichment/external/biosample_candidates.tsv	208	
Ahuja2024:CWD3	biosample	SAMN32803031	biosample	https://www.ncbi.nlm.nih.gov/biosample/SAMN32803031	BioSample/@accession	SAMN32803031		data/sources/metadata_enrichment/external/biosample_candidates.tsv	209	
Ahuja2024:CWD3	collection_date	2002-09-17	biosample	https://www.ncbi.nlm.nih.gov/biosample/SAMN32803031	Attributes/Attribute[@attribute_name='collection_date']	SAMN32803031		data/sources/metadata_enrichment/external/biosample_candidates.tsv	210	
Ahuja2024:CWD3	collection_depth_source	https://www.ncbi.nlm.nih.gov/biosample/SAMN32803031	biosample	https://www.ncbi.nlm.nih.gov/biosample/SAMN32803031	Attributes/Attribute[@attribute_name='depth']	SAMN32803031		data/sources/metadata_enrichment/external/biosample_candidates.tsv	211	
Ahuja2024:CWD3	depth_m	10	biosample	https://www.ncbi.nlm.nih.gov/biosample/SAMN32803031	Attributes/Attribute[@attribute_name='depth']	SAMN32803031	Explicit metre unit retained; source depth definition otherwise unchanged.	data/sources/metadata_enrichment/external/biosample_candidates.tsv	212	
Ahuja2024:CWD3	depth_original	10 meters	biosample	https://www.ncbi.nlm.nih.gov/biosample/SAMN32803031	Attributes/Attribute[@attribute_name='depth']	SAMN32803031		data/sources/metadata_enrichment/external/biosample_candidates.tsv	213	
Ahuja2024:CWD3	lat_long_raw	38.17 N 72.98 W	biosample	https://www.ncbi.nlm.nih.gov/biosample/SAMN32803031	Attributes/Attribute[@attribute_name='lat_lon']	SAMN32803031		data/sources/metadata_enrichment/external/biosample_candidates.tsv	214	
Ahuja2024:CWD3	latitude	38.17	biosample	https://www.ncbi.nlm.nih.gov/biosample/SAMN32803031	Attributes/Attribute[@attribute_name='lat_lon']	SAMN32803031	Hemisphere sign applied; no geographic correction inferred.	data/sources/metadata_enrichment/external/biosample_candidates.tsv	215	
Ahuja2024:CWD3	locality	Atlantic Ocean	biosample	https://www.ncbi.nlm.nih.gov/biosample/SAMN32803031	Attributes/Attribute[@attribute_name='geo_loc_name']	SAMN32803031	Original geographic-location label retained; not an inference-region assignment.	data/sources/metadata_enrichment/external/biosample_candidates.tsv	216	
Ahuja2024:CWD3	longitude	-72.98	biosample	https://www.ncbi.nlm.nih.gov/biosample/SAMN32803031	Attributes/Attribute[@attribute_name='lat_lon']	SAMN32803031	Hemisphere sign applied; no geographic correction inferred.	data/sources/metadata_enrichment/external/biosample_candidates.tsv	217	
Ahuja2024:CWD3	specimen_voucher	YPM:IZ:35030	biosample	https://www.ncbi.nlm.nih.gov/biosample/SAMN32803031	Attributes/Attribute[@attribute_name='specimen_voucher']	SAMN32803031		data/sources/metadata_enrichment/external/biosample_candidates.tsv	218	
Ahuja2024:CWD3	tissue	siphosome	biosample	https://www.ncbi.nlm.nih.gov/biosample/SAMN32803031	Attributes/Attribute[@attribute_name='tissue']	SAMN32803031		data/sources/metadata_enrichment/external/biosample_candidates.tsv	219	
Ahuja2024:CWD6	biosample	SAMN32803038	biosample	https://www.ncbi.nlm.nih.gov/biosample/SAMN32803038	BioSample/@accession	SAMN32803038		data/sources/metadata_enrichment/external/biosample_candidates.tsv	220	
Ahuja2024:CWD6	collection_date	2002-06-11	biosample	https://www.ncbi.nlm.nih.gov/biosample/SAMN32803038	Attributes/Attribute[@attribute_name='collection_date']	SAMN32803038		data/sources/metadata_enrichment/external/biosample_candidates.tsv	221	
Ahuja2024:CWD6	collection_depth_source	https://www.ncbi.nlm.nih.gov/biosample/SAMN32803038	biosample	https://www.ncbi.nlm.nih.gov/biosample/SAMN32803038	Attributes/Attribute[@attribute_name='depth']	SAMN32803038		data/sources/metadata_enrichment/external/biosample_candidates.tsv	222	
Ahuja2024:CWD6	depth_m	10	biosample	https://www.ncbi.nlm.nih.gov/biosample/SAMN32803038	Attributes/Attribute[@attribute_name='depth']	SAMN32803038	Explicit metre unit retained; source depth definition otherwise unchanged.	data/sources/metadata_enrichment/external/biosample_candidates.tsv	223	
Ahuja2024:CWD6	depth_original	10 meters	biosample	https://www.ncbi.nlm.nih.gov/biosample/SAMN32803038	Attributes/Attribute[@attribute_name='depth']	SAMN32803038		data/sources/metadata_enrichment/external/biosample_candidates.tsv	224	
Ahuja2024:CWD6	lat_long_raw	37.68 N 73.13 W	biosample	https://www.ncbi.nlm.nih.gov/biosample/SAMN32803038	Attributes/Attribute[@attribute_name='lat_lon']	SAMN32803038		data/sources/metadata_enrichment/external/biosample_candidates.tsv	225	
Ahuja2024:CWD6	latitude	37.68	biosample	https://www.ncbi.nlm.nih.gov/biosample/SAMN32803038	Attributes/Attribute[@attribute_name='lat_lon']	SAMN32803038	Hemisphere sign applied; no geographic correction inferred.	data/sources/metadata_enrichment/external/biosample_candidates.tsv	226	
Ahuja2024:CWD6	locality	Atlantic Ocean	biosample	https://www.ncbi.nlm.nih.gov/biosample/SAMN32803038	Attributes/Attribute[@attribute_name='geo_loc_name']	SAMN32803038	Original geographic-location label retained; not an inference-region assignment.	data/sources/metadata_enrichment/external/biosample_candidates.tsv	227	
Ahuja2024:CWD6	longitude	-73.13	biosample	https://www.ncbi.nlm.nih.gov/biosample/SAMN32803038	Attributes/Attribute[@attribute_name='lat_lon']	SAMN32803038	Hemisphere sign applied; no geographic correction inferred.	data/sources/metadata_enrichment/external/biosample_candidates.tsv	228	
Ahuja2024:CWD6	specimen_voucher	YPM:IZ:35032	biosample	https://www.ncbi.nlm.nih.gov/biosample/SAMN32803038	Attributes/Attribute[@attribute_name='specimen_voucher']	SAMN32803038		data/sources/metadata_enrichment/external/biosample_candidates.tsv	229	
Ahuja2024:CWD6	tissue	siphosome	biosample	https://www.ncbi.nlm.nih.gov/biosample/SAMN32803038	Attributes/Attribute[@attribute_name='tissue']	SAMN32803038		data/sources/metadata_enrichment/external/biosample_candidates.tsv	230	
Ahuja2024:CWD7	biosample	SAMN32803040	biosample	https://www.ncbi.nlm.nih.gov/biosample/SAMN32803040	BioSample/@accession	SAMN32803040		data/sources/metadata_enrichment/external/biosample_candidates.tsv	231	
Ahuja2024:CWD7	collection_date	2002-09-19	biosample	https://www.ncbi.nlm.nih.gov/biosample/SAMN32803040	Attributes/Attribute[@attribute_name='collection_date']	SAMN32803040		data/sources/metadata_enrichment/external/biosample_candidates.tsv	232	
Ahuja2024:CWD7	collection_depth_source	https://www.ncbi.nlm.nih.gov/biosample/SAMN32803040	biosample	https://www.ncbi.nlm.nih.gov/biosample/SAMN32803040	Attributes/Attribute[@attribute_name='depth']	SAMN32803040		data/sources/metadata_enrichment/external/biosample_candidates.tsv	233	
Ahuja2024:CWD7	depth_m	10	biosample	https://www.ncbi.nlm.nih.gov/biosample/SAMN32803040	Attributes/Attribute[@attribute_name='depth']	SAMN32803040	Explicit metre unit retained; source depth definition otherwise unchanged.	data/sources/metadata_enrichment/external/biosample_candidates.tsv	234	
Ahuja2024:CWD7	depth_original	10 meters	biosample	https://www.ncbi.nlm.nih.gov/biosample/SAMN32803040	Attributes/Attribute[@attribute_name='depth']	SAMN32803040		data/sources/metadata_enrichment/external/biosample_candidates.tsv	235	
Ahuja2024:CWD7	lat_long_raw	36.98 N 73.85 W	biosample	https://www.ncbi.nlm.nih.gov/biosample/SAMN32803040	Attributes/Attribute[@attribute_name='lat_lon']	SAMN32803040		data/sources/metadata_enrichment/external/biosample_candidates.tsv	236	
Ahuja2024:CWD7	latitude	36.98	biosample	https://www.ncbi.nlm.nih.gov/biosample/SAMN32803040	Attributes/Attribute[@attribute_name='lat_lon']	SAMN32803040	Hemisphere sign applied; no geographic correction inferred.	data/sources/metadata_enrichment/external/biosample_candidates.tsv	237	
Ahuja2024:CWD7	locality	Atlantic Ocean	biosample	https://www.ncbi.nlm.nih.gov/biosample/SAMN32803040	Attributes/Attribute[@attribute_name='geo_loc_name']	SAMN32803040	Original geographic-location label retained; not an inference-region assignment.	data/sources/metadata_enrichment/external/biosample_candidates.tsv	238	
Ahuja2024:CWD7	longitude	-73.85	biosample	https://www.ncbi.nlm.nih.gov/biosample/SAMN32803040	Attributes/Attribute[@attribute_name='lat_lon']	SAMN32803040	Hemisphere sign applied; no geographic correction inferred.	data/sources/metadata_enrichment/external/biosample_candidates.tsv	239	
Ahuja2024:CWD7	specimen_voucher	YPM:IZ:35033	biosample	https://www.ncbi.nlm.nih.gov/biosample/SAMN32803040	Attributes/Attribute[@attribute_name='specimen_voucher']	SAMN32803040		data/sources/metadata_enrichment/external/biosample_candidates.tsv	240	
Ahuja2024:CWD7	tissue	siphosome	biosample	https://www.ncbi.nlm.nih.gov/biosample/SAMN32803040	Attributes/Attribute[@attribute_name='tissue']	SAMN32803040		data/sources/metadata_enrichment/external/biosample_candidates.tsv	241	
Ahuja2024:NA1	biosample	SAMN32803037	biosample	https://www.ncbi.nlm.nih.gov/biosample/SAMN32803037	BioSample/@accession	SAMN32803037		data/sources/metadata_enrichment/external/biosample_candidates.tsv	242	
Ahuja2024:NA1	collection_date	2021-10-29	biosample	https://www.ncbi.nlm.nih.gov/biosample/SAMN32803037	Attributes/Attribute[@attribute_name='collection_date']	SAMN32803037		data/sources/metadata_enrichment/external/biosample_candidates.tsv	243	
Ahuja2024:NA1	collection_depth_source	https://www.ncbi.nlm.nih.gov/biosample/SAMN32803037	biosample	https://www.ncbi.nlm.nih.gov/biosample/SAMN32803037	Attributes/Attribute[@attribute_name='depth']	SAMN32803037		data/sources/metadata_enrichment/external/biosample_candidates.tsv	244	
Ahuja2024:NA1	depth_m	964	biosample	https://www.ncbi.nlm.nih.gov/biosample/SAMN32803037	Attributes/Attribute[@attribute_name='depth']	SAMN32803037	Explicit metre unit retained; source depth definition otherwise unchanged.	data/sources/metadata_enrichment/external/biosample_candidates.tsv	245	
Ahuja2024:NA1	depth_original	964 meters	biosample	https://www.ncbi.nlm.nih.gov/biosample/SAMN32803037	Attributes/Attribute[@attribute_name='depth']	SAMN32803037		data/sources/metadata_enrichment/external/biosample_candidates.tsv	246	
Ahuja2024:NA1	lat_long_raw	36.224784 N 123.14242 W	biosample	https://www.ncbi.nlm.nih.gov/biosample/SAMN32803037	Attributes/Attribute[@attribute_name='lat_lon']	SAMN32803037		data/sources/metadata_enrichment/external/biosample_candidates.tsv	247	
Ahuja2024:NA1	latitude	36.224784	biosample	https://www.ncbi.nlm.nih.gov/biosample/SAMN32803037	Attributes/Attribute[@attribute_name='lat_lon']	SAMN32803037	Hemisphere sign applied; no geographic correction inferred.	data/sources/metadata_enrichment/external/biosample_candidates.tsv	248	
Ahuja2024:NA1	locality	Pacific Ocean	biosample	https://www.ncbi.nlm.nih.gov/biosample/SAMN32803037	Attributes/Attribute[@attribute_name='geo_loc_name']	SAMN32803037	Original geographic-location label retained; not an inference-region assignment.	data/sources/metadata_enrichment/external/biosample_candidates.tsv	249	
Ahuja2024:NA1	longitude	-123.14242	biosample	https://www.ncbi.nlm.nih.gov/biosample/SAMN32803037	Attributes/Attribute[@attribute_name='lat_lon']	SAMN32803037	Hemisphere sign applied; no geographic correction inferred.	data/sources/metadata_enrichment/external/biosample_candidates.tsv	250	
Ahuja2024:NA1	specimen_voucher	YPM:IZ:110225	biosample	https://www.ncbi.nlm.nih.gov/biosample/SAMN32803037	Attributes/Attribute[@attribute_name='specimen_voucher']	SAMN32803037		data/sources/metadata_enrichment/external/biosample_candidates.tsv	251	
Ahuja2024:NA1	tissue	siphosome	biosample	https://www.ncbi.nlm.nih.gov/biosample/SAMN32803037	Attributes/Attribute[@attribute_name='tissue']	SAMN32803037		data/sources/metadata_enrichment/external/biosample_candidates.tsv	252	
Ahuja2024:NA10	biosample	SAMN32803055	biosample	https://www.ncbi.nlm.nih.gov/biosample/SAMN32803055	BioSample/@accession	SAMN32803055		data/sources/metadata_enrichment/external/biosample_candidates.tsv	253	
Ahuja2024:NA10	collection_date	2006-05-16	biosample	https://www.ncbi.nlm.nih.gov/biosample/SAMN32803055	Attributes/Attribute[@attribute_name='collection_date']	SAMN32803055		data/sources/metadata_enrichment/external/biosample_candidates.tsv	254	
Ahuja2024:NA10	collection_depth_source	https://www.ncbi.nlm.nih.gov/biosample/SAMN32803055	biosample	https://www.ncbi.nlm.nih.gov/biosample/SAMN32803055	Attributes/Attribute[@attribute_name='depth']	SAMN32803055		data/sources/metadata_enrichment/external/biosample_candidates.tsv	255	
Ahuja2024:NA10	depth_m	286.25	biosample	https://www.ncbi.nlm.nih.gov/biosample/SAMN32803055	Attributes/Attribute[@attribute_name='depth']	SAMN32803055	Explicit metre unit retained; source depth definition otherwise unchanged.	data/sources/metadata_enrichment/external/biosample_candidates.tsv	256	
Ahuja2024:NA10	depth_original	286.25 meters	biosample	https://www.ncbi.nlm.nih.gov/biosample/SAMN32803055	Attributes/Attribute[@attribute_name='depth']	SAMN32803055		data/sources/metadata_enrichment/external/biosample_candidates.tsv	257	
Ahuja2024:NA10	lat_long_raw	35.648785 N 122.737913 W	biosample	https://www.ncbi.nlm.nih.gov/biosample/SAMN32803055	Attributes/Attribute[@attribute_name='lat_lon']	SAMN32803055		data/sources/metadata_enrichment/external/biosample_candidates.tsv	258	
Ahuja2024:NA10	latitude	35.648785	biosample	https://www.ncbi.nlm.nih.gov/biosample/SAMN32803055	Attributes/Attribute[@attribute_name='lat_lon']	SAMN32803055	Hemisphere sign applied; no geographic correction inferred.	data/sources/metadata_enrichment/external/biosample_candidates.tsv	259	
Ahuja2024:NA10	locality	Pacific Ocean	biosample	https://www.ncbi.nlm.nih.gov/biosample/SAMN32803055	Attributes/Attribute[@attribute_name='geo_loc_name']	SAMN32803055	Original geographic-location label retained; not an inference-region assignment.	data/sources/metadata_enrichment/external/biosample_candidates.tsv	260	
Ahuja2024:NA10	longitude	-122.737913	biosample	https://www.ncbi.nlm.nih.gov/biosample/SAMN32803055	Attributes/Attribute[@attribute_name='lat_lon']	SAMN32803055	Hemisphere sign applied; no geographic correction inferred.	data/sources/metadata_enrichment/external/biosample_candidates.tsv	261	
Ahuja2024:NA10	tissue	siphosome	biosample	https://www.ncbi.nlm.nih.gov/biosample/SAMN32803055	Attributes/Attribute[@attribute_name='tissue']	SAMN32803055		data/sources/metadata_enrichment/external/biosample_candidates.tsv	262	
Ahuja2024:NA11	biosample	SAMN32803056	biosample	https://www.ncbi.nlm.nih.gov/biosample/SAMN32803056	BioSample/@accession	SAMN32803056		data/sources/metadata_enrichment/external/biosample_candidates.tsv	263	
Ahuja2024:NA11	collection_date	2005-04-09	biosample	https://www.ncbi.nlm.nih.gov/biosample/SAMN32803056	Attributes/Attribute[@attribute_name='collection_date']	SAMN32803056		data/sources/metadata_enrichment/external/biosample_candidates.tsv	264	
Ahuja2024:NA11	collection_depth_source	https://www.ncbi.nlm.nih.gov/biosample/SAMN32803056	biosample	https://www.ncbi.nlm.nih.gov/biosample/SAMN32803056	Attributes/Attribute[@attribute_name='depth']	SAMN32803056		data/sources/metadata_enrichment/external/biosample_candidates.tsv	265	
Ahuja2024:NA11	depth_m	235	biosample	https://www.ncbi.nlm.nih.gov/biosample/SAMN32803056	Attributes/Attribute[@attribute_name='depth']	SAMN32803056	Explicit metre unit retained; source depth definition otherwise unchanged.	data/sources/metadata_enrichment/external/biosample_candidates.tsv	266	
Ahuja2024:NA11	depth_original	235 meters	biosample	https://www.ncbi.nlm.nih.gov/biosample/SAMN32803056	Attributes/Attribute[@attribute_name='depth']	SAMN32803056		data/sources/metadata_enrichment/external/biosample_candidates.tsv	267	
Ahuja2024:NA11	lat_long_raw	36.6990 N 122.0578 W	biosample	https://www.ncbi.nlm.nih.gov/biosample/SAMN32803056	Attributes/Attribute[@attribute_name='lat_lon']	SAMN32803056		data/sources/metadata_enrichment/external/biosample_candidates.tsv	268	
Ahuja2024:NA11	latitude	36.699	biosample	https://www.ncbi.nlm.nih.gov/biosample/SAMN32803056	Attributes/Attribute[@attribute_name='lat_lon']	SAMN32803056	Hemisphere sign applied; no geographic correction inferred.	data/sources/metadata_enrichment/external/biosample_candidates.tsv	269	
Ahuja2024:NA11	locality	Pacific Ocean	biosample	https://www.ncbi.nlm.nih.gov/biosample/SAMN32803056	Attributes/Attribute[@attribute_name='geo_loc_name']	SAMN32803056	Original geographic-location label retained; not an inference-region assignment.	data/sources/metadata_enrichment/external/biosample_candidates.tsv	270	
Ahuja2024:NA11	longitude	-122.0578	biosample	https://www.ncbi.nlm.nih.gov/biosample/SAMN32803056	Attributes/Attribute[@attribute_name='lat_lon']	SAMN32803056	Hemisphere sign applied; no geographic correction inferred.	data/sources/metadata_enrichment/external/biosample_candidates.tsv	271	
Ahuja2024:NA11	tissue	siphosome	biosample	https://www.ncbi.nlm.nih.gov/biosample/SAMN32803056	Attributes/Attribute[@attribute_name='tissue']	SAMN32803056		data/sources/metadata_enrichment/external/biosample_candidates.tsv	272	
Ahuja2024:NA2	biosample	SAMN32803052	biosample	https://www.ncbi.nlm.nih.gov/biosample/SAMN32803052	BioSample/@accession	SAMN32803052		data/sources/metadata_enrichment/external/biosample_candidates.tsv	273	
Ahuja2024:NA2	collection_date	2021-10-30	biosample	https://www.ncbi.nlm.nih.gov/biosample/SAMN32803052	Attributes/Attribute[@attribute_name='collection_date']	SAMN32803052		data/sources/metadata_enrichment/external/biosample_candidates.tsv	274	
Ahuja2024:NA2	collection_depth_source	https://www.ncbi.nlm.nih.gov/biosample/SAMN32803052	biosample	https://www.ncbi.nlm.nih.gov/biosample/SAMN32803052	Attributes/Attribute[@attribute_name='depth']	SAMN32803052		data/sources/metadata_enrichment/external/biosample_candidates.tsv	275	
Ahuja2024:NA2	depth_m	600	biosample	https://www.ncbi.nlm.nih.gov/biosample/SAMN32803052	Attributes/Attribute[@attribute_name='depth']	SAMN32803052	Explicit metre unit retained; source depth definition otherwise unchanged.	data/sources/metadata_enrichment/external/biosample_candidates.tsv	276	
Ahuja2024:NA2	depth_original	600 meters	biosample	https://www.ncbi.nlm.nih.gov/biosample/SAMN32803052	Attributes/Attribute[@attribute_name='depth']	SAMN32803052		data/sources/metadata_enrichment/external/biosample_candidates.tsv	277	
Ahuja2024:NA2	lat_long_raw	36.698 N 122.0716 W	biosample	https://www.ncbi.nlm.nih.gov/biosample/SAMN32803052	Attributes/Attribute[@attribute_name='lat_lon']	SAMN32803052		data/sources/metadata_enrichment/external/biosample_candidates.tsv	278	
Ahuja2024:NA2	latitude	36.698	biosample	https://www.ncbi.nlm.nih.gov/biosample/SAMN32803052	Attributes/Attribute[@attribute_name='lat_lon']	SAMN32803052	Hemisphere sign applied; no geographic correction inferred.	data/sources/metadata_enrichment/external/biosample_candidates.tsv	279	
Ahuja2024:NA2	locality	Pacific Ocean	biosample	https://www.ncbi.nlm.nih.gov/biosample/SAMN32803052	Attributes/Attribute[@attribute_name='geo_loc_name']	SAMN32803052	Original geographic-location label retained; not an inference-region assignment.	data/sources/metadata_enrichment/external/biosample_candidates.tsv	280	
Ahuja2024:NA2	longitude	-122.0716	biosample	https://www.ncbi.nlm.nih.gov/biosample/SAMN32803052	Attributes/Attribute[@attribute_name='lat_lon']	SAMN32803052	Hemisphere sign applied; no geographic correction inferred.	data/sources/metadata_enrichment/external/biosample_candidates.tsv	281	
Ahuja2024:NA2	tissue	siphosome	biosample	https://www.ncbi.nlm.nih.gov/biosample/SAMN32803052	Attributes/Attribute[@attribute_name='tissue']	SAMN32803052		data/sources/metadata_enrichment/external/biosample_candidates.tsv	282	
Ahuja2024:NA3	biosample	SAMN32803042	biosample	https://www.ncbi.nlm.nih.gov/biosample/SAMN32803042	BioSample/@accession	SAMN32803042		data/sources/metadata_enrichment/external/biosample_candidates.tsv	283	
Ahuja2024:NA3	collection_date	2021-10-30	biosample	https://www.ncbi.nlm.nih.gov/biosample/SAMN32803042	Attributes/Attribute[@attribute_name='collection_date']	SAMN32803042		data/sources/metadata_enrichment/external/biosample_candidates.tsv	284	
Ahuja2024:NA3	collection_depth_source	https://www.ncbi.nlm.nih.gov/biosample/SAMN32803042	biosample	https://www.ncbi.nlm.nih.gov/biosample/SAMN32803042	Attributes/Attribute[@attribute_name='depth']	SAMN32803042		data/sources/metadata_enrichment/external/biosample_candidates.tsv	285	
Ahuja2024:NA3	depth_m	349	biosample	https://www.ncbi.nlm.nih.gov/biosample/SAMN32803042	Attributes/Attribute[@attribute_name='depth']	SAMN32803042	Explicit metre unit retained; source depth definition otherwise unchanged.	data/sources/metadata_enrichment/external/biosample_candidates.tsv	286	
Ahuja2024:NA3	depth_original	349 meters	biosample	https://www.ncbi.nlm.nih.gov/biosample/SAMN32803042	Attributes/Attribute[@attribute_name='depth']	SAMN32803042		data/sources/metadata_enrichment/external/biosample_candidates.tsv	287	
Ahuja2024:NA3	lat_long_raw	36.697 N 122.0724 W	biosample	https://www.ncbi.nlm.nih.gov/biosample/SAMN32803042	Attributes/Attribute[@attribute_name='lat_lon']	SAMN32803042		data/sources/metadata_enrichment/external/biosample_candidates.tsv	288	
Ahuja2024:NA3	latitude	36.697	biosample	https://www.ncbi.nlm.nih.gov/biosample/SAMN32803042	Attributes/Attribute[@attribute_name='lat_lon']	SAMN32803042	Hemisphere sign applied; no geographic correction inferred.	data/sources/metadata_enrichment/external/biosample_candidates.tsv	289	
Ahuja2024:NA3	locality	Pacific Ocean	biosample	https://www.ncbi.nlm.nih.gov/biosample/SAMN32803042	Attributes/Attribute[@attribute_name='geo_loc_name']	SAMN32803042	Original geographic-location label retained; not an inference-region assignment.	data/sources/metadata_enrichment/external/biosample_candidates.tsv	290	
Ahuja2024:NA3	longitude	-122.0724	biosample	https://www.ncbi.nlm.nih.gov/biosample/SAMN32803042	Attributes/Attribute[@attribute_name='lat_lon']	SAMN32803042	Hemisphere sign applied; no geographic correction inferred.	data/sources/metadata_enrichment/external/biosample_candidates.tsv	291	
Ahuja2024:NA3	tissue	siphosome	biosample	https://www.ncbi.nlm.nih.gov/biosample/SAMN32803042	Attributes/Attribute[@attribute_name='tissue']	SAMN32803042		data/sources/metadata_enrichment/external/biosample_candidates.tsv	292	
Ahuja2024:NA4	biosample	SAMN32803053	biosample	https://www.ncbi.nlm.nih.gov/biosample/SAMN32803053	BioSample/@accession	SAMN32803053		data/sources/metadata_enrichment/external/biosample_candidates.tsv	293	
Ahuja2024:NA4	collection_date	2021-10-30	biosample	https://www.ncbi.nlm.nih.gov/biosample/SAMN32803053	Attributes/Attribute[@attribute_name='collection_date']	SAMN32803053		data/sources/metadata_enrichment/external/biosample_candidates.tsv	294	
Ahuja2024:NA4	collection_depth_source	https://www.ncbi.nlm.nih.gov/biosample/SAMN32803053	biosample	https://www.ncbi.nlm.nih.gov/biosample/SAMN32803053	Attributes/Attribute[@attribute_name='depth']	SAMN32803053		data/sources/metadata_enrichment/external/biosample_candidates.tsv	295	
Ahuja2024:NA4	depth_m	249	biosample	https://www.ncbi.nlm.nih.gov/biosample/SAMN32803053	Attributes/Attribute[@attribute_name='depth']	SAMN32803053	Explicit metre unit retained; source depth definition otherwise unchanged.	data/sources/metadata_enrichment/external/biosample_candidates.tsv	296	
Ahuja2024:NA4	depth_original	249 meters	biosample	https://www.ncbi.nlm.nih.gov/biosample/SAMN32803053	Attributes/Attribute[@attribute_name='depth']	SAMN32803053		data/sources/metadata_enrichment/external/biosample_candidates.tsv	297	
Ahuja2024:NA4	lat_long_raw	36.2235 N 123.143176 W	biosample	https://www.ncbi.nlm.nih.gov/biosample/SAMN32803053	Attributes/Attribute[@attribute_name='lat_lon']	SAMN32803053		data/sources/metadata_enrichment/external/biosample_candidates.tsv	298	
Ahuja2024:NA4	latitude	36.2235	biosample	https://www.ncbi.nlm.nih.gov/biosample/SAMN32803053	Attributes/Attribute[@attribute_name='lat_lon']	SAMN32803053	Hemisphere sign applied; no geographic correction inferred.	data/sources/metadata_enrichment/external/biosample_candidates.tsv	299	
Ahuja2024:NA4	locality	Pacific Ocean	biosample	https://www.ncbi.nlm.nih.gov/biosample/SAMN32803053	Attributes/Attribute[@attribute_name='geo_loc_name']	SAMN32803053	Original geographic-location label retained; not an inference-region assignment.	data/sources/metadata_enrichment/external/biosample_candidates.tsv	300	
Ahuja2024:NA4	longitude	-123.143176	biosample	https://www.ncbi.nlm.nih.gov/biosample/SAMN32803053	Attributes/Attribute[@attribute_name='lat_lon']	SAMN32803053	Hemisphere sign applied; no geographic correction inferred.	data/sources/metadata_enrichment/external/biosample_candidates.tsv	301	
Ahuja2024:NA4	tissue	siphosome	biosample	https://www.ncbi.nlm.nih.gov/biosample/SAMN32803053	Attributes/Attribute[@attribute_name='tissue']	SAMN32803053		data/sources/metadata_enrichment/external/biosample_candidates.tsv	302	
Ahuja2024:NA5	biosample	SAMN32803032	biosample	https://www.ncbi.nlm.nih.gov/biosample/SAMN32803032	BioSample/@accession	SAMN32803032		data/sources/metadata_enrichment/external/biosample_candidates.tsv	303	
Ahuja2024:NA5	collection_date	2021-10-30	biosample	https://www.ncbi.nlm.nih.gov/biosample/SAMN32803032	Attributes/Attribute[@attribute_name='collection_date']	SAMN32803032		data/sources/metadata_enrichment/external/biosample_candidates.tsv	304	
Ahuja2024:NA5	collection_depth_source	https://www.ncbi.nlm.nih.gov/biosample/SAMN32803032	biosample	https://www.ncbi.nlm.nih.gov/biosample/SAMN32803032	Attributes/Attribute[@attribute_name='depth']	SAMN32803032		data/sources/metadata_enrichment/external/biosample_candidates.tsv	305	
Ahuja2024:NA5	depth_m	556	biosample	https://www.ncbi.nlm.nih.gov/biosample/SAMN32803032	Attributes/Attribute[@attribute_name='depth']	SAMN32803032	Explicit metre unit retained; source depth definition otherwise unchanged.	data/sources/metadata_enrichment/external/biosample_candidates.tsv	306	
Ahuja2024:NA5	depth_original	556 meters	biosample	https://www.ncbi.nlm.nih.gov/biosample/SAMN32803032	Attributes/Attribute[@attribute_name='depth']	SAMN32803032		data/sources/metadata_enrichment/external/biosample_candidates.tsv	307	
Ahuja2024:NA5	lat_long_raw	36.698 N 122.0719 W	biosample	https://www.ncbi.nlm.nih.gov/biosample/SAMN32803032	Attributes/Attribute[@attribute_name='lat_lon']	SAMN32803032		data/sources/metadata_enrichment/external/biosample_candidates.tsv	308	
Ahuja2024:NA5	latitude	36.698	biosample	https://www.ncbi.nlm.nih.gov/biosample/SAMN32803032	Attributes/Attribute[@attribute_name='lat_lon']	SAMN32803032	Hemisphere sign applied; no geographic correction inferred.	data/sources/metadata_enrichment/external/biosample_candidates.tsv	309	
Ahuja2024:NA5	locality	Pacific Ocean	biosample	https://www.ncbi.nlm.nih.gov/biosample/SAMN32803032	Attributes/Attribute[@attribute_name='geo_loc_name']	SAMN32803032	Original geographic-location label retained; not an inference-region assignment.	data/sources/metadata_enrichment/external/biosample_candidates.tsv	310	
Ahuja2024:NA5	longitude	-122.0719	biosample	https://www.ncbi.nlm.nih.gov/biosample/SAMN32803032	Attributes/Attribute[@attribute_name='lat_lon']	SAMN32803032	Hemisphere sign applied; no geographic correction inferred.	data/sources/metadata_enrichment/external/biosample_candidates.tsv	311	
Ahuja2024:NA5	tissue	siphosome	biosample	https://www.ncbi.nlm.nih.gov/biosample/SAMN32803032	Attributes/Attribute[@attribute_name='tissue']	SAMN32803032		data/sources/metadata_enrichment/external/biosample_candidates.tsv	312	
Ahuja2024:NA6	biosample	SAMN32803039	biosample	https://www.ncbi.nlm.nih.gov/biosample/SAMN32803039	BioSample/@accession	SAMN32803039		data/sources/metadata_enrichment/external/biosample_candidates.tsv	313	
Ahuja2024:NA6	collection_date	2021-09-23	biosample	https://www.ncbi.nlm.nih.gov/biosample/SAMN32803039	Attributes/Attribute[@attribute_name='collection_date']	SAMN32803039		data/sources/metadata_enrichment/external/biosample_candidates.tsv	314	
Ahuja2024:NA6	collection_depth_source	https://www.ncbi.nlm.nih.gov/biosample/SAMN32803039	biosample	https://www.ncbi.nlm.nih.gov/biosample/SAMN32803039	Attributes/Attribute[@attribute_name='depth']	SAMN32803039		data/sources/metadata_enrichment/external/biosample_candidates.tsv	315	
Ahuja2024:NA6	depth_m	467	biosample	https://www.ncbi.nlm.nih.gov/biosample/SAMN32803039	Attributes/Attribute[@attribute_name='depth']	SAMN32803039	Explicit metre unit retained; source depth definition otherwise unchanged.	data/sources/metadata_enrichment/external/biosample_candidates.tsv	316	
Ahuja2024:NA6	depth_original	467 meters	biosample	https://www.ncbi.nlm.nih.gov/biosample/SAMN32803039	Attributes/Attribute[@attribute_name='depth']	SAMN32803039		data/sources/metadata_enrichment/external/biosample_candidates.tsv	317	
Ahuja2024:NA6	lat_long_raw	36.6844 N 122.072 W	biosample	https://www.ncbi.nlm.nih.gov/biosample/SAMN32803039	Attributes/Attribute[@attribute_name='lat_lon']	SAMN32803039		data/sources/metadata_enrichment/external/biosample_candidates.tsv	318	
Ahuja2024:NA6	latitude	36.6844	biosample	https://www.ncbi.nlm.nih.gov/biosample/SAMN32803039	Attributes/Attribute[@attribute_name='lat_lon']	SAMN32803039	Hemisphere sign applied; no geographic correction inferred.	data/sources/metadata_enrichment/external/biosample_candidates.tsv	319	
Ahuja2024:NA6	locality	Pacific Ocean	biosample	https://www.ncbi.nlm.nih.gov/biosample/SAMN32803039	Attributes/Attribute[@attribute_name='geo_loc_name']	SAMN32803039	Original geographic-location label retained; not an inference-region assignment.	data/sources/metadata_enrichment/external/biosample_candidates.tsv	320	
Ahuja2024:NA6	longitude	-122.072	biosample	https://www.ncbi.nlm.nih.gov/biosample/SAMN32803039	Attributes/Attribute[@attribute_name='lat_lon']	SAMN32803039	Hemisphere sign applied; no geographic correction inferred.	data/sources/metadata_enrichment/external/biosample_candidates.tsv	321	
Ahuja2024:NA6	tissue	siphosome	biosample	https://www.ncbi.nlm.nih.gov/biosample/SAMN32803039	Attributes/Attribute[@attribute_name='tissue']	SAMN32803039		data/sources/metadata_enrichment/external/biosample_candidates.tsv	322	
Ahuja2024:NA7	biosample	SAMN32803048	biosample	https://www.ncbi.nlm.nih.gov/biosample/SAMN32803048	BioSample/@accession	SAMN32803048		data/sources/metadata_enrichment/external/biosample_candidates.tsv	323	
Ahuja2024:NA7	collection_date	2021-09-23	biosample	https://www.ncbi.nlm.nih.gov/biosample/SAMN32803048	Attributes/Attribute[@attribute_name='collection_date']	SAMN32803048		data/sources/metadata_enrichment/external/biosample_candidates.tsv	324	
Ahuja2024:NA7	collection_depth_source	https://www.ncbi.nlm.nih.gov/biosample/SAMN32803048	biosample	https://www.ncbi.nlm.nih.gov/biosample/SAMN32803048	Attributes/Attribute[@attribute_name='depth']	SAMN32803048		data/sources/metadata_enrichment/external/biosample_candidates.tsv	325	
Ahuja2024:NA7	depth_m	417	biosample	https://www.ncbi.nlm.nih.gov/biosample/SAMN32803048	Attributes/Attribute[@attribute_name='depth']	SAMN32803048	Explicit metre unit retained; source depth definition otherwise unchanged.	data/sources/metadata_enrichment/external/biosample_candidates.tsv	326	
Ahuja2024:NA7	depth_original	417 meters	biosample	https://www.ncbi.nlm.nih.gov/biosample/SAMN32803048	Attributes/Attribute[@attribute_name='depth']	SAMN32803048		data/sources/metadata_enrichment/external/biosample_candidates.tsv	327	
Ahuja2024:NA7	lat_long_raw	36.6842 N 122.0727 W	biosample	https://www.ncbi.nlm.nih.gov/biosample/SAMN32803048	Attributes/Attribute[@attribute_name='lat_lon']	SAMN32803048		data/sources/metadata_enrichment/external/biosample_candidates.tsv	328	
Ahuja2024:NA7	latitude	36.6842	biosample	https://www.ncbi.nlm.nih.gov/biosample/SAMN32803048	Attributes/Attribute[@attribute_name='lat_lon']	SAMN32803048	Hemisphere sign applied; no geographic correction inferred.	data/sources/metadata_enrichment/external/biosample_candidates.tsv	329	
Ahuja2024:NA7	locality	Pacific Ocean	biosample	https://www.ncbi.nlm.nih.gov/biosample/SAMN32803048	Attributes/Attribute[@attribute_name='geo_loc_name']	SAMN32803048	Original geographic-location label retained; not an inference-region assignment.	data/sources/metadata_enrichment/external/biosample_candidates.tsv	330	
Ahuja2024:NA7	longitude	-122.0727	biosample	https://www.ncbi.nlm.nih.gov/biosample/SAMN32803048	Attributes/Attribute[@attribute_name='lat_lon']	SAMN32803048	Hemisphere sign applied; no geographic correction inferred.	data/sources/metadata_enrichment/external/biosample_candidates.tsv	331	
Ahuja2024:NA7	tissue	siphosome	biosample	https://www.ncbi.nlm.nih.gov/biosample/SAMN32803048	Attributes/Attribute[@attribute_name='tissue']	SAMN32803048		data/sources/metadata_enrichment/external/biosample_candidates.tsv	332	
Ahuja2024:NA8	biosample	SAMN32803035	biosample	https://www.ncbi.nlm.nih.gov/biosample/SAMN32803035	BioSample/@accession	SAMN32803035		data/sources/metadata_enrichment/external/biosample_candidates.tsv	333	
Ahuja2024:NA8	collection_date	2021-10-29	biosample	https://www.ncbi.nlm.nih.gov/biosample/SAMN32803035	Attributes/Attribute[@attribute_name='collection_date']	SAMN32803035		data/sources/metadata_enrichment/external/biosample_candidates.tsv	334	
Ahuja2024:NA8	collection_depth_source	https://www.ncbi.nlm.nih.gov/biosample/SAMN32803035	biosample	https://www.ncbi.nlm.nih.gov/biosample/SAMN32803035	Attributes/Attribute[@attribute_name='depth']	SAMN32803035		data/sources/metadata_enrichment/external/biosample_candidates.tsv	335	
Ahuja2024:NA8	depth_m	1299	biosample	https://www.ncbi.nlm.nih.gov/biosample/SAMN32803035	Attributes/Attribute[@attribute_name='depth']	SAMN32803035	Explicit metre unit retained; source depth definition otherwise unchanged.	data/sources/metadata_enrichment/external/biosample_candidates.tsv	336	
Ahuja2024:NA8	depth_original	1299 meters	biosample	https://www.ncbi.nlm.nih.gov/biosample/SAMN32803035	Attributes/Attribute[@attribute_name='depth']	SAMN32803035		data/sources/metadata_enrichment/external/biosample_candidates.tsv	337	
Ahuja2024:NA8	lat_long_raw	36.225 N 123.1424 W	biosample	https://www.ncbi.nlm.nih.gov/biosample/SAMN32803035	Attributes/Attribute[@attribute_name='lat_lon']	SAMN32803035		data/sources/metadata_enrichment/external/biosample_candidates.tsv	338	
Ahuja2024:NA8	latitude	36.225	biosample	https://www.ncbi.nlm.nih.gov/biosample/SAMN32803035	Attributes/Attribute[@attribute_name='lat_lon']	SAMN32803035	Hemisphere sign applied; no geographic correction inferred.	data/sources/metadata_enrichment/external/biosample_candidates.tsv	339	
Ahuja2024:NA8	locality	Pacific Ocean	biosample	https://www.ncbi.nlm.nih.gov/biosample/SAMN32803035	Attributes/Attribute[@attribute_name='geo_loc_name']	SAMN32803035	Original geographic-location label retained; not an inference-region assignment.	data/sources/metadata_enrichment/external/biosample_candidates.tsv	340	
Ahuja2024:NA8	longitude	-123.1424	biosample	https://www.ncbi.nlm.nih.gov/biosample/SAMN32803035	Attributes/Attribute[@attribute_name='lat_lon']	SAMN32803035	Hemisphere sign applied; no geographic correction inferred.	data/sources/metadata_enrichment/external/biosample_candidates.tsv	341	
Ahuja2024:NA8	specimen_voucher	YPM:IZ:110226	biosample	https://www.ncbi.nlm.nih.gov/biosample/SAMN32803035	Attributes/Attribute[@attribute_name='specimen_voucher']	SAMN32803035		data/sources/metadata_enrichment/external/biosample_candidates.tsv	342	
Ahuja2024:NA8	tissue	siphosome	biosample	https://www.ncbi.nlm.nih.gov/biosample/SAMN32803035	Attributes/Attribute[@attribute_name='tissue']	SAMN32803035		data/sources/metadata_enrichment/external/biosample_candidates.tsv	343	
Ahuja2024:NA9	biosample	SAMN32803043	biosample	https://www.ncbi.nlm.nih.gov/biosample/SAMN32803043	BioSample/@accession	SAMN32803043		data/sources/metadata_enrichment/external/biosample_candidates.tsv	344	
Ahuja2024:NA9	collection_date	2010-10-12	biosample	https://www.ncbi.nlm.nih.gov/biosample/SAMN32803043	Attributes/Attribute[@attribute_name='collection_date']	SAMN32803043		data/sources/metadata_enrichment/external/biosample_candidates.tsv	345	
Ahuja2024:NA9	collection_depth_source	https://www.ncbi.nlm.nih.gov/biosample/SAMN32803043	biosample	https://www.ncbi.nlm.nih.gov/biosample/SAMN32803043	Attributes/Attribute[@attribute_name='depth']	SAMN32803043		data/sources/metadata_enrichment/external/biosample_candidates.tsv	346	
Ahuja2024:NA9	depth_m	420	biosample	https://www.ncbi.nlm.nih.gov/biosample/SAMN32803043	Attributes/Attribute[@attribute_name='depth']	SAMN32803043	Explicit metre unit retained; source depth definition otherwise unchanged.	data/sources/metadata_enrichment/external/biosample_candidates.tsv	347	
Ahuja2024:NA9	depth_original	420 meters	biosample	https://www.ncbi.nlm.nih.gov/biosample/SAMN32803043	Attributes/Attribute[@attribute_name='depth']	SAMN32803043		data/sources/metadata_enrichment/external/biosample_candidates.tsv	348	
Ahuja2024:NA9	lat_long_raw	36.6996 N 122.0999 W	biosample	https://www.ncbi.nlm.nih.gov/biosample/SAMN32803043	Attributes/Attribute[@attribute_name='lat_lon']	SAMN32803043		data/sources/metadata_enrichment/external/biosample_candidates.tsv	349	
Ahuja2024:NA9	latitude	36.6996	biosample	https://www.ncbi.nlm.nih.gov/biosample/SAMN32803043	Attributes/Attribute[@attribute_name='lat_lon']	SAMN32803043	Hemisphere sign applied; no geographic correction inferred.	data/sources/metadata_enrichment/external/biosample_candidates.tsv	350	
Ahuja2024:NA9	locality	Pacific Ocean	biosample	https://www.ncbi.nlm.nih.gov/biosample/SAMN32803043	Attributes/Attribute[@attribute_name='geo_loc_name']	SAMN32803043	Original geographic-location label retained; not an inference-region assignment.	data/sources/metadata_enrichment/external/biosample_candidates.tsv	351	
Ahuja2024:NA9	longitude	-122.0999	biosample	https://www.ncbi.nlm.nih.gov/biosample/SAMN32803043	Attributes/Attribute[@attribute_name='lat_lon']	SAMN32803043	Hemisphere sign applied; no geographic correction inferred.	data/sources/metadata_enrichment/external/biosample_candidates.tsv	352	
Ahuja2024:NA9	tissue	siphosome	biosample	https://www.ncbi.nlm.nih.gov/biosample/SAMN32803043	Attributes/Attribute[@attribute_name='tissue']	SAMN32803043		data/sources/metadata_enrichment/external/biosample_candidates.tsv	353	
Ahuja2026:NA19	biosample	SAMN32803049	biosample	https://www.ncbi.nlm.nih.gov/biosample/SAMN32803049	BioSample/@accession	SAMN32803049		data/sources/metadata_enrichment/external/biosample_candidates.tsv	354	
Ahuja2026:NA19	collection_date	2013-02-11	biosample	https://www.ncbi.nlm.nih.gov/biosample/SAMN32803049	Attributes/Attribute[@attribute_name='collection_date']	SAMN32803049		data/sources/metadata_enrichment/external/biosample_candidates.tsv	355	
Ahuja2026:NA19	collection_depth_source	https://www.ncbi.nlm.nih.gov/biosample/SAMN32803049	biosample	https://www.ncbi.nlm.nih.gov/biosample/SAMN32803049	Attributes/Attribute[@attribute_name='depth']	SAMN32803049		data/sources/metadata_enrichment/external/biosample_candidates.tsv	356	
Ahuja2026:NA19	depth_m	297	biosample	https://www.ncbi.nlm.nih.gov/biosample/SAMN32803049	Attributes/Attribute[@attribute_name='depth']	SAMN32803049	Explicit metre unit retained; source depth definition otherwise unchanged.	data/sources/metadata_enrichment/external/biosample_candidates.tsv	357	
Ahuja2026:NA19	depth_original	297 meters	biosample	https://www.ncbi.nlm.nih.gov/biosample/SAMN32803049	Attributes/Attribute[@attribute_name='depth']	SAMN32803049		data/sources/metadata_enrichment/external/biosample_candidates.tsv	358	
Ahuja2026:NA19	lat_long_raw	36.698983 N 122.050126 W	biosample	https://www.ncbi.nlm.nih.gov/biosample/SAMN32803049	Attributes/Attribute[@attribute_name='lat_lon']	SAMN32803049		data/sources/metadata_enrichment/external/biosample_candidates.tsv	359	
Ahuja2026:NA19	latitude	36.698983	biosample	https://www.ncbi.nlm.nih.gov/biosample/SAMN32803049	Attributes/Attribute[@attribute_name='lat_lon']	SAMN32803049	Hemisphere sign applied; no geographic correction inferred.	data/sources/metadata_enrichment/external/biosample_candidates.tsv	360	
Ahuja2026:NA19	locality	Pacific Ocean	biosample	https://www.ncbi.nlm.nih.gov/biosample/SAMN32803049	Attributes/Attribute[@attribute_name='geo_loc_name']	SAMN32803049	Original geographic-location label retained; not an inference-region assignment.	data/sources/metadata_enrichment/external/biosample_candidates.tsv	361	
Ahuja2026:NA19	longitude	-122.050126	biosample	https://www.ncbi.nlm.nih.gov/biosample/SAMN32803049	Attributes/Attribute[@attribute_name='lat_lon']	SAMN32803049	Hemisphere sign applied; no geographic correction inferred.	data/sources/metadata_enrichment/external/biosample_candidates.tsv	362	
Ahuja2026:NA19	tissue	siphosome	biosample	https://www.ncbi.nlm.nih.gov/biosample/SAMN32803049	Attributes/Attribute[@attribute_name='tissue']	SAMN32803049		data/sources/metadata_enrichment/external/biosample_candidates.tsv	363	
Ahuja2026:NA28	biosample	SAMN48043655	biosample	https://www.ncbi.nlm.nih.gov/biosample/SAMN48043655	BioSample/@accession	SAMN48043655		data/sources/metadata_enrichment/external/biosample_candidates.tsv	364	
Ahuja2026:NA28	collection_date	2013-08-30	biosample	https://www.ncbi.nlm.nih.gov/biosample/SAMN48043655	Attributes/Attribute[@attribute_name='collection_date']	SAMN48043655		data/sources/metadata_enrichment/external/biosample_candidates.tsv	365	
Ahuja2026:NA28	collection_depth_source	https://www.ncbi.nlm.nih.gov/biosample/SAMN48043655	biosample	https://www.ncbi.nlm.nih.gov/biosample/SAMN48043655	Attributes/Attribute[@attribute_name='depth']	SAMN48043655		data/sources/metadata_enrichment/external/biosample_candidates.tsv	366	
Ahuja2026:NA28	depth_max_m	20	biosample	https://www.ncbi.nlm.nih.gov/biosample/SAMN48043655	Attributes/Attribute[@attribute_name='depth']	SAMN48043655	Explicit metre interval; no midpoint imputed.	data/sources/metadata_enrichment/external/biosample_candidates.tsv	367	
Ahuja2026:NA28	depth_min_m	0	biosample	https://www.ncbi.nlm.nih.gov/biosample/SAMN48043655	Attributes/Attribute[@attribute_name='depth']	SAMN48043655	Explicit metre interval; no midpoint imputed.	data/sources/metadata_enrichment/external/biosample_candidates.tsv	368	
Ahuja2026:NA28	depth_original	0-20 m	biosample	https://www.ncbi.nlm.nih.gov/biosample/SAMN48043655	Attributes/Attribute[@attribute_name='depth']	SAMN48043655		data/sources/metadata_enrichment/external/biosample_candidates.tsv	369	
Ahuja2026:NA28	lat_long_raw	41.036 N 71.399 W	biosample	https://www.ncbi.nlm.nih.gov/biosample/SAMN48043655	Attributes/Attribute[@attribute_name='lat_lon']	SAMN48043655		data/sources/metadata_enrichment/external/biosample_candidates.tsv	370	
Ahuja2026:NA28	latitude	41.036	biosample	https://www.ncbi.nlm.nih.gov/biosample/SAMN48043655	Attributes/Attribute[@attribute_name='lat_lon']	SAMN48043655	Hemisphere sign applied; no geographic correction inferred.	data/sources/metadata_enrichment/external/biosample_candidates.tsv	371	
Ahuja2026:NA28	locality	Atlantic Ocean	biosample	https://www.ncbi.nlm.nih.gov/biosample/SAMN48043655	Attributes/Attribute[@attribute_name='geo_loc_name']	SAMN48043655	Original geographic-location label retained; not an inference-region assignment.	data/sources/metadata_enrichment/external/biosample_candidates.tsv	372	
Ahuja2026:NA28	longitude	-71.399	biosample	https://www.ncbi.nlm.nih.gov/biosample/SAMN48043655	Attributes/Attribute[@attribute_name='lat_lon']	SAMN48043655	Hemisphere sign applied; no geographic correction inferred.	data/sources/metadata_enrichment/external/biosample_candidates.tsv	373	
Ahuja2026:NA28	specimen_voucher	YPM:IZ:110451	biosample	https://www.ncbi.nlm.nih.gov/biosample/SAMN48043655	Attributes/Attribute[@attribute_name='specimen_voucher']	SAMN48043655		data/sources/metadata_enrichment/external/biosample_candidates.tsv	374	
Ahuja2026:NA28	tissue	siphosome	biosample	https://www.ncbi.nlm.nih.gov/biosample/SAMN48043655	Attributes/Attribute[@attribute_name='tissue']	SAMN48043655		data/sources/metadata_enrichment/external/biosample_candidates.tsv	375	
Ahuja2026:NA29	biosample	SAMN48043654	biosample	https://www.ncbi.nlm.nih.gov/biosample/SAMN48043654	BioSample/@accession	SAMN48043654		data/sources/metadata_enrichment/external/biosample_candidates.tsv	376	
Ahuja2026:NA29	collection_date	2017-03-16	biosample	https://www.ncbi.nlm.nih.gov/biosample/SAMN48043654	Attributes/Attribute[@attribute_name='collection_date']	SAMN48043654		data/sources/metadata_enrichment/external/biosample_candidates.tsv	377	
Ahuja2026:NA29	collection_depth_source	https://www.ncbi.nlm.nih.gov/biosample/SAMN48043654	biosample	https://www.ncbi.nlm.nih.gov/biosample/SAMN48043654	Attributes/Attribute[@attribute_name='depth']	SAMN48043654		data/sources/metadata_enrichment/external/biosample_candidates.tsv	378	
Ahuja2026:NA29	depth_max_m	20	biosample	https://www.ncbi.nlm.nih.gov/biosample/SAMN48043654	Attributes/Attribute[@attribute_name='depth']	SAMN48043654	Explicit metre interval; no midpoint imputed.	data/sources/metadata_enrichment/external/biosample_candidates.tsv	379	
Ahuja2026:NA29	depth_min_m	0	biosample	https://www.ncbi.nlm.nih.gov/biosample/SAMN48043654	Attributes/Attribute[@attribute_name='depth']	SAMN48043654	Explicit metre interval; no midpoint imputed.	data/sources/metadata_enrichment/external/biosample_candidates.tsv	380	
Ahuja2026:NA29	depth_original	0-20 m	biosample	https://www.ncbi.nlm.nih.gov/biosample/SAMN48043654	Attributes/Attribute[@attribute_name='depth']	SAMN48043654		data/sources/metadata_enrichment/external/biosample_candidates.tsv	381	
Ahuja2026:NA29	lat_long_raw	19.344170 N 156.075853 W	biosample	https://www.ncbi.nlm.nih.gov/biosample/SAMN48043654	Attributes/Attribute[@attribute_name='lat_lon']	SAMN48043654		data/sources/metadata_enrichment/external/biosample_candidates.tsv	382	
Ahuja2026:NA29	latitude	19.34417	biosample	https://www.ncbi.nlm.nih.gov/biosample/SAMN48043654	Attributes/Attribute[@attribute_name='lat_lon']	SAMN48043654	Hemisphere sign applied; no geographic correction inferred.	data/sources/metadata_enrichment/external/biosample_candidates.tsv	383	
Ahuja2026:NA29	locality	Pacific Ocean	biosample	https://www.ncbi.nlm.nih.gov/biosample/SAMN48043654	Attributes/Attribute[@attribute_name='geo_loc_name']	SAMN48043654	Original geographic-location label retained; not an inference-region assignment.	data/sources/metadata_enrichment/external/biosample_candidates.tsv	384	
Ahuja2026:NA29	longitude	-156.075853	biosample	https://www.ncbi.nlm.nih.gov/biosample/SAMN48043654	Attributes/Attribute[@attribute_name='lat_lon']	SAMN48043654	Hemisphere sign applied; no geographic correction inferred.	data/sources/metadata_enrichment/external/biosample_candidates.tsv	385	
Ahuja2026:NA29	specimen_voucher	YPM:IZ:111733	biosample	https://www.ncbi.nlm.nih.gov/biosample/SAMN48043654	Attributes/Attribute[@attribute_name='specimen_voucher']	SAMN48043654		data/sources/metadata_enrichment/external/biosample_candidates.tsv	386	
Ahuja2026:NA29	tissue	siphosome	biosample	https://www.ncbi.nlm.nih.gov/biosample/SAMN48043654	Attributes/Attribute[@attribute_name='tissue']	SAMN48043654		data/sources/metadata_enrichment/external/biosample_candidates.tsv	387	
Ahuja2026:NA30	biosample	SAMN48043659	biosample	https://www.ncbi.nlm.nih.gov/biosample/SAMN48043659	BioSample/@accession	SAMN48043659		data/sources/metadata_enrichment/external/biosample_candidates.tsv	388	
Ahuja2026:NA30	collection_date	2011-04-01	biosample	https://www.ncbi.nlm.nih.gov/biosample/SAMN48043659	Attributes/Attribute[@attribute_name='collection_date']	SAMN48043659		data/sources/metadata_enrichment/external/biosample_candidates.tsv	389	
Ahuja2026:NA30	collection_depth_source	https://www.ncbi.nlm.nih.gov/biosample/SAMN48043659	biosample	https://www.ncbi.nlm.nih.gov/biosample/SAMN48043659	Attributes/Attribute[@attribute_name='depth']	SAMN48043659		data/sources/metadata_enrichment/external/biosample_candidates.tsv	390	
Ahuja2026:NA30	depth_max_m	20	biosample	https://www.ncbi.nlm.nih.gov/biosample/SAMN48043659	Attributes/Attribute[@attribute_name='depth']	SAMN48043659	Explicit metre interval; no midpoint imputed.	data/sources/metadata_enrichment/external/biosample_candidates.tsv	391	
Ahuja2026:NA30	depth_min_m	0	biosample	https://www.ncbi.nlm.nih.gov/biosample/SAMN48043659	Attributes/Attribute[@attribute_name='depth']	SAMN48043659	Explicit metre interval; no midpoint imputed.	data/sources/metadata_enrichment/external/biosample_candidates.tsv	392	
Ahuja2026:NA30	depth_original	0-20 m	biosample	https://www.ncbi.nlm.nih.gov/biosample/SAMN48043659	Attributes/Attribute[@attribute_name='depth']	SAMN48043659		data/sources/metadata_enrichment/external/biosample_candidates.tsv	393	
Ahuja2026:NA30	lat_long_raw	43.690000 N 7.310000 E	biosample	https://www.ncbi.nlm.nih.gov/biosample/SAMN48043659	Attributes/Attribute[@attribute_name='lat_lon']	SAMN48043659		data/sources/metadata_enrichment/external/biosample_candidates.tsv	394	
Ahuja2026:NA30	latitude	43.69	biosample	https://www.ncbi.nlm.nih.gov/biosample/SAMN48043659	Attributes/Attribute[@attribute_name='lat_lon']	SAMN48043659	Hemisphere sign applied; no geographic correction inferred.	data/sources/metadata_enrichment/external/biosample_candidates.tsv	395	
Ahuja2026:NA30	locality	Mediterranean Sea	biosample	https://www.ncbi.nlm.nih.gov/biosample/SAMN48043659	Attributes/Attribute[@attribute_name='geo_loc_name']	SAMN48043659	Original geographic-location label retained; not an inference-region assignment.	data/sources/metadata_enrichment/external/biosample_candidates.tsv	396	
Ahuja2026:NA30	longitude	7.31	biosample	https://www.ncbi.nlm.nih.gov/biosample/SAMN48043659	Attributes/Attribute[@attribute_name='lat_lon']	SAMN48043659	Hemisphere sign applied; no geographic correction inferred.	data/sources/metadata_enrichment/external/biosample_candidates.tsv	397	
Ahuja2026:NA30	specimen_voucher	YPM:IZ:111732	biosample	https://www.ncbi.nlm.nih.gov/biosample/SAMN48043659	Attributes/Attribute[@attribute_name='specimen_voucher']	SAMN48043659		data/sources/metadata_enrichment/external/biosample_candidates.tsv	398	
Ahuja2026:NA30	tissue	siphosome	biosample	https://www.ncbi.nlm.nih.gov/biosample/SAMN48043659	Attributes/Attribute[@attribute_name='tissue']	SAMN48043659		data/sources/metadata_enrichment/external/biosample_candidates.tsv	399	
Ahuja2026:NA31	biosample	SAMN48043651	biosample	https://www.ncbi.nlm.nih.gov/biosample/SAMN48043651	BioSample/@accession	SAMN48043651		data/sources/metadata_enrichment/external/biosample_candidates.tsv	400	
Ahuja2026:NA31	collection_date	2010-06-18	biosample	https://www.ncbi.nlm.nih.gov/biosample/SAMN48043651	Attributes/Attribute[@attribute_name='collection_date']	SAMN48043651		data/sources/metadata_enrichment/external/biosample_candidates.tsv	401	
Ahuja2026:NA31	collection_depth_source	https://www.ncbi.nlm.nih.gov/biosample/SAMN48043651	biosample	https://www.ncbi.nlm.nih.gov/biosample/SAMN48043651	Attributes/Attribute[@attribute_name='depth']	SAMN48043651		data/sources/metadata_enrichment/external/biosample_candidates.tsv	402	
Ahuja2026:NA31	depth_max_m	20	biosample	https://www.ncbi.nlm.nih.gov/biosample/SAMN48043651	Attributes/Attribute[@attribute_name='depth']	SAMN48043651	Explicit metre interval; no midpoint imputed.	data/sources/metadata_enrichment/external/biosample_candidates.tsv	403	
Ahuja2026:NA31	depth_min_m	0	biosample	https://www.ncbi.nlm.nih.gov/biosample/SAMN48043651	Attributes/Attribute[@attribute_name='depth']	SAMN48043651	Explicit metre interval; no midpoint imputed.	data/sources/metadata_enrichment/external/biosample_candidates.tsv	404	
Ahuja2026:NA31	depth_original	0-20 m	biosample	https://www.ncbi.nlm.nih.gov/biosample/SAMN48043651	Attributes/Attribute[@attribute_name='depth']	SAMN48043651		data/sources/metadata_enrichment/external/biosample_candidates.tsv	405	
Ahuja2026:NA31	lat_long_raw	27.591667 N 111.516667 W	biosample	https://www.ncbi.nlm.nih.gov/biosample/SAMN48043651	Attributes/Attribute[@attribute_name='lat_lon']	SAMN48043651		data/sources/metadata_enrichment/external/biosample_candidates.tsv	406	
Ahuja2026:NA31	latitude	27.591667	biosample	https://www.ncbi.nlm.nih.gov/biosample/SAMN48043651	Attributes/Attribute[@attribute_name='lat_lon']	SAMN48043651	Hemisphere sign applied; no geographic correction inferred.	data/sources/metadata_enrichment/external/biosample_candidates.tsv	407	
Ahuja2026:NA31	locality	Pacific Ocean:Baja	biosample	https://www.ncbi.nlm.nih.gov/biosample/SAMN48043651	Attributes/Attribute[@attribute_name='geo_loc_name']	SAMN48043651	Original geographic-location label retained; not an inference-region assignment.	data/sources/metadata_enrichment/external/biosample_candidates.tsv	408	
Ahuja2026:NA31	longitude	-111.516667	biosample	https://www.ncbi.nlm.nih.gov/biosample/SAMN48043651	Attributes/Attribute[@attribute_name='lat_lon']	SAMN48043651	Hemisphere sign applied; no geographic correction inferred.	data/sources/metadata_enrichment/external/biosample_candidates.tsv	409	
Ahuja2026:NA31	specimen_voucher	YPM:IZ:111742	biosample	https://www.ncbi.nlm.nih.gov/biosample/SAMN48043651	Attributes/Attribute[@attribute_name='specimen_voucher']	SAMN48043651		data/sources/metadata_enrichment/external/biosample_candidates.tsv	410	
Ahuja2026:NA31	tissue	siphosome	biosample	https://www.ncbi.nlm.nih.gov/biosample/SAMN48043651	Attributes/Attribute[@attribute_name='tissue']	SAMN48043651		data/sources/metadata_enrichment/external/biosample_candidates.tsv	411	
Ahuja2026:NA32	biosample	SAMN48043652	biosample	https://www.ncbi.nlm.nih.gov/biosample/SAMN48043652	BioSample/@accession	SAMN48043652		data/sources/metadata_enrichment/external/biosample_candidates.tsv	412	
Ahuja2026:NA32	collection_date	2015-03-13	biosample	https://www.ncbi.nlm.nih.gov/biosample/SAMN48043652	Attributes/Attribute[@attribute_name='collection_date']	SAMN48043652		data/sources/metadata_enrichment/external/biosample_candidates.tsv	413	
Ahuja2026:NA32	collection_depth_source	https://www.ncbi.nlm.nih.gov/biosample/SAMN48043652	biosample	https://www.ncbi.nlm.nih.gov/biosample/SAMN48043652	Attributes/Attribute[@attribute_name='depth']	SAMN48043652		data/sources/metadata_enrichment/external/biosample_candidates.tsv	414	
Ahuja2026:NA32	depth_max_m	20	biosample	https://www.ncbi.nlm.nih.gov/biosample/SAMN48043652	Attributes/Attribute[@attribute_name='depth']	SAMN48043652	Explicit metre interval; no midpoint imputed.	data/sources/metadata_enrichment/external/biosample_candidates.tsv	415	
Ahuja2026:NA32	depth_min_m	0	biosample	https://www.ncbi.nlm.nih.gov/biosample/SAMN48043652	Attributes/Attribute[@attribute_name='depth']	SAMN48043652	Explicit metre interval; no midpoint imputed.	data/sources/metadata_enrichment/external/biosample_candidates.tsv	416	
Ahuja2026:NA32	depth_original	0-20 m	biosample	https://www.ncbi.nlm.nih.gov/biosample/SAMN48043652	Attributes/Attribute[@attribute_name='depth']	SAMN48043652		data/sources/metadata_enrichment/external/biosample_candidates.tsv	417	
Ahuja2026:NA32	lat_long_raw	22.916667 N 108.116667 W	biosample	https://www.ncbi.nlm.nih.gov/biosample/SAMN48043652	Attributes/Attribute[@attribute_name='lat_lon']	SAMN48043652		data/sources/metadata_enrichment/external/biosample_candidates.tsv	418	
Ahuja2026:NA32	latitude	22.916667	biosample	https://www.ncbi.nlm.nih.gov/biosample/SAMN48043652	Attributes/Attribute[@attribute_name='lat_lon']	SAMN48043652	Hemisphere sign applied; no geographic correction inferred.	data/sources/metadata_enrichment/external/biosample_candidates.tsv	419	
Ahuja2026:NA32	locality	Pacific Ocean:Baja	biosample	https://www.ncbi.nlm.nih.gov/biosample/SAMN48043652	Attributes/Attribute[@attribute_name='geo_loc_name']	SAMN48043652	Original geographic-location label retained; not an inference-region assignment.	data/sources/metadata_enrichment/external/biosample_candidates.tsv	420	
Ahuja2026:NA32	longitude	-108.116667	biosample	https://www.ncbi.nlm.nih.gov/biosample/SAMN48043652	Attributes/Attribute[@attribute_name='lat_lon']	SAMN48043652	Hemisphere sign applied; no geographic correction inferred.	data/sources/metadata_enrichment/external/biosample_candidates.tsv	421	
Ahuja2026:NA32	specimen_voucher	YPM:IZ:111740	biosample	https://www.ncbi.nlm.nih.gov/biosample/SAMN48043652	Attributes/Attribute[@attribute_name='specimen_voucher']	SAMN48043652		data/sources/metadata_enrichment/external/biosample_candidates.tsv	422	
Ahuja2026:NA32	tissue	siphosome	biosample	https://www.ncbi.nlm.nih.gov/biosample/SAMN48043652	Attributes/Attribute[@attribute_name='tissue']	SAMN48043652		data/sources/metadata_enrichment/external/biosample_candidates.tsv	423	
Ahuja2026:NA33	biosample	SAMN48043653	biosample	https://www.ncbi.nlm.nih.gov/biosample/SAMN48043653	BioSample/@accession	SAMN48043653		data/sources/metadata_enrichment/external/biosample_candidates.tsv	424	
Ahuja2026:NA33	collection_date	2015-03-15	biosample	https://www.ncbi.nlm.nih.gov/biosample/SAMN48043653	Attributes/Attribute[@attribute_name='collection_date']	SAMN48043653		data/sources/metadata_enrichment/external/biosample_candidates.tsv	425	
Ahuja2026:NA33	collection_depth_source	https://www.ncbi.nlm.nih.gov/biosample/SAMN48043653	biosample	https://www.ncbi.nlm.nih.gov/biosample/SAMN48043653	Attributes/Attribute[@attribute_name='depth']	SAMN48043653		data/sources/metadata_enrichment/external/biosample_candidates.tsv	426	
Ahuja2026:NA33	depth_max_m	20	biosample	https://www.ncbi.nlm.nih.gov/biosample/SAMN48043653	Attributes/Attribute[@attribute_name='depth']	SAMN48043653	Explicit metre interval; no midpoint imputed.	data/sources/metadata_enrichment/external/biosample_candidates.tsv	427	
Ahuja2026:NA33	depth_min_m	0	biosample	https://www.ncbi.nlm.nih.gov/biosample/SAMN48043653	Attributes/Attribute[@attribute_name='depth']	SAMN48043653	Explicit metre interval; no midpoint imputed.	data/sources/metadata_enrichment/external/biosample_candidates.tsv	428	
Ahuja2026:NA33	depth_original	0-20 m	biosample	https://www.ncbi.nlm.nih.gov/biosample/SAMN48043653	Attributes/Attribute[@attribute_name='depth']	SAMN48043653		data/sources/metadata_enrichment/external/biosample_candidates.tsv	429	
Ahuja2026:NA33	lat_long_raw	24.183333 N 108.633333 W	biosample	https://www.ncbi.nlm.nih.gov/biosample/SAMN48043653	Attributes/Attribute[@attribute_name='lat_lon']	SAMN48043653		data/sources/metadata_enrichment/external/biosample_candidates.tsv	430	
Ahuja2026:NA33	latitude	24.183333	biosample	https://www.ncbi.nlm.nih.gov/biosample/SAMN48043653	Attributes/Attribute[@attribute_name='lat_lon']	SAMN48043653	Hemisphere sign applied; no geographic correction inferred.	data/sources/metadata_enrichment/external/biosample_candidates.tsv	431	
Ahuja2026:NA33	locality	Pacific Ocean:Baja	biosample	https://www.ncbi.nlm.nih.gov/biosample/SAMN48043653	Attributes/Attribute[@attribute_name='geo_loc_name']	SAMN48043653	Original geographic-location label retained; not an inference-region assignment.	data/sources/metadata_enrichment/external/biosample_candidates.tsv	432	
Ahuja2026:NA33	longitude	-108.633333	biosample	https://www.ncbi.nlm.nih.gov/biosample/SAMN48043653	Attributes/Attribute[@attribute_name='lat_lon']	SAMN48043653	Hemisphere sign applied; no geographic correction inferred.	data/sources/metadata_enrichment/external/biosample_candidates.tsv	433	
Ahuja2026:NA33	specimen_voucher	YPM:IZ:111741	biosample	https://www.ncbi.nlm.nih.gov/biosample/SAMN48043653	Attributes/Attribute[@attribute_name='specimen_voucher']	SAMN48043653		data/sources/metadata_enrichment/external/biosample_candidates.tsv	434	
Ahuja2026:NA33	tissue	siphosome	biosample	https://www.ncbi.nlm.nih.gov/biosample/SAMN48043653	Attributes/Attribute[@attribute_name='tissue']	SAMN48043653		data/sources/metadata_enrichment/external/biosample_candidates.tsv	435	
Ahuja2026:NA34	biosample	SAMN48043660	biosample	https://www.ncbi.nlm.nih.gov/biosample/SAMN48043660	BioSample/@accession	SAMN48043660		data/sources/metadata_enrichment/external/biosample_candidates.tsv	436	
Ahuja2026:NA34	collection_date	2011-06-16	biosample	https://www.ncbi.nlm.nih.gov/biosample/SAMN48043660	Attributes/Attribute[@attribute_name='collection_date']	SAMN48043660		data/sources/metadata_enrichment/external/biosample_candidates.tsv	437	
Ahuja2026:NA34	collection_depth_source	https://www.ncbi.nlm.nih.gov/biosample/SAMN48043660	biosample	https://www.ncbi.nlm.nih.gov/biosample/SAMN48043660	Attributes/Attribute[@attribute_name='depth']	SAMN48043660		data/sources/metadata_enrichment/external/biosample_candidates.tsv	438	
Ahuja2026:NA34	country	USA	biosample	https://www.ncbi.nlm.nih.gov/biosample/SAMN48043660	Attributes/Attribute[@attribute_name='geo_loc_name']	SAMN48043660	Top-level geographic jurisdiction retained as submitted, including named territories.	data/sources/metadata_enrichment/external/biosample_candidates.tsv	439	
Ahuja2026:NA34	depth_max_m	20	biosample	https://www.ncbi.nlm.nih.gov/biosample/SAMN48043660	Attributes/Attribute[@attribute_name='depth']	SAMN48043660	Explicit metre interval; no midpoint imputed.	data/sources/metadata_enrichment/external/biosample_candidates.tsv	440	
Ahuja2026:NA34	depth_min_m	0	biosample	https://www.ncbi.nlm.nih.gov/biosample/SAMN48043660	Attributes/Attribute[@attribute_name='depth']	SAMN48043660	Explicit metre interval; no midpoint imputed.	data/sources/metadata_enrichment/external/biosample_candidates.tsv	441	
Ahuja2026:NA34	depth_original	0-20 m	biosample	https://www.ncbi.nlm.nih.gov/biosample/SAMN48043660	Attributes/Attribute[@attribute_name='depth']	SAMN48043660		data/sources/metadata_enrichment/external/biosample_candidates.tsv	442	
Ahuja2026:NA34	lat_long_raw	48.54505 N 123.012141 W	biosample	https://www.ncbi.nlm.nih.gov/biosample/SAMN48043660	Attributes/Attribute[@attribute_name='lat_lon']	SAMN48043660		data/sources/metadata_enrichment/external/biosample_candidates.tsv	443	
Ahuja2026:NA34	latitude	48.54505	biosample	https://www.ncbi.nlm.nih.gov/biosample/SAMN48043660	Attributes/Attribute[@attribute_name='lat_lon']	SAMN48043660	Hemisphere sign applied; no geographic correction inferred.	data/sources/metadata_enrichment/external/biosample_candidates.tsv	444	
Ahuja2026:NA34	locality	USA:Washington,Friday Harbor Lab	biosample	https://www.ncbi.nlm.nih.gov/biosample/SAMN48043660	Attributes/Attribute[@attribute_name='geo_loc_name']	SAMN48043660	Original geographic-location label retained; not an inference-region assignment.	data/sources/metadata_enrichment/external/biosample_candidates.tsv	445	
Ahuja2026:NA34	longitude	-123.012141	biosample	https://www.ncbi.nlm.nih.gov/biosample/SAMN48043660	Attributes/Attribute[@attribute_name='lat_lon']	SAMN48043660	Hemisphere sign applied; no geographic correction inferred.	data/sources/metadata_enrichment/external/biosample_candidates.tsv	446	
Ahuja2026:NA34	specimen_voucher	YPM:IZ:111164	biosample	https://www.ncbi.nlm.nih.gov/biosample/SAMN48043660	Attributes/Attribute[@attribute_name='specimen_voucher']	SAMN48043660		data/sources/metadata_enrichment/external/biosample_candidates.tsv	447	
Ahuja2026:NA34	tissue	siphosome	biosample	https://www.ncbi.nlm.nih.gov/biosample/SAMN48043660	Attributes/Attribute[@attribute_name='tissue']	SAMN48043660		data/sources/metadata_enrichment/external/biosample_candidates.tsv	448	
Ahuja2026:NA35	biosample	SAMN48043661	biosample	https://www.ncbi.nlm.nih.gov/biosample/SAMN48043661	BioSample/@accession	SAMN48043661		data/sources/metadata_enrichment/external/biosample_candidates.tsv	449	
Ahuja2026:NA35	collection_date	2011-06-16	biosample	https://www.ncbi.nlm.nih.gov/biosample/SAMN48043661	Attributes/Attribute[@attribute_name='collection_date']	SAMN48043661		data/sources/metadata_enrichment/external/biosample_candidates.tsv	450	
Ahuja2026:NA35	collection_depth_source	https://www.ncbi.nlm.nih.gov/biosample/SAMN48043661	biosample	https://www.ncbi.nlm.nih.gov/biosample/SAMN48043661	Attributes/Attribute[@attribute_name='depth']	SAMN48043661		data/sources/metadata_enrichment/external/biosample_candidates.tsv	451	
Ahuja2026:NA35	country	USA	biosample	https://www.ncbi.nlm.nih.gov/biosample/SAMN48043661	Attributes/Attribute[@attribute_name='geo_loc_name']	SAMN48043661	Top-level geographic jurisdiction retained as submitted, including named territories.	data/sources/metadata_enrichment/external/biosample_candidates.tsv	452	
Ahuja2026:NA35	depth_max_m	20	biosample	https://www.ncbi.nlm.nih.gov/biosample/SAMN48043661	Attributes/Attribute[@attribute_name='depth']	SAMN48043661	Explicit metre interval; no midpoint imputed.	data/sources/metadata_enrichment/external/biosample_candidates.tsv	453	
Ahuja2026:NA35	depth_min_m	0	biosample	https://www.ncbi.nlm.nih.gov/biosample/SAMN48043661	Attributes/Attribute[@attribute_name='depth']	SAMN48043661	Explicit metre interval; no midpoint imputed.	data/sources/metadata_enrichment/external/biosample_candidates.tsv	454	
Ahuja2026:NA35	depth_original	0-20 m	biosample	https://www.ncbi.nlm.nih.gov/biosample/SAMN48043661	Attributes/Attribute[@attribute_name='depth']	SAMN48043661		data/sources/metadata_enrichment/external/biosample_candidates.tsv	455	
Ahuja2026:NA35	lat_long_raw	48.54505 N 123.012141 W	biosample	https://www.ncbi.nlm.nih.gov/biosample/SAMN48043661	Attributes/Attribute[@attribute_name='lat_lon']	SAMN48043661		data/sources/metadata_enrichment/external/biosample_candidates.tsv	456	
Ahuja2026:NA35	latitude	48.54505	biosample	https://www.ncbi.nlm.nih.gov/biosample/SAMN48043661	Attributes/Attribute[@attribute_name='lat_lon']	SAMN48043661	Hemisphere sign applied; no geographic correction inferred.	data/sources/metadata_enrichment/external/biosample_candidates.tsv	457	
Ahuja2026:NA35	locality	USA:Washington,Friday Harbor Lab	biosample	https://www.ncbi.nlm.nih.gov/biosample/SAMN48043661	Attributes/Attribute[@attribute_name='geo_loc_name']	SAMN48043661	Original geographic-location label retained; not an inference-region assignment.	data/sources/metadata_enrichment/external/biosample_candidates.tsv	458	
Ahuja2026:NA35	longitude	-123.012141	biosample	https://www.ncbi.nlm.nih.gov/biosample/SAMN48043661	Attributes/Attribute[@attribute_name='lat_lon']	SAMN48043661	Hemisphere sign applied; no geographic correction inferred.	data/sources/metadata_enrichment/external/biosample_candidates.tsv	459	
Ahuja2026:NA35	specimen_voucher	YPM:IZ:111165	biosample	https://www.ncbi.nlm.nih.gov/biosample/SAMN48043661	Attributes/Attribute[@attribute_name='specimen_voucher']	SAMN48043661		data/sources/metadata_enrichment/external/biosample_candidates.tsv	460	
Ahuja2026:NA35	tissue	siphosome	biosample	https://www.ncbi.nlm.nih.gov/biosample/SAMN48043661	Attributes/Attribute[@attribute_name='tissue']	SAMN48043661		data/sources/metadata_enrichment/external/biosample_candidates.tsv	461	
Ahuja2026:NA36	biosample	SAMN48043662	biosample	https://www.ncbi.nlm.nih.gov/biosample/SAMN48043662	BioSample/@accession	SAMN48043662		data/sources/metadata_enrichment/external/biosample_candidates.tsv	462	
Ahuja2026:NA36	collection_date	2011-06-16	biosample	https://www.ncbi.nlm.nih.gov/biosample/SAMN48043662	Attributes/Attribute[@attribute_name='collection_date']	SAMN48043662		data/sources/metadata_enrichment/external/biosample_candidates.tsv	463	
Ahuja2026:NA36	collection_depth_source	https://www.ncbi.nlm.nih.gov/biosample/SAMN48043662	biosample	https://www.ncbi.nlm.nih.gov/biosample/SAMN48043662	Attributes/Attribute[@attribute_name='depth']	SAMN48043662		data/sources/metadata_enrichment/external/biosample_candidates.tsv	464	
Ahuja2026:NA36	country	USA	biosample	https://www.ncbi.nlm.nih.gov/biosample/SAMN48043662	Attributes/Attribute[@attribute_name='geo_loc_name']	SAMN48043662	Top-level geographic jurisdiction retained as submitted, including named territories.	data/sources/metadata_enrichment/external/biosample_candidates.tsv	465	
Ahuja2026:NA36	depth_max_m	20	biosample	https://www.ncbi.nlm.nih.gov/biosample/SAMN48043662	Attributes/Attribute[@attribute_name='depth']	SAMN48043662	Explicit metre interval; no midpoint imputed.	data/sources/metadata_enrichment/external/biosample_candidates.tsv	466	
Ahuja2026:NA36	depth_min_m	0	biosample	https://www.ncbi.nlm.nih.gov/biosample/SAMN48043662	Attributes/Attribute[@attribute_name='depth']	SAMN48043662	Explicit metre interval; no midpoint imputed.	data/sources/metadata_enrichment/external/biosample_candidates.tsv	467	
Ahuja2026:NA36	depth_original	0-20 m	biosample	https://www.ncbi.nlm.nih.gov/biosample/SAMN48043662	Attributes/Attribute[@attribute_name='depth']	SAMN48043662		data/sources/metadata_enrichment/external/biosample_candidates.tsv	468	
Ahuja2026:NA36	lat_long_raw	48.54505 N 123.012141 W	biosample	https://www.ncbi.nlm.nih.gov/biosample/SAMN48043662	Attributes/Attribute[@attribute_name='lat_lon']	SAMN48043662		data/sources/metadata_enrichment/external/biosample_candidates.tsv	469	
Ahuja2026:NA36	latitude	48.54505	biosample	https://www.ncbi.nlm.nih.gov/biosample/SAMN48043662	Attributes/Attribute[@attribute_name='lat_lon']	SAMN48043662	Hemisphere sign applied; no geographic correction inferred.	data/sources/metadata_enrichment/external/biosample_candidates.tsv	470	
Ahuja2026:NA36	locality	USA:Washington,Friday Harbor Lab	biosample	https://www.ncbi.nlm.nih.gov/biosample/SAMN48043662	Attributes/Attribute[@attribute_name='geo_loc_name']	SAMN48043662	Original geographic-location label retained; not an inference-region assignment.	data/sources/metadata_enrichment/external/biosample_candidates.tsv	471	
Ahuja2026:NA36	longitude	-123.012141	biosample	https://www.ncbi.nlm.nih.gov/biosample/SAMN48043662	Attributes/Attribute[@attribute_name='lat_lon']	SAMN48043662	Hemisphere sign applied; no geographic correction inferred.	data/sources/metadata_enrichment/external/biosample_candidates.tsv	472	
Ahuja2026:NA36	specimen_voucher	YPM:IZ:111166	biosample	https://www.ncbi.nlm.nih.gov/biosample/SAMN48043662	Attributes/Attribute[@attribute_name='specimen_voucher']	SAMN48043662		data/sources/metadata_enrichment/external/biosample_candidates.tsv	473	
Ahuja2026:NA36	tissue	siphosome	biosample	https://www.ncbi.nlm.nih.gov/biosample/SAMN48043662	Attributes/Attribute[@attribute_name='tissue']	SAMN48043662		data/sources/metadata_enrichment/external/biosample_candidates.tsv	474	
Ahuja2026:NA37	biosample	SAMN48043663	biosample	https://www.ncbi.nlm.nih.gov/biosample/SAMN48043663	BioSample/@accession	SAMN48043663		data/sources/metadata_enrichment/external/biosample_candidates.tsv	475	
Ahuja2026:NA37	collection_date	2024-04-12	biosample	https://www.ncbi.nlm.nih.gov/biosample/SAMN48043663	Attributes/Attribute[@attribute_name='collection_date']	SAMN48043663		data/sources/metadata_enrichment/external/biosample_candidates.tsv	476	
Ahuja2026:NA37	collection_depth_source	https://www.ncbi.nlm.nih.gov/biosample/SAMN48043663	biosample	https://www.ncbi.nlm.nih.gov/biosample/SAMN48043663	Attributes/Attribute[@attribute_name='depth']	SAMN48043663		data/sources/metadata_enrichment/external/biosample_candidates.tsv	477	
Ahuja2026:NA37	depth_max_m	20	biosample	https://www.ncbi.nlm.nih.gov/biosample/SAMN48043663	Attributes/Attribute[@attribute_name='depth']	SAMN48043663	Explicit metre interval; no midpoint imputed.	data/sources/metadata_enrichment/external/biosample_candidates.tsv	478	
Ahuja2026:NA37	depth_min_m	0	biosample	https://www.ncbi.nlm.nih.gov/biosample/SAMN48043663	Attributes/Attribute[@attribute_name='depth']	SAMN48043663	Explicit metre interval; no midpoint imputed.	data/sources/metadata_enrichment/external/biosample_candidates.tsv	479	
Ahuja2026:NA37	depth_original	0-20 m	biosample	https://www.ncbi.nlm.nih.gov/biosample/SAMN48043663	Attributes/Attribute[@attribute_name='depth']	SAMN48043663		data/sources/metadata_enrichment/external/biosample_candidates.tsv	480	
Ahuja2026:NA37	lat_long_raw	19.6183 N 156.0842 W	biosample	https://www.ncbi.nlm.nih.gov/biosample/SAMN48043663	Attributes/Attribute[@attribute_name='lat_lon']	SAMN48043663		data/sources/metadata_enrichment/external/biosample_candidates.tsv	481	
Ahuja2026:NA37	latitude	19.6183	biosample	https://www.ncbi.nlm.nih.gov/biosample/SAMN48043663	Attributes/Attribute[@attribute_name='lat_lon']	SAMN48043663	Hemisphere sign applied; no geographic correction inferred.	data/sources/metadata_enrichment/external/biosample_candidates.tsv	482	
Ahuja2026:NA37	locality	Pacific Ocean	biosample	https://www.ncbi.nlm.nih.gov/biosample/SAMN48043663	Attributes/Attribute[@attribute_name='geo_loc_name']	SAMN48043663	Original geographic-location label retained; not an inference-region assignment.	data/sources/metadata_enrichment/external/biosample_candidates.tsv	483	
Ahuja2026:NA37	longitude	-156.0842	biosample	https://www.ncbi.nlm.nih.gov/biosample/SAMN48043663	Attributes/Attribute[@attribute_name='lat_lon']	SAMN48043663	Hemisphere sign applied; no geographic correction inferred.	data/sources/metadata_enrichment/external/biosample_candidates.tsv	484	
Ahuja2026:NA37	specimen_voucher	YPM:IZ:111590	biosample	https://www.ncbi.nlm.nih.gov/biosample/SAMN48043663	Attributes/Attribute[@attribute_name='specimen_voucher']	SAMN48043663		data/sources/metadata_enrichment/external/biosample_candidates.tsv	485	
Ahuja2026:NA37	tissue	siphosome	biosample	https://www.ncbi.nlm.nih.gov/biosample/SAMN48043663	Attributes/Attribute[@attribute_name='tissue']	SAMN48043663		data/sources/metadata_enrichment/external/biosample_candidates.tsv	486	
Ahuja2026:NA38	biosample	SAMN48043664	biosample	https://www.ncbi.nlm.nih.gov/biosample/SAMN48043664	BioSample/@accession	SAMN48043664		data/sources/metadata_enrichment/external/biosample_candidates.tsv	487	
Ahuja2026:NA38	collection_date	2024-04-12	biosample	https://www.ncbi.nlm.nih.gov/biosample/SAMN48043664	Attributes/Attribute[@attribute_name='collection_date']	SAMN48043664		data/sources/metadata_enrichment/external/biosample_candidates.tsv	488	
Ahuja2026:NA38	collection_depth_source	https://www.ncbi.nlm.nih.gov/biosample/SAMN48043664	biosample	https://www.ncbi.nlm.nih.gov/biosample/SAMN48043664	Attributes/Attribute[@attribute_name='depth']	SAMN48043664		data/sources/metadata_enrichment/external/biosample_candidates.tsv	489	
Ahuja2026:NA38	depth_max_m	20	biosample	https://www.ncbi.nlm.nih.gov/biosample/SAMN48043664	Attributes/Attribute[@attribute_name='depth']	SAMN48043664	Explicit metre interval; no midpoint imputed.	data/sources/metadata_enrichment/external/biosample_candidates.tsv	490	
Ahuja2026:NA38	depth_min_m	0	biosample	https://www.ncbi.nlm.nih.gov/biosample/SAMN48043664	Attributes/Attribute[@attribute_name='depth']	SAMN48043664	Explicit metre interval; no midpoint imputed.	data/sources/metadata_enrichment/external/biosample_candidates.tsv	491	
Ahuja2026:NA38	depth_original	0-20 m	biosample	https://www.ncbi.nlm.nih.gov/biosample/SAMN48043664	Attributes/Attribute[@attribute_name='depth']	SAMN48043664		data/sources/metadata_enrichment/external/biosample_candidates.tsv	492	
Ahuja2026:NA38	lat_long_raw	19.6183 N 156.0842 W	biosample	https://www.ncbi.nlm.nih.gov/biosample/SAMN48043664	Attributes/Attribute[@attribute_name='lat_lon']	SAMN48043664		data/sources/metadata_enrichment/external/biosample_candidates.tsv	493	
Ahuja2026:NA38	latitude	19.6183	biosample	https://www.ncbi.nlm.nih.gov/biosample/SAMN48043664	Attributes/Attribute[@attribute_name='lat_lon']	SAMN48043664	Hemisphere sign applied; no geographic correction inferred.	data/sources/metadata_enrichment/external/biosample_candidates.tsv	494	
Ahuja2026:NA38	locality	Pacific Ocean	biosample	https://www.ncbi.nlm.nih.gov/biosample/SAMN48043664	Attributes/Attribute[@attribute_name='geo_loc_name']	SAMN48043664	Original geographic-location label retained; not an inference-region assignment.	data/sources/metadata_enrichment/external/biosample_candidates.tsv	495	
Ahuja2026:NA38	longitude	-156.0842	biosample	https://www.ncbi.nlm.nih.gov/biosample/SAMN48043664	Attributes/Attribute[@attribute_name='lat_lon']	SAMN48043664	Hemisphere sign applied; no geographic correction inferred.	data/sources/metadata_enrichment/external/biosample_candidates.tsv	496	
Ahuja2026:NA38	specimen_voucher	YPM:IZ:111591	biosample	https://www.ncbi.nlm.nih.gov/biosample/SAMN48043664	Attributes/Attribute[@attribute_name='specimen_voucher']	SAMN48043664		data/sources/metadata_enrichment/external/biosample_candidates.tsv	497	
Ahuja2026:NA38	tissue	siphosome	biosample	https://www.ncbi.nlm.nih.gov/biosample/SAMN48043664	Attributes/Attribute[@attribute_name='tissue']	SAMN48043664		data/sources/metadata_enrichment/external/biosample_candidates.tsv	498	
Ahuja2026:WS10	biosample	SAMN48043650	biosample	https://www.ncbi.nlm.nih.gov/biosample/SAMN48043650	BioSample/@accession	SAMN48043650		data/sources/metadata_enrichment/external/biosample_candidates.tsv	499	
Ahuja2026:WS10	collection_date	2010-05-03	biosample	https://www.ncbi.nlm.nih.gov/biosample/SAMN48043650	Attributes/Attribute[@attribute_name='collection_date']	SAMN48043650		data/sources/metadata_enrichment/external/biosample_candidates.tsv	500	
Ahuja2026:WS10	collection_depth_source	https://www.ncbi.nlm.nih.gov/biosample/SAMN48043650	biosample	https://www.ncbi.nlm.nih.gov/biosample/SAMN48043650	Attributes/Attribute[@attribute_name='depth']	SAMN48043650		data/sources/metadata_enrichment/external/biosample_candidates.tsv	501	
Ahuja2026:WS10	depth_original	217	biosample	https://www.ncbi.nlm.nih.gov/biosample/SAMN48043650	Attributes/Attribute[@attribute_name='depth']	SAMN48043650		data/sources/metadata_enrichment/external/biosample_candidates.tsv	502	
Ahuja2026:WS10	lat_long_raw	36.700917 N 122.049541 W	biosample	https://www.ncbi.nlm.nih.gov/biosample/SAMN48043650	Attributes/Attribute[@attribute_name='lat_lon']	SAMN48043650		data/sources/metadata_enrichment/external/biosample_candidates.tsv	503	
Ahuja2026:WS10	latitude	36.700917	biosample	https://www.ncbi.nlm.nih.gov/biosample/SAMN48043650	Attributes/Attribute[@attribute_name='lat_lon']	SAMN48043650	Hemisphere sign applied; no geographic correction inferred.	data/sources/metadata_enrichment/external/biosample_candidates.tsv	504	
Ahuja2026:WS10	locality	Pacific Ocean	biosample	https://www.ncbi.nlm.nih.gov/biosample/SAMN48043650	Attributes/Attribute[@attribute_name='geo_loc_name']	SAMN48043650	Original geographic-location label retained; not an inference-region assignment.	data/sources/metadata_enrichment/external/biosample_candidates.tsv	505	
Ahuja2026:WS10	longitude	-122.049541	biosample	https://www.ncbi.nlm.nih.gov/biosample/SAMN48043650	Attributes/Attribute[@attribute_name='lat_lon']	SAMN48043650	Hemisphere sign applied; no geographic correction inferred.	data/sources/metadata_enrichment/external/biosample_candidates.tsv	506	
Ahuja2026:WS10	specimen_voucher	YPM:IZ:111745	biosample	https://www.ncbi.nlm.nih.gov/biosample/SAMN48043650	Attributes/Attribute[@attribute_name='specimen_voucher']	SAMN48043650		data/sources/metadata_enrichment/external/biosample_candidates.tsv	507	
Ahuja2026:WS10	tissue	siphosome	biosample	https://www.ncbi.nlm.nih.gov/biosample/SAMN48043650	Attributes/Attribute[@attribute_name='tissue']	SAMN48043650		data/sources/metadata_enrichment/external/biosample_candidates.tsv	508	
Ahuja2026:WS2	biosample	SAMN48043656	biosample	https://www.ncbi.nlm.nih.gov/biosample/SAMN48043656	BioSample/@accession	SAMN48043656		data/sources/metadata_enrichment/external/biosample_candidates.tsv	509	
Ahuja2026:WS2	collection_date	2013-08-30	biosample	https://www.ncbi.nlm.nih.gov/biosample/SAMN48043656	Attributes/Attribute[@attribute_name='collection_date']	SAMN48043656		data/sources/metadata_enrichment/external/biosample_candidates.tsv	510	
Ahuja2026:WS2	collection_depth_source	https://www.ncbi.nlm.nih.gov/biosample/SAMN48043656	biosample	https://www.ncbi.nlm.nih.gov/biosample/SAMN48043656	Attributes/Attribute[@attribute_name='depth']	SAMN48043656		data/sources/metadata_enrichment/external/biosample_candidates.tsv	511	
Ahuja2026:WS2	depth_max_m	20	biosample	https://www.ncbi.nlm.nih.gov/biosample/SAMN48043656	Attributes/Attribute[@attribute_name='depth']	SAMN48043656	Explicit metre interval; no midpoint imputed.	data/sources/metadata_enrichment/external/biosample_candidates.tsv	512	
Ahuja2026:WS2	depth_min_m	0	biosample	https://www.ncbi.nlm.nih.gov/biosample/SAMN48043656	Attributes/Attribute[@attribute_name='depth']	SAMN48043656	Explicit metre interval; no midpoint imputed.	data/sources/metadata_enrichment/external/biosample_candidates.tsv	513	
Ahuja2026:WS2	depth_original	0-20 m	biosample	https://www.ncbi.nlm.nih.gov/biosample/SAMN48043656	Attributes/Attribute[@attribute_name='depth']	SAMN48043656		data/sources/metadata_enrichment/external/biosample_candidates.tsv	514	
Ahuja2026:WS2	lat_long_raw	41.036 N 71.399 W	biosample	https://www.ncbi.nlm.nih.gov/biosample/SAMN48043656	Attributes/Attribute[@attribute_name='lat_lon']	SAMN48043656		data/sources/metadata_enrichment/external/biosample_candidates.tsv	515	
Ahuja2026:WS2	latitude	41.036	biosample	https://www.ncbi.nlm.nih.gov/biosample/SAMN48043656	Attributes/Attribute[@attribute_name='lat_lon']	SAMN48043656	Hemisphere sign applied; no geographic correction inferred.	data/sources/metadata_enrichment/external/biosample_candidates.tsv	516	
Ahuja2026:WS2	locality	Atlantic Ocean	biosample	https://www.ncbi.nlm.nih.gov/biosample/SAMN48043656	Attributes/Attribute[@attribute_name='geo_loc_name']	SAMN48043656	Original geographic-location label retained; not an inference-region assignment.	data/sources/metadata_enrichment/external/biosample_candidates.tsv	517	
Ahuja2026:WS2	longitude	-71.399	biosample	https://www.ncbi.nlm.nih.gov/biosample/SAMN48043656	Attributes/Attribute[@attribute_name='lat_lon']	SAMN48043656	Hemisphere sign applied; no geographic correction inferred.	data/sources/metadata_enrichment/external/biosample_candidates.tsv	518	
Ahuja2026:WS2	specimen_voucher	YPM:IZ:110216	biosample	https://www.ncbi.nlm.nih.gov/biosample/SAMN48043656	Attributes/Attribute[@attribute_name='specimen_voucher']	SAMN48043656		data/sources/metadata_enrichment/external/biosample_candidates.tsv	519	
Ahuja2026:WS2	tissue	siphosome	biosample	https://www.ncbi.nlm.nih.gov/biosample/SAMN48043656	Attributes/Attribute[@attribute_name='tissue']	SAMN48043656		data/sources/metadata_enrichment/external/biosample_candidates.tsv	520	
Ahuja2026:WS3	biosample	SAMN48043657	biosample	https://www.ncbi.nlm.nih.gov/biosample/SAMN48043657	BioSample/@accession	SAMN48043657		data/sources/metadata_enrichment/external/biosample_candidates.tsv	521	
Ahuja2026:WS3	collection_date	2015-09-15	biosample	https://www.ncbi.nlm.nih.gov/biosample/SAMN48043657	Attributes/Attribute[@attribute_name='collection_date']	SAMN48043657		data/sources/metadata_enrichment/external/biosample_candidates.tsv	522	
Ahuja2026:WS3	collection_depth_source	https://www.ncbi.nlm.nih.gov/biosample/SAMN48043657	biosample	https://www.ncbi.nlm.nih.gov/biosample/SAMN48043657	Attributes/Attribute[@attribute_name='depth']	SAMN48043657		data/sources/metadata_enrichment/external/biosample_candidates.tsv	523	
Ahuja2026:WS3	depth_max_m	20	biosample	https://www.ncbi.nlm.nih.gov/biosample/SAMN48043657	Attributes/Attribute[@attribute_name='depth']	SAMN48043657	Explicit metre interval; no midpoint imputed.	data/sources/metadata_enrichment/external/biosample_candidates.tsv	524	
Ahuja2026:WS3	depth_min_m	0	biosample	https://www.ncbi.nlm.nih.gov/biosample/SAMN48043657	Attributes/Attribute[@attribute_name='depth']	SAMN48043657	Explicit metre interval; no midpoint imputed.	data/sources/metadata_enrichment/external/biosample_candidates.tsv	525	
Ahuja2026:WS3	depth_original	0-20 m	biosample	https://www.ncbi.nlm.nih.gov/biosample/SAMN48043657	Attributes/Attribute[@attribute_name='depth']	SAMN48043657		data/sources/metadata_enrichment/external/biosample_candidates.tsv	526	
Ahuja2026:WS3	lat_long_raw	41.135 N 71.366 W	biosample	https://www.ncbi.nlm.nih.gov/biosample/SAMN48043657	Attributes/Attribute[@attribute_name='lat_lon']	SAMN48043657		data/sources/metadata_enrichment/external/biosample_candidates.tsv	527	
Ahuja2026:WS3	latitude	41.135	biosample	https://www.ncbi.nlm.nih.gov/biosample/SAMN48043657	Attributes/Attribute[@attribute_name='lat_lon']	SAMN48043657	Hemisphere sign applied; no geographic correction inferred.	data/sources/metadata_enrichment/external/biosample_candidates.tsv	528	
Ahuja2026:WS3	locality	Atlantic Ocean	biosample	https://www.ncbi.nlm.nih.gov/biosample/SAMN48043657	Attributes/Attribute[@attribute_name='geo_loc_name']	SAMN48043657	Original geographic-location label retained; not an inference-region assignment.	data/sources/metadata_enrichment/external/biosample_candidates.tsv	529	
Ahuja2026:WS3	longitude	-71.366	biosample	https://www.ncbi.nlm.nih.gov/biosample/SAMN48043657	Attributes/Attribute[@attribute_name='lat_lon']	SAMN48043657	Hemisphere sign applied; no geographic correction inferred.	data/sources/metadata_enrichment/external/biosample_candidates.tsv	530	
Ahuja2026:WS3	specimen_voucher	YPM:IZ:111734	biosample	https://www.ncbi.nlm.nih.gov/biosample/SAMN48043657	Attributes/Attribute[@attribute_name='specimen_voucher']	SAMN48043657		data/sources/metadata_enrichment/external/biosample_candidates.tsv	531	
Ahuja2026:WS3	tissue	siphosome	biosample	https://www.ncbi.nlm.nih.gov/biosample/SAMN48043657	Attributes/Attribute[@attribute_name='tissue']	SAMN48043657		data/sources/metadata_enrichment/external/biosample_candidates.tsv	532	
Ahuja2026:WS4	biosample	SAMN48043658	biosample	https://www.ncbi.nlm.nih.gov/biosample/SAMN48043658	BioSample/@accession	SAMN48043658		data/sources/metadata_enrichment/external/biosample_candidates.tsv	533	
Ahuja2026:WS4	collection_date	2014-08-20	biosample	https://www.ncbi.nlm.nih.gov/biosample/SAMN48043658	Attributes/Attribute[@attribute_name='collection_date']	SAMN48043658		data/sources/metadata_enrichment/external/biosample_candidates.tsv	534	
Ahuja2026:WS4	collection_depth_source	https://www.ncbi.nlm.nih.gov/biosample/SAMN48043658	biosample	https://www.ncbi.nlm.nih.gov/biosample/SAMN48043658	Attributes/Attribute[@attribute_name='depth']	SAMN48043658		data/sources/metadata_enrichment/external/biosample_candidates.tsv	535	
Ahuja2026:WS4	depth_max_m	20	biosample	https://www.ncbi.nlm.nih.gov/biosample/SAMN48043658	Attributes/Attribute[@attribute_name='depth']	SAMN48043658	Explicit metre interval; no midpoint imputed.	data/sources/metadata_enrichment/external/biosample_candidates.tsv	536	
Ahuja2026:WS4	depth_min_m	0	biosample	https://www.ncbi.nlm.nih.gov/biosample/SAMN48043658	Attributes/Attribute[@attribute_name='depth']	SAMN48043658	Explicit metre interval; no midpoint imputed.	data/sources/metadata_enrichment/external/biosample_candidates.tsv	537	
Ahuja2026:WS4	depth_original	0-20 m	biosample	https://www.ncbi.nlm.nih.gov/biosample/SAMN48043658	Attributes/Attribute[@attribute_name='depth']	SAMN48043658		data/sources/metadata_enrichment/external/biosample_candidates.tsv	538	
Ahuja2026:WS4	lat_long_raw	41.056 N 71.342 W	biosample	https://www.ncbi.nlm.nih.gov/biosample/SAMN48043658	Attributes/Attribute[@attribute_name='lat_lon']	SAMN48043658		data/sources/metadata_enrichment/external/biosample_candidates.tsv	539	
Ahuja2026:WS4	latitude	41.056	biosample	https://www.ncbi.nlm.nih.gov/biosample/SAMN48043658	Attributes/Attribute[@attribute_name='lat_lon']	SAMN48043658	Hemisphere sign applied; no geographic correction inferred.	data/sources/metadata_enrichment/external/biosample_candidates.tsv	540	
Ahuja2026:WS4	locality	Atlantic Ocean	biosample	https://www.ncbi.nlm.nih.gov/biosample/SAMN48043658	Attributes/Attribute[@attribute_name='geo_loc_name']	SAMN48043658	Original geographic-location label retained; not an inference-region assignment.	data/sources/metadata_enrichment/external/biosample_candidates.tsv	541	
Ahuja2026:WS4	longitude	-71.342	biosample	https://www.ncbi.nlm.nih.gov/biosample/SAMN48043658	Attributes/Attribute[@attribute_name='lat_lon']	SAMN48043658	Hemisphere sign applied; no geographic correction inferred.	data/sources/metadata_enrichment/external/biosample_candidates.tsv	542	
Ahuja2026:WS4	specimen_voucher	YPM:IZ:111735	biosample	https://www.ncbi.nlm.nih.gov/biosample/SAMN48043658	Attributes/Attribute[@attribute_name='specimen_voucher']	SAMN48043658		data/sources/metadata_enrichment/external/biosample_candidates.tsv	543	
Ahuja2026:WS4	tissue	siphosome	biosample	https://www.ncbi.nlm.nih.gov/biosample/SAMN48043658	Attributes/Attribute[@attribute_name='tissue']	SAMN48043658		data/sources/metadata_enrichment/external/biosample_candidates.tsv	544	
Ahuja2026:WS5	biosample	SAMN48043645	biosample	https://www.ncbi.nlm.nih.gov/biosample/SAMN48043645	BioSample/@accession	SAMN48043645		data/sources/metadata_enrichment/external/biosample_candidates.tsv	545	
Ahuja2026:WS5	collection_date	2011-12-02	biosample	https://www.ncbi.nlm.nih.gov/biosample/SAMN48043645	Attributes/Attribute[@attribute_name='collection_date']	SAMN48043645		data/sources/metadata_enrichment/external/biosample_candidates.tsv	546	
Ahuja2026:WS5	collection_depth_source	https://www.ncbi.nlm.nih.gov/biosample/SAMN48043645	biosample	https://www.ncbi.nlm.nih.gov/biosample/SAMN48043645	Attributes/Attribute[@attribute_name='depth']	SAMN48043645		data/sources/metadata_enrichment/external/biosample_candidates.tsv	547	
Ahuja2026:WS5	depth_original	2854.16	biosample	https://www.ncbi.nlm.nih.gov/biosample/SAMN48043645	Attributes/Attribute[@attribute_name='depth']	SAMN48043645		data/sources/metadata_enrichment/external/biosample_candidates.tsv	548	
Ahuja2026:WS5	lat_long_raw	36.600636 N 122.376887 W	biosample	https://www.ncbi.nlm.nih.gov/biosample/SAMN48043645	Attributes/Attribute[@attribute_name='lat_lon']	SAMN48043645		data/sources/metadata_enrichment/external/biosample_candidates.tsv	549	
Ahuja2026:WS5	latitude	36.600636	biosample	https://www.ncbi.nlm.nih.gov/biosample/SAMN48043645	Attributes/Attribute[@attribute_name='lat_lon']	SAMN48043645	Hemisphere sign applied; no geographic correction inferred.	data/sources/metadata_enrichment/external/biosample_candidates.tsv	550	
Ahuja2026:WS5	locality	Pacific Ocean	biosample	https://www.ncbi.nlm.nih.gov/biosample/SAMN48043645	Attributes/Attribute[@attribute_name='geo_loc_name']	SAMN48043645	Original geographic-location label retained; not an inference-region assignment.	data/sources/metadata_enrichment/external/biosample_candidates.tsv	551	
Ahuja2026:WS5	longitude	-122.376887	biosample	https://www.ncbi.nlm.nih.gov/biosample/SAMN48043645	Attributes/Attribute[@attribute_name='lat_lon']	SAMN48043645	Hemisphere sign applied; no geographic correction inferred.	data/sources/metadata_enrichment/external/biosample_candidates.tsv	552	
Ahuja2026:WS5	specimen_voucher	YPM:IZ:111736	biosample	https://www.ncbi.nlm.nih.gov/biosample/SAMN48043645	Attributes/Attribute[@attribute_name='specimen_voucher']	SAMN48043645		data/sources/metadata_enrichment/external/biosample_candidates.tsv	553	
Ahuja2026:WS5	tissue	siphosome	biosample	https://www.ncbi.nlm.nih.gov/biosample/SAMN48043645	Attributes/Attribute[@attribute_name='tissue']	SAMN48043645		data/sources/metadata_enrichment/external/biosample_candidates.tsv	554	
Ahuja2026:WS6	biosample	SAMN48043646	biosample	https://www.ncbi.nlm.nih.gov/biosample/SAMN48043646	BioSample/@accession	SAMN48043646		data/sources/metadata_enrichment/external/biosample_candidates.tsv	555	
Ahuja2026:WS6	collection_date	2011-12-03	biosample	https://www.ncbi.nlm.nih.gov/biosample/SAMN48043646	Attributes/Attribute[@attribute_name='collection_date']	SAMN48043646		data/sources/metadata_enrichment/external/biosample_candidates.tsv	556	
Ahuja2026:WS6	collection_depth_source	https://www.ncbi.nlm.nih.gov/biosample/SAMN48043646	biosample	https://www.ncbi.nlm.nih.gov/biosample/SAMN48043646	Attributes/Attribute[@attribute_name='depth']	SAMN48043646		data/sources/metadata_enrichment/external/biosample_candidates.tsv	557	
Ahuja2026:WS6	depth_original	2563.33	biosample	https://www.ncbi.nlm.nih.gov/biosample/SAMN48043646	Attributes/Attribute[@attribute_name='depth']	SAMN48043646		data/sources/metadata_enrichment/external/biosample_candidates.tsv	558	
Ahuja2026:WS6	lat_long_raw	36.071808 N 122.282111 W	biosample	https://www.ncbi.nlm.nih.gov/biosample/SAMN48043646	Attributes/Attribute[@attribute_name='lat_lon']	SAMN48043646		data/sources/metadata_enrichment/external/biosample_candidates.tsv	559	
Ahuja2026:WS6	latitude	36.071808	biosample	https://www.ncbi.nlm.nih.gov/biosample/SAMN48043646	Attributes/Attribute[@attribute_name='lat_lon']	SAMN48043646	Hemisphere sign applied; no geographic correction inferred.	data/sources/metadata_enrichment/external/biosample_candidates.tsv	560	
Ahuja2026:WS6	locality	Pacific Ocean	biosample	https://www.ncbi.nlm.nih.gov/biosample/SAMN48043646	Attributes/Attribute[@attribute_name='geo_loc_name']	SAMN48043646	Original geographic-location label retained; not an inference-region assignment.	data/sources/metadata_enrichment/external/biosample_candidates.tsv	561	
Ahuja2026:WS6	longitude	-122.282111	biosample	https://www.ncbi.nlm.nih.gov/biosample/SAMN48043646	Attributes/Attribute[@attribute_name='lat_lon']	SAMN48043646	Hemisphere sign applied; no geographic correction inferred.	data/sources/metadata_enrichment/external/biosample_candidates.tsv	562	
Ahuja2026:WS6	specimen_voucher	YPM:IZ:111737	biosample	https://www.ncbi.nlm.nih.gov/biosample/SAMN48043646	Attributes/Attribute[@attribute_name='specimen_voucher']	SAMN48043646		data/sources/metadata_enrichment/external/biosample_candidates.tsv	563	
Ahuja2026:WS6	tissue	siphosome	biosample	https://www.ncbi.nlm.nih.gov/biosample/SAMN48043646	Attributes/Attribute[@attribute_name='tissue']	SAMN48043646		data/sources/metadata_enrichment/external/biosample_candidates.tsv	564	
Ahuja2026:WS7	biosample	SAMN48043647	biosample	https://www.ncbi.nlm.nih.gov/biosample/SAMN48043647	BioSample/@accession	SAMN48043647		data/sources/metadata_enrichment/external/biosample_candidates.tsv	565	
Ahuja2026:WS7	collection_date	2011-12-07	biosample	https://www.ncbi.nlm.nih.gov/biosample/SAMN48043647	Attributes/Attribute[@attribute_name='collection_date']	SAMN48043647		data/sources/metadata_enrichment/external/biosample_candidates.tsv	566	
Ahuja2026:WS7	collection_depth_source	https://www.ncbi.nlm.nih.gov/biosample/SAMN48043647	biosample	https://www.ncbi.nlm.nih.gov/biosample/SAMN48043647	Attributes/Attribute[@attribute_name='depth']	SAMN48043647		data/sources/metadata_enrichment/external/biosample_candidates.tsv	567	
Ahuja2026:WS7	depth_original	662.29	biosample	https://www.ncbi.nlm.nih.gov/biosample/SAMN48043647	Attributes/Attribute[@attribute_name='depth']	SAMN48043647		data/sources/metadata_enrichment/external/biosample_candidates.tsv	568	
Ahuja2026:WS7	lat_long_raw	36.699365 N 122.101074 W	biosample	https://www.ncbi.nlm.nih.gov/biosample/SAMN48043647	Attributes/Attribute[@attribute_name='lat_lon']	SAMN48043647		data/sources/metadata_enrichment/external/biosample_candidates.tsv	569	
Ahuja2026:WS7	latitude	36.699365	biosample	https://www.ncbi.nlm.nih.gov/biosample/SAMN48043647	Attributes/Attribute[@attribute_name='lat_lon']	SAMN48043647	Hemisphere sign applied; no geographic correction inferred.	data/sources/metadata_enrichment/external/biosample_candidates.tsv	570	
Ahuja2026:WS7	locality	Pacific Ocean	biosample	https://www.ncbi.nlm.nih.gov/biosample/SAMN48043647	Attributes/Attribute[@attribute_name='geo_loc_name']	SAMN48043647	Original geographic-location label retained; not an inference-region assignment.	data/sources/metadata_enrichment/external/biosample_candidates.tsv	571	
Ahuja2026:WS7	longitude	-122.101074	biosample	https://www.ncbi.nlm.nih.gov/biosample/SAMN48043647	Attributes/Attribute[@attribute_name='lat_lon']	SAMN48043647	Hemisphere sign applied; no geographic correction inferred.	data/sources/metadata_enrichment/external/biosample_candidates.tsv	572	
Ahuja2026:WS7	specimen_voucher	YPM:IZ:111738	biosample	https://www.ncbi.nlm.nih.gov/biosample/SAMN48043647	Attributes/Attribute[@attribute_name='specimen_voucher']	SAMN48043647		data/sources/metadata_enrichment/external/biosample_candidates.tsv	573	
Ahuja2026:WS7	tissue	siphosome	biosample	https://www.ncbi.nlm.nih.gov/biosample/SAMN48043647	Attributes/Attribute[@attribute_name='tissue']	SAMN48043647		data/sources/metadata_enrichment/external/biosample_candidates.tsv	574	
Ahuja2026:WS8	biosample	SAMN48043648	biosample	https://www.ncbi.nlm.nih.gov/biosample/SAMN48043648	BioSample/@accession	SAMN48043648		data/sources/metadata_enrichment/external/biosample_candidates.tsv	575	
Ahuja2026:WS8	collection_date	2013-07-15	biosample	https://www.ncbi.nlm.nih.gov/biosample/SAMN48043648	Attributes/Attribute[@attribute_name='collection_date']	SAMN48043648		data/sources/metadata_enrichment/external/biosample_candidates.tsv	576	
Ahuja2026:WS8	collection_depth_source	https://www.ncbi.nlm.nih.gov/biosample/SAMN48043648	biosample	https://www.ncbi.nlm.nih.gov/biosample/SAMN48043648	Attributes/Attribute[@attribute_name='depth']	SAMN48043648		data/sources/metadata_enrichment/external/biosample_candidates.tsv	577	
Ahuja2026:WS8	depth_original	559.83	biosample	https://www.ncbi.nlm.nih.gov/biosample/SAMN48043648	Attributes/Attribute[@attribute_name='depth']	SAMN48043648		data/sources/metadata_enrichment/external/biosample_candidates.tsv	578	
Ahuja2026:WS8	lat_long_raw	36.647412 N 122.113209 W	biosample	https://www.ncbi.nlm.nih.gov/biosample/SAMN48043648	Attributes/Attribute[@attribute_name='lat_lon']	SAMN48043648		data/sources/metadata_enrichment/external/biosample_candidates.tsv	579	
Ahuja2026:WS8	latitude	36.647412	biosample	https://www.ncbi.nlm.nih.gov/biosample/SAMN48043648	Attributes/Attribute[@attribute_name='lat_lon']	SAMN48043648	Hemisphere sign applied; no geographic correction inferred.	data/sources/metadata_enrichment/external/biosample_candidates.tsv	580	
Ahuja2026:WS8	locality	Pacific Ocean	biosample	https://www.ncbi.nlm.nih.gov/biosample/SAMN48043648	Attributes/Attribute[@attribute_name='geo_loc_name']	SAMN48043648	Original geographic-location label retained; not an inference-region assignment.	data/sources/metadata_enrichment/external/biosample_candidates.tsv	581	
Ahuja2026:WS8	longitude	-122.113209	biosample	https://www.ncbi.nlm.nih.gov/biosample/SAMN48043648	Attributes/Attribute[@attribute_name='lat_lon']	SAMN48043648	Hemisphere sign applied; no geographic correction inferred.	data/sources/metadata_enrichment/external/biosample_candidates.tsv	582	
Ahuja2026:WS8	specimen_voucher	YPM:IZ:111739	biosample	https://www.ncbi.nlm.nih.gov/biosample/SAMN48043648	Attributes/Attribute[@attribute_name='specimen_voucher']	SAMN48043648		data/sources/metadata_enrichment/external/biosample_candidates.tsv	583	
Ahuja2026:WS8	tissue	siphosome	biosample	https://www.ncbi.nlm.nih.gov/biosample/SAMN48043648	Attributes/Attribute[@attribute_name='tissue']	SAMN48043648		data/sources/metadata_enrichment/external/biosample_candidates.tsv	584	
Ahuja2026:WS9	biosample	SAMN48043649	biosample	https://www.ncbi.nlm.nih.gov/biosample/SAMN48043649	BioSample/@accession	SAMN48043649		data/sources/metadata_enrichment/external/biosample_candidates.tsv	585	
Ahuja2026:WS9	collection_date	2014-05-22	biosample	https://www.ncbi.nlm.nih.gov/biosample/SAMN48043649	Attributes/Attribute[@attribute_name='collection_date']	SAMN48043649		data/sources/metadata_enrichment/external/biosample_candidates.tsv	586	
Ahuja2026:WS9	collection_depth_source	https://www.ncbi.nlm.nih.gov/biosample/SAMN48043649	biosample	https://www.ncbi.nlm.nih.gov/biosample/SAMN48043649	Attributes/Attribute[@attribute_name='depth']	SAMN48043649		data/sources/metadata_enrichment/external/biosample_candidates.tsv	587	
Ahuja2026:WS9	depth_original	309	biosample	https://www.ncbi.nlm.nih.gov/biosample/SAMN48043649	Attributes/Attribute[@attribute_name='depth']	SAMN48043649		data/sources/metadata_enrichment/external/biosample_candidates.tsv	588	
Ahuja2026:WS9	lat_long_raw	35.520 N 122.5239 W	biosample	https://www.ncbi.nlm.nih.gov/biosample/SAMN48043649	Attributes/Attribute[@attribute_name='lat_lon']	SAMN48043649		data/sources/metadata_enrichment/external/biosample_candidates.tsv	589	
Ahuja2026:WS9	latitude	35.52	biosample	https://www.ncbi.nlm.nih.gov/biosample/SAMN48043649	Attributes/Attribute[@attribute_name='lat_lon']	SAMN48043649	Hemisphere sign applied; no geographic correction inferred.	data/sources/metadata_enrichment/external/biosample_candidates.tsv	590	
Ahuja2026:WS9	locality	Pacific Ocean	biosample	https://www.ncbi.nlm.nih.gov/biosample/SAMN48043649	Attributes/Attribute[@attribute_name='geo_loc_name']	SAMN48043649	Original geographic-location label retained; not an inference-region assignment.	data/sources/metadata_enrichment/external/biosample_candidates.tsv	591	
Ahuja2026:WS9	longitude	-122.5239	biosample	https://www.ncbi.nlm.nih.gov/biosample/SAMN48043649	Attributes/Attribute[@attribute_name='lat_lon']	SAMN48043649	Hemisphere sign applied; no geographic correction inferred.	data/sources/metadata_enrichment/external/biosample_candidates.tsv	592	
Ahuja2026:WS9	specimen_voucher	YPM:IZ:107008	biosample	https://www.ncbi.nlm.nih.gov/biosample/SAMN48043649	Attributes/Attribute[@attribute_name='specimen_voucher']	SAMN48043649		data/sources/metadata_enrichment/external/biosample_candidates.tsv	593	
Ahuja2026:WS9	tissue	siphosome	biosample	https://www.ncbi.nlm.nih.gov/biosample/SAMN48043649	Attributes/Attribute[@attribute_name='tissue']	SAMN48043649		data/sources/metadata_enrichment/external/biosample_candidates.tsv	594	
Church2025:FM-16644	biosample	SAMN40621277	biosample	https://www.ncbi.nlm.nih.gov/biosample/SAMN40621277	BioSample/@accession	SAMN40621277		data/sources/metadata_enrichment/external/biosample_candidates.tsv	595	
Church2025:FM-16644	collection_date	2023-05-14	biosample	https://www.ncbi.nlm.nih.gov/biosample/SAMN40621277	Attributes/Attribute[@attribute_name='collection_date']	SAMN40621277		data/sources/metadata_enrichment/external/biosample_candidates.tsv	596	
Church2025:FM-16644	country	Spain	biosample	https://www.ncbi.nlm.nih.gov/biosample/SAMN40621277	Attributes/Attribute[@attribute_name='geo_loc_name']	SAMN40621277	Top-level geographic jurisdiction retained as submitted, including named territories.	data/sources/metadata_enrichment/external/biosample_candidates.tsv	597	
Church2025:FM-16644	lat_long_raw	28.591940 N 17.920910 W	biosample	https://www.ncbi.nlm.nih.gov/biosample/SAMN40621277	Attributes/Attribute[@attribute_name='lat_lon']	SAMN40621277		data/sources/metadata_enrichment/external/biosample_candidates.tsv	598	
Church2025:FM-16644	latitude	28.59194	biosample	https://www.ncbi.nlm.nih.gov/biosample/SAMN40621277	Attributes/Attribute[@attribute_name='lat_lon']	SAMN40621277	Hemisphere sign applied; no geographic correction inferred.	data/sources/metadata_enrichment/external/biosample_candidates.tsv	599	
Church2025:FM-16644	locality	Spain: Canary Islands	biosample	https://www.ncbi.nlm.nih.gov/biosample/SAMN40621277	Attributes/Attribute[@attribute_name='geo_loc_name']	SAMN40621277	Original geographic-location label retained; not an inference-region assignment.	data/sources/metadata_enrichment/external/biosample_candidates.tsv	600	
Church2025:FM-16644	longitude	-17.92091	biosample	https://www.ncbi.nlm.nih.gov/biosample/SAMN40621277	Attributes/Attribute[@attribute_name='lat_lon']	SAMN40621277	Hemisphere sign applied; no geographic correction inferred.	data/sources/metadata_enrichment/external/biosample_candidates.tsv	601	
Church2025:FM-16644	tissue	tentacle	biosample	https://www.ncbi.nlm.nih.gov/biosample/SAMN40621277	Attributes/Attribute[@attribute_name='tissue']	SAMN40621277		data/sources/metadata_enrichment/external/biosample_candidates.tsv	602	
Church2025:NIWA-173304	biosample	SAMN41900828	biosample	https://www.ncbi.nlm.nih.gov/biosample/SAMN41900828	BioSample/@accession	SAMN41900828		data/sources/metadata_enrichment/external/biosample_candidates.tsv	603	
Church2025:NIWA-173304	collection_date	2024-03-15	biosample	https://www.ncbi.nlm.nih.gov/biosample/SAMN41900828	Attributes/Attribute[@attribute_name='collection_date']	SAMN41900828		data/sources/metadata_enrichment/external/biosample_candidates.tsv	604	
Church2025:NIWA-173304	country	New Zealand	biosample	https://www.ncbi.nlm.nih.gov/biosample/SAMN41900828	Attributes/Attribute[@attribute_name='geo_loc_name']	SAMN41900828	Top-level geographic jurisdiction retained as submitted, including named territories.	data/sources/metadata_enrichment/external/biosample_candidates.tsv	605	
Church2025:NIWA-173304	lat_long_raw	36.895150 S 174.443889 E	biosample	https://www.ncbi.nlm.nih.gov/biosample/SAMN41900828	Attributes/Attribute[@attribute_name='lat_lon']	SAMN41900828		data/sources/metadata_enrichment/external/biosample_candidates.tsv	606	
Church2025:NIWA-173304	latitude	-36.89515	biosample	https://www.ncbi.nlm.nih.gov/biosample/SAMN41900828	Attributes/Attribute[@attribute_name='lat_lon']	SAMN41900828	Hemisphere sign applied; no geographic correction inferred.	data/sources/metadata_enrichment/external/biosample_candidates.tsv	607	
Church2025:NIWA-173304	locality	New Zealand	biosample	https://www.ncbi.nlm.nih.gov/biosample/SAMN41900828	Attributes/Attribute[@attribute_name='geo_loc_name']	SAMN41900828	Original geographic-location label retained; not an inference-region assignment.	data/sources/metadata_enrichment/external/biosample_candidates.tsv	608	
Church2025:NIWA-173304	longitude	174.443889	biosample	https://www.ncbi.nlm.nih.gov/biosample/SAMN41900828	Attributes/Attribute[@attribute_name='lat_lon']	SAMN41900828	Hemisphere sign applied; no geographic correction inferred.	data/sources/metadata_enrichment/external/biosample_candidates.tsv	609	
Church2025:NIWA-173304	tissue	tentacle	biosample	https://www.ncbi.nlm.nih.gov/biosample/SAMN41900828	Attributes/Attribute[@attribute_name='tissue']	SAMN41900828		data/sources/metadata_enrichment/external/biosample_candidates.tsv	610	
Church2025:NIWA-173305	biosample	SAMN41900829	biosample	https://www.ncbi.nlm.nih.gov/biosample/SAMN41900829	BioSample/@accession	SAMN41900829		data/sources/metadata_enrichment/external/biosample_candidates.tsv	611	
Church2025:NIWA-173305	collection_date	2024-03-15	biosample	https://www.ncbi.nlm.nih.gov/biosample/SAMN41900829	Attributes/Attribute[@attribute_name='collection_date']	SAMN41900829		data/sources/metadata_enrichment/external/biosample_candidates.tsv	612	
Church2025:NIWA-173305	country	New Zealand	biosample	https://www.ncbi.nlm.nih.gov/biosample/SAMN41900829	Attributes/Attribute[@attribute_name='geo_loc_name']	SAMN41900829	Top-level geographic jurisdiction retained as submitted, including named territories.	data/sources/metadata_enrichment/external/biosample_candidates.tsv	613	
Church2025:NIWA-173305	lat_long_raw	36.895150 S 174.443889 E	biosample	https://www.ncbi.nlm.nih.gov/biosample/SAMN41900829	Attributes/Attribute[@attribute_name='lat_lon']	SAMN41900829		data/sources/metadata_enrichment/external/biosample_candidates.tsv	614	
Church2025:NIWA-173305	latitude	-36.89515	biosample	https://www.ncbi.nlm.nih.gov/biosample/SAMN41900829	Attributes/Attribute[@attribute_name='lat_lon']	SAMN41900829	Hemisphere sign applied; no geographic correction inferred.	data/sources/metadata_enrichment/external/biosample_candidates.tsv	615	
Church2025:NIWA-173305	locality	New Zealand	biosample	https://www.ncbi.nlm.nih.gov/biosample/SAMN41900829	Attributes/Attribute[@attribute_name='geo_loc_name']	SAMN41900829	Original geographic-location label retained; not an inference-region assignment.	data/sources/metadata_enrichment/external/biosample_candidates.tsv	616	
Church2025:NIWA-173305	longitude	174.443889	biosample	https://www.ncbi.nlm.nih.gov/biosample/SAMN41900829	Attributes/Attribute[@attribute_name='lat_lon']	SAMN41900829	Hemisphere sign applied; no geographic correction inferred.	data/sources/metadata_enrichment/external/biosample_candidates.tsv	617	
Church2025:NIWA-173305	tissue	tentacle	biosample	https://www.ncbi.nlm.nih.gov/biosample/SAMN41900829	Attributes/Attribute[@attribute_name='tissue']	SAMN41900829		data/sources/metadata_enrichment/external/biosample_candidates.tsv	618	
Church2025:TMAG-K5632	biosample	SAMN40621278	biosample	https://www.ncbi.nlm.nih.gov/biosample/SAMN40621278	BioSample/@accession	SAMN40621278		data/sources/metadata_enrichment/external/biosample_candidates.tsv	619	
Church2025:TMAG-K5632	collection_date	2023-01-14	biosample	https://www.ncbi.nlm.nih.gov/biosample/SAMN40621278	Attributes/Attribute[@attribute_name='collection_date']	SAMN40621278		data/sources/metadata_enrichment/external/biosample_candidates.tsv	620	
Church2025:TMAG-K5632	country	Australia	biosample	https://www.ncbi.nlm.nih.gov/biosample/SAMN40621278	Attributes/Attribute[@attribute_name='geo_loc_name']	SAMN40621278	Top-level geographic jurisdiction retained as submitted, including named territories.	data/sources/metadata_enrichment/external/biosample_candidates.tsv	621	
Church2025:TMAG-K5632	lat_long_raw	41.863900 S 148.286500 E	biosample	https://www.ncbi.nlm.nih.gov/biosample/SAMN40621278	Attributes/Attribute[@attribute_name='lat_lon']	SAMN40621278		data/sources/metadata_enrichment/external/biosample_candidates.tsv	622	
Church2025:TMAG-K5632	latitude	-41.8639	biosample	https://www.ncbi.nlm.nih.gov/biosample/SAMN40621278	Attributes/Attribute[@attribute_name='lat_lon']	SAMN40621278	Hemisphere sign applied; no geographic correction inferred.	data/sources/metadata_enrichment/external/biosample_candidates.tsv	623	
Church2025:TMAG-K5632	locality	Australia: Tasmania	biosample	https://www.ncbi.nlm.nih.gov/biosample/SAMN40621278	Attributes/Attribute[@attribute_name='geo_loc_name']	SAMN40621278	Original geographic-location label retained; not an inference-region assignment.	data/sources/metadata_enrichment/external/biosample_candidates.tsv	624	
Church2025:TMAG-K5632	longitude	148.2865	biosample	https://www.ncbi.nlm.nih.gov/biosample/SAMN40621278	Attributes/Attribute[@attribute_name='lat_lon']	SAMN40621278	Hemisphere sign applied; no geographic correction inferred.	data/sources/metadata_enrichment/external/biosample_candidates.tsv	625	
Church2025:TMAG-K5632	tissue	tentacle	biosample	https://www.ncbi.nlm.nih.gov/biosample/SAMN40621278	Attributes/Attribute[@attribute_name='tissue']	SAMN40621278		data/sources/metadata_enrichment/external/biosample_candidates.tsv	626	
Church2025:TMAG-K5633	biosample	SAMN40621279	biosample	https://www.ncbi.nlm.nih.gov/biosample/SAMN40621279	BioSample/@accession	SAMN40621279		data/sources/metadata_enrichment/external/biosample_candidates.tsv	627	
Church2025:TMAG-K5633	collection_date	2023-01-14	biosample	https://www.ncbi.nlm.nih.gov/biosample/SAMN40621279	Attributes/Attribute[@attribute_name='collection_date']	SAMN40621279		data/sources/metadata_enrichment/external/biosample_candidates.tsv	628	
Church2025:TMAG-K5633	country	Australia	biosample	https://www.ncbi.nlm.nih.gov/biosample/SAMN40621279	Attributes/Attribute[@attribute_name='geo_loc_name']	SAMN40621279	Top-level geographic jurisdiction retained as submitted, including named territories.	data/sources/metadata_enrichment/external/biosample_candidates.tsv	629	
Church2025:TMAG-K5633	lat_long_raw	41.863900 S 148.286500 E	biosample	https://www.ncbi.nlm.nih.gov/biosample/SAMN40621279	Attributes/Attribute[@attribute_name='lat_lon']	SAMN40621279		data/sources/metadata_enrichment/external/biosample_candidates.tsv	630	
Church2025:TMAG-K5633	latitude	-41.8639	biosample	https://www.ncbi.nlm.nih.gov/biosample/SAMN40621279	Attributes/Attribute[@attribute_name='lat_lon']	SAMN40621279	Hemisphere sign applied; no geographic correction inferred.	data/sources/metadata_enrichment/external/biosample_candidates.tsv	631	
Church2025:TMAG-K5633	locality	Australia: Tasmania	biosample	https://www.ncbi.nlm.nih.gov/biosample/SAMN40621279	Attributes/Attribute[@attribute_name='geo_loc_name']	SAMN40621279	Original geographic-location label retained; not an inference-region assignment.	data/sources/metadata_enrichment/external/biosample_candidates.tsv	632	
Church2025:TMAG-K5633	longitude	148.2865	biosample	https://www.ncbi.nlm.nih.gov/biosample/SAMN40621279	Attributes/Attribute[@attribute_name='lat_lon']	SAMN40621279	Hemisphere sign applied; no geographic correction inferred.	data/sources/metadata_enrichment/external/biosample_candidates.tsv	633	
Church2025:TMAG-K5633	tissue	tentacle	biosample	https://www.ncbi.nlm.nih.gov/biosample/SAMN40621279	Attributes/Attribute[@attribute_name='tissue']	SAMN40621279		data/sources/metadata_enrichment/external/biosample_candidates.tsv	634	
Church2025:TMAG-K5634	biosample	SAMN40621280	biosample	https://www.ncbi.nlm.nih.gov/biosample/SAMN40621280	BioSample/@accession	SAMN40621280		data/sources/metadata_enrichment/external/biosample_candidates.tsv	635	
Church2025:TMAG-K5634	collection_date	2023-01-14	biosample	https://www.ncbi.nlm.nih.gov/biosample/SAMN40621280	Attributes/Attribute[@attribute_name='collection_date']	SAMN40621280		data/sources/metadata_enrichment/external/biosample_candidates.tsv	636	
Church2025:TMAG-K5634	country	Australia	biosample	https://www.ncbi.nlm.nih.gov/biosample/SAMN40621280	Attributes/Attribute[@attribute_name='geo_loc_name']	SAMN40621280	Top-level geographic jurisdiction retained as submitted, including named territories.	data/sources/metadata_enrichment/external/biosample_candidates.tsv	637	
Church2025:TMAG-K5634	lat_long_raw	41.863900 S 148.286500 E	biosample	https://www.ncbi.nlm.nih.gov/biosample/SAMN40621280	Attributes/Attribute[@attribute_name='lat_lon']	SAMN40621280		data/sources/metadata_enrichment/external/biosample_candidates.tsv	638	
Church2025:TMAG-K5634	latitude	-41.8639	biosample	https://www.ncbi.nlm.nih.gov/biosample/SAMN40621280	Attributes/Attribute[@attribute_name='lat_lon']	SAMN40621280	Hemisphere sign applied; no geographic correction inferred.	data/sources/metadata_enrichment/external/biosample_candidates.tsv	639	
Church2025:TMAG-K5634	locality	Australia: Tasmania	biosample	https://www.ncbi.nlm.nih.gov/biosample/SAMN40621280	Attributes/Attribute[@attribute_name='geo_loc_name']	SAMN40621280	Original geographic-location label retained; not an inference-region assignment.	data/sources/metadata_enrichment/external/biosample_candidates.tsv	640	
Church2025:TMAG-K5634	longitude	148.2865	biosample	https://www.ncbi.nlm.nih.gov/biosample/SAMN40621280	Attributes/Attribute[@attribute_name='lat_lon']	SAMN40621280	Hemisphere sign applied; no geographic correction inferred.	data/sources/metadata_enrichment/external/biosample_candidates.tsv	641	
Church2025:TMAG-K5634	tissue	tentacle	biosample	https://www.ncbi.nlm.nih.gov/biosample/SAMN40621280	Attributes/Attribute[@attribute_name='tissue']	SAMN40621280		data/sources/metadata_enrichment/external/biosample_candidates.tsv	642	
Church2025:TMAG-K5635	biosample	SAMN40621281	biosample	https://www.ncbi.nlm.nih.gov/biosample/SAMN40621281	BioSample/@accession	SAMN40621281		data/sources/metadata_enrichment/external/biosample_candidates.tsv	643	
Church2025:TMAG-K5635	collection_date	2023-01-14	biosample	https://www.ncbi.nlm.nih.gov/biosample/SAMN40621281	Attributes/Attribute[@attribute_name='collection_date']	SAMN40621281		data/sources/metadata_enrichment/external/biosample_candidates.tsv	644	
Church2025:TMAG-K5635	country	Australia	biosample	https://www.ncbi.nlm.nih.gov/biosample/SAMN40621281	Attributes/Attribute[@attribute_name='geo_loc_name']	SAMN40621281	Top-level geographic jurisdiction retained as submitted, including named territories.	data/sources/metadata_enrichment/external/biosample_candidates.tsv	645	
Church2025:TMAG-K5635	lat_long_raw	41.863900 S 148.286500 E	biosample	https://www.ncbi.nlm.nih.gov/biosample/SAMN40621281	Attributes/Attribute[@attribute_name='lat_lon']	SAMN40621281		data/sources/metadata_enrichment/external/biosample_candidates.tsv	646	
Church2025:TMAG-K5635	latitude	-41.8639	biosample	https://www.ncbi.nlm.nih.gov/biosample/SAMN40621281	Attributes/Attribute[@attribute_name='lat_lon']	SAMN40621281	Hemisphere sign applied; no geographic correction inferred.	data/sources/metadata_enrichment/external/biosample_candidates.tsv	647	
Church2025:TMAG-K5635	locality	Australia: Tasmania	biosample	https://www.ncbi.nlm.nih.gov/biosample/SAMN40621281	Attributes/Attribute[@attribute_name='geo_loc_name']	SAMN40621281	Original geographic-location label retained; not an inference-region assignment.	data/sources/metadata_enrichment/external/biosample_candidates.tsv	648	
Church2025:TMAG-K5635	longitude	148.2865	biosample	https://www.ncbi.nlm.nih.gov/biosample/SAMN40621281	Attributes/Attribute[@attribute_name='lat_lon']	SAMN40621281	Hemisphere sign applied; no geographic correction inferred.	data/sources/metadata_enrichment/external/biosample_candidates.tsv	649	
Church2025:TMAG-K5635	tissue	tentacle	biosample	https://www.ncbi.nlm.nih.gov/biosample/SAMN40621281	Attributes/Attribute[@attribute_name='tissue']	SAMN40621281		data/sources/metadata_enrichment/external/biosample_candidates.tsv	650	
Church2025:TMAG-K5636	biosample	SAMN40621282	biosample	https://www.ncbi.nlm.nih.gov/biosample/SAMN40621282	BioSample/@accession	SAMN40621282		data/sources/metadata_enrichment/external/biosample_candidates.tsv	651	
Church2025:TMAG-K5636	collection_date	2023-01-14	biosample	https://www.ncbi.nlm.nih.gov/biosample/SAMN40621282	Attributes/Attribute[@attribute_name='collection_date']	SAMN40621282		data/sources/metadata_enrichment/external/biosample_candidates.tsv	652	
Church2025:TMAG-K5636	country	Australia	biosample	https://www.ncbi.nlm.nih.gov/biosample/SAMN40621282	Attributes/Attribute[@attribute_name='geo_loc_name']	SAMN40621282	Top-level geographic jurisdiction retained as submitted, including named territories.	data/sources/metadata_enrichment/external/biosample_candidates.tsv	653	
Church2025:TMAG-K5636	lat_long_raw	41.863900 S 148.286500 E	biosample	https://www.ncbi.nlm.nih.gov/biosample/SAMN40621282	Attributes/Attribute[@attribute_name='lat_lon']	SAMN40621282		data/sources/metadata_enrichment/external/biosample_candidates.tsv	654	
Church2025:TMAG-K5636	latitude	-41.8639	biosample	https://www.ncbi.nlm.nih.gov/biosample/SAMN40621282	Attributes/Attribute[@attribute_name='lat_lon']	SAMN40621282	Hemisphere sign applied; no geographic correction inferred.	data/sources/metadata_enrichment/external/biosample_candidates.tsv	655	
Church2025:TMAG-K5636	locality	Australia: Tasmania	biosample	https://www.ncbi.nlm.nih.gov/biosample/SAMN40621282	Attributes/Attribute[@attribute_name='geo_loc_name']	SAMN40621282	Original geographic-location label retained; not an inference-region assignment.	data/sources/metadata_enrichment/external/biosample_candidates.tsv	656	
Church2025:TMAG-K5636	longitude	148.2865	biosample	https://www.ncbi.nlm.nih.gov/biosample/SAMN40621282	Attributes/Attribute[@attribute_name='lat_lon']	SAMN40621282	Hemisphere sign applied; no geographic correction inferred.	data/sources/metadata_enrichment/external/biosample_candidates.tsv	657	
Church2025:TMAG-K5636	tissue	tentacle	biosample	https://www.ncbi.nlm.nih.gov/biosample/SAMN40621282	Attributes/Attribute[@attribute_name='tissue']	SAMN40621282		data/sources/metadata_enrichment/external/biosample_candidates.tsv	658	
Church2025:WAM-Z88480	biosample	SAMN40621283	biosample	https://www.ncbi.nlm.nih.gov/biosample/SAMN40621283	BioSample/@accession	SAMN40621283		data/sources/metadata_enrichment/external/biosample_candidates.tsv	659	
Church2025:WAM-Z88480	collection_date	2018-08-03	biosample	https://www.ncbi.nlm.nih.gov/biosample/SAMN40621283	Attributes/Attribute[@attribute_name='collection_date']	SAMN40621283		data/sources/metadata_enrichment/external/biosample_candidates.tsv	660	
Church2025:WAM-Z88480	country	Australia	biosample	https://www.ncbi.nlm.nih.gov/biosample/SAMN40621283	Attributes/Attribute[@attribute_name='geo_loc_name']	SAMN40621283	Top-level geographic jurisdiction retained as submitted, including named territories.	data/sources/metadata_enrichment/external/biosample_candidates.tsv	661	
Church2025:WAM-Z88480	lat_long_raw	31.908144 S 115.754811 E	biosample	https://www.ncbi.nlm.nih.gov/biosample/SAMN40621283	Attributes/Attribute[@attribute_name='lat_lon']	SAMN40621283		data/sources/metadata_enrichment/external/biosample_candidates.tsv	662	
Church2025:WAM-Z88480	latitude	-31.908144	biosample	https://www.ncbi.nlm.nih.gov/biosample/SAMN40621283	Attributes/Attribute[@attribute_name='lat_lon']	SAMN40621283	Hemisphere sign applied; no geographic correction inferred.	data/sources/metadata_enrichment/external/biosample_candidates.tsv	663	
Church2025:WAM-Z88480	locality	Australia: Western Australia	biosample	https://www.ncbi.nlm.nih.gov/biosample/SAMN40621283	Attributes/Attribute[@attribute_name='geo_loc_name']	SAMN40621283	Original geographic-location label retained; not an inference-region assignment.	data/sources/metadata_enrichment/external/biosample_candidates.tsv	664	
Church2025:WAM-Z88480	longitude	115.754811	biosample	https://www.ncbi.nlm.nih.gov/biosample/SAMN40621283	Attributes/Attribute[@attribute_name='lat_lon']	SAMN40621283	Hemisphere sign applied; no geographic correction inferred.	data/sources/metadata_enrichment/external/biosample_candidates.tsv	665	
Church2025:WAM-Z97900	biosample	SAMN40621284	biosample	https://www.ncbi.nlm.nih.gov/biosample/SAMN40621284	BioSample/@accession	SAMN40621284		data/sources/metadata_enrichment/external/biosample_candidates.tsv	666	
Church2025:WAM-Z97900	collection_date	2019-04-19	biosample	https://www.ncbi.nlm.nih.gov/biosample/SAMN40621284	Attributes/Attribute[@attribute_name='collection_date']	SAMN40621284		data/sources/metadata_enrichment/external/biosample_candidates.tsv	667	
Church2025:WAM-Z97900	country	Australia	biosample	https://www.ncbi.nlm.nih.gov/biosample/SAMN40621284	Attributes/Attribute[@attribute_name='geo_loc_name']	SAMN40621284	Top-level geographic jurisdiction retained as submitted, including named territories.	data/sources/metadata_enrichment/external/biosample_candidates.tsv	668	
Church2025:WAM-Z97900	lat_long_raw	31.855786 S 115.751741 E	biosample	https://www.ncbi.nlm.nih.gov/biosample/SAMN40621284	Attributes/Attribute[@attribute_name='lat_lon']	SAMN40621284		data/sources/metadata_enrichment/external/biosample_candidates.tsv	669	
Church2025:WAM-Z97900	latitude	-31.855786	biosample	https://www.ncbi.nlm.nih.gov/biosample/SAMN40621284	Attributes/Attribute[@attribute_name='lat_lon']	SAMN40621284	Hemisphere sign applied; no geographic correction inferred.	data/sources/metadata_enrichment/external/biosample_candidates.tsv	670	
Church2025:WAM-Z97900	locality	Australia: Western Australia	biosample	https://www.ncbi.nlm.nih.gov/biosample/SAMN40621284	Attributes/Attribute[@attribute_name='geo_loc_name']	SAMN40621284	Original geographic-location label retained; not an inference-region assignment.	data/sources/metadata_enrichment/external/biosample_candidates.tsv	671	
Church2025:WAM-Z97900	longitude	115.751741	biosample	https://www.ncbi.nlm.nih.gov/biosample/SAMN40621284	Attributes/Attribute[@attribute_name='lat_lon']	SAMN40621284	Hemisphere sign applied; no geographic correction inferred.	data/sources/metadata_enrichment/external/biosample_candidates.tsv	672	
Church2025:WAM-Z97901	biosample	SAMN40621285	biosample	https://www.ncbi.nlm.nih.gov/biosample/SAMN40621285	BioSample/@accession	SAMN40621285		data/sources/metadata_enrichment/external/biosample_candidates.tsv	673	
Church2025:WAM-Z97901	collection_date	2019-04-19	biosample	https://www.ncbi.nlm.nih.gov/biosample/SAMN40621285	Attributes/Attribute[@attribute_name='collection_date']	SAMN40621285		data/sources/metadata_enrichment/external/biosample_candidates.tsv	674	
Church2025:WAM-Z97901	country	Australia	biosample	https://www.ncbi.nlm.nih.gov/biosample/SAMN40621285	Attributes/Attribute[@attribute_name='geo_loc_name']	SAMN40621285	Top-level geographic jurisdiction retained as submitted, including named territories.	data/sources/metadata_enrichment/external/biosample_candidates.tsv	675	
Church2025:WAM-Z97901	lat_long_raw	31.855786 S 115.751741 E	biosample	https://www.ncbi.nlm.nih.gov/biosample/SAMN40621285	Attributes/Attribute[@attribute_name='lat_lon']	SAMN40621285		data/sources/metadata_enrichment/external/biosample_candidates.tsv	676	
Church2025:WAM-Z97901	latitude	-31.855786	biosample	https://www.ncbi.nlm.nih.gov/biosample/SAMN40621285	Attributes/Attribute[@attribute_name='lat_lon']	SAMN40621285	Hemisphere sign applied; no geographic correction inferred.	data/sources/metadata_enrichment/external/biosample_candidates.tsv	677	
Church2025:WAM-Z97901	locality	Australia: Western Australia	biosample	https://www.ncbi.nlm.nih.gov/biosample/SAMN40621285	Attributes/Attribute[@attribute_name='geo_loc_name']	SAMN40621285	Original geographic-location label retained; not an inference-region assignment.	data/sources/metadata_enrichment/external/biosample_candidates.tsv	678	
Church2025:WAM-Z97901	longitude	115.751741	biosample	https://www.ncbi.nlm.nih.gov/biosample/SAMN40621285	Attributes/Attribute[@attribute_name='lat_lon']	SAMN40621285	Hemisphere sign applied; no geographic correction inferred.	data/sources/metadata_enrichment/external/biosample_candidates.tsv	679	
Church2025:WAM-Z97902	biosample	SAMN40621286	biosample	https://www.ncbi.nlm.nih.gov/biosample/SAMN40621286	BioSample/@accession	SAMN40621286		data/sources/metadata_enrichment/external/biosample_candidates.tsv	680	
Church2025:WAM-Z97902	collection_date	2019-04-19	biosample	https://www.ncbi.nlm.nih.gov/biosample/SAMN40621286	Attributes/Attribute[@attribute_name='collection_date']	SAMN40621286		data/sources/metadata_enrichment/external/biosample_candidates.tsv	681	
Church2025:WAM-Z97902	country	Australia	biosample	https://www.ncbi.nlm.nih.gov/biosample/SAMN40621286	Attributes/Attribute[@attribute_name='geo_loc_name']	SAMN40621286	Top-level geographic jurisdiction retained as submitted, including named territories.	data/sources/metadata_enrichment/external/biosample_candidates.tsv	682	
Church2025:WAM-Z97902	lat_long_raw	31.855786 S 115.751741 E	biosample	https://www.ncbi.nlm.nih.gov/biosample/SAMN40621286	Attributes/Attribute[@attribute_name='lat_lon']	SAMN40621286		data/sources/metadata_enrichment/external/biosample_candidates.tsv	683	
Church2025:WAM-Z97902	latitude	-31.855786	biosample	https://www.ncbi.nlm.nih.gov/biosample/SAMN40621286	Attributes/Attribute[@attribute_name='lat_lon']	SAMN40621286	Hemisphere sign applied; no geographic correction inferred.	data/sources/metadata_enrichment/external/biosample_candidates.tsv	684	
Church2025:WAM-Z97902	locality	Australia: Western Australia	biosample	https://www.ncbi.nlm.nih.gov/biosample/SAMN40621286	Attributes/Attribute[@attribute_name='geo_loc_name']	SAMN40621286	Original geographic-location label retained; not an inference-region assignment.	data/sources/metadata_enrichment/external/biosample_candidates.tsv	685	
Church2025:WAM-Z97902	longitude	115.751741	biosample	https://www.ncbi.nlm.nih.gov/biosample/SAMN40621286	Attributes/Attribute[@attribute_name='lat_lon']	SAMN40621286	Hemisphere sign applied; no geographic correction inferred.	data/sources/metadata_enrichment/external/biosample_candidates.tsv	686	
Church2025:WAM-Z97903	biosample	SAMN40621287	biosample	https://www.ncbi.nlm.nih.gov/biosample/SAMN40621287	BioSample/@accession	SAMN40621287		data/sources/metadata_enrichment/external/biosample_candidates.tsv	687	
Church2025:WAM-Z97903	collection_date	2019-04-19	biosample	https://www.ncbi.nlm.nih.gov/biosample/SAMN40621287	Attributes/Attribute[@attribute_name='collection_date']	SAMN40621287		data/sources/metadata_enrichment/external/biosample_candidates.tsv	688	
Church2025:WAM-Z97903	country	Australia	biosample	https://www.ncbi.nlm.nih.gov/biosample/SAMN40621287	Attributes/Attribute[@attribute_name='geo_loc_name']	SAMN40621287	Top-level geographic jurisdiction retained as submitted, including named territories.	data/sources/metadata_enrichment/external/biosample_candidates.tsv	689	
Church2025:WAM-Z97903	lat_long_raw	31.855786 S 115.751741 E	biosample	https://www.ncbi.nlm.nih.gov/biosample/SAMN40621287	Attributes/Attribute[@attribute_name='lat_lon']	SAMN40621287		data/sources/metadata_enrichment/external/biosample_candidates.tsv	690	
Church2025:WAM-Z97903	latitude	-31.855786	biosample	https://www.ncbi.nlm.nih.gov/biosample/SAMN40621287	Attributes/Attribute[@attribute_name='lat_lon']	SAMN40621287	Hemisphere sign applied; no geographic correction inferred.	data/sources/metadata_enrichment/external/biosample_candidates.tsv	691	
Church2025:WAM-Z97903	locality	Australia: Western Australia	biosample	https://www.ncbi.nlm.nih.gov/biosample/SAMN40621287	Attributes/Attribute[@attribute_name='geo_loc_name']	SAMN40621287	Original geographic-location label retained; not an inference-region assignment.	data/sources/metadata_enrichment/external/biosample_candidates.tsv	692	
Church2025:WAM-Z97903	longitude	115.751741	biosample	https://www.ncbi.nlm.nih.gov/biosample/SAMN40621287	Attributes/Attribute[@attribute_name='lat_lon']	SAMN40621287	Hemisphere sign applied; no geographic correction inferred.	data/sources/metadata_enrichment/external/biosample_candidates.tsv	693	
Church2025:WAM-Z97906	biosample	SAMN40621288	biosample	https://www.ncbi.nlm.nih.gov/biosample/SAMN40621288	BioSample/@accession	SAMN40621288		data/sources/metadata_enrichment/external/biosample_candidates.tsv	694	
Church2025:WAM-Z97906	collection_date	2019-04-19	biosample	https://www.ncbi.nlm.nih.gov/biosample/SAMN40621288	Attributes/Attribute[@attribute_name='collection_date']	SAMN40621288		data/sources/metadata_enrichment/external/biosample_candidates.tsv	695	
Church2025:WAM-Z97906	country	Australia	biosample	https://www.ncbi.nlm.nih.gov/biosample/SAMN40621288	Attributes/Attribute[@attribute_name='geo_loc_name']	SAMN40621288	Top-level geographic jurisdiction retained as submitted, including named territories.	data/sources/metadata_enrichment/external/biosample_candidates.tsv	696	
Church2025:WAM-Z97906	lat_long_raw	31.855786 S 115.751741 E	biosample	https://www.ncbi.nlm.nih.gov/biosample/SAMN40621288	Attributes/Attribute[@attribute_name='lat_lon']	SAMN40621288		data/sources/metadata_enrichment/external/biosample_candidates.tsv	697	
Church2025:WAM-Z97906	latitude	-31.855786	biosample	https://www.ncbi.nlm.nih.gov/biosample/SAMN40621288	Attributes/Attribute[@attribute_name='lat_lon']	SAMN40621288	Hemisphere sign applied; no geographic correction inferred.	data/sources/metadata_enrichment/external/biosample_candidates.tsv	698	
Church2025:WAM-Z97906	locality	Australia: Western Australia	biosample	https://www.ncbi.nlm.nih.gov/biosample/SAMN40621288	Attributes/Attribute[@attribute_name='geo_loc_name']	SAMN40621288	Original geographic-location label retained; not an inference-region assignment.	data/sources/metadata_enrichment/external/biosample_candidates.tsv	699	
Church2025:WAM-Z97906	longitude	115.751741	biosample	https://www.ncbi.nlm.nih.gov/biosample/SAMN40621288	Attributes/Attribute[@attribute_name='lat_lon']	SAMN40621288	Hemisphere sign applied; no geographic correction inferred.	data/sources/metadata_enrichment/external/biosample_candidates.tsv	700	
Church2025:WAM-Z97907	biosample	SAMN40621289	biosample	https://www.ncbi.nlm.nih.gov/biosample/SAMN40621289	BioSample/@accession	SAMN40621289		data/sources/metadata_enrichment/external/biosample_candidates.tsv	701	
Church2025:WAM-Z97907	collection_date	2019-04-19	biosample	https://www.ncbi.nlm.nih.gov/biosample/SAMN40621289	Attributes/Attribute[@attribute_name='collection_date']	SAMN40621289		data/sources/metadata_enrichment/external/biosample_candidates.tsv	702	
Church2025:WAM-Z97907	country	Australia	biosample	https://www.ncbi.nlm.nih.gov/biosample/SAMN40621289	Attributes/Attribute[@attribute_name='geo_loc_name']	SAMN40621289	Top-level geographic jurisdiction retained as submitted, including named territories.	data/sources/metadata_enrichment/external/biosample_candidates.tsv	703	
Church2025:WAM-Z97907	lat_long_raw	31.855786 S 115.751741 E	biosample	https://www.ncbi.nlm.nih.gov/biosample/SAMN40621289	Attributes/Attribute[@attribute_name='lat_lon']	SAMN40621289		data/sources/metadata_enrichment/external/biosample_candidates.tsv	704	
Church2025:WAM-Z97907	latitude	-31.855786	biosample	https://www.ncbi.nlm.nih.gov/biosample/SAMN40621289	Attributes/Attribute[@attribute_name='lat_lon']	SAMN40621289	Hemisphere sign applied; no geographic correction inferred.	data/sources/metadata_enrichment/external/biosample_candidates.tsv	705	
Church2025:WAM-Z97907	locality	Australia: Western Australia	biosample	https://www.ncbi.nlm.nih.gov/biosample/SAMN40621289	Attributes/Attribute[@attribute_name='geo_loc_name']	SAMN40621289	Original geographic-location label retained; not an inference-region assignment.	data/sources/metadata_enrichment/external/biosample_candidates.tsv	706	
Church2025:WAM-Z97907	longitude	115.751741	biosample	https://www.ncbi.nlm.nih.gov/biosample/SAMN40621289	Attributes/Attribute[@attribute_name='lat_lon']	SAMN40621289	Hemisphere sign applied; no geographic correction inferred.	data/sources/metadata_enrichment/external/biosample_candidates.tsv	707	
Church2025:WAM-Z97908	biosample	SAMN40621290	biosample	https://www.ncbi.nlm.nih.gov/biosample/SAMN40621290	BioSample/@accession	SAMN40621290		data/sources/metadata_enrichment/external/biosample_candidates.tsv	708	
Church2025:WAM-Z97908	collection_date	2019-04-19	biosample	https://www.ncbi.nlm.nih.gov/biosample/SAMN40621290	Attributes/Attribute[@attribute_name='collection_date']	SAMN40621290		data/sources/metadata_enrichment/external/biosample_candidates.tsv	709	
Church2025:WAM-Z97908	country	Australia	biosample	https://www.ncbi.nlm.nih.gov/biosample/SAMN40621290	Attributes/Attribute[@attribute_name='geo_loc_name']	SAMN40621290	Top-level geographic jurisdiction retained as submitted, including named territories.	data/sources/metadata_enrichment/external/biosample_candidates.tsv	710	
Church2025:WAM-Z97908	lat_long_raw	31.855786 S 115.751741 E	biosample	https://www.ncbi.nlm.nih.gov/biosample/SAMN40621290	Attributes/Attribute[@attribute_name='lat_lon']	SAMN40621290		data/sources/metadata_enrichment/external/biosample_candidates.tsv	711	
Church2025:WAM-Z97908	latitude	-31.855786	biosample	https://www.ncbi.nlm.nih.gov/biosample/SAMN40621290	Attributes/Attribute[@attribute_name='lat_lon']	SAMN40621290	Hemisphere sign applied; no geographic correction inferred.	data/sources/metadata_enrichment/external/biosample_candidates.tsv	712	
Church2025:WAM-Z97908	locality	Australia: Western Australia	biosample	https://www.ncbi.nlm.nih.gov/biosample/SAMN40621290	Attributes/Attribute[@attribute_name='geo_loc_name']	SAMN40621290	Original geographic-location label retained; not an inference-region assignment.	data/sources/metadata_enrichment/external/biosample_candidates.tsv	713	
Church2025:WAM-Z97908	longitude	115.751741	biosample	https://www.ncbi.nlm.nih.gov/biosample/SAMN40621290	Attributes/Attribute[@attribute_name='lat_lon']	SAMN40621290	Hemisphere sign applied; no geographic correction inferred.	data/sources/metadata_enrichment/external/biosample_candidates.tsv	714	
Church2025:WAM-Z97910	biosample	SAMN40621291	biosample	https://www.ncbi.nlm.nih.gov/biosample/SAMN40621291	BioSample/@accession	SAMN40621291		data/sources/metadata_enrichment/external/biosample_candidates.tsv	715	
Church2025:WAM-Z97910	collection_date	2019-04-19	biosample	https://www.ncbi.nlm.nih.gov/biosample/SAMN40621291	Attributes/Attribute[@attribute_name='collection_date']	SAMN40621291		data/sources/metadata_enrichment/external/biosample_candidates.tsv	716	
Church2025:WAM-Z97910	country	Australia	biosample	https://www.ncbi.nlm.nih.gov/biosample/SAMN40621291	Attributes/Attribute[@attribute_name='geo_loc_name']	SAMN40621291	Top-level geographic jurisdiction retained as submitted, including named territories.	data/sources/metadata_enrichment/external/biosample_candidates.tsv	717	
Church2025:WAM-Z97910	lat_long_raw	31.855786 S 115.751741 E	biosample	https://www.ncbi.nlm.nih.gov/biosample/SAMN40621291	Attributes/Attribute[@attribute_name='lat_lon']	SAMN40621291		data/sources/metadata_enrichment/external/biosample_candidates.tsv	718	
Church2025:WAM-Z97910	latitude	-31.855786	biosample	https://www.ncbi.nlm.nih.gov/biosample/SAMN40621291	Attributes/Attribute[@attribute_name='lat_lon']	SAMN40621291	Hemisphere sign applied; no geographic correction inferred.	data/sources/metadata_enrichment/external/biosample_candidates.tsv	719	
Church2025:WAM-Z97910	locality	Australia: Western Australia	biosample	https://www.ncbi.nlm.nih.gov/biosample/SAMN40621291	Attributes/Attribute[@attribute_name='geo_loc_name']	SAMN40621291	Original geographic-location label retained; not an inference-region assignment.	data/sources/metadata_enrichment/external/biosample_candidates.tsv	720	
Church2025:WAM-Z97910	longitude	115.751741	biosample	https://www.ncbi.nlm.nih.gov/biosample/SAMN40621291	Attributes/Attribute[@attribute_name='lat_lon']	SAMN40621291	Hemisphere sign applied; no geographic correction inferred.	data/sources/metadata_enrichment/external/biosample_candidates.tsv	721	
Church2025:WAM-Z97911	biosample	SAMN40621292	biosample	https://www.ncbi.nlm.nih.gov/biosample/SAMN40621292	BioSample/@accession	SAMN40621292		data/sources/metadata_enrichment/external/biosample_candidates.tsv	722	
Church2025:WAM-Z97911	collection_date	2019-04-19	biosample	https://www.ncbi.nlm.nih.gov/biosample/SAMN40621292	Attributes/Attribute[@attribute_name='collection_date']	SAMN40621292		data/sources/metadata_enrichment/external/biosample_candidates.tsv	723	
Church2025:WAM-Z97911	country	Australia	biosample	https://www.ncbi.nlm.nih.gov/biosample/SAMN40621292	Attributes/Attribute[@attribute_name='geo_loc_name']	SAMN40621292	Top-level geographic jurisdiction retained as submitted, including named territories.	data/sources/metadata_enrichment/external/biosample_candidates.tsv	724	
Church2025:WAM-Z97911	lat_long_raw	31.855786 S 115.751741 E	biosample	https://www.ncbi.nlm.nih.gov/biosample/SAMN40621292	Attributes/Attribute[@attribute_name='lat_lon']	SAMN40621292		data/sources/metadata_enrichment/external/biosample_candidates.tsv	725	
Church2025:WAM-Z97911	latitude	-31.855786	biosample	https://www.ncbi.nlm.nih.gov/biosample/SAMN40621292	Attributes/Attribute[@attribute_name='lat_lon']	SAMN40621292	Hemisphere sign applied; no geographic correction inferred.	data/sources/metadata_enrichment/external/biosample_candidates.tsv	726	
Church2025:WAM-Z97911	locality	Australia: Western Australia	biosample	https://www.ncbi.nlm.nih.gov/biosample/SAMN40621292	Attributes/Attribute[@attribute_name='geo_loc_name']	SAMN40621292	Original geographic-location label retained; not an inference-region assignment.	data/sources/metadata_enrichment/external/biosample_candidates.tsv	727	
Church2025:WAM-Z97911	longitude	115.751741	biosample	https://www.ncbi.nlm.nih.gov/biosample/SAMN40621292	Attributes/Attribute[@attribute_name='lat_lon']	SAMN40621292	Hemisphere sign applied; no geographic correction inferred.	data/sources/metadata_enrichment/external/biosample_candidates.tsv	728	
Church2025:WAM-Z97914	biosample	SAMN40621293	biosample	https://www.ncbi.nlm.nih.gov/biosample/SAMN40621293	BioSample/@accession	SAMN40621293		data/sources/metadata_enrichment/external/biosample_candidates.tsv	729	
Church2025:WAM-Z97914	collection_date	2019-04-19	biosample	https://www.ncbi.nlm.nih.gov/biosample/SAMN40621293	Attributes/Attribute[@attribute_name='collection_date']	SAMN40621293		data/sources/metadata_enrichment/external/biosample_candidates.tsv	730	
Church2025:WAM-Z97914	country	Australia	biosample	https://www.ncbi.nlm.nih.gov/biosample/SAMN40621293	Attributes/Attribute[@attribute_name='geo_loc_name']	SAMN40621293	Top-level geographic jurisdiction retained as submitted, including named territories.	data/sources/metadata_enrichment/external/biosample_candidates.tsv	731	
Church2025:WAM-Z97914	lat_long_raw	31.855786 S 115.751741 E	biosample	https://www.ncbi.nlm.nih.gov/biosample/SAMN40621293	Attributes/Attribute[@attribute_name='lat_lon']	SAMN40621293		data/sources/metadata_enrichment/external/biosample_candidates.tsv	732	
Church2025:WAM-Z97914	latitude	-31.855786	biosample	https://www.ncbi.nlm.nih.gov/biosample/SAMN40621293	Attributes/Attribute[@attribute_name='lat_lon']	SAMN40621293	Hemisphere sign applied; no geographic correction inferred.	data/sources/metadata_enrichment/external/biosample_candidates.tsv	733	
Church2025:WAM-Z97914	locality	Australia: Western Australia	biosample	https://www.ncbi.nlm.nih.gov/biosample/SAMN40621293	Attributes/Attribute[@attribute_name='geo_loc_name']	SAMN40621293	Original geographic-location label retained; not an inference-region assignment.	data/sources/metadata_enrichment/external/biosample_candidates.tsv	734	
Church2025:WAM-Z97914	longitude	115.751741	biosample	https://www.ncbi.nlm.nih.gov/biosample/SAMN40621293	Attributes/Attribute[@attribute_name='lat_lon']	SAMN40621293	Hemisphere sign applied; no geographic correction inferred.	data/sources/metadata_enrichment/external/biosample_candidates.tsv	735	
Church2025:WAM-Z97916	biosample	SAMN40621294	biosample	https://www.ncbi.nlm.nih.gov/biosample/SAMN40621294	BioSample/@accession	SAMN40621294		data/sources/metadata_enrichment/external/biosample_candidates.tsv	736	
Church2025:WAM-Z97916	collection_date	2019-04-19	biosample	https://www.ncbi.nlm.nih.gov/biosample/SAMN40621294	Attributes/Attribute[@attribute_name='collection_date']	SAMN40621294		data/sources/metadata_enrichment/external/biosample_candidates.tsv	737	
Church2025:WAM-Z97916	country	Australia	biosample	https://www.ncbi.nlm.nih.gov/biosample/SAMN40621294	Attributes/Attribute[@attribute_name='geo_loc_name']	SAMN40621294	Top-level geographic jurisdiction retained as submitted, including named territories.	data/sources/metadata_enrichment/external/biosample_candidates.tsv	738	
Church2025:WAM-Z97916	lat_long_raw	31.855786 S 115.751741 E	biosample	https://www.ncbi.nlm.nih.gov/biosample/SAMN40621294	Attributes/Attribute[@attribute_name='lat_lon']	SAMN40621294		data/sources/metadata_enrichment/external/biosample_candidates.tsv	739	
Church2025:WAM-Z97916	latitude	-31.855786	biosample	https://www.ncbi.nlm.nih.gov/biosample/SAMN40621294	Attributes/Attribute[@attribute_name='lat_lon']	SAMN40621294	Hemisphere sign applied; no geographic correction inferred.	data/sources/metadata_enrichment/external/biosample_candidates.tsv	740	
Church2025:WAM-Z97916	locality	Australia: Western Australia	biosample	https://www.ncbi.nlm.nih.gov/biosample/SAMN40621294	Attributes/Attribute[@attribute_name='geo_loc_name']	SAMN40621294	Original geographic-location label retained; not an inference-region assignment.	data/sources/metadata_enrichment/external/biosample_candidates.tsv	741	
Church2025:WAM-Z97916	longitude	115.751741	biosample	https://www.ncbi.nlm.nih.gov/biosample/SAMN40621294	Attributes/Attribute[@attribute_name='lat_lon']	SAMN40621294	Hemisphere sign applied; no geographic correction inferred.	data/sources/metadata_enrichment/external/biosample_candidates.tsv	742	
Church2025:WAM-Z97917	biosample	SAMN40621295	biosample	https://www.ncbi.nlm.nih.gov/biosample/SAMN40621295	BioSample/@accession	SAMN40621295		data/sources/metadata_enrichment/external/biosample_candidates.tsv	743	
Church2025:WAM-Z97917	collection_date	2019-01-18	biosample	https://www.ncbi.nlm.nih.gov/biosample/SAMN40621295	Attributes/Attribute[@attribute_name='collection_date']	SAMN40621295		data/sources/metadata_enrichment/external/biosample_candidates.tsv	744	
Church2025:WAM-Z97917	country	Australia	biosample	https://www.ncbi.nlm.nih.gov/biosample/SAMN40621295	Attributes/Attribute[@attribute_name='geo_loc_name']	SAMN40621295	Top-level geographic jurisdiction retained as submitted, including named territories.	data/sources/metadata_enrichment/external/biosample_candidates.tsv	745	
Church2025:WAM-Z97917	lat_long_raw	33.787002 S 151.288609 E	biosample	https://www.ncbi.nlm.nih.gov/biosample/SAMN40621295	Attributes/Attribute[@attribute_name='lat_lon']	SAMN40621295		data/sources/metadata_enrichment/external/biosample_candidates.tsv	746	
Church2025:WAM-Z97917	latitude	-33.787002	biosample	https://www.ncbi.nlm.nih.gov/biosample/SAMN40621295	Attributes/Attribute[@attribute_name='lat_lon']	SAMN40621295	Hemisphere sign applied; no geographic correction inferred.	data/sources/metadata_enrichment/external/biosample_candidates.tsv	747	
Church2025:WAM-Z97917	locality	Australia: New South Wales	biosample	https://www.ncbi.nlm.nih.gov/biosample/SAMN40621295	Attributes/Attribute[@attribute_name='geo_loc_name']	SAMN40621295	Original geographic-location label retained; not an inference-region assignment.	data/sources/metadata_enrichment/external/biosample_candidates.tsv	748	
Church2025:WAM-Z97917	longitude	151.288609	biosample	https://www.ncbi.nlm.nih.gov/biosample/SAMN40621295	Attributes/Attribute[@attribute_name='lat_lon']	SAMN40621295	Hemisphere sign applied; no geographic correction inferred.	data/sources/metadata_enrichment/external/biosample_candidates.tsv	749	
Church2025:WAM-Z97920	biosample	SAMN40621296	biosample	https://www.ncbi.nlm.nih.gov/biosample/SAMN40621296	BioSample/@accession	SAMN40621296		data/sources/metadata_enrichment/external/biosample_candidates.tsv	750	
Church2025:WAM-Z97920	collection_date	2018-02-05	biosample	https://www.ncbi.nlm.nih.gov/biosample/SAMN40621296	Attributes/Attribute[@attribute_name='collection_date']	SAMN40621296		data/sources/metadata_enrichment/external/biosample_candidates.tsv	751	
Church2025:WAM-Z97920	country	Australia	biosample	https://www.ncbi.nlm.nih.gov/biosample/SAMN40621296	Attributes/Attribute[@attribute_name='geo_loc_name']	SAMN40621296	Top-level geographic jurisdiction retained as submitted, including named territories.	data/sources/metadata_enrichment/external/biosample_candidates.tsv	752	
Church2025:WAM-Z97920	lat_long_raw	33.987424 S 151.231329 E	biosample	https://www.ncbi.nlm.nih.gov/biosample/SAMN40621296	Attributes/Attribute[@attribute_name='lat_lon']	SAMN40621296		data/sources/metadata_enrichment/external/biosample_candidates.tsv	753	
Church2025:WAM-Z97920	latitude	-33.987424	biosample	https://www.ncbi.nlm.nih.gov/biosample/SAMN40621296	Attributes/Attribute[@attribute_name='lat_lon']	SAMN40621296	Hemisphere sign applied; no geographic correction inferred.	data/sources/metadata_enrichment/external/biosample_candidates.tsv	754	
Church2025:WAM-Z97920	locality	Australia: New South Wales	biosample	https://www.ncbi.nlm.nih.gov/biosample/SAMN40621296	Attributes/Attribute[@attribute_name='geo_loc_name']	SAMN40621296	Original geographic-location label retained; not an inference-region assignment.	data/sources/metadata_enrichment/external/biosample_candidates.tsv	755	
Church2025:WAM-Z97920	longitude	151.231329	biosample	https://www.ncbi.nlm.nih.gov/biosample/SAMN40621296	Attributes/Attribute[@attribute_name='lat_lon']	SAMN40621296	Hemisphere sign applied; no geographic correction inferred.	data/sources/metadata_enrichment/external/biosample_candidates.tsv	756	
Church2025:WAM-Z97921	biosample	SAMN40621297	biosample	https://www.ncbi.nlm.nih.gov/biosample/SAMN40621297	BioSample/@accession	SAMN40621297		data/sources/metadata_enrichment/external/biosample_candidates.tsv	757	
Church2025:WAM-Z97921	collection_date	2019-01-19	biosample	https://www.ncbi.nlm.nih.gov/biosample/SAMN40621297	Attributes/Attribute[@attribute_name='collection_date']	SAMN40621297		data/sources/metadata_enrichment/external/biosample_candidates.tsv	758	
Church2025:WAM-Z97921	country	Australia	biosample	https://www.ncbi.nlm.nih.gov/biosample/SAMN40621297	Attributes/Attribute[@attribute_name='geo_loc_name']	SAMN40621297	Top-level geographic jurisdiction retained as submitted, including named territories.	data/sources/metadata_enrichment/external/biosample_candidates.tsv	759	
Church2025:WAM-Z97921	lat_long_raw	26.784003 S 153.140596 E	biosample	https://www.ncbi.nlm.nih.gov/biosample/SAMN40621297	Attributes/Attribute[@attribute_name='lat_lon']	SAMN40621297		data/sources/metadata_enrichment/external/biosample_candidates.tsv	760	
Church2025:WAM-Z97921	latitude	-26.784003	biosample	https://www.ncbi.nlm.nih.gov/biosample/SAMN40621297	Attributes/Attribute[@attribute_name='lat_lon']	SAMN40621297	Hemisphere sign applied; no geographic correction inferred.	data/sources/metadata_enrichment/external/biosample_candidates.tsv	761	
Church2025:WAM-Z97921	locality	Australia: Queensland	biosample	https://www.ncbi.nlm.nih.gov/biosample/SAMN40621297	Attributes/Attribute[@attribute_name='geo_loc_name']	SAMN40621297	Original geographic-location label retained; not an inference-region assignment.	data/sources/metadata_enrichment/external/biosample_candidates.tsv	762	
Church2025:WAM-Z97921	longitude	153.140596	biosample	https://www.ncbi.nlm.nih.gov/biosample/SAMN40621297	Attributes/Attribute[@attribute_name='lat_lon']	SAMN40621297	Hemisphere sign applied; no geographic correction inferred.	data/sources/metadata_enrichment/external/biosample_candidates.tsv	763	
Church2025:WAM-Z97923	biosample	SAMN40621298	biosample	https://www.ncbi.nlm.nih.gov/biosample/SAMN40621298	BioSample/@accession	SAMN40621298		data/sources/metadata_enrichment/external/biosample_candidates.tsv	764	
Church2025:WAM-Z97923	collection_date	2019-01-19	biosample	https://www.ncbi.nlm.nih.gov/biosample/SAMN40621298	Attributes/Attribute[@attribute_name='collection_date']	SAMN40621298		data/sources/metadata_enrichment/external/biosample_candidates.tsv	765	
Church2025:WAM-Z97923	country	Australia	biosample	https://www.ncbi.nlm.nih.gov/biosample/SAMN40621298	Attributes/Attribute[@attribute_name='geo_loc_name']	SAMN40621298	Top-level geographic jurisdiction retained as submitted, including named territories.	data/sources/metadata_enrichment/external/biosample_candidates.tsv	766	
Church2025:WAM-Z97923	lat_long_raw	26.784003 S 153.140596 E	biosample	https://www.ncbi.nlm.nih.gov/biosample/SAMN40621298	Attributes/Attribute[@attribute_name='lat_lon']	SAMN40621298		data/sources/metadata_enrichment/external/biosample_candidates.tsv	767	
Church2025:WAM-Z97923	latitude	-26.784003	biosample	https://www.ncbi.nlm.nih.gov/biosample/SAMN40621298	Attributes/Attribute[@attribute_name='lat_lon']	SAMN40621298	Hemisphere sign applied; no geographic correction inferred.	data/sources/metadata_enrichment/external/biosample_candidates.tsv	768	
Church2025:WAM-Z97923	locality	Australia: Queensland	biosample	https://www.ncbi.nlm.nih.gov/biosample/SAMN40621298	Attributes/Attribute[@attribute_name='geo_loc_name']	SAMN40621298	Original geographic-location label retained; not an inference-region assignment.	data/sources/metadata_enrichment/external/biosample_candidates.tsv	769	
Church2025:WAM-Z97923	longitude	153.140596	biosample	https://www.ncbi.nlm.nih.gov/biosample/SAMN40621298	Attributes/Attribute[@attribute_name='lat_lon']	SAMN40621298	Hemisphere sign applied; no geographic correction inferred.	data/sources/metadata_enrichment/external/biosample_candidates.tsv	770	
Church2025:YPM-IZ-104460	biosample	SAMN40621299	biosample	https://www.ncbi.nlm.nih.gov/biosample/SAMN40621299	BioSample/@accession	SAMN40621299		data/sources/metadata_enrichment/external/biosample_candidates.tsv	771	
Church2025:YPM-IZ-104460	collection_date	2018-11-23	biosample	https://www.ncbi.nlm.nih.gov/biosample/SAMN40621299	Attributes/Attribute[@attribute_name='collection_date']	SAMN40621299		data/sources/metadata_enrichment/external/biosample_candidates.tsv	772	
Church2025:YPM-IZ-104460	country	Guam	biosample	https://www.ncbi.nlm.nih.gov/biosample/SAMN40621299	Attributes/Attribute[@attribute_name='geo_loc_name']	SAMN40621299	Top-level geographic jurisdiction retained as submitted, including named territories.	data/sources/metadata_enrichment/external/biosample_candidates.tsv	773	
Church2025:YPM-IZ-104460	lat_long_raw	13.427861 N 144.798518 E	biosample	https://www.ncbi.nlm.nih.gov/biosample/SAMN40621299	Attributes/Attribute[@attribute_name='lat_lon']	SAMN40621299		data/sources/metadata_enrichment/external/biosample_candidates.tsv	774	
Church2025:YPM-IZ-104460	latitude	13.427861	biosample	https://www.ncbi.nlm.nih.gov/biosample/SAMN40621299	Attributes/Attribute[@attribute_name='lat_lon']	SAMN40621299	Hemisphere sign applied; no geographic correction inferred.	data/sources/metadata_enrichment/external/biosample_candidates.tsv	775	
Church2025:YPM-IZ-104460	locality	Guam	biosample	https://www.ncbi.nlm.nih.gov/biosample/SAMN40621299	Attributes/Attribute[@attribute_name='geo_loc_name']	SAMN40621299	Original geographic-location label retained; not an inference-region assignment.	data/sources/metadata_enrichment/external/biosample_candidates.tsv	776	
Church2025:YPM-IZ-104460	longitude	144.798518	biosample	https://www.ncbi.nlm.nih.gov/biosample/SAMN40621299	Attributes/Attribute[@attribute_name='lat_lon']	SAMN40621299	Hemisphere sign applied; no geographic correction inferred.	data/sources/metadata_enrichment/external/biosample_candidates.tsv	777	
Church2025:YPM-IZ-104460	tissue	tentacle	biosample	https://www.ncbi.nlm.nih.gov/biosample/SAMN40621299	Attributes/Attribute[@attribute_name='tissue']	SAMN40621299		data/sources/metadata_enrichment/external/biosample_candidates.tsv	778	
Church2025:YPM-IZ-104461	biosample	SAMN40621300	biosample	https://www.ncbi.nlm.nih.gov/biosample/SAMN40621300	BioSample/@accession	SAMN40621300		data/sources/metadata_enrichment/external/biosample_candidates.tsv	779	
Church2025:YPM-IZ-104461	collection_date	2018-11-23	biosample	https://www.ncbi.nlm.nih.gov/biosample/SAMN40621300	Attributes/Attribute[@attribute_name='collection_date']	SAMN40621300		data/sources/metadata_enrichment/external/biosample_candidates.tsv	780	
Church2025:YPM-IZ-104461	country	Guam	biosample	https://www.ncbi.nlm.nih.gov/biosample/SAMN40621300	Attributes/Attribute[@attribute_name='geo_loc_name']	SAMN40621300	Top-level geographic jurisdiction retained as submitted, including named territories.	data/sources/metadata_enrichment/external/biosample_candidates.tsv	781	
Church2025:YPM-IZ-104461	lat_long_raw	13.427861 N 144.798518 E	biosample	https://www.ncbi.nlm.nih.gov/biosample/SAMN40621300	Attributes/Attribute[@attribute_name='lat_lon']	SAMN40621300		data/sources/metadata_enrichment/external/biosample_candidates.tsv	782	
Church2025:YPM-IZ-104461	latitude	13.427861	biosample	https://www.ncbi.nlm.nih.gov/biosample/SAMN40621300	Attributes/Attribute[@attribute_name='lat_lon']	SAMN40621300	Hemisphere sign applied; no geographic correction inferred.	data/sources/metadata_enrichment/external/biosample_candidates.tsv	783	
Church2025:YPM-IZ-104461	locality	Guam	biosample	https://www.ncbi.nlm.nih.gov/biosample/SAMN40621300	Attributes/Attribute[@attribute_name='geo_loc_name']	SAMN40621300	Original geographic-location label retained; not an inference-region assignment.	data/sources/metadata_enrichment/external/biosample_candidates.tsv	784	
Church2025:YPM-IZ-104461	longitude	144.798518	biosample	https://www.ncbi.nlm.nih.gov/biosample/SAMN40621300	Attributes/Attribute[@attribute_name='lat_lon']	SAMN40621300	Hemisphere sign applied; no geographic correction inferred.	data/sources/metadata_enrichment/external/biosample_candidates.tsv	785	
Church2025:YPM-IZ-104461	tissue	tentacle	biosample	https://www.ncbi.nlm.nih.gov/biosample/SAMN40621300	Attributes/Attribute[@attribute_name='tissue']	SAMN40621300		data/sources/metadata_enrichment/external/biosample_candidates.tsv	786	
Church2025:YPM-IZ-104464	biosample	SAMN40621301	biosample	https://www.ncbi.nlm.nih.gov/biosample/SAMN40621301	BioSample/@accession	SAMN40621301		data/sources/metadata_enrichment/external/biosample_candidates.tsv	787	
Church2025:YPM-IZ-104464	collection_date	2018-11-23	biosample	https://www.ncbi.nlm.nih.gov/biosample/SAMN40621301	Attributes/Attribute[@attribute_name='collection_date']	SAMN40621301		data/sources/metadata_enrichment/external/biosample_candidates.tsv	788	
Church2025:YPM-IZ-104464	country	Guam	biosample	https://www.ncbi.nlm.nih.gov/biosample/SAMN40621301	Attributes/Attribute[@attribute_name='geo_loc_name']	SAMN40621301	Top-level geographic jurisdiction retained as submitted, including named territories.	data/sources/metadata_enrichment/external/biosample_candidates.tsv	789	
Church2025:YPM-IZ-104464	lat_long_raw	13.427861 N 144.798518 E	biosample	https://www.ncbi.nlm.nih.gov/biosample/SAMN40621301	Attributes/Attribute[@attribute_name='lat_lon']	SAMN40621301		data/sources/metadata_enrichment/external/biosample_candidates.tsv	790	
Church2025:YPM-IZ-104464	latitude	13.427861	biosample	https://www.ncbi.nlm.nih.gov/biosample/SAMN40621301	Attributes/Attribute[@attribute_name='lat_lon']	SAMN40621301	Hemisphere sign applied; no geographic correction inferred.	data/sources/metadata_enrichment/external/biosample_candidates.tsv	791	
Church2025:YPM-IZ-104464	locality	Guam	biosample	https://www.ncbi.nlm.nih.gov/biosample/SAMN40621301	Attributes/Attribute[@attribute_name='geo_loc_name']	SAMN40621301	Original geographic-location label retained; not an inference-region assignment.	data/sources/metadata_enrichment/external/biosample_candidates.tsv	792	
Church2025:YPM-IZ-104464	longitude	144.798518	biosample	https://www.ncbi.nlm.nih.gov/biosample/SAMN40621301	Attributes/Attribute[@attribute_name='lat_lon']	SAMN40621301	Hemisphere sign applied; no geographic correction inferred.	data/sources/metadata_enrichment/external/biosample_candidates.tsv	793	
Church2025:YPM-IZ-104464	tissue	tentacle	biosample	https://www.ncbi.nlm.nih.gov/biosample/SAMN40621301	Attributes/Attribute[@attribute_name='tissue']	SAMN40621301		data/sources/metadata_enrichment/external/biosample_candidates.tsv	794	
Church2025:YPM-IZ-104465	biosample	SAMN32803051	biosample	https://www.ncbi.nlm.nih.gov/biosample/SAMN32803051	BioSample/@accession	SAMN32803051		data/sources/metadata_enrichment/external/biosample_candidates.tsv	795	
Church2025:YPM-IZ-104465	collection_date	2018-11-23	biosample	https://www.ncbi.nlm.nih.gov/biosample/SAMN32803051	Attributes/Attribute[@attribute_name='collection_date']	SAMN32803051		data/sources/metadata_enrichment/external/biosample_candidates.tsv	796	
Church2025:YPM-IZ-104465	collection_depth_source	https://www.ncbi.nlm.nih.gov/biosample/SAMN32803051	biosample	https://www.ncbi.nlm.nih.gov/biosample/SAMN32803051	Attributes/Attribute[@attribute_name='depth']	SAMN32803051		data/sources/metadata_enrichment/external/biosample_candidates.tsv	797	
Church2025:YPM-IZ-104465	depth_m	0	biosample	https://www.ncbi.nlm.nih.gov/biosample/SAMN32803051	Attributes/Attribute[@attribute_name='depth']	SAMN32803051	Explicit metre unit retained; source depth definition otherwise unchanged.	data/sources/metadata_enrichment/external/biosample_candidates.tsv	798	
Church2025:YPM-IZ-104465	depth_original	0 meters	biosample	https://www.ncbi.nlm.nih.gov/biosample/SAMN32803051	Attributes/Attribute[@attribute_name='depth']	SAMN32803051		data/sources/metadata_enrichment/external/biosample_candidates.tsv	799	
Church2025:YPM-IZ-104465	lat_long_raw	13.428 N 144.799 W	biosample	https://www.ncbi.nlm.nih.gov/biosample/SAMN32803051	Attributes/Attribute[@attribute_name='lat_lon']	SAMN32803051		data/sources/metadata_enrichment/external/biosample_candidates.tsv	800	
Church2025:YPM-IZ-104465	latitude	13.428	biosample	https://www.ncbi.nlm.nih.gov/biosample/SAMN32803051	Attributes/Attribute[@attribute_name='lat_lon']	SAMN32803051	Hemisphere sign applied; no geographic correction inferred.	data/sources/metadata_enrichment/external/biosample_candidates.tsv	801	
Church2025:YPM-IZ-104465	locality	Pacific Ocean	biosample	https://www.ncbi.nlm.nih.gov/biosample/SAMN32803051	Attributes/Attribute[@attribute_name='geo_loc_name']	SAMN32803051	Original geographic-location label retained; not an inference-region assignment.	data/sources/metadata_enrichment/external/biosample_candidates.tsv	802	
Church2025:YPM-IZ-104465	longitude	-144.799	biosample	https://www.ncbi.nlm.nih.gov/biosample/SAMN32803051	Attributes/Attribute[@attribute_name='lat_lon']	SAMN32803051	Hemisphere sign applied; no geographic correction inferred.	data/sources/metadata_enrichment/external/biosample_candidates.tsv	803	
Church2025:YPM-IZ-104465	specimen_voucher	YPM:IZ:104465	biosample	https://www.ncbi.nlm.nih.gov/biosample/SAMN32803051	Attributes/Attribute[@attribute_name='specimen_voucher']	SAMN32803051		data/sources/metadata_enrichment/external/biosample_candidates.tsv	804	
Church2025:YPM-IZ-104465	tissue	corm	biosample	https://www.ncbi.nlm.nih.gov/biosample/SAMN32803051	Attributes/Attribute[@attribute_name='tissue']	SAMN32803051		data/sources/metadata_enrichment/external/biosample_candidates.tsv	805	
Church2025:YPM-IZ-106919	biosample	SAMN40621302	biosample	https://www.ncbi.nlm.nih.gov/biosample/SAMN40621302	BioSample/@accession	SAMN40621302		data/sources/metadata_enrichment/external/biosample_candidates.tsv	806	
Church2025:YPM-IZ-106919	collection_date	2020-11-19	biosample	https://www.ncbi.nlm.nih.gov/biosample/SAMN40621302	Attributes/Attribute[@attribute_name='collection_date']	SAMN40621302		data/sources/metadata_enrichment/external/biosample_candidates.tsv	807	
Church2025:YPM-IZ-106919	country	Japan	biosample	https://www.ncbi.nlm.nih.gov/biosample/SAMN40621302	Attributes/Attribute[@attribute_name='geo_loc_name']	SAMN40621302	Top-level geographic jurisdiction retained as submitted, including named territories.	data/sources/metadata_enrichment/external/biosample_candidates.tsv	808	
Church2025:YPM-IZ-106919	lat_long_raw	35.307390 N 139.480651 E	biosample	https://www.ncbi.nlm.nih.gov/biosample/SAMN40621302	Attributes/Attribute[@attribute_name='lat_lon']	SAMN40621302		data/sources/metadata_enrichment/external/biosample_candidates.tsv	809	
Church2025:YPM-IZ-106919	latitude	35.30739	biosample	https://www.ncbi.nlm.nih.gov/biosample/SAMN40621302	Attributes/Attribute[@attribute_name='lat_lon']	SAMN40621302	Hemisphere sign applied; no geographic correction inferred.	data/sources/metadata_enrichment/external/biosample_candidates.tsv	810	
Church2025:YPM-IZ-106919	locality	Japan	biosample	https://www.ncbi.nlm.nih.gov/biosample/SAMN40621302	Attributes/Attribute[@attribute_name='geo_loc_name']	SAMN40621302	Original geographic-location label retained; not an inference-region assignment.	data/sources/metadata_enrichment/external/biosample_candidates.tsv	811	
Church2025:YPM-IZ-106919	longitude	139.480651	biosample	https://www.ncbi.nlm.nih.gov/biosample/SAMN40621302	Attributes/Attribute[@attribute_name='lat_lon']	SAMN40621302	Hemisphere sign applied; no geographic correction inferred.	data/sources/metadata_enrichment/external/biosample_candidates.tsv	812	
Church2025:YPM-IZ-106919	tissue	tentacle	biosample	https://www.ncbi.nlm.nih.gov/biosample/SAMN40621302	Attributes/Attribute[@attribute_name='tissue']	SAMN40621302		data/sources/metadata_enrichment/external/biosample_candidates.tsv	813	
Church2025:YPM-IZ-106920	biosample	SAMN40621303	biosample	https://www.ncbi.nlm.nih.gov/biosample/SAMN40621303	BioSample/@accession	SAMN40621303		data/sources/metadata_enrichment/external/biosample_candidates.tsv	814	
Church2025:YPM-IZ-106920	collection_date	2020-11-19	biosample	https://www.ncbi.nlm.nih.gov/biosample/SAMN40621303	Attributes/Attribute[@attribute_name='collection_date']	SAMN40621303		data/sources/metadata_enrichment/external/biosample_candidates.tsv	815	
Church2025:YPM-IZ-106920	country	Japan	biosample	https://www.ncbi.nlm.nih.gov/biosample/SAMN40621303	Attributes/Attribute[@attribute_name='geo_loc_name']	SAMN40621303	Top-level geographic jurisdiction retained as submitted, including named territories.	data/sources/metadata_enrichment/external/biosample_candidates.tsv	816	
Church2025:YPM-IZ-106920	lat_long_raw	35.307390 N 139.480651 E	biosample	https://www.ncbi.nlm.nih.gov/biosample/SAMN40621303	Attributes/Attribute[@attribute_name='lat_lon']	SAMN40621303		data/sources/metadata_enrichment/external/biosample_candidates.tsv	817	
Church2025:YPM-IZ-106920	latitude	35.30739	biosample	https://www.ncbi.nlm.nih.gov/biosample/SAMN40621303	Attributes/Attribute[@attribute_name='lat_lon']	SAMN40621303	Hemisphere sign applied; no geographic correction inferred.	data/sources/metadata_enrichment/external/biosample_candidates.tsv	818	
Church2025:YPM-IZ-106920	locality	Japan	biosample	https://www.ncbi.nlm.nih.gov/biosample/SAMN40621303	Attributes/Attribute[@attribute_name='geo_loc_name']	SAMN40621303	Original geographic-location label retained; not an inference-region assignment.	data/sources/metadata_enrichment/external/biosample_candidates.tsv	819	
Church2025:YPM-IZ-106920	longitude	139.480651	biosample	https://www.ncbi.nlm.nih.gov/biosample/SAMN40621303	Attributes/Attribute[@attribute_name='lat_lon']	SAMN40621303	Hemisphere sign applied; no geographic correction inferred.	data/sources/metadata_enrichment/external/biosample_candidates.tsv	820	
Church2025:YPM-IZ-106920	tissue	tentacle	biosample	https://www.ncbi.nlm.nih.gov/biosample/SAMN40621303	Attributes/Attribute[@attribute_name='tissue']	SAMN40621303		data/sources/metadata_enrichment/external/biosample_candidates.tsv	821	
Church2025:YPM-IZ-106923	biosample	SAMN40621304	biosample	https://www.ncbi.nlm.nih.gov/biosample/SAMN40621304	BioSample/@accession	SAMN40621304		data/sources/metadata_enrichment/external/biosample_candidates.tsv	822	
Church2025:YPM-IZ-106923	collection_date	2020-11-19	biosample	https://www.ncbi.nlm.nih.gov/biosample/SAMN40621304	Attributes/Attribute[@attribute_name='collection_date']	SAMN40621304		data/sources/metadata_enrichment/external/biosample_candidates.tsv	823	
Church2025:YPM-IZ-106923	country	Japan	biosample	https://www.ncbi.nlm.nih.gov/biosample/SAMN40621304	Attributes/Attribute[@attribute_name='geo_loc_name']	SAMN40621304	Top-level geographic jurisdiction retained as submitted, including named territories.	data/sources/metadata_enrichment/external/biosample_candidates.tsv	824	
Church2025:YPM-IZ-106923	lat_long_raw	35.307390 N 139.480651 E	biosample	https://www.ncbi.nlm.nih.gov/biosample/SAMN40621304	Attributes/Attribute[@attribute_name='lat_lon']	SAMN40621304		data/sources/metadata_enrichment/external/biosample_candidates.tsv	825	
Church2025:YPM-IZ-106923	latitude	35.30739	biosample	https://www.ncbi.nlm.nih.gov/biosample/SAMN40621304	Attributes/Attribute[@attribute_name='lat_lon']	SAMN40621304	Hemisphere sign applied; no geographic correction inferred.	data/sources/metadata_enrichment/external/biosample_candidates.tsv	826	
Church2025:YPM-IZ-106923	locality	Japan	biosample	https://www.ncbi.nlm.nih.gov/biosample/SAMN40621304	Attributes/Attribute[@attribute_name='geo_loc_name']	SAMN40621304	Original geographic-location label retained; not an inference-region assignment.	data/sources/metadata_enrichment/external/biosample_candidates.tsv	827	
Church2025:YPM-IZ-106923	longitude	139.480651	biosample	https://www.ncbi.nlm.nih.gov/biosample/SAMN40621304	Attributes/Attribute[@attribute_name='lat_lon']	SAMN40621304	Hemisphere sign applied; no geographic correction inferred.	data/sources/metadata_enrichment/external/biosample_candidates.tsv	828	
Church2025:YPM-IZ-106923	tissue	tentacle	biosample	https://www.ncbi.nlm.nih.gov/biosample/SAMN40621304	Attributes/Attribute[@attribute_name='tissue']	SAMN40621304		data/sources/metadata_enrichment/external/biosample_candidates.tsv	829	
Church2025:YPM-IZ-106935	biosample	SAMN40621305	biosample	https://www.ncbi.nlm.nih.gov/biosample/SAMN40621305	BioSample/@accession	SAMN40621305		data/sources/metadata_enrichment/external/biosample_candidates.tsv	830	
Church2025:YPM-IZ-106935	collection_date	2016-03-02	biosample	https://www.ncbi.nlm.nih.gov/biosample/SAMN40621305	Attributes/Attribute[@attribute_name='collection_date']	SAMN40621305		data/sources/metadata_enrichment/external/biosample_candidates.tsv	831	
Church2025:YPM-IZ-106935	country	USA	biosample	https://www.ncbi.nlm.nih.gov/biosample/SAMN40621305	Attributes/Attribute[@attribute_name='geo_loc_name']	SAMN40621305	Top-level geographic jurisdiction retained as submitted, including named territories.	data/sources/metadata_enrichment/external/biosample_candidates.tsv	832	
Church2025:YPM-IZ-106935	lat_long_raw	29.19532 N 94.8429383 W	biosample	https://www.ncbi.nlm.nih.gov/biosample/SAMN40621305	Attributes/Attribute[@attribute_name='lat_lon']	SAMN40621305		data/sources/metadata_enrichment/external/biosample_candidates.tsv	833	
Church2025:YPM-IZ-106935	latitude	29.19532	biosample	https://www.ncbi.nlm.nih.gov/biosample/SAMN40621305	Attributes/Attribute[@attribute_name='lat_lon']	SAMN40621305	Hemisphere sign applied; no geographic correction inferred.	data/sources/metadata_enrichment/external/biosample_candidates.tsv	834	
Church2025:YPM-IZ-106935	locality	USA: Texas	biosample	https://www.ncbi.nlm.nih.gov/biosample/SAMN40621305	Attributes/Attribute[@attribute_name='geo_loc_name']	SAMN40621305	Original geographic-location label retained; not an inference-region assignment.	data/sources/metadata_enrichment/external/biosample_candidates.tsv	835	
Church2025:YPM-IZ-106935	longitude	-94.8429383	biosample	https://www.ncbi.nlm.nih.gov/biosample/SAMN40621305	Attributes/Attribute[@attribute_name='lat_lon']	SAMN40621305	Hemisphere sign applied; no geographic correction inferred.	data/sources/metadata_enrichment/external/biosample_candidates.tsv	836	
Church2025:YPM-IZ-106935	tissue	tentacle	biosample	https://www.ncbi.nlm.nih.gov/biosample/SAMN40621305	Attributes/Attribute[@attribute_name='tissue']	SAMN40621305		data/sources/metadata_enrichment/external/biosample_candidates.tsv	837	
Church2025:YPM-IZ-106936	biosample	SAMN40621306	biosample	https://www.ncbi.nlm.nih.gov/biosample/SAMN40621306	BioSample/@accession	SAMN40621306		data/sources/metadata_enrichment/external/biosample_candidates.tsv	838	
Church2025:YPM-IZ-106936	collection_date	2016-03-03	biosample	https://www.ncbi.nlm.nih.gov/biosample/SAMN40621306	Attributes/Attribute[@attribute_name='collection_date']	SAMN40621306		data/sources/metadata_enrichment/external/biosample_candidates.tsv	839	
Church2025:YPM-IZ-106936	country	USA	biosample	https://www.ncbi.nlm.nih.gov/biosample/SAMN40621306	Attributes/Attribute[@attribute_name='geo_loc_name']	SAMN40621306	Top-level geographic jurisdiction retained as submitted, including named territories.	data/sources/metadata_enrichment/external/biosample_candidates.tsv	840	
Church2025:YPM-IZ-106936	lat_long_raw	29.19532 N 94.8429383 W	biosample	https://www.ncbi.nlm.nih.gov/biosample/SAMN40621306	Attributes/Attribute[@attribute_name='lat_lon']	SAMN40621306		data/sources/metadata_enrichment/external/biosample_candidates.tsv	841	
Church2025:YPM-IZ-106936	latitude	29.19532	biosample	https://www.ncbi.nlm.nih.gov/biosample/SAMN40621306	Attributes/Attribute[@attribute_name='lat_lon']	SAMN40621306	Hemisphere sign applied; no geographic correction inferred.	data/sources/metadata_enrichment/external/biosample_candidates.tsv	842	
Church2025:YPM-IZ-106936	locality	USA: Texas	biosample	https://www.ncbi.nlm.nih.gov/biosample/SAMN40621306	Attributes/Attribute[@attribute_name='geo_loc_name']	SAMN40621306	Original geographic-location label retained; not an inference-region assignment.	data/sources/metadata_enrichment/external/biosample_candidates.tsv	843	
Church2025:YPM-IZ-106936	longitude	-94.8429383	biosample	https://www.ncbi.nlm.nih.gov/biosample/SAMN40621306	Attributes/Attribute[@attribute_name='lat_lon']	SAMN40621306	Hemisphere sign applied; no geographic correction inferred.	data/sources/metadata_enrichment/external/biosample_candidates.tsv	844	
Church2025:YPM-IZ-106936	tissue	tentacle	biosample	https://www.ncbi.nlm.nih.gov/biosample/SAMN40621306	Attributes/Attribute[@attribute_name='tissue']	SAMN40621306		data/sources/metadata_enrichment/external/biosample_candidates.tsv	845	
Church2025:YPM-IZ-106937	biosample	SAMN40621307	biosample	https://www.ncbi.nlm.nih.gov/biosample/SAMN40621307	BioSample/@accession	SAMN40621307		data/sources/metadata_enrichment/external/biosample_candidates.tsv	846	
Church2025:YPM-IZ-106937	collection_date	2016-03-03	biosample	https://www.ncbi.nlm.nih.gov/biosample/SAMN40621307	Attributes/Attribute[@attribute_name='collection_date']	SAMN40621307		data/sources/metadata_enrichment/external/biosample_candidates.tsv	847	
Church2025:YPM-IZ-106937	country	USA	biosample	https://www.ncbi.nlm.nih.gov/biosample/SAMN40621307	Attributes/Attribute[@attribute_name='geo_loc_name']	SAMN40621307	Top-level geographic jurisdiction retained as submitted, including named territories.	data/sources/metadata_enrichment/external/biosample_candidates.tsv	848	
Church2025:YPM-IZ-106937	lat_long_raw	29.19532 N 94.8429383 W	biosample	https://www.ncbi.nlm.nih.gov/biosample/SAMN40621307	Attributes/Attribute[@attribute_name='lat_lon']	SAMN40621307		data/sources/metadata_enrichment/external/biosample_candidates.tsv	849	
Church2025:YPM-IZ-106937	latitude	29.19532	biosample	https://www.ncbi.nlm.nih.gov/biosample/SAMN40621307	Attributes/Attribute[@attribute_name='lat_lon']	SAMN40621307	Hemisphere sign applied; no geographic correction inferred.	data/sources/metadata_enrichment/external/biosample_candidates.tsv	850	
Church2025:YPM-IZ-106937	locality	USA: Texas	biosample	https://www.ncbi.nlm.nih.gov/biosample/SAMN40621307	Attributes/Attribute[@attribute_name='geo_loc_name']	SAMN40621307	Original geographic-location label retained; not an inference-region assignment.	data/sources/metadata_enrichment/external/biosample_candidates.tsv	851	
Church2025:YPM-IZ-106937	longitude	-94.8429383	biosample	https://www.ncbi.nlm.nih.gov/biosample/SAMN40621307	Attributes/Attribute[@attribute_name='lat_lon']	SAMN40621307	Hemisphere sign applied; no geographic correction inferred.	data/sources/metadata_enrichment/external/biosample_candidates.tsv	852	
Church2025:YPM-IZ-106937	tissue	tentacle	biosample	https://www.ncbi.nlm.nih.gov/biosample/SAMN40621307	Attributes/Attribute[@attribute_name='tissue']	SAMN40621307		data/sources/metadata_enrichment/external/biosample_candidates.tsv	853	
Church2025:YPM-IZ-106941	biosample	SAMN40621308	biosample	https://www.ncbi.nlm.nih.gov/biosample/SAMN40621308	BioSample/@accession	SAMN40621308		data/sources/metadata_enrichment/external/biosample_candidates.tsv	854	
Church2025:YPM-IZ-106941	collection_date	2019-05-18	biosample	https://www.ncbi.nlm.nih.gov/biosample/SAMN40621308	Attributes/Attribute[@attribute_name='collection_date']	SAMN40621308		data/sources/metadata_enrichment/external/biosample_candidates.tsv	855	
Church2025:YPM-IZ-106941	country	Bermuda	biosample	https://www.ncbi.nlm.nih.gov/biosample/SAMN40621308	Attributes/Attribute[@attribute_name='geo_loc_name']	SAMN40621308	Top-level geographic jurisdiction retained as submitted, including named territories.	data/sources/metadata_enrichment/external/biosample_candidates.tsv	856	
Church2025:YPM-IZ-106941	lat_long_raw	32.323333 N 64.656300 W	biosample	https://www.ncbi.nlm.nih.gov/biosample/SAMN40621308	Attributes/Attribute[@attribute_name='lat_lon']	SAMN40621308		data/sources/metadata_enrichment/external/biosample_candidates.tsv	857	
Church2025:YPM-IZ-106941	latitude	32.323333	biosample	https://www.ncbi.nlm.nih.gov/biosample/SAMN40621308	Attributes/Attribute[@attribute_name='lat_lon']	SAMN40621308	Hemisphere sign applied; no geographic correction inferred.	data/sources/metadata_enrichment/external/biosample_candidates.tsv	858	
Church2025:YPM-IZ-106941	locality	Bermuda	biosample	https://www.ncbi.nlm.nih.gov/biosample/SAMN40621308	Attributes/Attribute[@attribute_name='geo_loc_name']	SAMN40621308	Original geographic-location label retained; not an inference-region assignment.	data/sources/metadata_enrichment/external/biosample_candidates.tsv	859	
Church2025:YPM-IZ-106941	longitude	-64.6563	biosample	https://www.ncbi.nlm.nih.gov/biosample/SAMN40621308	Attributes/Attribute[@attribute_name='lat_lon']	SAMN40621308	Hemisphere sign applied; no geographic correction inferred.	data/sources/metadata_enrichment/external/biosample_candidates.tsv	860	
Church2025:YPM-IZ-106941	tissue	tentacle	biosample	https://www.ncbi.nlm.nih.gov/biosample/SAMN40621308	Attributes/Attribute[@attribute_name='tissue']	SAMN40621308		data/sources/metadata_enrichment/external/biosample_candidates.tsv	861	
Church2025:YPM-IZ-106943	biosample	SAMN40621309	biosample	https://www.ncbi.nlm.nih.gov/biosample/SAMN40621309	BioSample/@accession	SAMN40621309		data/sources/metadata_enrichment/external/biosample_candidates.tsv	862	
Church2025:YPM-IZ-106943	collection_date	2019-05-18	biosample	https://www.ncbi.nlm.nih.gov/biosample/SAMN40621309	Attributes/Attribute[@attribute_name='collection_date']	SAMN40621309		data/sources/metadata_enrichment/external/biosample_candidates.tsv	863	
Church2025:YPM-IZ-106943	country	Bermuda	biosample	https://www.ncbi.nlm.nih.gov/biosample/SAMN40621309	Attributes/Attribute[@attribute_name='geo_loc_name']	SAMN40621309	Top-level geographic jurisdiction retained as submitted, including named territories.	data/sources/metadata_enrichment/external/biosample_candidates.tsv	864	
Church2025:YPM-IZ-106943	lat_long_raw	32.341117 N 64.669133 W	biosample	https://www.ncbi.nlm.nih.gov/biosample/SAMN40621309	Attributes/Attribute[@attribute_name='lat_lon']	SAMN40621309		data/sources/metadata_enrichment/external/biosample_candidates.tsv	865	
Church2025:YPM-IZ-106943	latitude	32.341117	biosample	https://www.ncbi.nlm.nih.gov/biosample/SAMN40621309	Attributes/Attribute[@attribute_name='lat_lon']	SAMN40621309	Hemisphere sign applied; no geographic correction inferred.	data/sources/metadata_enrichment/external/biosample_candidates.tsv	866	
Church2025:YPM-IZ-106943	locality	Bermuda	biosample	https://www.ncbi.nlm.nih.gov/biosample/SAMN40621309	Attributes/Attribute[@attribute_name='geo_loc_name']	SAMN40621309	Original geographic-location label retained; not an inference-region assignment.	data/sources/metadata_enrichment/external/biosample_candidates.tsv	867	
Church2025:YPM-IZ-106943	longitude	-64.669133	biosample	https://www.ncbi.nlm.nih.gov/biosample/SAMN40621309	Attributes/Attribute[@attribute_name='lat_lon']	SAMN40621309	Hemisphere sign applied; no geographic correction inferred.	data/sources/metadata_enrichment/external/biosample_candidates.tsv	868	
Church2025:YPM-IZ-106943	tissue	tentacle	biosample	https://www.ncbi.nlm.nih.gov/biosample/SAMN40621309	Attributes/Attribute[@attribute_name='tissue']	SAMN40621309		data/sources/metadata_enrichment/external/biosample_candidates.tsv	869	
Church2025:YPM-IZ-106954	biosample	SAMN40621310	biosample	https://www.ncbi.nlm.nih.gov/biosample/SAMN40621310	BioSample/@accession	SAMN40621310		data/sources/metadata_enrichment/external/biosample_candidates.tsv	870	
Church2025:YPM-IZ-106954	collection_date	2019-05-20	biosample	https://www.ncbi.nlm.nih.gov/biosample/SAMN40621310	Attributes/Attribute[@attribute_name='collection_date']	SAMN40621310		data/sources/metadata_enrichment/external/biosample_candidates.tsv	871	
Church2025:YPM-IZ-106954	country	Bermuda	biosample	https://www.ncbi.nlm.nih.gov/biosample/SAMN40621310	Attributes/Attribute[@attribute_name='geo_loc_name']	SAMN40621310	Top-level geographic jurisdiction retained as submitted, including named territories.	data/sources/metadata_enrichment/external/biosample_candidates.tsv	872	
Church2025:YPM-IZ-106954	lat_long_raw	32.367233 N 64.714550 W	biosample	https://www.ncbi.nlm.nih.gov/biosample/SAMN40621310	Attributes/Attribute[@attribute_name='lat_lon']	SAMN40621310		data/sources/metadata_enrichment/external/biosample_candidates.tsv	873	
Church2025:YPM-IZ-106954	latitude	32.367233	biosample	https://www.ncbi.nlm.nih.gov/biosample/SAMN40621310	Attributes/Attribute[@attribute_name='lat_lon']	SAMN40621310	Hemisphere sign applied; no geographic correction inferred.	data/sources/metadata_enrichment/external/biosample_candidates.tsv	874	
Church2025:YPM-IZ-106954	locality	Bermuda	biosample	https://www.ncbi.nlm.nih.gov/biosample/SAMN40621310	Attributes/Attribute[@attribute_name='geo_loc_name']	SAMN40621310	Original geographic-location label retained; not an inference-region assignment.	data/sources/metadata_enrichment/external/biosample_candidates.tsv	875	
Church2025:YPM-IZ-106954	longitude	-64.71455	biosample	https://www.ncbi.nlm.nih.gov/biosample/SAMN40621310	Attributes/Attribute[@attribute_name='lat_lon']	SAMN40621310	Hemisphere sign applied; no geographic correction inferred.	data/sources/metadata_enrichment/external/biosample_candidates.tsv	876	
Church2025:YPM-IZ-106954	tissue	tentacle	biosample	https://www.ncbi.nlm.nih.gov/biosample/SAMN40621310	Attributes/Attribute[@attribute_name='tissue']	SAMN40621310		data/sources/metadata_enrichment/external/biosample_candidates.tsv	877	
Church2025:YPM-IZ-106958	biosample	SAMN40621311	biosample	https://www.ncbi.nlm.nih.gov/biosample/SAMN40621311	BioSample/@accession	SAMN40621311		data/sources/metadata_enrichment/external/biosample_candidates.tsv	878	
Church2025:YPM-IZ-106958	collection_date	2017-03-18	biosample	https://www.ncbi.nlm.nih.gov/biosample/SAMN40621311	Attributes/Attribute[@attribute_name='collection_date']	SAMN40621311		data/sources/metadata_enrichment/external/biosample_candidates.tsv	879	
Church2025:YPM-IZ-106958	country	USA	biosample	https://www.ncbi.nlm.nih.gov/biosample/SAMN40621311	Attributes/Attribute[@attribute_name='geo_loc_name']	SAMN40621311	Top-level geographic jurisdiction retained as submitted, including named territories.	data/sources/metadata_enrichment/external/biosample_candidates.tsv	880	
Church2025:YPM-IZ-106958	lat_long_raw	29.195320 N 94.842938 W	biosample	https://www.ncbi.nlm.nih.gov/biosample/SAMN40621311	Attributes/Attribute[@attribute_name='lat_lon']	SAMN40621311		data/sources/metadata_enrichment/external/biosample_candidates.tsv	881	
Church2025:YPM-IZ-106958	latitude	29.19532	biosample	https://www.ncbi.nlm.nih.gov/biosample/SAMN40621311	Attributes/Attribute[@attribute_name='lat_lon']	SAMN40621311	Hemisphere sign applied; no geographic correction inferred.	data/sources/metadata_enrichment/external/biosample_candidates.tsv	882	
Church2025:YPM-IZ-106958	locality	USA: Texas	biosample	https://www.ncbi.nlm.nih.gov/biosample/SAMN40621311	Attributes/Attribute[@attribute_name='geo_loc_name']	SAMN40621311	Original geographic-location label retained; not an inference-region assignment.	data/sources/metadata_enrichment/external/biosample_candidates.tsv	883	
Church2025:YPM-IZ-106958	longitude	-94.842938	biosample	https://www.ncbi.nlm.nih.gov/biosample/SAMN40621311	Attributes/Attribute[@attribute_name='lat_lon']	SAMN40621311	Hemisphere sign applied; no geographic correction inferred.	data/sources/metadata_enrichment/external/biosample_candidates.tsv	884	
Church2025:YPM-IZ-106958	tissue	tentacle	biosample	https://www.ncbi.nlm.nih.gov/biosample/SAMN40621311	Attributes/Attribute[@attribute_name='tissue']	SAMN40621311		data/sources/metadata_enrichment/external/biosample_candidates.tsv	885	
Church2025:YPM-IZ-110251	biosample	SAMN40621312	biosample	https://www.ncbi.nlm.nih.gov/biosample/SAMN40621312	BioSample/@accession	SAMN40621312		data/sources/metadata_enrichment/external/biosample_candidates.tsv	886	
Church2025:YPM-IZ-110251	collection_date	2022-12-22	biosample	https://www.ncbi.nlm.nih.gov/biosample/SAMN40621312	Attributes/Attribute[@attribute_name='collection_date']	SAMN40621312		data/sources/metadata_enrichment/external/biosample_candidates.tsv	887	
Church2025:YPM-IZ-110251	country	USA	biosample	https://www.ncbi.nlm.nih.gov/biosample/SAMN40621312	Attributes/Attribute[@attribute_name='geo_loc_name']	SAMN40621312	Top-level geographic jurisdiction retained as submitted, including named territories.	data/sources/metadata_enrichment/external/biosample_candidates.tsv	888	
Church2025:YPM-IZ-110251	lat_long_raw	25.737060 N 80.152790 W	biosample	https://www.ncbi.nlm.nih.gov/biosample/SAMN40621312	Attributes/Attribute[@attribute_name='lat_lon']	SAMN40621312		data/sources/metadata_enrichment/external/biosample_candidates.tsv	889	
Church2025:YPM-IZ-110251	latitude	25.73706	biosample	https://www.ncbi.nlm.nih.gov/biosample/SAMN40621312	Attributes/Attribute[@attribute_name='lat_lon']	SAMN40621312	Hemisphere sign applied; no geographic correction inferred.	data/sources/metadata_enrichment/external/biosample_candidates.tsv	890	
Church2025:YPM-IZ-110251	locality	USA: Florida	biosample	https://www.ncbi.nlm.nih.gov/biosample/SAMN40621312	Attributes/Attribute[@attribute_name='geo_loc_name']	SAMN40621312	Original geographic-location label retained; not an inference-region assignment.	data/sources/metadata_enrichment/external/biosample_candidates.tsv	891	
Church2025:YPM-IZ-110251	longitude	-80.15279	biosample	https://www.ncbi.nlm.nih.gov/biosample/SAMN40621312	Attributes/Attribute[@attribute_name='lat_lon']	SAMN40621312	Hemisphere sign applied; no geographic correction inferred.	data/sources/metadata_enrichment/external/biosample_candidates.tsv	892	
Church2025:YPM-IZ-110251	tissue	tentacle	biosample	https://www.ncbi.nlm.nih.gov/biosample/SAMN40621312	Attributes/Attribute[@attribute_name='tissue']	SAMN40621312		data/sources/metadata_enrichment/external/biosample_candidates.tsv	893	
Church2025:YPM-IZ-110254	biosample	SAMN40621313	biosample	https://www.ncbi.nlm.nih.gov/biosample/SAMN40621313	BioSample/@accession	SAMN40621313		data/sources/metadata_enrichment/external/biosample_candidates.tsv	894	
Church2025:YPM-IZ-110254	collection_date	2022-12-22	biosample	https://www.ncbi.nlm.nih.gov/biosample/SAMN40621313	Attributes/Attribute[@attribute_name='collection_date']	SAMN40621313		data/sources/metadata_enrichment/external/biosample_candidates.tsv	895	
Church2025:YPM-IZ-110254	country	USA	biosample	https://www.ncbi.nlm.nih.gov/biosample/SAMN40621313	Attributes/Attribute[@attribute_name='geo_loc_name']	SAMN40621313	Top-level geographic jurisdiction retained as submitted, including named territories.	data/sources/metadata_enrichment/external/biosample_candidates.tsv	896	
Church2025:YPM-IZ-110254	lat_long_raw	25.736470 N 80.153500 W	biosample	https://www.ncbi.nlm.nih.gov/biosample/SAMN40621313	Attributes/Attribute[@attribute_name='lat_lon']	SAMN40621313		data/sources/metadata_enrichment/external/biosample_candidates.tsv	897	
Church2025:YPM-IZ-110254	latitude	25.73647	biosample	https://www.ncbi.nlm.nih.gov/biosample/SAMN40621313	Attributes/Attribute[@attribute_name='lat_lon']	SAMN40621313	Hemisphere sign applied; no geographic correction inferred.	data/sources/metadata_enrichment/external/biosample_candidates.tsv	898	
Church2025:YPM-IZ-110254	locality	USA: Florida	biosample	https://www.ncbi.nlm.nih.gov/biosample/SAMN40621313	Attributes/Attribute[@attribute_name='geo_loc_name']	SAMN40621313	Original geographic-location label retained; not an inference-region assignment.	data/sources/metadata_enrichment/external/biosample_candidates.tsv	899	
Church2025:YPM-IZ-110254	longitude	-80.1535	biosample	https://www.ncbi.nlm.nih.gov/biosample/SAMN40621313	Attributes/Attribute[@attribute_name='lat_lon']	SAMN40621313	Hemisphere sign applied; no geographic correction inferred.	data/sources/metadata_enrichment/external/biosample_candidates.tsv	900	
Church2025:YPM-IZ-110254	tissue	tentacle	biosample	https://www.ncbi.nlm.nih.gov/biosample/SAMN40621313	Attributes/Attribute[@attribute_name='tissue']	SAMN40621313		data/sources/metadata_enrichment/external/biosample_candidates.tsv	901	
Church2025:YPM-IZ-110264	biosample	SAMN40621314	biosample	https://www.ncbi.nlm.nih.gov/biosample/SAMN40621314	BioSample/@accession	SAMN40621314		data/sources/metadata_enrichment/external/biosample_candidates.tsv	902	
Church2025:YPM-IZ-110264	collection_date	2022-10-31	biosample	https://www.ncbi.nlm.nih.gov/biosample/SAMN40621314	Attributes/Attribute[@attribute_name='collection_date']	SAMN40621314		data/sources/metadata_enrichment/external/biosample_candidates.tsv	903	
Church2025:YPM-IZ-110264	country	USA	biosample	https://www.ncbi.nlm.nih.gov/biosample/SAMN40621314	Attributes/Attribute[@attribute_name='geo_loc_name']	SAMN40621314	Top-level geographic jurisdiction retained as submitted, including named territories.	data/sources/metadata_enrichment/external/biosample_candidates.tsv	904	
Church2025:YPM-IZ-110264	lat_long_raw	22.069018 N 159.316685 W	biosample	https://www.ncbi.nlm.nih.gov/biosample/SAMN40621314	Attributes/Attribute[@attribute_name='lat_lon']	SAMN40621314		data/sources/metadata_enrichment/external/biosample_candidates.tsv	905	
Church2025:YPM-IZ-110264	latitude	22.069018	biosample	https://www.ncbi.nlm.nih.gov/biosample/SAMN40621314	Attributes/Attribute[@attribute_name='lat_lon']	SAMN40621314	Hemisphere sign applied; no geographic correction inferred.	data/sources/metadata_enrichment/external/biosample_candidates.tsv	906	
Church2025:YPM-IZ-110264	locality	USA: Hawai'i	biosample	https://www.ncbi.nlm.nih.gov/biosample/SAMN40621314	Attributes/Attribute[@attribute_name='geo_loc_name']	SAMN40621314	Original geographic-location label retained; not an inference-region assignment.	data/sources/metadata_enrichment/external/biosample_candidates.tsv	907	
Church2025:YPM-IZ-110264	longitude	-159.316685	biosample	https://www.ncbi.nlm.nih.gov/biosample/SAMN40621314	Attributes/Attribute[@attribute_name='lat_lon']	SAMN40621314	Hemisphere sign applied; no geographic correction inferred.	data/sources/metadata_enrichment/external/biosample_candidates.tsv	908	
Church2025:YPM-IZ-110264	tissue	tentacle	biosample	https://www.ncbi.nlm.nih.gov/biosample/SAMN40621314	Attributes/Attribute[@attribute_name='tissue']	SAMN40621314		data/sources/metadata_enrichment/external/biosample_candidates.tsv	909	
Church2025:YPM-IZ-110268	biosample	SAMN40621315	biosample	https://www.ncbi.nlm.nih.gov/biosample/SAMN40621315	BioSample/@accession	SAMN40621315		data/sources/metadata_enrichment/external/biosample_candidates.tsv	910	
Church2025:YPM-IZ-110268	collection_date	2022-11-04	biosample	https://www.ncbi.nlm.nih.gov/biosample/SAMN40621315	Attributes/Attribute[@attribute_name='collection_date']	SAMN40621315		data/sources/metadata_enrichment/external/biosample_candidates.tsv	911	
Church2025:YPM-IZ-110268	country	USA	biosample	https://www.ncbi.nlm.nih.gov/biosample/SAMN40621315	Attributes/Attribute[@attribute_name='geo_loc_name']	SAMN40621315	Top-level geographic jurisdiction retained as submitted, including named territories.	data/sources/metadata_enrichment/external/biosample_candidates.tsv	912	
Church2025:YPM-IZ-110268	lat_long_raw	22.069018 N 159.316685 W	biosample	https://www.ncbi.nlm.nih.gov/biosample/SAMN40621315	Attributes/Attribute[@attribute_name='lat_lon']	SAMN40621315		data/sources/metadata_enrichment/external/biosample_candidates.tsv	913	
Church2025:YPM-IZ-110268	latitude	22.069018	biosample	https://www.ncbi.nlm.nih.gov/biosample/SAMN40621315	Attributes/Attribute[@attribute_name='lat_lon']	SAMN40621315	Hemisphere sign applied; no geographic correction inferred.	data/sources/metadata_enrichment/external/biosample_candidates.tsv	914	
Church2025:YPM-IZ-110268	locality	USA: Hawai'i	biosample	https://www.ncbi.nlm.nih.gov/biosample/SAMN40621315	Attributes/Attribute[@attribute_name='geo_loc_name']	SAMN40621315	Original geographic-location label retained; not an inference-region assignment.	data/sources/metadata_enrichment/external/biosample_candidates.tsv	915	
Church2025:YPM-IZ-110268	longitude	-159.316685	biosample	https://www.ncbi.nlm.nih.gov/biosample/SAMN40621315	Attributes/Attribute[@attribute_name='lat_lon']	SAMN40621315	Hemisphere sign applied; no geographic correction inferred.	data/sources/metadata_enrichment/external/biosample_candidates.tsv	916	
Church2025:YPM-IZ-110268	tissue	tentacle	biosample	https://www.ncbi.nlm.nih.gov/biosample/SAMN40621315	Attributes/Attribute[@attribute_name='tissue']	SAMN40621315		data/sources/metadata_enrichment/external/biosample_candidates.tsv	917	
Church2025:YPM-IZ-110269	biosample	SAMN40621316	biosample	https://www.ncbi.nlm.nih.gov/biosample/SAMN40621316	BioSample/@accession	SAMN40621316		data/sources/metadata_enrichment/external/biosample_candidates.tsv	918	
Church2025:YPM-IZ-110269	collection_date	2022-11-04	biosample	https://www.ncbi.nlm.nih.gov/biosample/SAMN40621316	Attributes/Attribute[@attribute_name='collection_date']	SAMN40621316		data/sources/metadata_enrichment/external/biosample_candidates.tsv	919	
Church2025:YPM-IZ-110269	country	USA	biosample	https://www.ncbi.nlm.nih.gov/biosample/SAMN40621316	Attributes/Attribute[@attribute_name='geo_loc_name']	SAMN40621316	Top-level geographic jurisdiction retained as submitted, including named territories.	data/sources/metadata_enrichment/external/biosample_candidates.tsv	920	
Church2025:YPM-IZ-110269	lat_long_raw	22.069018 N 159.316685 W	biosample	https://www.ncbi.nlm.nih.gov/biosample/SAMN40621316	Attributes/Attribute[@attribute_name='lat_lon']	SAMN40621316		data/sources/metadata_enrichment/external/biosample_candidates.tsv	921	
Church2025:YPM-IZ-110269	latitude	22.069018	biosample	https://www.ncbi.nlm.nih.gov/biosample/SAMN40621316	Attributes/Attribute[@attribute_name='lat_lon']	SAMN40621316	Hemisphere sign applied; no geographic correction inferred.	data/sources/metadata_enrichment/external/biosample_candidates.tsv	922	
Church2025:YPM-IZ-110269	locality	USA: Hawai'i	biosample	https://www.ncbi.nlm.nih.gov/biosample/SAMN40621316	Attributes/Attribute[@attribute_name='geo_loc_name']	SAMN40621316	Original geographic-location label retained; not an inference-region assignment.	data/sources/metadata_enrichment/external/biosample_candidates.tsv	923	
Church2025:YPM-IZ-110269	longitude	-159.316685	biosample	https://www.ncbi.nlm.nih.gov/biosample/SAMN40621316	Attributes/Attribute[@attribute_name='lat_lon']	SAMN40621316	Hemisphere sign applied; no geographic correction inferred.	data/sources/metadata_enrichment/external/biosample_candidates.tsv	924	
Church2025:YPM-IZ-110269	tissue	tentacle	biosample	https://www.ncbi.nlm.nih.gov/biosample/SAMN40621316	Attributes/Attribute[@attribute_name='tissue']	SAMN40621316		data/sources/metadata_enrichment/external/biosample_candidates.tsv	925	
Church2025:YPM-IZ-110276	biosample	SAMN40621317	biosample	https://www.ncbi.nlm.nih.gov/biosample/SAMN40621317	BioSample/@accession	SAMN40621317		data/sources/metadata_enrichment/external/biosample_candidates.tsv	926	
Church2025:YPM-IZ-110276	collection_date	2022-11-19	biosample	https://www.ncbi.nlm.nih.gov/biosample/SAMN40621317	Attributes/Attribute[@attribute_name='collection_date']	SAMN40621317		data/sources/metadata_enrichment/external/biosample_candidates.tsv	927	
Church2025:YPM-IZ-110276	country	USA	biosample	https://www.ncbi.nlm.nih.gov/biosample/SAMN40621317	Attributes/Attribute[@attribute_name='geo_loc_name']	SAMN40621317	Top-level geographic jurisdiction retained as submitted, including named territories.	data/sources/metadata_enrichment/external/biosample_candidates.tsv	928	
Church2025:YPM-IZ-110276	lat_long_raw	20.9225222 N 156.4926917 W	biosample	https://www.ncbi.nlm.nih.gov/biosample/SAMN40621317	Attributes/Attribute[@attribute_name='lat_lon']	SAMN40621317		data/sources/metadata_enrichment/external/biosample_candidates.tsv	929	
Church2025:YPM-IZ-110276	latitude	20.9225222	biosample	https://www.ncbi.nlm.nih.gov/biosample/SAMN40621317	Attributes/Attribute[@attribute_name='lat_lon']	SAMN40621317	Hemisphere sign applied; no geographic correction inferred.	data/sources/metadata_enrichment/external/biosample_candidates.tsv	930	
Church2025:YPM-IZ-110276	locality	USA: Hawai'i	biosample	https://www.ncbi.nlm.nih.gov/biosample/SAMN40621317	Attributes/Attribute[@attribute_name='geo_loc_name']	SAMN40621317	Original geographic-location label retained; not an inference-region assignment.	data/sources/metadata_enrichment/external/biosample_candidates.tsv	931	
Church2025:YPM-IZ-110276	longitude	-156.4926917	biosample	https://www.ncbi.nlm.nih.gov/biosample/SAMN40621317	Attributes/Attribute[@attribute_name='lat_lon']	SAMN40621317	Hemisphere sign applied; no geographic correction inferred.	data/sources/metadata_enrichment/external/biosample_candidates.tsv	932	
Church2025:YPM-IZ-110276	tissue	tentacle	biosample	https://www.ncbi.nlm.nih.gov/biosample/SAMN40621317	Attributes/Attribute[@attribute_name='tissue']	SAMN40621317		data/sources/metadata_enrichment/external/biosample_candidates.tsv	933	
Church2025:YPM-IZ-110277	biosample	SAMN40621318	biosample	https://www.ncbi.nlm.nih.gov/biosample/SAMN40621318	BioSample/@accession	SAMN40621318		data/sources/metadata_enrichment/external/biosample_candidates.tsv	934	
Church2025:YPM-IZ-110277	collection_date	2022-11-19	biosample	https://www.ncbi.nlm.nih.gov/biosample/SAMN40621318	Attributes/Attribute[@attribute_name='collection_date']	SAMN40621318		data/sources/metadata_enrichment/external/biosample_candidates.tsv	935	
Church2025:YPM-IZ-110277	country	USA	biosample	https://www.ncbi.nlm.nih.gov/biosample/SAMN40621318	Attributes/Attribute[@attribute_name='geo_loc_name']	SAMN40621318	Top-level geographic jurisdiction retained as submitted, including named territories.	data/sources/metadata_enrichment/external/biosample_candidates.tsv	936	
Church2025:YPM-IZ-110277	lat_long_raw	20.9225222 N 156.4926917 W	biosample	https://www.ncbi.nlm.nih.gov/biosample/SAMN40621318	Attributes/Attribute[@attribute_name='lat_lon']	SAMN40621318		data/sources/metadata_enrichment/external/biosample_candidates.tsv	937	
Church2025:YPM-IZ-110277	latitude	20.9225222	biosample	https://www.ncbi.nlm.nih.gov/biosample/SAMN40621318	Attributes/Attribute[@attribute_name='lat_lon']	SAMN40621318	Hemisphere sign applied; no geographic correction inferred.	data/sources/metadata_enrichment/external/biosample_candidates.tsv	938	
Church2025:YPM-IZ-110277	locality	USA: Hawai'i	biosample	https://www.ncbi.nlm.nih.gov/biosample/SAMN40621318	Attributes/Attribute[@attribute_name='geo_loc_name']	SAMN40621318	Original geographic-location label retained; not an inference-region assignment.	data/sources/metadata_enrichment/external/biosample_candidates.tsv	939	
Church2025:YPM-IZ-110277	longitude	-156.4926917	biosample	https://www.ncbi.nlm.nih.gov/biosample/SAMN40621318	Attributes/Attribute[@attribute_name='lat_lon']	SAMN40621318	Hemisphere sign applied; no geographic correction inferred.	data/sources/metadata_enrichment/external/biosample_candidates.tsv	940	
Church2025:YPM-IZ-110277	tissue	tentacle	biosample	https://www.ncbi.nlm.nih.gov/biosample/SAMN40621318	Attributes/Attribute[@attribute_name='tissue']	SAMN40621318		data/sources/metadata_enrichment/external/biosample_candidates.tsv	941	
Church2025:YPM-IZ-110278	biosample	SAMN40621319	biosample	https://www.ncbi.nlm.nih.gov/biosample/SAMN40621319	BioSample/@accession	SAMN40621319		data/sources/metadata_enrichment/external/biosample_candidates.tsv	942	
Church2025:YPM-IZ-110278	collection_date	2022-11-19	biosample	https://www.ncbi.nlm.nih.gov/biosample/SAMN40621319	Attributes/Attribute[@attribute_name='collection_date']	SAMN40621319		data/sources/metadata_enrichment/external/biosample_candidates.tsv	943	
Church2025:YPM-IZ-110278	country	USA	biosample	https://www.ncbi.nlm.nih.gov/biosample/SAMN40621319	Attributes/Attribute[@attribute_name='geo_loc_name']	SAMN40621319	Top-level geographic jurisdiction retained as submitted, including named territories.	data/sources/metadata_enrichment/external/biosample_candidates.tsv	944	
Church2025:YPM-IZ-110278	lat_long_raw	20.9225222 N 156.4926917 W	biosample	https://www.ncbi.nlm.nih.gov/biosample/SAMN40621319	Attributes/Attribute[@attribute_name='lat_lon']	SAMN40621319		data/sources/metadata_enrichment/external/biosample_candidates.tsv	945	
Church2025:YPM-IZ-110278	latitude	20.9225222	biosample	https://www.ncbi.nlm.nih.gov/biosample/SAMN40621319	Attributes/Attribute[@attribute_name='lat_lon']	SAMN40621319	Hemisphere sign applied; no geographic correction inferred.	data/sources/metadata_enrichment/external/biosample_candidates.tsv	946	
Church2025:YPM-IZ-110278	locality	USA: Hawai'i	biosample	https://www.ncbi.nlm.nih.gov/biosample/SAMN40621319	Attributes/Attribute[@attribute_name='geo_loc_name']	SAMN40621319	Original geographic-location label retained; not an inference-region assignment.	data/sources/metadata_enrichment/external/biosample_candidates.tsv	947	
Church2025:YPM-IZ-110278	longitude	-156.4926917	biosample	https://www.ncbi.nlm.nih.gov/biosample/SAMN40621319	Attributes/Attribute[@attribute_name='lat_lon']	SAMN40621319	Hemisphere sign applied; no geographic correction inferred.	data/sources/metadata_enrichment/external/biosample_candidates.tsv	948	
Church2025:YPM-IZ-110278	tissue	tentacle	biosample	https://www.ncbi.nlm.nih.gov/biosample/SAMN40621319	Attributes/Attribute[@attribute_name='tissue']	SAMN40621319		data/sources/metadata_enrichment/external/biosample_candidates.tsv	949	
Church2025:YPM-IZ-110433	biosample	SAMN40621320	biosample	https://www.ncbi.nlm.nih.gov/biosample/SAMN40621320	BioSample/@accession	SAMN40621320		data/sources/metadata_enrichment/external/biosample_candidates.tsv	950	
Church2025:YPM-IZ-110433	collection_date	2023-03-14	biosample	https://www.ncbi.nlm.nih.gov/biosample/SAMN40621320	Attributes/Attribute[@attribute_name='collection_date']	SAMN40621320		data/sources/metadata_enrichment/external/biosample_candidates.tsv	951	
Church2025:YPM-IZ-110433	country	USA	biosample	https://www.ncbi.nlm.nih.gov/biosample/SAMN40621320	Attributes/Attribute[@attribute_name='geo_loc_name']	SAMN40621320	Top-level geographic jurisdiction retained as submitted, including named territories.	data/sources/metadata_enrichment/external/biosample_candidates.tsv	952	
Church2025:YPM-IZ-110433	lat_long_raw	25.741630 N 80.175194 W	biosample	https://www.ncbi.nlm.nih.gov/biosample/SAMN40621320	Attributes/Attribute[@attribute_name='lat_lon']	SAMN40621320		data/sources/metadata_enrichment/external/biosample_candidates.tsv	953	
Church2025:YPM-IZ-110433	latitude	25.74163	biosample	https://www.ncbi.nlm.nih.gov/biosample/SAMN40621320	Attributes/Attribute[@attribute_name='lat_lon']	SAMN40621320	Hemisphere sign applied; no geographic correction inferred.	data/sources/metadata_enrichment/external/biosample_candidates.tsv	954	
Church2025:YPM-IZ-110433	locality	USA: Florida	biosample	https://www.ncbi.nlm.nih.gov/biosample/SAMN40621320	Attributes/Attribute[@attribute_name='geo_loc_name']	SAMN40621320	Original geographic-location label retained; not an inference-region assignment.	data/sources/metadata_enrichment/external/biosample_candidates.tsv	955	
Church2025:YPM-IZ-110433	longitude	-80.175194	biosample	https://www.ncbi.nlm.nih.gov/biosample/SAMN40621320	Attributes/Attribute[@attribute_name='lat_lon']	SAMN40621320	Hemisphere sign applied; no geographic correction inferred.	data/sources/metadata_enrichment/external/biosample_candidates.tsv	956	
Church2025:YPM-IZ-110433	tissue	tentacle	biosample	https://www.ncbi.nlm.nih.gov/biosample/SAMN40621320	Attributes/Attribute[@attribute_name='tissue']	SAMN40621320		data/sources/metadata_enrichment/external/biosample_candidates.tsv	957	
Church2025:YPM-IZ-110438	biosample	SAMN40621321	biosample	https://www.ncbi.nlm.nih.gov/biosample/SAMN40621321	BioSample/@accession	SAMN40621321		data/sources/metadata_enrichment/external/biosample_candidates.tsv	958	
Church2025:YPM-IZ-110438	collection_date	2023-03-24	biosample	https://www.ncbi.nlm.nih.gov/biosample/SAMN40621321	Attributes/Attribute[@attribute_name='collection_date']	SAMN40621321		data/sources/metadata_enrichment/external/biosample_candidates.tsv	959	
Church2025:YPM-IZ-110438	country	USA	biosample	https://www.ncbi.nlm.nih.gov/biosample/SAMN40621321	Attributes/Attribute[@attribute_name='geo_loc_name']	SAMN40621321	Top-level geographic jurisdiction retained as submitted, including named territories.	data/sources/metadata_enrichment/external/biosample_candidates.tsv	960	
Church2025:YPM-IZ-110438	lat_long_raw	28.989194 N 95.237778 W	biosample	https://www.ncbi.nlm.nih.gov/biosample/SAMN40621321	Attributes/Attribute[@attribute_name='lat_lon']	SAMN40621321		data/sources/metadata_enrichment/external/biosample_candidates.tsv	961	
Church2025:YPM-IZ-110438	latitude	28.989194	biosample	https://www.ncbi.nlm.nih.gov/biosample/SAMN40621321	Attributes/Attribute[@attribute_name='lat_lon']	SAMN40621321	Hemisphere sign applied; no geographic correction inferred.	data/sources/metadata_enrichment/external/biosample_candidates.tsv	962	
Church2025:YPM-IZ-110438	locality	USA: Texas	biosample	https://www.ncbi.nlm.nih.gov/biosample/SAMN40621321	Attributes/Attribute[@attribute_name='geo_loc_name']	SAMN40621321	Original geographic-location label retained; not an inference-region assignment.	data/sources/metadata_enrichment/external/biosample_candidates.tsv	963	
Church2025:YPM-IZ-110438	longitude	-95.237778	biosample	https://www.ncbi.nlm.nih.gov/biosample/SAMN40621321	Attributes/Attribute[@attribute_name='lat_lon']	SAMN40621321	Hemisphere sign applied; no geographic correction inferred.	data/sources/metadata_enrichment/external/biosample_candidates.tsv	964	
Church2025:YPM-IZ-110438	tissue	tentacle	biosample	https://www.ncbi.nlm.nih.gov/biosample/SAMN40621321	Attributes/Attribute[@attribute_name='tissue']	SAMN40621321		data/sources/metadata_enrichment/external/biosample_candidates.tsv	965	
Church2025:YPM-IZ-110443	biosample	SAMN40621322	biosample	https://www.ncbi.nlm.nih.gov/biosample/SAMN40621322	BioSample/@accession	SAMN40621322		data/sources/metadata_enrichment/external/biosample_candidates.tsv	966	
Church2025:YPM-IZ-110443	collection_date	2023-03-24	biosample	https://www.ncbi.nlm.nih.gov/biosample/SAMN40621322	Attributes/Attribute[@attribute_name='collection_date']	SAMN40621322		data/sources/metadata_enrichment/external/biosample_candidates.tsv	967	
Church2025:YPM-IZ-110443	country	USA	biosample	https://www.ncbi.nlm.nih.gov/biosample/SAMN40621322	Attributes/Attribute[@attribute_name='geo_loc_name']	SAMN40621322	Top-level geographic jurisdiction retained as submitted, including named territories.	data/sources/metadata_enrichment/external/biosample_candidates.tsv	968	
Church2025:YPM-IZ-110443	lat_long_raw	28.951778 N 95.283167 W	biosample	https://www.ncbi.nlm.nih.gov/biosample/SAMN40621322	Attributes/Attribute[@attribute_name='lat_lon']	SAMN40621322		data/sources/metadata_enrichment/external/biosample_candidates.tsv	969	
Church2025:YPM-IZ-110443	latitude	28.951778	biosample	https://www.ncbi.nlm.nih.gov/biosample/SAMN40621322	Attributes/Attribute[@attribute_name='lat_lon']	SAMN40621322	Hemisphere sign applied; no geographic correction inferred.	data/sources/metadata_enrichment/external/biosample_candidates.tsv	970	
Church2025:YPM-IZ-110443	locality	USA: Texas	biosample	https://www.ncbi.nlm.nih.gov/biosample/SAMN40621322	Attributes/Attribute[@attribute_name='geo_loc_name']	SAMN40621322	Original geographic-location label retained; not an inference-region assignment.	data/sources/metadata_enrichment/external/biosample_candidates.tsv	971	
Church2025:YPM-IZ-110443	longitude	-95.283167	biosample	https://www.ncbi.nlm.nih.gov/biosample/SAMN40621322	Attributes/Attribute[@attribute_name='lat_lon']	SAMN40621322	Hemisphere sign applied; no geographic correction inferred.	data/sources/metadata_enrichment/external/biosample_candidates.tsv	972	
Church2025:YPM-IZ-110443	tissue	tentacle	biosample	https://www.ncbi.nlm.nih.gov/biosample/SAMN40621322	Attributes/Attribute[@attribute_name='tissue']	SAMN40621322		data/sources/metadata_enrichment/external/biosample_candidates.tsv	973	
Church2025:YPM-IZ-110460	biosample	SAMN40621323	biosample	https://www.ncbi.nlm.nih.gov/biosample/SAMN40621323	BioSample/@accession	SAMN40621323		data/sources/metadata_enrichment/external/biosample_candidates.tsv	974	
Church2025:YPM-IZ-110460	collection_date	2022-11-14	biosample	https://www.ncbi.nlm.nih.gov/biosample/SAMN40621323	Attributes/Attribute[@attribute_name='collection_date']	SAMN40621323		data/sources/metadata_enrichment/external/biosample_candidates.tsv	975	
Church2025:YPM-IZ-110460	country	USA	biosample	https://www.ncbi.nlm.nih.gov/biosample/SAMN40621323	Attributes/Attribute[@attribute_name='geo_loc_name']	SAMN40621323	Top-level geographic jurisdiction retained as submitted, including named territories.	data/sources/metadata_enrichment/external/biosample_candidates.tsv	976	
Church2025:YPM-IZ-110460	lat_long_raw	21.400790 N 157.734500 W	biosample	https://www.ncbi.nlm.nih.gov/biosample/SAMN40621323	Attributes/Attribute[@attribute_name='lat_lon']	SAMN40621323		data/sources/metadata_enrichment/external/biosample_candidates.tsv	977	
Church2025:YPM-IZ-110460	latitude	21.40079	biosample	https://www.ncbi.nlm.nih.gov/biosample/SAMN40621323	Attributes/Attribute[@attribute_name='lat_lon']	SAMN40621323	Hemisphere sign applied; no geographic correction inferred.	data/sources/metadata_enrichment/external/biosample_candidates.tsv	978	
Church2025:YPM-IZ-110460	locality	USA: Hawai'i	biosample	https://www.ncbi.nlm.nih.gov/biosample/SAMN40621323	Attributes/Attribute[@attribute_name='geo_loc_name']	SAMN40621323	Original geographic-location label retained; not an inference-region assignment.	data/sources/metadata_enrichment/external/biosample_candidates.tsv	979	
Church2025:YPM-IZ-110460	longitude	-157.7345	biosample	https://www.ncbi.nlm.nih.gov/biosample/SAMN40621323	Attributes/Attribute[@attribute_name='lat_lon']	SAMN40621323	Hemisphere sign applied; no geographic correction inferred.	data/sources/metadata_enrichment/external/biosample_candidates.tsv	980	
Church2025:YPM-IZ-110460	tissue	tentacle	biosample	https://www.ncbi.nlm.nih.gov/biosample/SAMN40621323	Attributes/Attribute[@attribute_name='tissue']	SAMN40621323		data/sources/metadata_enrichment/external/biosample_candidates.tsv	981	
Church2025:YPM-IZ-110467	biosample	SAMN40621324	biosample	https://www.ncbi.nlm.nih.gov/biosample/SAMN40621324	BioSample/@accession	SAMN40621324		data/sources/metadata_enrichment/external/biosample_candidates.tsv	982	
Church2025:YPM-IZ-110467	collection_date	2023-02-16	biosample	https://www.ncbi.nlm.nih.gov/biosample/SAMN40621324	Attributes/Attribute[@attribute_name='collection_date']	SAMN40621324		data/sources/metadata_enrichment/external/biosample_candidates.tsv	983	
Church2025:YPM-IZ-110467	country	New Zealand	biosample	https://www.ncbi.nlm.nih.gov/biosample/SAMN40621324	Attributes/Attribute[@attribute_name='geo_loc_name']	SAMN40621324	Top-level geographic jurisdiction retained as submitted, including named territories.	data/sources/metadata_enrichment/external/biosample_candidates.tsv	984	
Church2025:YPM-IZ-110467	lat_long_raw	41.330278 S 174.831944 E	biosample	https://www.ncbi.nlm.nih.gov/biosample/SAMN40621324	Attributes/Attribute[@attribute_name='lat_lon']	SAMN40621324		data/sources/metadata_enrichment/external/biosample_candidates.tsv	985	
Church2025:YPM-IZ-110467	latitude	-41.330278	biosample	https://www.ncbi.nlm.nih.gov/biosample/SAMN40621324	Attributes/Attribute[@attribute_name='lat_lon']	SAMN40621324	Hemisphere sign applied; no geographic correction inferred.	data/sources/metadata_enrichment/external/biosample_candidates.tsv	986	
Church2025:YPM-IZ-110467	locality	New Zealand	biosample	https://www.ncbi.nlm.nih.gov/biosample/SAMN40621324	Attributes/Attribute[@attribute_name='geo_loc_name']	SAMN40621324	Original geographic-location label retained; not an inference-region assignment.	data/sources/metadata_enrichment/external/biosample_candidates.tsv	987	
Church2025:YPM-IZ-110467	longitude	174.831944	biosample	https://www.ncbi.nlm.nih.gov/biosample/SAMN40621324	Attributes/Attribute[@attribute_name='lat_lon']	SAMN40621324	Hemisphere sign applied; no geographic correction inferred.	data/sources/metadata_enrichment/external/biosample_candidates.tsv	988	
Church2025:YPM-IZ-110467	tissue	tentacle	biosample	https://www.ncbi.nlm.nih.gov/biosample/SAMN40621324	Attributes/Attribute[@attribute_name='tissue']	SAMN40621324		data/sources/metadata_enrichment/external/biosample_candidates.tsv	989	
Church2025:YPM-IZ-110468	biosample	SAMN40621325	biosample	https://www.ncbi.nlm.nih.gov/biosample/SAMN40621325	BioSample/@accession	SAMN40621325		data/sources/metadata_enrichment/external/biosample_candidates.tsv	990	
Church2025:YPM-IZ-110468	collection_date	2023-02-16	biosample	https://www.ncbi.nlm.nih.gov/biosample/SAMN40621325	Attributes/Attribute[@attribute_name='collection_date']	SAMN40621325		data/sources/metadata_enrichment/external/biosample_candidates.tsv	991	
Church2025:YPM-IZ-110468	country	New Zealand	biosample	https://www.ncbi.nlm.nih.gov/biosample/SAMN40621325	Attributes/Attribute[@attribute_name='geo_loc_name']	SAMN40621325	Top-level geographic jurisdiction retained as submitted, including named territories.	data/sources/metadata_enrichment/external/biosample_candidates.tsv	992	
Church2025:YPM-IZ-110468	lat_long_raw	41.330000 S 174.833056 E	biosample	https://www.ncbi.nlm.nih.gov/biosample/SAMN40621325	Attributes/Attribute[@attribute_name='lat_lon']	SAMN40621325		data/sources/metadata_enrichment/external/biosample_candidates.tsv	993	
Church2025:YPM-IZ-110468	latitude	-41.33	biosample	https://www.ncbi.nlm.nih.gov/biosample/SAMN40621325	Attributes/Attribute[@attribute_name='lat_lon']	SAMN40621325	Hemisphere sign applied; no geographic correction inferred.	data/sources/metadata_enrichment/external/biosample_candidates.tsv	994	
Church2025:YPM-IZ-110468	locality	New Zealand	biosample	https://www.ncbi.nlm.nih.gov/biosample/SAMN40621325	Attributes/Attribute[@attribute_name='geo_loc_name']	SAMN40621325	Original geographic-location label retained; not an inference-region assignment.	data/sources/metadata_enrichment/external/biosample_candidates.tsv	995	
Church2025:YPM-IZ-110468	longitude	174.833056	biosample	https://www.ncbi.nlm.nih.gov/biosample/SAMN40621325	Attributes/Attribute[@attribute_name='lat_lon']	SAMN40621325	Hemisphere sign applied; no geographic correction inferred.	data/sources/metadata_enrichment/external/biosample_candidates.tsv	996	
Church2025:YPM-IZ-110468	tissue	tentacle	biosample	https://www.ncbi.nlm.nih.gov/biosample/SAMN40621325	Attributes/Attribute[@attribute_name='tissue']	SAMN40621325		data/sources/metadata_enrichment/external/biosample_candidates.tsv	997	
Church2025:YPM-IZ-110469	biosample	SAMN40621326	biosample	https://www.ncbi.nlm.nih.gov/biosample/SAMN40621326	BioSample/@accession	SAMN40621326		data/sources/metadata_enrichment/external/biosample_candidates.tsv	998	
Church2025:YPM-IZ-110469	collection_date	2023-02-16	biosample	https://www.ncbi.nlm.nih.gov/biosample/SAMN40621326	Attributes/Attribute[@attribute_name='collection_date']	SAMN40621326		data/sources/metadata_enrichment/external/biosample_candidates.tsv	999	
Church2025:YPM-IZ-110469	country	New Zealand	biosample	https://www.ncbi.nlm.nih.gov/biosample/SAMN40621326	Attributes/Attribute[@attribute_name='geo_loc_name']	SAMN40621326	Top-level geographic jurisdiction retained as submitted, including named territories.	data/sources/metadata_enrichment/external/biosample_candidates.tsv	1000	
Church2025:YPM-IZ-110469	lat_long_raw	41.330000 S 174.833056 E	biosample	https://www.ncbi.nlm.nih.gov/biosample/SAMN40621326	Attributes/Attribute[@attribute_name='lat_lon']	SAMN40621326		data/sources/metadata_enrichment/external/biosample_candidates.tsv	1001	
Church2025:YPM-IZ-110469	latitude	-41.33	biosample	https://www.ncbi.nlm.nih.gov/biosample/SAMN40621326	Attributes/Attribute[@attribute_name='lat_lon']	SAMN40621326	Hemisphere sign applied; no geographic correction inferred.	data/sources/metadata_enrichment/external/biosample_candidates.tsv	1002	
Church2025:YPM-IZ-110469	locality	New Zealand	biosample	https://www.ncbi.nlm.nih.gov/biosample/SAMN40621326	Attributes/Attribute[@attribute_name='geo_loc_name']	SAMN40621326	Original geographic-location label retained; not an inference-region assignment.	data/sources/metadata_enrichment/external/biosample_candidates.tsv	1003	
Church2025:YPM-IZ-110469	longitude	174.833056	biosample	https://www.ncbi.nlm.nih.gov/biosample/SAMN40621326	Attributes/Attribute[@attribute_name='lat_lon']	SAMN40621326	Hemisphere sign applied; no geographic correction inferred.	data/sources/metadata_enrichment/external/biosample_candidates.tsv	1004	
Church2025:YPM-IZ-110469	tissue	tentacle	biosample	https://www.ncbi.nlm.nih.gov/biosample/SAMN40621326	Attributes/Attribute[@attribute_name='tissue']	SAMN40621326		data/sources/metadata_enrichment/external/biosample_candidates.tsv	1005	
Church2025:YPM-IZ-110470	biosample	SAMN40621327	biosample	https://www.ncbi.nlm.nih.gov/biosample/SAMN40621327	BioSample/@accession	SAMN40621327		data/sources/metadata_enrichment/external/biosample_candidates.tsv	1006	
Church2025:YPM-IZ-110470	collection_date	2023-02-16	biosample	https://www.ncbi.nlm.nih.gov/biosample/SAMN40621327	Attributes/Attribute[@attribute_name='collection_date']	SAMN40621327		data/sources/metadata_enrichment/external/biosample_candidates.tsv	1007	
Church2025:YPM-IZ-110470	country	New Zealand	biosample	https://www.ncbi.nlm.nih.gov/biosample/SAMN40621327	Attributes/Attribute[@attribute_name='geo_loc_name']	SAMN40621327	Top-level geographic jurisdiction retained as submitted, including named territories.	data/sources/metadata_enrichment/external/biosample_candidates.tsv	1008	
Church2025:YPM-IZ-110470	lat_long_raw	41.330000 S 174.833056 E	biosample	https://www.ncbi.nlm.nih.gov/biosample/SAMN40621327	Attributes/Attribute[@attribute_name='lat_lon']	SAMN40621327		data/sources/metadata_enrichment/external/biosample_candidates.tsv	1009	
Church2025:YPM-IZ-110470	latitude	-41.33	biosample	https://www.ncbi.nlm.nih.gov/biosample/SAMN40621327	Attributes/Attribute[@attribute_name='lat_lon']	SAMN40621327	Hemisphere sign applied; no geographic correction inferred.	data/sources/metadata_enrichment/external/biosample_candidates.tsv	1010	
Church2025:YPM-IZ-110470	locality	New Zealand	biosample	https://www.ncbi.nlm.nih.gov/biosample/SAMN40621327	Attributes/Attribute[@attribute_name='geo_loc_name']	SAMN40621327	Original geographic-location label retained; not an inference-region assignment.	data/sources/metadata_enrichment/external/biosample_candidates.tsv	1011	
Church2025:YPM-IZ-110470	longitude	174.833056	biosample	https://www.ncbi.nlm.nih.gov/biosample/SAMN40621327	Attributes/Attribute[@attribute_name='lat_lon']	SAMN40621327	Hemisphere sign applied; no geographic correction inferred.	data/sources/metadata_enrichment/external/biosample_candidates.tsv	1012	
Church2025:YPM-IZ-110470	tissue	zooid	biosample	https://www.ncbi.nlm.nih.gov/biosample/SAMN40621327	Attributes/Attribute[@attribute_name='tissue']	SAMN40621327		data/sources/metadata_enrichment/external/biosample_candidates.tsv	1013	
Church2025:YPM-IZ-110471	biosample	SAMN40621328	biosample	https://www.ncbi.nlm.nih.gov/biosample/SAMN40621328	BioSample/@accession	SAMN40621328		data/sources/metadata_enrichment/external/biosample_candidates.tsv	1014	
Church2025:YPM-IZ-110471	collection_date	2023-04-09	biosample	https://www.ncbi.nlm.nih.gov/biosample/SAMN40621328	Attributes/Attribute[@attribute_name='collection_date']	SAMN40621328		data/sources/metadata_enrichment/external/biosample_candidates.tsv	1015	
Church2025:YPM-IZ-110471	country	USA	biosample	https://www.ncbi.nlm.nih.gov/biosample/SAMN40621328	Attributes/Attribute[@attribute_name='geo_loc_name']	SAMN40621328	Top-level geographic jurisdiction retained as submitted, including named territories.	data/sources/metadata_enrichment/external/biosample_candidates.tsv	1016	
Church2025:YPM-IZ-110471	lat_long_raw	21.400790 N 157.734500 W	biosample	https://www.ncbi.nlm.nih.gov/biosample/SAMN40621328	Attributes/Attribute[@attribute_name='lat_lon']	SAMN40621328		data/sources/metadata_enrichment/external/biosample_candidates.tsv	1017	
Church2025:YPM-IZ-110471	latitude	21.40079	biosample	https://www.ncbi.nlm.nih.gov/biosample/SAMN40621328	Attributes/Attribute[@attribute_name='lat_lon']	SAMN40621328	Hemisphere sign applied; no geographic correction inferred.	data/sources/metadata_enrichment/external/biosample_candidates.tsv	1018	
Church2025:YPM-IZ-110471	locality	USA: Hawai'i	biosample	https://www.ncbi.nlm.nih.gov/biosample/SAMN40621328	Attributes/Attribute[@attribute_name='geo_loc_name']	SAMN40621328	Original geographic-location label retained; not an inference-region assignment.	data/sources/metadata_enrichment/external/biosample_candidates.tsv	1019	
Church2025:YPM-IZ-110471	longitude	-157.7345	biosample	https://www.ncbi.nlm.nih.gov/biosample/SAMN40621328	Attributes/Attribute[@attribute_name='lat_lon']	SAMN40621328	Hemisphere sign applied; no geographic correction inferred.	data/sources/metadata_enrichment/external/biosample_candidates.tsv	1020	
Church2025:YPM-IZ-110471	tissue	tentacle	biosample	https://www.ncbi.nlm.nih.gov/biosample/SAMN40621328	Attributes/Attribute[@attribute_name='tissue']	SAMN40621328		data/sources/metadata_enrichment/external/biosample_candidates.tsv	1021	
Church2025:YPM-IZ-110473	biosample	SAMN40621329	biosample	https://www.ncbi.nlm.nih.gov/biosample/SAMN40621329	BioSample/@accession	SAMN40621329		data/sources/metadata_enrichment/external/biosample_candidates.tsv	1022	
Church2025:YPM-IZ-110473	collection_date	2023-04-09	biosample	https://www.ncbi.nlm.nih.gov/biosample/SAMN40621329	Attributes/Attribute[@attribute_name='collection_date']	SAMN40621329		data/sources/metadata_enrichment/external/biosample_candidates.tsv	1023	
Church2025:YPM-IZ-110473	country	USA	biosample	https://www.ncbi.nlm.nih.gov/biosample/SAMN40621329	Attributes/Attribute[@attribute_name='geo_loc_name']	SAMN40621329	Top-level geographic jurisdiction retained as submitted, including named territories.	data/sources/metadata_enrichment/external/biosample_candidates.tsv	1024	
Church2025:YPM-IZ-110473	lat_long_raw	21.400790 N 157.734500 W	biosample	https://www.ncbi.nlm.nih.gov/biosample/SAMN40621329	Attributes/Attribute[@attribute_name='lat_lon']	SAMN40621329		data/sources/metadata_enrichment/external/biosample_candidates.tsv	1025	
Church2025:YPM-IZ-110473	latitude	21.40079	biosample	https://www.ncbi.nlm.nih.gov/biosample/SAMN40621329	Attributes/Attribute[@attribute_name='lat_lon']	SAMN40621329	Hemisphere sign applied; no geographic correction inferred.	data/sources/metadata_enrichment/external/biosample_candidates.tsv	1026	
Church2025:YPM-IZ-110473	locality	USA: Hawai'i	biosample	https://www.ncbi.nlm.nih.gov/biosample/SAMN40621329	Attributes/Attribute[@attribute_name='geo_loc_name']	SAMN40621329	Original geographic-location label retained; not an inference-region assignment.	data/sources/metadata_enrichment/external/biosample_candidates.tsv	1027	
Church2025:YPM-IZ-110473	longitude	-157.7345	biosample	https://www.ncbi.nlm.nih.gov/biosample/SAMN40621329	Attributes/Attribute[@attribute_name='lat_lon']	SAMN40621329	Hemisphere sign applied; no geographic correction inferred.	data/sources/metadata_enrichment/external/biosample_candidates.tsv	1028	
Church2025:YPM-IZ-110473	tissue	tentacle	biosample	https://www.ncbi.nlm.nih.gov/biosample/SAMN40621329	Attributes/Attribute[@attribute_name='tissue']	SAMN40621329		data/sources/metadata_enrichment/external/biosample_candidates.tsv	1029	
Church2025:YPM-IZ-110474	biosample	SAMN40621330	biosample	https://www.ncbi.nlm.nih.gov/biosample/SAMN40621330	BioSample/@accession	SAMN40621330		data/sources/metadata_enrichment/external/biosample_candidates.tsv	1030	
Church2025:YPM-IZ-110474	collection_date	2023-04-04	biosample	https://www.ncbi.nlm.nih.gov/biosample/SAMN40621330	Attributes/Attribute[@attribute_name='collection_date']	SAMN40621330		data/sources/metadata_enrichment/external/biosample_candidates.tsv	1031	
Church2025:YPM-IZ-110474	country	USA	biosample	https://www.ncbi.nlm.nih.gov/biosample/SAMN40621330	Attributes/Attribute[@attribute_name='geo_loc_name']	SAMN40621330	Top-level geographic jurisdiction retained as submitted, including named territories.	data/sources/metadata_enrichment/external/biosample_candidates.tsv	1032	
Church2025:YPM-IZ-110474	lat_long_raw	21.454600 N 157.748500 W	biosample	https://www.ncbi.nlm.nih.gov/biosample/SAMN40621330	Attributes/Attribute[@attribute_name='lat_lon']	SAMN40621330		data/sources/metadata_enrichment/external/biosample_candidates.tsv	1033	
Church2025:YPM-IZ-110474	latitude	21.4546	biosample	https://www.ncbi.nlm.nih.gov/biosample/SAMN40621330	Attributes/Attribute[@attribute_name='lat_lon']	SAMN40621330	Hemisphere sign applied; no geographic correction inferred.	data/sources/metadata_enrichment/external/biosample_candidates.tsv	1034	
Church2025:YPM-IZ-110474	locality	USA: Hawai'i	biosample	https://www.ncbi.nlm.nih.gov/biosample/SAMN40621330	Attributes/Attribute[@attribute_name='geo_loc_name']	SAMN40621330	Original geographic-location label retained; not an inference-region assignment.	data/sources/metadata_enrichment/external/biosample_candidates.tsv	1035	
Church2025:YPM-IZ-110474	longitude	-157.7485	biosample	https://www.ncbi.nlm.nih.gov/biosample/SAMN40621330	Attributes/Attribute[@attribute_name='lat_lon']	SAMN40621330	Hemisphere sign applied; no geographic correction inferred.	data/sources/metadata_enrichment/external/biosample_candidates.tsv	1036	
Church2025:YPM-IZ-110474	tissue	tentacle	biosample	https://www.ncbi.nlm.nih.gov/biosample/SAMN40621330	Attributes/Attribute[@attribute_name='tissue']	SAMN40621330		data/sources/metadata_enrichment/external/biosample_candidates.tsv	1037	
Church2025:YPM-IZ-110480	biosample	SAMN40621331	biosample	https://www.ncbi.nlm.nih.gov/biosample/SAMN40621331	BioSample/@accession	SAMN40621331		data/sources/metadata_enrichment/external/biosample_candidates.tsv	1038	
Church2025:YPM-IZ-110480	collection_date	2023-04-06	biosample	https://www.ncbi.nlm.nih.gov/biosample/SAMN40621331	Attributes/Attribute[@attribute_name='collection_date']	SAMN40621331		data/sources/metadata_enrichment/external/biosample_candidates.tsv	1039	
Church2025:YPM-IZ-110480	country	USA	biosample	https://www.ncbi.nlm.nih.gov/biosample/SAMN40621331	Attributes/Attribute[@attribute_name='geo_loc_name']	SAMN40621331	Top-level geographic jurisdiction retained as submitted, including named territories.	data/sources/metadata_enrichment/external/biosample_candidates.tsv	1040	
Church2025:YPM-IZ-110480	lat_long_raw	21.454600 N 157.748500 W	biosample	https://www.ncbi.nlm.nih.gov/biosample/SAMN40621331	Attributes/Attribute[@attribute_name='lat_lon']	SAMN40621331		data/sources/metadata_enrichment/external/biosample_candidates.tsv	1041	
Church2025:YPM-IZ-110480	latitude	21.4546	biosample	https://www.ncbi.nlm.nih.gov/biosample/SAMN40621331	Attributes/Attribute[@attribute_name='lat_lon']	SAMN40621331	Hemisphere sign applied; no geographic correction inferred.	data/sources/metadata_enrichment/external/biosample_candidates.tsv	1042	
Church2025:YPM-IZ-110480	locality	USA: Hawai'i	biosample	https://www.ncbi.nlm.nih.gov/biosample/SAMN40621331	Attributes/Attribute[@attribute_name='geo_loc_name']	SAMN40621331	Original geographic-location label retained; not an inference-region assignment.	data/sources/metadata_enrichment/external/biosample_candidates.tsv	1043	
Church2025:YPM-IZ-110480	longitude	-157.7485	biosample	https://www.ncbi.nlm.nih.gov/biosample/SAMN40621331	Attributes/Attribute[@attribute_name='lat_lon']	SAMN40621331	Hemisphere sign applied; no geographic correction inferred.	data/sources/metadata_enrichment/external/biosample_candidates.tsv	1044	
Church2025:YPM-IZ-110480	tissue	tentacle	biosample	https://www.ncbi.nlm.nih.gov/biosample/SAMN40621331	Attributes/Attribute[@attribute_name='tissue']	SAMN40621331		data/sources/metadata_enrichment/external/biosample_candidates.tsv	1045	
Church2025:YPM-IZ-110515	biosample	SAMN40621332	biosample	https://www.ncbi.nlm.nih.gov/biosample/SAMN40621332	BioSample/@accession	SAMN40621332		data/sources/metadata_enrichment/external/biosample_candidates.tsv	1046	
Church2025:YPM-IZ-110515	collection_date	2023-02-09	biosample	https://www.ncbi.nlm.nih.gov/biosample/SAMN40621332	Attributes/Attribute[@attribute_name='collection_date']	SAMN40621332		data/sources/metadata_enrichment/external/biosample_candidates.tsv	1047	
Church2025:YPM-IZ-110515	country	Australia	biosample	https://www.ncbi.nlm.nih.gov/biosample/SAMN40621332	Attributes/Attribute[@attribute_name='geo_loc_name']	SAMN40621332	Top-level geographic jurisdiction retained as submitted, including named territories.	data/sources/metadata_enrichment/external/biosample_candidates.tsv	1048	
Church2025:YPM-IZ-110515	lat_long_raw	33.947500 S 151.257361 E	biosample	https://www.ncbi.nlm.nih.gov/biosample/SAMN40621332	Attributes/Attribute[@attribute_name='lat_lon']	SAMN40621332		data/sources/metadata_enrichment/external/biosample_candidates.tsv	1049	
Church2025:YPM-IZ-110515	latitude	-33.9475	biosample	https://www.ncbi.nlm.nih.gov/biosample/SAMN40621332	Attributes/Attribute[@attribute_name='lat_lon']	SAMN40621332	Hemisphere sign applied; no geographic correction inferred.	data/sources/metadata_enrichment/external/biosample_candidates.tsv	1050	
Church2025:YPM-IZ-110515	locality	Australia: New South Wales	biosample	https://www.ncbi.nlm.nih.gov/biosample/SAMN40621332	Attributes/Attribute[@attribute_name='geo_loc_name']	SAMN40621332	Original geographic-location label retained; not an inference-region assignment.	data/sources/metadata_enrichment/external/biosample_candidates.tsv	1051	
Church2025:YPM-IZ-110515	longitude	151.257361	biosample	https://www.ncbi.nlm.nih.gov/biosample/SAMN40621332	Attributes/Attribute[@attribute_name='lat_lon']	SAMN40621332	Hemisphere sign applied; no geographic correction inferred.	data/sources/metadata_enrichment/external/biosample_candidates.tsv	1052	
Church2025:YPM-IZ-110515	tissue	tentacle	biosample	https://www.ncbi.nlm.nih.gov/biosample/SAMN40621332	Attributes/Attribute[@attribute_name='tissue']	SAMN40621332		data/sources/metadata_enrichment/external/biosample_candidates.tsv	1053	
Church2025:YPM-IZ-110520	biosample	SAMN40621333	biosample	https://www.ncbi.nlm.nih.gov/biosample/SAMN40621333	BioSample/@accession	SAMN40621333		data/sources/metadata_enrichment/external/biosample_candidates.tsv	1054	
Church2025:YPM-IZ-110520	collection_date	2023-02-19	biosample	https://www.ncbi.nlm.nih.gov/biosample/SAMN40621333	Attributes/Attribute[@attribute_name='collection_date']	SAMN40621333		data/sources/metadata_enrichment/external/biosample_candidates.tsv	1055	
Church2025:YPM-IZ-110520	country	Australia	biosample	https://www.ncbi.nlm.nih.gov/biosample/SAMN40621333	Attributes/Attribute[@attribute_name='geo_loc_name']	SAMN40621333	Top-level geographic jurisdiction retained as submitted, including named territories.	data/sources/metadata_enrichment/external/biosample_candidates.tsv	1056	
Church2025:YPM-IZ-110520	lat_long_raw	33.947500 S 151.257361 E	biosample	https://www.ncbi.nlm.nih.gov/biosample/SAMN40621333	Attributes/Attribute[@attribute_name='lat_lon']	SAMN40621333		data/sources/metadata_enrichment/external/biosample_candidates.tsv	1057	
Church2025:YPM-IZ-110520	latitude	-33.9475	biosample	https://www.ncbi.nlm.nih.gov/biosample/SAMN40621333	Attributes/Attribute[@attribute_name='lat_lon']	SAMN40621333	Hemisphere sign applied; no geographic correction inferred.	data/sources/metadata_enrichment/external/biosample_candidates.tsv	1058	
Church2025:YPM-IZ-110520	locality	Australia: New South Wales	biosample	https://www.ncbi.nlm.nih.gov/biosample/SAMN40621333	Attributes/Attribute[@attribute_name='geo_loc_name']	SAMN40621333	Original geographic-location label retained; not an inference-region assignment.	data/sources/metadata_enrichment/external/biosample_candidates.tsv	1059	
Church2025:YPM-IZ-110520	longitude	151.257361	biosample	https://www.ncbi.nlm.nih.gov/biosample/SAMN40621333	Attributes/Attribute[@attribute_name='lat_lon']	SAMN40621333	Hemisphere sign applied; no geographic correction inferred.	data/sources/metadata_enrichment/external/biosample_candidates.tsv	1060	
Church2025:YPM-IZ-110520	tissue	tentacle	biosample	https://www.ncbi.nlm.nih.gov/biosample/SAMN40621333	Attributes/Attribute[@attribute_name='tissue']	SAMN40621333		data/sources/metadata_enrichment/external/biosample_candidates.tsv	1061	
Church2025:YPM-IZ-110526	biosample	SAMN40621334	biosample	https://www.ncbi.nlm.nih.gov/biosample/SAMN40621334	BioSample/@accession	SAMN40621334		data/sources/metadata_enrichment/external/biosample_candidates.tsv	1062	
Church2025:YPM-IZ-110526	collection_date	2023-04-23	biosample	https://www.ncbi.nlm.nih.gov/biosample/SAMN40621334	Attributes/Attribute[@attribute_name='collection_date']	SAMN40621334		data/sources/metadata_enrichment/external/biosample_candidates.tsv	1063	
Church2025:YPM-IZ-110526	country	Australia	biosample	https://www.ncbi.nlm.nih.gov/biosample/SAMN40621334	Attributes/Attribute[@attribute_name='geo_loc_name']	SAMN40621334	Top-level geographic jurisdiction retained as submitted, including named territories.	data/sources/metadata_enrichment/external/biosample_candidates.tsv	1064	
Church2025:YPM-IZ-110526	lat_long_raw	33.947500 S 151.257361 E	biosample	https://www.ncbi.nlm.nih.gov/biosample/SAMN40621334	Attributes/Attribute[@attribute_name='lat_lon']	SAMN40621334		data/sources/metadata_enrichment/external/biosample_candidates.tsv	1065	
Church2025:YPM-IZ-110526	latitude	-33.9475	biosample	https://www.ncbi.nlm.nih.gov/biosample/SAMN40621334	Attributes/Attribute[@attribute_name='lat_lon']	SAMN40621334	Hemisphere sign applied; no geographic correction inferred.	data/sources/metadata_enrichment/external/biosample_candidates.tsv	1066	
Church2025:YPM-IZ-110526	locality	Australia: New South Wales	biosample	https://www.ncbi.nlm.nih.gov/biosample/SAMN40621334	Attributes/Attribute[@attribute_name='geo_loc_name']	SAMN40621334	Original geographic-location label retained; not an inference-region assignment.	data/sources/metadata_enrichment/external/biosample_candidates.tsv	1067	
Church2025:YPM-IZ-110526	longitude	151.257361	biosample	https://www.ncbi.nlm.nih.gov/biosample/SAMN40621334	Attributes/Attribute[@attribute_name='lat_lon']	SAMN40621334	Hemisphere sign applied; no geographic correction inferred.	data/sources/metadata_enrichment/external/biosample_candidates.tsv	1068	
Church2025:YPM-IZ-110526	tissue	tentacle	biosample	https://www.ncbi.nlm.nih.gov/biosample/SAMN40621334	Attributes/Attribute[@attribute_name='tissue']	SAMN40621334		data/sources/metadata_enrichment/external/biosample_candidates.tsv	1069	
Church2025:YPM-IZ-110556	biosample	SAMN40621335	biosample	https://www.ncbi.nlm.nih.gov/biosample/SAMN40621335	BioSample/@accession	SAMN40621335		data/sources/metadata_enrichment/external/biosample_candidates.tsv	1070	
Church2025:YPM-IZ-110556	collection_date	2022-12-25	biosample	https://www.ncbi.nlm.nih.gov/biosample/SAMN40621335	Attributes/Attribute[@attribute_name='collection_date']	SAMN40621335		data/sources/metadata_enrichment/external/biosample_candidates.tsv	1071	
Church2025:YPM-IZ-110556	country	Australia	biosample	https://www.ncbi.nlm.nih.gov/biosample/SAMN40621335	Attributes/Attribute[@attribute_name='geo_loc_name']	SAMN40621335	Top-level geographic jurisdiction retained as submitted, including named territories.	data/sources/metadata_enrichment/external/biosample_candidates.tsv	1072	
Church2025:YPM-IZ-110556	lat_long_raw	41.996839 S 148.284729 E	biosample	https://www.ncbi.nlm.nih.gov/biosample/SAMN40621335	Attributes/Attribute[@attribute_name='lat_lon']	SAMN40621335		data/sources/metadata_enrichment/external/biosample_candidates.tsv	1073	
Church2025:YPM-IZ-110556	latitude	-41.996839	biosample	https://www.ncbi.nlm.nih.gov/biosample/SAMN40621335	Attributes/Attribute[@attribute_name='lat_lon']	SAMN40621335	Hemisphere sign applied; no geographic correction inferred.	data/sources/metadata_enrichment/external/biosample_candidates.tsv	1074	
Church2025:YPM-IZ-110556	locality	Australia: Tasmania	biosample	https://www.ncbi.nlm.nih.gov/biosample/SAMN40621335	Attributes/Attribute[@attribute_name='geo_loc_name']	SAMN40621335	Original geographic-location label retained; not an inference-region assignment.	data/sources/metadata_enrichment/external/biosample_candidates.tsv	1075	
Church2025:YPM-IZ-110556	longitude	148.284729	biosample	https://www.ncbi.nlm.nih.gov/biosample/SAMN40621335	Attributes/Attribute[@attribute_name='lat_lon']	SAMN40621335	Hemisphere sign applied; no geographic correction inferred.	data/sources/metadata_enrichment/external/biosample_candidates.tsv	1076	
Church2025:YPM-IZ-110556	tissue	tentacle	biosample	https://www.ncbi.nlm.nih.gov/biosample/SAMN40621335	Attributes/Attribute[@attribute_name='tissue']	SAMN40621335		data/sources/metadata_enrichment/external/biosample_candidates.tsv	1077	
Church2025:YPM-IZ-110557	biosample	SAMN40621336	biosample	https://www.ncbi.nlm.nih.gov/biosample/SAMN40621336	BioSample/@accession	SAMN40621336		data/sources/metadata_enrichment/external/biosample_candidates.tsv	1078	
Church2025:YPM-IZ-110557	collection_date	2022-12-25	biosample	https://www.ncbi.nlm.nih.gov/biosample/SAMN40621336	Attributes/Attribute[@attribute_name='collection_date']	SAMN40621336		data/sources/metadata_enrichment/external/biosample_candidates.tsv	1079	
Church2025:YPM-IZ-110557	country	Australia	biosample	https://www.ncbi.nlm.nih.gov/biosample/SAMN40621336	Attributes/Attribute[@attribute_name='geo_loc_name']	SAMN40621336	Top-level geographic jurisdiction retained as submitted, including named territories.	data/sources/metadata_enrichment/external/biosample_candidates.tsv	1080	
Church2025:YPM-IZ-110557	lat_long_raw	41.996839 S 148.284729 E	biosample	https://www.ncbi.nlm.nih.gov/biosample/SAMN40621336	Attributes/Attribute[@attribute_name='lat_lon']	SAMN40621336		data/sources/metadata_enrichment/external/biosample_candidates.tsv	1081	
Church2025:YPM-IZ-110557	latitude	-41.996839	biosample	https://www.ncbi.nlm.nih.gov/biosample/SAMN40621336	Attributes/Attribute[@attribute_name='lat_lon']	SAMN40621336	Hemisphere sign applied; no geographic correction inferred.	data/sources/metadata_enrichment/external/biosample_candidates.tsv	1082	
Church2025:YPM-IZ-110557	locality	Australia: Tasmania	biosample	https://www.ncbi.nlm.nih.gov/biosample/SAMN40621336	Attributes/Attribute[@attribute_name='geo_loc_name']	SAMN40621336	Original geographic-location label retained; not an inference-region assignment.	data/sources/metadata_enrichment/external/biosample_candidates.tsv	1083	
Church2025:YPM-IZ-110557	longitude	148.284729	biosample	https://www.ncbi.nlm.nih.gov/biosample/SAMN40621336	Attributes/Attribute[@attribute_name='lat_lon']	SAMN40621336	Hemisphere sign applied; no geographic correction inferred.	data/sources/metadata_enrichment/external/biosample_candidates.tsv	1084	
Church2025:YPM-IZ-110557	tissue	tentacle	biosample	https://www.ncbi.nlm.nih.gov/biosample/SAMN40621336	Attributes/Attribute[@attribute_name='tissue']	SAMN40621336		data/sources/metadata_enrichment/external/biosample_candidates.tsv	1085	
Church2025:YPM-IZ-110558	biosample	SAMN40621337	biosample	https://www.ncbi.nlm.nih.gov/biosample/SAMN40621337	BioSample/@accession	SAMN40621337		data/sources/metadata_enrichment/external/biosample_candidates.tsv	1086	
Church2025:YPM-IZ-110558	collection_date	2022-12-25	biosample	https://www.ncbi.nlm.nih.gov/biosample/SAMN40621337	Attributes/Attribute[@attribute_name='collection_date']	SAMN40621337		data/sources/metadata_enrichment/external/biosample_candidates.tsv	1087	
Church2025:YPM-IZ-110558	country	Australia	biosample	https://www.ncbi.nlm.nih.gov/biosample/SAMN40621337	Attributes/Attribute[@attribute_name='geo_loc_name']	SAMN40621337	Top-level geographic jurisdiction retained as submitted, including named territories.	data/sources/metadata_enrichment/external/biosample_candidates.tsv	1088	
Church2025:YPM-IZ-110558	lat_long_raw	41.996839 S 148.284729 E	biosample	https://www.ncbi.nlm.nih.gov/biosample/SAMN40621337	Attributes/Attribute[@attribute_name='lat_lon']	SAMN40621337		data/sources/metadata_enrichment/external/biosample_candidates.tsv	1089	
Church2025:YPM-IZ-110558	latitude	-41.996839	biosample	https://www.ncbi.nlm.nih.gov/biosample/SAMN40621337	Attributes/Attribute[@attribute_name='lat_lon']	SAMN40621337	Hemisphere sign applied; no geographic correction inferred.	data/sources/metadata_enrichment/external/biosample_candidates.tsv	1090	
Church2025:YPM-IZ-110558	locality	Australia: Tasmania	biosample	https://www.ncbi.nlm.nih.gov/biosample/SAMN40621337	Attributes/Attribute[@attribute_name='geo_loc_name']	SAMN40621337	Original geographic-location label retained; not an inference-region assignment.	data/sources/metadata_enrichment/external/biosample_candidates.tsv	1091	
Church2025:YPM-IZ-110558	longitude	148.284729	biosample	https://www.ncbi.nlm.nih.gov/biosample/SAMN40621337	Attributes/Attribute[@attribute_name='lat_lon']	SAMN40621337	Hemisphere sign applied; no geographic correction inferred.	data/sources/metadata_enrichment/external/biosample_candidates.tsv	1092	
Church2025:YPM-IZ-110558	tissue	tentacle	biosample	https://www.ncbi.nlm.nih.gov/biosample/SAMN40621337	Attributes/Attribute[@attribute_name='tissue']	SAMN40621337		data/sources/metadata_enrichment/external/biosample_candidates.tsv	1093	
Church2025:YPM-IZ-110566	biosample	SAMN40621338	biosample	https://www.ncbi.nlm.nih.gov/biosample/SAMN40621338	BioSample/@accession	SAMN40621338		data/sources/metadata_enrichment/external/biosample_candidates.tsv	1094	
Church2025:YPM-IZ-110566	collection_date	2022-01-24	biosample	https://www.ncbi.nlm.nih.gov/biosample/SAMN40621338	Attributes/Attribute[@attribute_name='collection_date']	SAMN40621338		data/sources/metadata_enrichment/external/biosample_candidates.tsv	1095	
Church2025:YPM-IZ-110566	country	Guam	biosample	https://www.ncbi.nlm.nih.gov/biosample/SAMN40621338	Attributes/Attribute[@attribute_name='geo_loc_name']	SAMN40621338	Top-level geographic jurisdiction retained as submitted, including named territories.	data/sources/metadata_enrichment/external/biosample_candidates.tsv	1096	
Church2025:YPM-IZ-110566	lat_long_raw	13.605463 N 144.907196 E	biosample	https://www.ncbi.nlm.nih.gov/biosample/SAMN40621338	Attributes/Attribute[@attribute_name='lat_lon']	SAMN40621338		data/sources/metadata_enrichment/external/biosample_candidates.tsv	1097	
Church2025:YPM-IZ-110566	latitude	13.605463	biosample	https://www.ncbi.nlm.nih.gov/biosample/SAMN40621338	Attributes/Attribute[@attribute_name='lat_lon']	SAMN40621338	Hemisphere sign applied; no geographic correction inferred.	data/sources/metadata_enrichment/external/biosample_candidates.tsv	1098	
Church2025:YPM-IZ-110566	locality	Guam	biosample	https://www.ncbi.nlm.nih.gov/biosample/SAMN40621338	Attributes/Attribute[@attribute_name='geo_loc_name']	SAMN40621338	Original geographic-location label retained; not an inference-region assignment.	data/sources/metadata_enrichment/external/biosample_candidates.tsv	1099	
Church2025:YPM-IZ-110566	longitude	144.907196	biosample	https://www.ncbi.nlm.nih.gov/biosample/SAMN40621338	Attributes/Attribute[@attribute_name='lat_lon']	SAMN40621338	Hemisphere sign applied; no geographic correction inferred.	data/sources/metadata_enrichment/external/biosample_candidates.tsv	1100	
Church2025:YPM-IZ-110566	tissue	tentacle	biosample	https://www.ncbi.nlm.nih.gov/biosample/SAMN40621338	Attributes/Attribute[@attribute_name='tissue']	SAMN40621338		data/sources/metadata_enrichment/external/biosample_candidates.tsv	1101	
Church2025:YPM-IZ-110569	biosample	SAMN40621339	biosample	https://www.ncbi.nlm.nih.gov/biosample/SAMN40621339	BioSample/@accession	SAMN40621339		data/sources/metadata_enrichment/external/biosample_candidates.tsv	1102	
Church2025:YPM-IZ-110569	collection_date	2022-01-27	biosample	https://www.ncbi.nlm.nih.gov/biosample/SAMN40621339	Attributes/Attribute[@attribute_name='collection_date']	SAMN40621339		data/sources/metadata_enrichment/external/biosample_candidates.tsv	1103	
Church2025:YPM-IZ-110569	country	Guam	biosample	https://www.ncbi.nlm.nih.gov/biosample/SAMN40621339	Attributes/Attribute[@attribute_name='geo_loc_name']	SAMN40621339	Top-level geographic jurisdiction retained as submitted, including named territories.	data/sources/metadata_enrichment/external/biosample_candidates.tsv	1104	
Church2025:YPM-IZ-110569	lat_long_raw	13.427664 N 144.801336 E	biosample	https://www.ncbi.nlm.nih.gov/biosample/SAMN40621339	Attributes/Attribute[@attribute_name='lat_lon']	SAMN40621339		data/sources/metadata_enrichment/external/biosample_candidates.tsv	1105	
Church2025:YPM-IZ-110569	latitude	13.427664	biosample	https://www.ncbi.nlm.nih.gov/biosample/SAMN40621339	Attributes/Attribute[@attribute_name='lat_lon']	SAMN40621339	Hemisphere sign applied; no geographic correction inferred.	data/sources/metadata_enrichment/external/biosample_candidates.tsv	1106	
Church2025:YPM-IZ-110569	locality	Guam	biosample	https://www.ncbi.nlm.nih.gov/biosample/SAMN40621339	Attributes/Attribute[@attribute_name='geo_loc_name']	SAMN40621339	Original geographic-location label retained; not an inference-region assignment.	data/sources/metadata_enrichment/external/biosample_candidates.tsv	1107	
Church2025:YPM-IZ-110569	longitude	144.801336	biosample	https://www.ncbi.nlm.nih.gov/biosample/SAMN40621339	Attributes/Attribute[@attribute_name='lat_lon']	SAMN40621339	Hemisphere sign applied; no geographic correction inferred.	data/sources/metadata_enrichment/external/biosample_candidates.tsv	1108	
Church2025:YPM-IZ-110569	tissue	tentacle	biosample	https://www.ncbi.nlm.nih.gov/biosample/SAMN40621339	Attributes/Attribute[@attribute_name='tissue']	SAMN40621339		data/sources/metadata_enrichment/external/biosample_candidates.tsv	1109	
Church2025:YPM-IZ-110600	biosample	SAMN40621340	biosample	https://www.ncbi.nlm.nih.gov/biosample/SAMN40621340	BioSample/@accession	SAMN40621340		data/sources/metadata_enrichment/external/biosample_candidates.tsv	1110	
Church2025:YPM-IZ-110600	collection_date	2023-04-27	biosample	https://www.ncbi.nlm.nih.gov/biosample/SAMN40621340	Attributes/Attribute[@attribute_name='collection_date']	SAMN40621340		data/sources/metadata_enrichment/external/biosample_candidates.tsv	1111	
Church2025:YPM-IZ-110600	country	Guam	biosample	https://www.ncbi.nlm.nih.gov/biosample/SAMN40621340	Attributes/Attribute[@attribute_name='geo_loc_name']	SAMN40621340	Top-level geographic jurisdiction retained as submitted, including named territories.	data/sources/metadata_enrichment/external/biosample_candidates.tsv	1112	
Church2025:YPM-IZ-110600	lat_long_raw	13.372435 N 144.773357 E	biosample	https://www.ncbi.nlm.nih.gov/biosample/SAMN40621340	Attributes/Attribute[@attribute_name='lat_lon']	SAMN40621340		data/sources/metadata_enrichment/external/biosample_candidates.tsv	1113	
Church2025:YPM-IZ-110600	latitude	13.372435	biosample	https://www.ncbi.nlm.nih.gov/biosample/SAMN40621340	Attributes/Attribute[@attribute_name='lat_lon']	SAMN40621340	Hemisphere sign applied; no geographic correction inferred.	data/sources/metadata_enrichment/external/biosample_candidates.tsv	1114	
Church2025:YPM-IZ-110600	locality	Guam	biosample	https://www.ncbi.nlm.nih.gov/biosample/SAMN40621340	Attributes/Attribute[@attribute_name='geo_loc_name']	SAMN40621340	Original geographic-location label retained; not an inference-region assignment.	data/sources/metadata_enrichment/external/biosample_candidates.tsv	1115	
Church2025:YPM-IZ-110600	longitude	144.773357	biosample	https://www.ncbi.nlm.nih.gov/biosample/SAMN40621340	Attributes/Attribute[@attribute_name='lat_lon']	SAMN40621340	Hemisphere sign applied; no geographic correction inferred.	data/sources/metadata_enrichment/external/biosample_candidates.tsv	1116	
Church2025:YPM-IZ-110600	tissue	tentacle	biosample	https://www.ncbi.nlm.nih.gov/biosample/SAMN40621340	Attributes/Attribute[@attribute_name='tissue']	SAMN40621340		data/sources/metadata_enrichment/external/biosample_candidates.tsv	1117	
Church2025:YPM-IZ-110602	biosample	SAMN40621341	biosample	https://www.ncbi.nlm.nih.gov/biosample/SAMN40621341	BioSample/@accession	SAMN40621341		data/sources/metadata_enrichment/external/biosample_candidates.tsv	1118	
Church2025:YPM-IZ-110602	collection_date	2023-04-27	biosample	https://www.ncbi.nlm.nih.gov/biosample/SAMN40621341	Attributes/Attribute[@attribute_name='collection_date']	SAMN40621341		data/sources/metadata_enrichment/external/biosample_candidates.tsv	1119	
Church2025:YPM-IZ-110602	country	Guam	biosample	https://www.ncbi.nlm.nih.gov/biosample/SAMN40621341	Attributes/Attribute[@attribute_name='geo_loc_name']	SAMN40621341	Top-level geographic jurisdiction retained as submitted, including named territories.	data/sources/metadata_enrichment/external/biosample_candidates.tsv	1120	
Church2025:YPM-IZ-110602	lat_long_raw	13.372435 N 144.773357 E	biosample	https://www.ncbi.nlm.nih.gov/biosample/SAMN40621341	Attributes/Attribute[@attribute_name='lat_lon']	SAMN40621341		data/sources/metadata_enrichment/external/biosample_candidates.tsv	1121	
Church2025:YPM-IZ-110602	latitude	13.372435	biosample	https://www.ncbi.nlm.nih.gov/biosample/SAMN40621341	Attributes/Attribute[@attribute_name='lat_lon']	SAMN40621341	Hemisphere sign applied; no geographic correction inferred.	data/sources/metadata_enrichment/external/biosample_candidates.tsv	1122	
Church2025:YPM-IZ-110602	locality	Guam	biosample	https://www.ncbi.nlm.nih.gov/biosample/SAMN40621341	Attributes/Attribute[@attribute_name='geo_loc_name']	SAMN40621341	Original geographic-location label retained; not an inference-region assignment.	data/sources/metadata_enrichment/external/biosample_candidates.tsv	1123	
Church2025:YPM-IZ-110602	longitude	144.773357	biosample	https://www.ncbi.nlm.nih.gov/biosample/SAMN40621341	Attributes/Attribute[@attribute_name='lat_lon']	SAMN40621341	Hemisphere sign applied; no geographic correction inferred.	data/sources/metadata_enrichment/external/biosample_candidates.tsv	1124	
Church2025:YPM-IZ-110602	tissue	tentacle	biosample	https://www.ncbi.nlm.nih.gov/biosample/SAMN40621341	Attributes/Attribute[@attribute_name='tissue']	SAMN40621341		data/sources/metadata_enrichment/external/biosample_candidates.tsv	1125	
Church2025:YPM-IZ-110605	biosample	SAMN40621342	biosample	https://www.ncbi.nlm.nih.gov/biosample/SAMN40621342	BioSample/@accession	SAMN40621342		data/sources/metadata_enrichment/external/biosample_candidates.tsv	1126	
Church2025:YPM-IZ-110605	collection_date	2023-02-03	biosample	https://www.ncbi.nlm.nih.gov/biosample/SAMN40621342	Attributes/Attribute[@attribute_name='collection_date']	SAMN40621342		data/sources/metadata_enrichment/external/biosample_candidates.tsv	1127	
Church2025:YPM-IZ-110605	country	Australia	biosample	https://www.ncbi.nlm.nih.gov/biosample/SAMN40621342	Attributes/Attribute[@attribute_name='geo_loc_name']	SAMN40621342	Top-level geographic jurisdiction retained as submitted, including named territories.	data/sources/metadata_enrichment/external/biosample_candidates.tsv	1128	
Church2025:YPM-IZ-110605	lat_long_raw	28.089089 S 153.453921 E	biosample	https://www.ncbi.nlm.nih.gov/biosample/SAMN40621342	Attributes/Attribute[@attribute_name='lat_lon']	SAMN40621342		data/sources/metadata_enrichment/external/biosample_candidates.tsv	1129	
Church2025:YPM-IZ-110605	latitude	-28.089089	biosample	https://www.ncbi.nlm.nih.gov/biosample/SAMN40621342	Attributes/Attribute[@attribute_name='lat_lon']	SAMN40621342	Hemisphere sign applied; no geographic correction inferred.	data/sources/metadata_enrichment/external/biosample_candidates.tsv	1130	
Church2025:YPM-IZ-110605	locality	Australia: Queensland	biosample	https://www.ncbi.nlm.nih.gov/biosample/SAMN40621342	Attributes/Attribute[@attribute_name='geo_loc_name']	SAMN40621342	Original geographic-location label retained; not an inference-region assignment.	data/sources/metadata_enrichment/external/biosample_candidates.tsv	1131	
Church2025:YPM-IZ-110605	longitude	153.453921	biosample	https://www.ncbi.nlm.nih.gov/biosample/SAMN40621342	Attributes/Attribute[@attribute_name='lat_lon']	SAMN40621342	Hemisphere sign applied; no geographic correction inferred.	data/sources/metadata_enrichment/external/biosample_candidates.tsv	1132	
Church2025:YPM-IZ-110605	tissue	tentacle	biosample	https://www.ncbi.nlm.nih.gov/biosample/SAMN40621342	Attributes/Attribute[@attribute_name='tissue']	SAMN40621342		data/sources/metadata_enrichment/external/biosample_candidates.tsv	1133	
Church2025:YPM-IZ-110612	biosample	SAMN40621343	biosample	https://www.ncbi.nlm.nih.gov/biosample/SAMN40621343	BioSample/@accession	SAMN40621343		data/sources/metadata_enrichment/external/biosample_candidates.tsv	1134	
Church2025:YPM-IZ-110612	collection_date	2023-03-26	biosample	https://www.ncbi.nlm.nih.gov/biosample/SAMN40621343	Attributes/Attribute[@attribute_name='collection_date']	SAMN40621343		data/sources/metadata_enrichment/external/biosample_candidates.tsv	1135	
Church2025:YPM-IZ-110612	country	Australia	biosample	https://www.ncbi.nlm.nih.gov/biosample/SAMN40621343	Attributes/Attribute[@attribute_name='geo_loc_name']	SAMN40621343	Top-level geographic jurisdiction retained as submitted, including named territories.	data/sources/metadata_enrichment/external/biosample_candidates.tsv	1136	
Church2025:YPM-IZ-110612	lat_long_raw	30.745087 S 152.995494 E	biosample	https://www.ncbi.nlm.nih.gov/biosample/SAMN40621343	Attributes/Attribute[@attribute_name='lat_lon']	SAMN40621343		data/sources/metadata_enrichment/external/biosample_candidates.tsv	1137	
Church2025:YPM-IZ-110612	latitude	-30.745087	biosample	https://www.ncbi.nlm.nih.gov/biosample/SAMN40621343	Attributes/Attribute[@attribute_name='lat_lon']	SAMN40621343	Hemisphere sign applied; no geographic correction inferred.	data/sources/metadata_enrichment/external/biosample_candidates.tsv	1138	
Church2025:YPM-IZ-110612	locality	Australia: New South Wales	biosample	https://www.ncbi.nlm.nih.gov/biosample/SAMN40621343	Attributes/Attribute[@attribute_name='geo_loc_name']	SAMN40621343	Original geographic-location label retained; not an inference-region assignment.	data/sources/metadata_enrichment/external/biosample_candidates.tsv	1139	
Church2025:YPM-IZ-110612	longitude	152.995494	biosample	https://www.ncbi.nlm.nih.gov/biosample/SAMN40621343	Attributes/Attribute[@attribute_name='lat_lon']	SAMN40621343	Hemisphere sign applied; no geographic correction inferred.	data/sources/metadata_enrichment/external/biosample_candidates.tsv	1140	
Church2025:YPM-IZ-110612	tissue	tentacle	biosample	https://www.ncbi.nlm.nih.gov/biosample/SAMN40621343	Attributes/Attribute[@attribute_name='tissue']	SAMN40621343		data/sources/metadata_enrichment/external/biosample_candidates.tsv	1141	
Church2025:YPM-IZ-110613	biosample	SAMN40621344	biosample	https://www.ncbi.nlm.nih.gov/biosample/SAMN40621344	BioSample/@accession	SAMN40621344		data/sources/metadata_enrichment/external/biosample_candidates.tsv	1142	
Church2025:YPM-IZ-110613	collection_date	2023-03-26	biosample	https://www.ncbi.nlm.nih.gov/biosample/SAMN40621344	Attributes/Attribute[@attribute_name='collection_date']	SAMN40621344		data/sources/metadata_enrichment/external/biosample_candidates.tsv	1143	
Church2025:YPM-IZ-110613	country	Australia	biosample	https://www.ncbi.nlm.nih.gov/biosample/SAMN40621344	Attributes/Attribute[@attribute_name='geo_loc_name']	SAMN40621344	Top-level geographic jurisdiction retained as submitted, including named territories.	data/sources/metadata_enrichment/external/biosample_candidates.tsv	1144	
Church2025:YPM-IZ-110613	lat_long_raw	30.745087 S 152.995494 E	biosample	https://www.ncbi.nlm.nih.gov/biosample/SAMN40621344	Attributes/Attribute[@attribute_name='lat_lon']	SAMN40621344		data/sources/metadata_enrichment/external/biosample_candidates.tsv	1145	
Church2025:YPM-IZ-110613	latitude	-30.745087	biosample	https://www.ncbi.nlm.nih.gov/biosample/SAMN40621344	Attributes/Attribute[@attribute_name='lat_lon']	SAMN40621344	Hemisphere sign applied; no geographic correction inferred.	data/sources/metadata_enrichment/external/biosample_candidates.tsv	1146	
Church2025:YPM-IZ-110613	locality	Australia: New South Wales	biosample	https://www.ncbi.nlm.nih.gov/biosample/SAMN40621344	Attributes/Attribute[@attribute_name='geo_loc_name']	SAMN40621344	Original geographic-location label retained; not an inference-region assignment.	data/sources/metadata_enrichment/external/biosample_candidates.tsv	1147	
Church2025:YPM-IZ-110613	longitude	152.995494	biosample	https://www.ncbi.nlm.nih.gov/biosample/SAMN40621344	Attributes/Attribute[@attribute_name='lat_lon']	SAMN40621344	Hemisphere sign applied; no geographic correction inferred.	data/sources/metadata_enrichment/external/biosample_candidates.tsv	1148	
Church2025:YPM-IZ-110613	tissue	tentacle	biosample	https://www.ncbi.nlm.nih.gov/biosample/SAMN40621344	Attributes/Attribute[@attribute_name='tissue']	SAMN40621344		data/sources/metadata_enrichment/external/biosample_candidates.tsv	1149	
Church2025:YPM-IZ-110616	biosample	SAMN40621345	biosample	https://www.ncbi.nlm.nih.gov/biosample/SAMN40621345	BioSample/@accession	SAMN40621345		data/sources/metadata_enrichment/external/biosample_candidates.tsv	1150	
Church2025:YPM-IZ-110616	collection_date	2023-03-26	biosample	https://www.ncbi.nlm.nih.gov/biosample/SAMN40621345	Attributes/Attribute[@attribute_name='collection_date']	SAMN40621345		data/sources/metadata_enrichment/external/biosample_candidates.tsv	1151	
Church2025:YPM-IZ-110616	country	Australia	biosample	https://www.ncbi.nlm.nih.gov/biosample/SAMN40621345	Attributes/Attribute[@attribute_name='geo_loc_name']	SAMN40621345	Top-level geographic jurisdiction retained as submitted, including named territories.	data/sources/metadata_enrichment/external/biosample_candidates.tsv	1152	
Church2025:YPM-IZ-110616	lat_long_raw	30.881192 S 153.035604 E	biosample	https://www.ncbi.nlm.nih.gov/biosample/SAMN40621345	Attributes/Attribute[@attribute_name='lat_lon']	SAMN40621345		data/sources/metadata_enrichment/external/biosample_candidates.tsv	1153	
Church2025:YPM-IZ-110616	latitude	-30.881192	biosample	https://www.ncbi.nlm.nih.gov/biosample/SAMN40621345	Attributes/Attribute[@attribute_name='lat_lon']	SAMN40621345	Hemisphere sign applied; no geographic correction inferred.	data/sources/metadata_enrichment/external/biosample_candidates.tsv	1154	
Church2025:YPM-IZ-110616	locality	Australia: New South Wales	biosample	https://www.ncbi.nlm.nih.gov/biosample/SAMN40621345	Attributes/Attribute[@attribute_name='geo_loc_name']	SAMN40621345	Original geographic-location label retained; not an inference-region assignment.	data/sources/metadata_enrichment/external/biosample_candidates.tsv	1155	
Church2025:YPM-IZ-110616	longitude	153.035604	biosample	https://www.ncbi.nlm.nih.gov/biosample/SAMN40621345	Attributes/Attribute[@attribute_name='lat_lon']	SAMN40621345	Hemisphere sign applied; no geographic correction inferred.	data/sources/metadata_enrichment/external/biosample_candidates.tsv	1156	
Church2025:YPM-IZ-110616	tissue	tentacle	biosample	https://www.ncbi.nlm.nih.gov/biosample/SAMN40621345	Attributes/Attribute[@attribute_name='tissue']	SAMN40621345		data/sources/metadata_enrichment/external/biosample_candidates.tsv	1157	
Church2025:YPM-IZ-110631	biosample	SAMN40621346	biosample	https://www.ncbi.nlm.nih.gov/biosample/SAMN40621346	BioSample/@accession	SAMN40621346		data/sources/metadata_enrichment/external/biosample_candidates.tsv	1158	
Church2025:YPM-IZ-110631	collection_date	2023-07-14	biosample	https://www.ncbi.nlm.nih.gov/biosample/SAMN40621346	Attributes/Attribute[@attribute_name='collection_date']	SAMN40621346		data/sources/metadata_enrichment/external/biosample_candidates.tsv	1159	
Church2025:YPM-IZ-110631	country	USA	biosample	https://www.ncbi.nlm.nih.gov/biosample/SAMN40621346	Attributes/Attribute[@attribute_name='geo_loc_name']	SAMN40621346	Top-level geographic jurisdiction retained as submitted, including named territories.	data/sources/metadata_enrichment/external/biosample_candidates.tsv	1160	
Church2025:YPM-IZ-110631	lat_long_raw	41.346250 N 71.678310 W	biosample	https://www.ncbi.nlm.nih.gov/biosample/SAMN40621346	Attributes/Attribute[@attribute_name='lat_lon']	SAMN40621346		data/sources/metadata_enrichment/external/biosample_candidates.tsv	1161	
Church2025:YPM-IZ-110631	latitude	41.34625	biosample	https://www.ncbi.nlm.nih.gov/biosample/SAMN40621346	Attributes/Attribute[@attribute_name='lat_lon']	SAMN40621346	Hemisphere sign applied; no geographic correction inferred.	data/sources/metadata_enrichment/external/biosample_candidates.tsv	1162	
Church2025:YPM-IZ-110631	locality	USA: Rhode Island	biosample	https://www.ncbi.nlm.nih.gov/biosample/SAMN40621346	Attributes/Attribute[@attribute_name='geo_loc_name']	SAMN40621346	Original geographic-location label retained; not an inference-region assignment.	data/sources/metadata_enrichment/external/biosample_candidates.tsv	1163	
Church2025:YPM-IZ-110631	longitude	-71.67831	biosample	https://www.ncbi.nlm.nih.gov/biosample/SAMN40621346	Attributes/Attribute[@attribute_name='lat_lon']	SAMN40621346	Hemisphere sign applied; no geographic correction inferred.	data/sources/metadata_enrichment/external/biosample_candidates.tsv	1164	
Church2025:YPM-IZ-110631	tissue	tentacle	biosample	https://www.ncbi.nlm.nih.gov/biosample/SAMN40621346	Attributes/Attribute[@attribute_name='tissue']	SAMN40621346		data/sources/metadata_enrichment/external/biosample_candidates.tsv	1165	
Church2025:YPM-IZ-110633	biosample	SAMN40621347	biosample	https://www.ncbi.nlm.nih.gov/biosample/SAMN40621347	BioSample/@accession	SAMN40621347		data/sources/metadata_enrichment/external/biosample_candidates.tsv	1166	
Church2025:YPM-IZ-110633	collection_date	2023-07-15	biosample	https://www.ncbi.nlm.nih.gov/biosample/SAMN40621347	Attributes/Attribute[@attribute_name='collection_date']	SAMN40621347		data/sources/metadata_enrichment/external/biosample_candidates.tsv	1167	
Church2025:YPM-IZ-110633	country	USA	biosample	https://www.ncbi.nlm.nih.gov/biosample/SAMN40621347	Attributes/Attribute[@attribute_name='geo_loc_name']	SAMN40621347	Top-level geographic jurisdiction retained as submitted, including named territories.	data/sources/metadata_enrichment/external/biosample_candidates.tsv	1168	
Church2025:YPM-IZ-110633	lat_long_raw	41.377020 N 71.527820 W	biosample	https://www.ncbi.nlm.nih.gov/biosample/SAMN40621347	Attributes/Attribute[@attribute_name='lat_lon']	SAMN40621347		data/sources/metadata_enrichment/external/biosample_candidates.tsv	1169	
Church2025:YPM-IZ-110633	latitude	41.37702	biosample	https://www.ncbi.nlm.nih.gov/biosample/SAMN40621347	Attributes/Attribute[@attribute_name='lat_lon']	SAMN40621347	Hemisphere sign applied; no geographic correction inferred.	data/sources/metadata_enrichment/external/biosample_candidates.tsv	1170	
Church2025:YPM-IZ-110633	locality	USA: Rhode Island	biosample	https://www.ncbi.nlm.nih.gov/biosample/SAMN40621347	Attributes/Attribute[@attribute_name='geo_loc_name']	SAMN40621347	Original geographic-location label retained; not an inference-region assignment.	data/sources/metadata_enrichment/external/biosample_candidates.tsv	1171	
Church2025:YPM-IZ-110633	longitude	-71.52782	biosample	https://www.ncbi.nlm.nih.gov/biosample/SAMN40621347	Attributes/Attribute[@attribute_name='lat_lon']	SAMN40621347	Hemisphere sign applied; no geographic correction inferred.	data/sources/metadata_enrichment/external/biosample_candidates.tsv	1172	
Church2025:YPM-IZ-110633	tissue	tentacle	biosample	https://www.ncbi.nlm.nih.gov/biosample/SAMN40621347	Attributes/Attribute[@attribute_name='tissue']	SAMN40621347		data/sources/metadata_enrichment/external/biosample_candidates.tsv	1173	
Church2025:YPM-IZ-110667	biosample	SAMN40621348	biosample	https://www.ncbi.nlm.nih.gov/biosample/SAMN40621348	BioSample/@accession	SAMN40621348		data/sources/metadata_enrichment/external/biosample_candidates.tsv	1174	
Church2025:YPM-IZ-110667	collection_date	2023-07-20	biosample	https://www.ncbi.nlm.nih.gov/biosample/SAMN40621348	Attributes/Attribute[@attribute_name='collection_date']	SAMN40621348		data/sources/metadata_enrichment/external/biosample_candidates.tsv	1175	
Church2025:YPM-IZ-110667	country	USA	biosample	https://www.ncbi.nlm.nih.gov/biosample/SAMN40621348	Attributes/Attribute[@attribute_name='geo_loc_name']	SAMN40621348	Top-level geographic jurisdiction retained as submitted, including named territories.	data/sources/metadata_enrichment/external/biosample_candidates.tsv	1176	
Church2025:YPM-IZ-110667	lat_long_raw	40.857420 N 71.779920 W	biosample	https://www.ncbi.nlm.nih.gov/biosample/SAMN40621348	Attributes/Attribute[@attribute_name='lat_lon']	SAMN40621348		data/sources/metadata_enrichment/external/biosample_candidates.tsv	1177	
Church2025:YPM-IZ-110667	latitude	40.85742	biosample	https://www.ncbi.nlm.nih.gov/biosample/SAMN40621348	Attributes/Attribute[@attribute_name='lat_lon']	SAMN40621348	Hemisphere sign applied; no geographic correction inferred.	data/sources/metadata_enrichment/external/biosample_candidates.tsv	1178	
Church2025:YPM-IZ-110667	locality	USA: New York	biosample	https://www.ncbi.nlm.nih.gov/biosample/SAMN40621348	Attributes/Attribute[@attribute_name='geo_loc_name']	SAMN40621348	Original geographic-location label retained; not an inference-region assignment.	data/sources/metadata_enrichment/external/biosample_candidates.tsv	1179	
Church2025:YPM-IZ-110667	longitude	-71.77992	biosample	https://www.ncbi.nlm.nih.gov/biosample/SAMN40621348	Attributes/Attribute[@attribute_name='lat_lon']	SAMN40621348	Hemisphere sign applied; no geographic correction inferred.	data/sources/metadata_enrichment/external/biosample_candidates.tsv	1180	
Church2025:YPM-IZ-110667	tissue	tentacle	biosample	https://www.ncbi.nlm.nih.gov/biosample/SAMN40621348	Attributes/Attribute[@attribute_name='tissue']	SAMN40621348		data/sources/metadata_enrichment/external/biosample_candidates.tsv	1181	
Church2025:YPM-IZ-110694	biosample	SAMN40621349	biosample	https://www.ncbi.nlm.nih.gov/biosample/SAMN40621349	BioSample/@accession	SAMN40621349		data/sources/metadata_enrichment/external/biosample_candidates.tsv	1182	
Church2025:YPM-IZ-110694	collection_date	2023-07-26	biosample	https://www.ncbi.nlm.nih.gov/biosample/SAMN40621349	Attributes/Attribute[@attribute_name='collection_date']	SAMN40621349		data/sources/metadata_enrichment/external/biosample_candidates.tsv	1183	
Church2025:YPM-IZ-110694	country	USA	biosample	https://www.ncbi.nlm.nih.gov/biosample/SAMN40621349	Attributes/Attribute[@attribute_name='geo_loc_name']	SAMN40621349	Top-level geographic jurisdiction retained as submitted, including named territories.	data/sources/metadata_enrichment/external/biosample_candidates.tsv	1184	
Church2025:YPM-IZ-110694	lat_long_raw	41.344990 N 70.836797 W	biosample	https://www.ncbi.nlm.nih.gov/biosample/SAMN40621349	Attributes/Attribute[@attribute_name='lat_lon']	SAMN40621349		data/sources/metadata_enrichment/external/biosample_candidates.tsv	1185	
Church2025:YPM-IZ-110694	latitude	41.34499	biosample	https://www.ncbi.nlm.nih.gov/biosample/SAMN40621349	Attributes/Attribute[@attribute_name='lat_lon']	SAMN40621349	Hemisphere sign applied; no geographic correction inferred.	data/sources/metadata_enrichment/external/biosample_candidates.tsv	1186	
Church2025:YPM-IZ-110694	locality	USA: Massachusetts	biosample	https://www.ncbi.nlm.nih.gov/biosample/SAMN40621349	Attributes/Attribute[@attribute_name='geo_loc_name']	SAMN40621349	Original geographic-location label retained; not an inference-region assignment.	data/sources/metadata_enrichment/external/biosample_candidates.tsv	1187	
Church2025:YPM-IZ-110694	longitude	-70.836797	biosample	https://www.ncbi.nlm.nih.gov/biosample/SAMN40621349	Attributes/Attribute[@attribute_name='lat_lon']	SAMN40621349	Hemisphere sign applied; no geographic correction inferred.	data/sources/metadata_enrichment/external/biosample_candidates.tsv	1188	
Church2025:YPM-IZ-110694	tissue	tentacle	biosample	https://www.ncbi.nlm.nih.gov/biosample/SAMN40621349	Attributes/Attribute[@attribute_name='tissue']	SAMN40621349		data/sources/metadata_enrichment/external/biosample_candidates.tsv	1189	
Church2025:YPM-IZ-110716	biosample	SAMN40621350	biosample	https://www.ncbi.nlm.nih.gov/biosample/SAMN40621350	BioSample/@accession	SAMN40621350		data/sources/metadata_enrichment/external/biosample_candidates.tsv	1190	
Church2025:YPM-IZ-110716	collection_date	2013-04-02	biosample	https://www.ncbi.nlm.nih.gov/biosample/SAMN40621350	Attributes/Attribute[@attribute_name='collection_date']	SAMN40621350		data/sources/metadata_enrichment/external/biosample_candidates.tsv	1191	
Church2025:YPM-IZ-110716	country	Spain	biosample	https://www.ncbi.nlm.nih.gov/biosample/SAMN40621350	Attributes/Attribute[@attribute_name='geo_loc_name']	SAMN40621350	Top-level geographic jurisdiction retained as submitted, including named territories.	data/sources/metadata_enrichment/external/biosample_candidates.tsv	1192	
Church2025:YPM-IZ-110716	lat_long_raw	36.458090 N 6.252680 W	biosample	https://www.ncbi.nlm.nih.gov/biosample/SAMN40621350	Attributes/Attribute[@attribute_name='lat_lon']	SAMN40621350		data/sources/metadata_enrichment/external/biosample_candidates.tsv	1193	
Church2025:YPM-IZ-110716	latitude	36.45809	biosample	https://www.ncbi.nlm.nih.gov/biosample/SAMN40621350	Attributes/Attribute[@attribute_name='lat_lon']	SAMN40621350	Hemisphere sign applied; no geographic correction inferred.	data/sources/metadata_enrichment/external/biosample_candidates.tsv	1194	
Church2025:YPM-IZ-110716	locality	Spain	biosample	https://www.ncbi.nlm.nih.gov/biosample/SAMN40621350	Attributes/Attribute[@attribute_name='geo_loc_name']	SAMN40621350	Original geographic-location label retained; not an inference-region assignment.	data/sources/metadata_enrichment/external/biosample_candidates.tsv	1195	
Church2025:YPM-IZ-110716	longitude	-6.25268	biosample	https://www.ncbi.nlm.nih.gov/biosample/SAMN40621350	Attributes/Attribute[@attribute_name='lat_lon']	SAMN40621350	Hemisphere sign applied; no geographic correction inferred.	data/sources/metadata_enrichment/external/biosample_candidates.tsv	1196	
Church2025:YPM-IZ-110716	tissue	tentacle	biosample	https://www.ncbi.nlm.nih.gov/biosample/SAMN40621350	Attributes/Attribute[@attribute_name='tissue']	SAMN40621350		data/sources/metadata_enrichment/external/biosample_candidates.tsv	1197	
Church2025:YPM-IZ-110726	biosample	SAMN40621351	biosample	https://www.ncbi.nlm.nih.gov/biosample/SAMN40621351	BioSample/@accession	SAMN40621351		data/sources/metadata_enrichment/external/biosample_candidates.tsv	1198	
Church2025:YPM-IZ-110726	collection_date	2013-04-02	biosample	https://www.ncbi.nlm.nih.gov/biosample/SAMN40621351	Attributes/Attribute[@attribute_name='collection_date']	SAMN40621351		data/sources/metadata_enrichment/external/biosample_candidates.tsv	1199	
Church2025:YPM-IZ-110726	country	Spain	biosample	https://www.ncbi.nlm.nih.gov/biosample/SAMN40621351	Attributes/Attribute[@attribute_name='geo_loc_name']	SAMN40621351	Top-level geographic jurisdiction retained as submitted, including named territories.	data/sources/metadata_enrichment/external/biosample_candidates.tsv	1200	
Church2025:YPM-IZ-110726	lat_long_raw	36.458090 N 6.252680 W	biosample	https://www.ncbi.nlm.nih.gov/biosample/SAMN40621351	Attributes/Attribute[@attribute_name='lat_lon']	SAMN40621351		data/sources/metadata_enrichment/external/biosample_candidates.tsv	1201	
Church2025:YPM-IZ-110726	latitude	36.45809	biosample	https://www.ncbi.nlm.nih.gov/biosample/SAMN40621351	Attributes/Attribute[@attribute_name='lat_lon']	SAMN40621351	Hemisphere sign applied; no geographic correction inferred.	data/sources/metadata_enrichment/external/biosample_candidates.tsv	1202	
Church2025:YPM-IZ-110726	locality	Spain	biosample	https://www.ncbi.nlm.nih.gov/biosample/SAMN40621351	Attributes/Attribute[@attribute_name='geo_loc_name']	SAMN40621351	Original geographic-location label retained; not an inference-region assignment.	data/sources/metadata_enrichment/external/biosample_candidates.tsv	1203	
Church2025:YPM-IZ-110726	longitude	-6.25268	biosample	https://www.ncbi.nlm.nih.gov/biosample/SAMN40621351	Attributes/Attribute[@attribute_name='lat_lon']	SAMN40621351	Hemisphere sign applied; no geographic correction inferred.	data/sources/metadata_enrichment/external/biosample_candidates.tsv	1204	
Church2025:YPM-IZ-110726	tissue	tentacle	biosample	https://www.ncbi.nlm.nih.gov/biosample/SAMN40621351	Attributes/Attribute[@attribute_name='tissue']	SAMN40621351		data/sources/metadata_enrichment/external/biosample_candidates.tsv	1205	
Church2025:YPM-IZ-110738	biosample	SAMN40621352	biosample	https://www.ncbi.nlm.nih.gov/biosample/SAMN40621352	BioSample/@accession	SAMN40621352		data/sources/metadata_enrichment/external/biosample_candidates.tsv	1206	
Church2025:YPM-IZ-110738	collection_date	2013-04-02	biosample	https://www.ncbi.nlm.nih.gov/biosample/SAMN40621352	Attributes/Attribute[@attribute_name='collection_date']	SAMN40621352		data/sources/metadata_enrichment/external/biosample_candidates.tsv	1207	
Church2025:YPM-IZ-110738	country	Spain	biosample	https://www.ncbi.nlm.nih.gov/biosample/SAMN40621352	Attributes/Attribute[@attribute_name='geo_loc_name']	SAMN40621352	Top-level geographic jurisdiction retained as submitted, including named territories.	data/sources/metadata_enrichment/external/biosample_candidates.tsv	1208	
Church2025:YPM-IZ-110738	lat_long_raw	36.458090 N 6.252680 W	biosample	https://www.ncbi.nlm.nih.gov/biosample/SAMN40621352	Attributes/Attribute[@attribute_name='lat_lon']	SAMN40621352		data/sources/metadata_enrichment/external/biosample_candidates.tsv	1209	
Church2025:YPM-IZ-110738	latitude	36.45809	biosample	https://www.ncbi.nlm.nih.gov/biosample/SAMN40621352	Attributes/Attribute[@attribute_name='lat_lon']	SAMN40621352	Hemisphere sign applied; no geographic correction inferred.	data/sources/metadata_enrichment/external/biosample_candidates.tsv	1210	
Church2025:YPM-IZ-110738	locality	Spain	biosample	https://www.ncbi.nlm.nih.gov/biosample/SAMN40621352	Attributes/Attribute[@attribute_name='geo_loc_name']	SAMN40621352	Original geographic-location label retained; not an inference-region assignment.	data/sources/metadata_enrichment/external/biosample_candidates.tsv	1211	
Church2025:YPM-IZ-110738	longitude	-6.25268	biosample	https://www.ncbi.nlm.nih.gov/biosample/SAMN40621352	Attributes/Attribute[@attribute_name='lat_lon']	SAMN40621352	Hemisphere sign applied; no geographic correction inferred.	data/sources/metadata_enrichment/external/biosample_candidates.tsv	1212	
Church2025:YPM-IZ-110738	tissue	tentacle	biosample	https://www.ncbi.nlm.nih.gov/biosample/SAMN40621352	Attributes/Attribute[@attribute_name='tissue']	SAMN40621352		data/sources/metadata_enrichment/external/biosample_candidates.tsv	1213	
Church2025:YPM-IZ-110777	biosample	SAMN40621353	biosample	https://www.ncbi.nlm.nih.gov/biosample/SAMN40621353	BioSample/@accession	SAMN40621353		data/sources/metadata_enrichment/external/biosample_candidates.tsv	1214	
Church2025:YPM-IZ-110777	collection_date	2023-07-19	biosample	https://www.ncbi.nlm.nih.gov/biosample/SAMN40621353	Attributes/Attribute[@attribute_name='collection_date']	SAMN40621353		data/sources/metadata_enrichment/external/biosample_candidates.tsv	1215	
Church2025:YPM-IZ-110777	country	USA	biosample	https://www.ncbi.nlm.nih.gov/biosample/SAMN40621353	Attributes/Attribute[@attribute_name='geo_loc_name']	SAMN40621353	Top-level geographic jurisdiction retained as submitted, including named territories.	data/sources/metadata_enrichment/external/biosample_candidates.tsv	1216	
Church2025:YPM-IZ-110777	lat_long_raw	21.400790 N 157.734500 W	biosample	https://www.ncbi.nlm.nih.gov/biosample/SAMN40621353	Attributes/Attribute[@attribute_name='lat_lon']	SAMN40621353		data/sources/metadata_enrichment/external/biosample_candidates.tsv	1217	
Church2025:YPM-IZ-110777	latitude	21.40079	biosample	https://www.ncbi.nlm.nih.gov/biosample/SAMN40621353	Attributes/Attribute[@attribute_name='lat_lon']	SAMN40621353	Hemisphere sign applied; no geographic correction inferred.	data/sources/metadata_enrichment/external/biosample_candidates.tsv	1218	
Church2025:YPM-IZ-110777	locality	USA: Hawai'i	biosample	https://www.ncbi.nlm.nih.gov/biosample/SAMN40621353	Attributes/Attribute[@attribute_name='geo_loc_name']	SAMN40621353	Original geographic-location label retained; not an inference-region assignment.	data/sources/metadata_enrichment/external/biosample_candidates.tsv	1219	
Church2025:YPM-IZ-110777	longitude	-157.7345	biosample	https://www.ncbi.nlm.nih.gov/biosample/SAMN40621353	Attributes/Attribute[@attribute_name='lat_lon']	SAMN40621353	Hemisphere sign applied; no geographic correction inferred.	data/sources/metadata_enrichment/external/biosample_candidates.tsv	1220	
Church2025:YPM-IZ-110777	tissue	tentacle	biosample	https://www.ncbi.nlm.nih.gov/biosample/SAMN40621353	Attributes/Attribute[@attribute_name='tissue']	SAMN40621353		data/sources/metadata_enrichment/external/biosample_candidates.tsv	1221	
Church2025:YPM-IZ-110780	biosample	SAMN40621354	biosample	https://www.ncbi.nlm.nih.gov/biosample/SAMN40621354	BioSample/@accession	SAMN40621354		data/sources/metadata_enrichment/external/biosample_candidates.tsv	1222	
Church2025:YPM-IZ-110780	collection_date	2023-07-19	biosample	https://www.ncbi.nlm.nih.gov/biosample/SAMN40621354	Attributes/Attribute[@attribute_name='collection_date']	SAMN40621354		data/sources/metadata_enrichment/external/biosample_candidates.tsv	1223	
Church2025:YPM-IZ-110780	country	USA	biosample	https://www.ncbi.nlm.nih.gov/biosample/SAMN40621354	Attributes/Attribute[@attribute_name='geo_loc_name']	SAMN40621354	Top-level geographic jurisdiction retained as submitted, including named territories.	data/sources/metadata_enrichment/external/biosample_candidates.tsv	1224	
Church2025:YPM-IZ-110780	lat_long_raw	21.400790 N 157.734500 W	biosample	https://www.ncbi.nlm.nih.gov/biosample/SAMN40621354	Attributes/Attribute[@attribute_name='lat_lon']	SAMN40621354		data/sources/metadata_enrichment/external/biosample_candidates.tsv	1225	
Church2025:YPM-IZ-110780	latitude	21.40079	biosample	https://www.ncbi.nlm.nih.gov/biosample/SAMN40621354	Attributes/Attribute[@attribute_name='lat_lon']	SAMN40621354	Hemisphere sign applied; no geographic correction inferred.	data/sources/metadata_enrichment/external/biosample_candidates.tsv	1226	
Church2025:YPM-IZ-110780	locality	USA: Hawai'i	biosample	https://www.ncbi.nlm.nih.gov/biosample/SAMN40621354	Attributes/Attribute[@attribute_name='geo_loc_name']	SAMN40621354	Original geographic-location label retained; not an inference-region assignment.	data/sources/metadata_enrichment/external/biosample_candidates.tsv	1227	
Church2025:YPM-IZ-110780	longitude	-157.7345	biosample	https://www.ncbi.nlm.nih.gov/biosample/SAMN40621354	Attributes/Attribute[@attribute_name='lat_lon']	SAMN40621354	Hemisphere sign applied; no geographic correction inferred.	data/sources/metadata_enrichment/external/biosample_candidates.tsv	1228	
Church2025:YPM-IZ-110780	tissue	tentacle	biosample	https://www.ncbi.nlm.nih.gov/biosample/SAMN40621354	Attributes/Attribute[@attribute_name='tissue']	SAMN40621354		data/sources/metadata_enrichment/external/biosample_candidates.tsv	1229	
Church2025:YPM-IZ-110785	biosample	SAMN40621355	biosample	https://www.ncbi.nlm.nih.gov/biosample/SAMN40621355	BioSample/@accession	SAMN40621355		data/sources/metadata_enrichment/external/biosample_candidates.tsv	1230	
Church2025:YPM-IZ-110785	collection_date	2023-07-21	biosample	https://www.ncbi.nlm.nih.gov/biosample/SAMN40621355	Attributes/Attribute[@attribute_name='collection_date']	SAMN40621355		data/sources/metadata_enrichment/external/biosample_candidates.tsv	1231	
Church2025:YPM-IZ-110785	country	USA	biosample	https://www.ncbi.nlm.nih.gov/biosample/SAMN40621355	Attributes/Attribute[@attribute_name='geo_loc_name']	SAMN40621355	Top-level geographic jurisdiction retained as submitted, including named territories.	data/sources/metadata_enrichment/external/biosample_candidates.tsv	1232	
Church2025:YPM-IZ-110785	lat_long_raw	21.400790 N 157.734500 W	biosample	https://www.ncbi.nlm.nih.gov/biosample/SAMN40621355	Attributes/Attribute[@attribute_name='lat_lon']	SAMN40621355		data/sources/metadata_enrichment/external/biosample_candidates.tsv	1233	
Church2025:YPM-IZ-110785	latitude	21.40079	biosample	https://www.ncbi.nlm.nih.gov/biosample/SAMN40621355	Attributes/Attribute[@attribute_name='lat_lon']	SAMN40621355	Hemisphere sign applied; no geographic correction inferred.	data/sources/metadata_enrichment/external/biosample_candidates.tsv	1234	
Church2025:YPM-IZ-110785	locality	USA: Hawai'i	biosample	https://www.ncbi.nlm.nih.gov/biosample/SAMN40621355	Attributes/Attribute[@attribute_name='geo_loc_name']	SAMN40621355	Original geographic-location label retained; not an inference-region assignment.	data/sources/metadata_enrichment/external/biosample_candidates.tsv	1235	
Church2025:YPM-IZ-110785	longitude	-157.7345	biosample	https://www.ncbi.nlm.nih.gov/biosample/SAMN40621355	Attributes/Attribute[@attribute_name='lat_lon']	SAMN40621355	Hemisphere sign applied; no geographic correction inferred.	data/sources/metadata_enrichment/external/biosample_candidates.tsv	1236	
Church2025:YPM-IZ-110785	tissue	tentacle	biosample	https://www.ncbi.nlm.nih.gov/biosample/SAMN40621355	Attributes/Attribute[@attribute_name='tissue']	SAMN40621355		data/sources/metadata_enrichment/external/biosample_candidates.tsv	1237	
Church2025:YPM-IZ-110786	biosample	SAMN40621356	biosample	https://www.ncbi.nlm.nih.gov/biosample/SAMN40621356	BioSample/@accession	SAMN40621356		data/sources/metadata_enrichment/external/biosample_candidates.tsv	1238	
Church2025:YPM-IZ-110786	collection_date	2023-07-28	biosample	https://www.ncbi.nlm.nih.gov/biosample/SAMN40621356	Attributes/Attribute[@attribute_name='collection_date']	SAMN40621356		data/sources/metadata_enrichment/external/biosample_candidates.tsv	1239	
Church2025:YPM-IZ-110786	country	USA	biosample	https://www.ncbi.nlm.nih.gov/biosample/SAMN40621356	Attributes/Attribute[@attribute_name='geo_loc_name']	SAMN40621356	Top-level geographic jurisdiction retained as submitted, including named territories.	data/sources/metadata_enrichment/external/biosample_candidates.tsv	1240	
Church2025:YPM-IZ-110786	lat_long_raw	21.400790 N 157.734500 W	biosample	https://www.ncbi.nlm.nih.gov/biosample/SAMN40621356	Attributes/Attribute[@attribute_name='lat_lon']	SAMN40621356		data/sources/metadata_enrichment/external/biosample_candidates.tsv	1241	
Church2025:YPM-IZ-110786	latitude	21.40079	biosample	https://www.ncbi.nlm.nih.gov/biosample/SAMN40621356	Attributes/Attribute[@attribute_name='lat_lon']	SAMN40621356	Hemisphere sign applied; no geographic correction inferred.	data/sources/metadata_enrichment/external/biosample_candidates.tsv	1242	
Church2025:YPM-IZ-110786	locality	USA: Hawai'i	biosample	https://www.ncbi.nlm.nih.gov/biosample/SAMN40621356	Attributes/Attribute[@attribute_name='geo_loc_name']	SAMN40621356	Original geographic-location label retained; not an inference-region assignment.	data/sources/metadata_enrichment/external/biosample_candidates.tsv	1243	
Church2025:YPM-IZ-110786	longitude	-157.7345	biosample	https://www.ncbi.nlm.nih.gov/biosample/SAMN40621356	Attributes/Attribute[@attribute_name='lat_lon']	SAMN40621356	Hemisphere sign applied; no geographic correction inferred.	data/sources/metadata_enrichment/external/biosample_candidates.tsv	1244	
Church2025:YPM-IZ-110786	tissue	tentacle	biosample	https://www.ncbi.nlm.nih.gov/biosample/SAMN40621356	Attributes/Attribute[@attribute_name='tissue']	SAMN40621356		data/sources/metadata_enrichment/external/biosample_candidates.tsv	1245	
Church2025:YPM-IZ-110828	biosample	SAMN40621357	biosample	https://www.ncbi.nlm.nih.gov/biosample/SAMN40621357	BioSample/@accession	SAMN40621357		data/sources/metadata_enrichment/external/biosample_candidates.tsv	1246	
Church2025:YPM-IZ-110828	collection_date	2023-07-12	biosample	https://www.ncbi.nlm.nih.gov/biosample/SAMN40621357	Attributes/Attribute[@attribute_name='collection_date']	SAMN40621357		data/sources/metadata_enrichment/external/biosample_candidates.tsv	1247	
Church2025:YPM-IZ-110828	country	Chile	biosample	https://www.ncbi.nlm.nih.gov/biosample/SAMN40621357	Attributes/Attribute[@attribute_name='geo_loc_name']	SAMN40621357	Top-level geographic jurisdiction retained as submitted, including named territories.	data/sources/metadata_enrichment/external/biosample_candidates.tsv	1248	
Church2025:YPM-IZ-110828	lat_long_raw	29.972700 S 71.360900 W	biosample	https://www.ncbi.nlm.nih.gov/biosample/SAMN40621357	Attributes/Attribute[@attribute_name='lat_lon']	SAMN40621357		data/sources/metadata_enrichment/external/biosample_candidates.tsv	1249	
Church2025:YPM-IZ-110828	latitude	-29.9727	biosample	https://www.ncbi.nlm.nih.gov/biosample/SAMN40621357	Attributes/Attribute[@attribute_name='lat_lon']	SAMN40621357	Hemisphere sign applied; no geographic correction inferred.	data/sources/metadata_enrichment/external/biosample_candidates.tsv	1250	
Church2025:YPM-IZ-110828	locality	Chile	biosample	https://www.ncbi.nlm.nih.gov/biosample/SAMN40621357	Attributes/Attribute[@attribute_name='geo_loc_name']	SAMN40621357	Original geographic-location label retained; not an inference-region assignment.	data/sources/metadata_enrichment/external/biosample_candidates.tsv	1251	
Church2025:YPM-IZ-110828	longitude	-71.3609	biosample	https://www.ncbi.nlm.nih.gov/biosample/SAMN40621357	Attributes/Attribute[@attribute_name='lat_lon']	SAMN40621357	Hemisphere sign applied; no geographic correction inferred.	data/sources/metadata_enrichment/external/biosample_candidates.tsv	1252	
Church2025:YPM-IZ-110828	tissue	tentacle	biosample	https://www.ncbi.nlm.nih.gov/biosample/SAMN40621357	Attributes/Attribute[@attribute_name='tissue']	SAMN40621357		data/sources/metadata_enrichment/external/biosample_candidates.tsv	1253	
Church2025:YPM-IZ-110829	biosample	SAMN40621358	biosample	https://www.ncbi.nlm.nih.gov/biosample/SAMN40621358	BioSample/@accession	SAMN40621358		data/sources/metadata_enrichment/external/biosample_candidates.tsv	1254	
Church2025:YPM-IZ-110829	collection_date	2023-07-13	biosample	https://www.ncbi.nlm.nih.gov/biosample/SAMN40621358	Attributes/Attribute[@attribute_name='collection_date']	SAMN40621358		data/sources/metadata_enrichment/external/biosample_candidates.tsv	1255	
Church2025:YPM-IZ-110829	country	Chile	biosample	https://www.ncbi.nlm.nih.gov/biosample/SAMN40621358	Attributes/Attribute[@attribute_name='geo_loc_name']	SAMN40621358	Top-level geographic jurisdiction retained as submitted, including named territories.	data/sources/metadata_enrichment/external/biosample_candidates.tsv	1256	
Church2025:YPM-IZ-110829	lat_long_raw	29.972700 S 71.360900 W	biosample	https://www.ncbi.nlm.nih.gov/biosample/SAMN40621358	Attributes/Attribute[@attribute_name='lat_lon']	SAMN40621358		data/sources/metadata_enrichment/external/biosample_candidates.tsv	1257	
Church2025:YPM-IZ-110829	latitude	-29.9727	biosample	https://www.ncbi.nlm.nih.gov/biosample/SAMN40621358	Attributes/Attribute[@attribute_name='lat_lon']	SAMN40621358	Hemisphere sign applied; no geographic correction inferred.	data/sources/metadata_enrichment/external/biosample_candidates.tsv	1258	
Church2025:YPM-IZ-110829	locality	Chile	biosample	https://www.ncbi.nlm.nih.gov/biosample/SAMN40621358	Attributes/Attribute[@attribute_name='geo_loc_name']	SAMN40621358	Original geographic-location label retained; not an inference-region assignment.	data/sources/metadata_enrichment/external/biosample_candidates.tsv	1259	
Church2025:YPM-IZ-110829	longitude	-71.3609	biosample	https://www.ncbi.nlm.nih.gov/biosample/SAMN40621358	Attributes/Attribute[@attribute_name='lat_lon']	SAMN40621358	Hemisphere sign applied; no geographic correction inferred.	data/sources/metadata_enrichment/external/biosample_candidates.tsv	1260	
Church2025:YPM-IZ-110829	tissue	tentacle	biosample	https://www.ncbi.nlm.nih.gov/biosample/SAMN40621358	Attributes/Attribute[@attribute_name='tissue']	SAMN40621358		data/sources/metadata_enrichment/external/biosample_candidates.tsv	1261	
Church2025:YPM-IZ-110830	biosample	SAMN40621359	biosample	https://www.ncbi.nlm.nih.gov/biosample/SAMN40621359	BioSample/@accession	SAMN40621359		data/sources/metadata_enrichment/external/biosample_candidates.tsv	1262	
Church2025:YPM-IZ-110830	collection_date	2014-02-28	biosample	https://www.ncbi.nlm.nih.gov/biosample/SAMN40621359	Attributes/Attribute[@attribute_name='collection_date']	SAMN40621359		data/sources/metadata_enrichment/external/biosample_candidates.tsv	1263	
Church2025:YPM-IZ-110830	country	Uruguay	biosample	https://www.ncbi.nlm.nih.gov/biosample/SAMN40621359	Attributes/Attribute[@attribute_name='geo_loc_name']	SAMN40621359	Top-level geographic jurisdiction retained as submitted, including named territories.	data/sources/metadata_enrichment/external/biosample_candidates.tsv	1264	
Church2025:YPM-IZ-110830	lat_long_raw	33.751600 S 53.380100 W	biosample	https://www.ncbi.nlm.nih.gov/biosample/SAMN40621359	Attributes/Attribute[@attribute_name='lat_lon']	SAMN40621359		data/sources/metadata_enrichment/external/biosample_candidates.tsv	1265	
Church2025:YPM-IZ-110830	latitude	-33.7516	biosample	https://www.ncbi.nlm.nih.gov/biosample/SAMN40621359	Attributes/Attribute[@attribute_name='lat_lon']	SAMN40621359	Hemisphere sign applied; no geographic correction inferred.	data/sources/metadata_enrichment/external/biosample_candidates.tsv	1266	
Church2025:YPM-IZ-110830	locality	Uruguay	biosample	https://www.ncbi.nlm.nih.gov/biosample/SAMN40621359	Attributes/Attribute[@attribute_name='geo_loc_name']	SAMN40621359	Original geographic-location label retained; not an inference-region assignment.	data/sources/metadata_enrichment/external/biosample_candidates.tsv	1267	
Church2025:YPM-IZ-110830	longitude	-53.3801	biosample	https://www.ncbi.nlm.nih.gov/biosample/SAMN40621359	Attributes/Attribute[@attribute_name='lat_lon']	SAMN40621359	Hemisphere sign applied; no geographic correction inferred.	data/sources/metadata_enrichment/external/biosample_candidates.tsv	1268	
Church2025:YPM-IZ-110830	tissue	tentacle	biosample	https://www.ncbi.nlm.nih.gov/biosample/SAMN40621359	Attributes/Attribute[@attribute_name='tissue']	SAMN40621359		data/sources/metadata_enrichment/external/biosample_candidates.tsv	1269	
Church2025:YPM-IZ-110842	biosample	SAMN40621360	biosample	https://www.ncbi.nlm.nih.gov/biosample/SAMN40621360	BioSample/@accession	SAMN40621360		data/sources/metadata_enrichment/external/biosample_candidates.tsv	1270	
Church2025:YPM-IZ-110842	collection_date	2019-07-18	biosample	https://www.ncbi.nlm.nih.gov/biosample/SAMN40621360	Attributes/Attribute[@attribute_name='collection_date']	SAMN40621360		data/sources/metadata_enrichment/external/biosample_candidates.tsv	1271	
Church2025:YPM-IZ-110842	country	Portugal	biosample	https://www.ncbi.nlm.nih.gov/biosample/SAMN40621360	Attributes/Attribute[@attribute_name='geo_loc_name']	SAMN40621360	Top-level geographic jurisdiction retained as submitted, including named territories.	data/sources/metadata_enrichment/external/biosample_candidates.tsv	1272	
Church2025:YPM-IZ-110842	lat_long_raw	38.524769 N 28.625946 W	biosample	https://www.ncbi.nlm.nih.gov/biosample/SAMN40621360	Attributes/Attribute[@attribute_name='lat_lon']	SAMN40621360		data/sources/metadata_enrichment/external/biosample_candidates.tsv	1273	
Church2025:YPM-IZ-110842	latitude	38.524769	biosample	https://www.ncbi.nlm.nih.gov/biosample/SAMN40621360	Attributes/Attribute[@attribute_name='lat_lon']	SAMN40621360	Hemisphere sign applied; no geographic correction inferred.	data/sources/metadata_enrichment/external/biosample_candidates.tsv	1274	
Church2025:YPM-IZ-110842	locality	Portugal: Azores	biosample	https://www.ncbi.nlm.nih.gov/biosample/SAMN40621360	Attributes/Attribute[@attribute_name='geo_loc_name']	SAMN40621360	Original geographic-location label retained; not an inference-region assignment.	data/sources/metadata_enrichment/external/biosample_candidates.tsv	1275	
Church2025:YPM-IZ-110842	longitude	-28.625946	biosample	https://www.ncbi.nlm.nih.gov/biosample/SAMN40621360	Attributes/Attribute[@attribute_name='lat_lon']	SAMN40621360	Hemisphere sign applied; no geographic correction inferred.	data/sources/metadata_enrichment/external/biosample_candidates.tsv	1276	
Church2025:YPM-IZ-110842	tissue	tentacle	biosample	https://www.ncbi.nlm.nih.gov/biosample/SAMN40621360	Attributes/Attribute[@attribute_name='tissue']	SAMN40621360		data/sources/metadata_enrichment/external/biosample_candidates.tsv	1277	
Church2025:YPM-IZ-110843	biosample	SAMN40621361	biosample	https://www.ncbi.nlm.nih.gov/biosample/SAMN40621361	BioSample/@accession	SAMN40621361		data/sources/metadata_enrichment/external/biosample_candidates.tsv	1278	
Church2025:YPM-IZ-110843	collection_date	2020-05-22	biosample	https://www.ncbi.nlm.nih.gov/biosample/SAMN40621361	Attributes/Attribute[@attribute_name='collection_date']	SAMN40621361		data/sources/metadata_enrichment/external/biosample_candidates.tsv	1279	
Church2025:YPM-IZ-110843	country	Portugal	biosample	https://www.ncbi.nlm.nih.gov/biosample/SAMN40621361	Attributes/Attribute[@attribute_name='geo_loc_name']	SAMN40621361	Top-level geographic jurisdiction retained as submitted, including named territories.	data/sources/metadata_enrichment/external/biosample_candidates.tsv	1280	
Church2025:YPM-IZ-110843	lat_long_raw	37.818604 N 25.543635 W	biosample	https://www.ncbi.nlm.nih.gov/biosample/SAMN40621361	Attributes/Attribute[@attribute_name='lat_lon']	SAMN40621361		data/sources/metadata_enrichment/external/biosample_candidates.tsv	1281	
Church2025:YPM-IZ-110843	latitude	37.818604	biosample	https://www.ncbi.nlm.nih.gov/biosample/SAMN40621361	Attributes/Attribute[@attribute_name='lat_lon']	SAMN40621361	Hemisphere sign applied; no geographic correction inferred.	data/sources/metadata_enrichment/external/biosample_candidates.tsv	1282	
Church2025:YPM-IZ-110843	locality	Portugal: Azores	biosample	https://www.ncbi.nlm.nih.gov/biosample/SAMN40621361	Attributes/Attribute[@attribute_name='geo_loc_name']	SAMN40621361	Original geographic-location label retained; not an inference-region assignment.	data/sources/metadata_enrichment/external/biosample_candidates.tsv	1283	
Church2025:YPM-IZ-110843	longitude	-25.543635	biosample	https://www.ncbi.nlm.nih.gov/biosample/SAMN40621361	Attributes/Attribute[@attribute_name='lat_lon']	SAMN40621361	Hemisphere sign applied; no geographic correction inferred.	data/sources/metadata_enrichment/external/biosample_candidates.tsv	1284	
Church2025:YPM-IZ-110843	tissue	tentacle	biosample	https://www.ncbi.nlm.nih.gov/biosample/SAMN40621361	Attributes/Attribute[@attribute_name='tissue']	SAMN40621361		data/sources/metadata_enrichment/external/biosample_candidates.tsv	1285	
Church2025:YPM-IZ-110844	biosample	SAMN40621362	biosample	https://www.ncbi.nlm.nih.gov/biosample/SAMN40621362	BioSample/@accession	SAMN40621362		data/sources/metadata_enrichment/external/biosample_candidates.tsv	1286	
Church2025:YPM-IZ-110844	collection_date	2019-11-29	biosample	https://www.ncbi.nlm.nih.gov/biosample/SAMN40621362	Attributes/Attribute[@attribute_name='collection_date']	SAMN40621362		data/sources/metadata_enrichment/external/biosample_candidates.tsv	1287	
Church2025:YPM-IZ-110844	country	Portugal	biosample	https://www.ncbi.nlm.nih.gov/biosample/SAMN40621362	Attributes/Attribute[@attribute_name='geo_loc_name']	SAMN40621362	Top-level geographic jurisdiction retained as submitted, including named territories.	data/sources/metadata_enrichment/external/biosample_candidates.tsv	1288	
Church2025:YPM-IZ-110844	lat_long_raw	38.524769 N 28.625946 W	biosample	https://www.ncbi.nlm.nih.gov/biosample/SAMN40621362	Attributes/Attribute[@attribute_name='lat_lon']	SAMN40621362		data/sources/metadata_enrichment/external/biosample_candidates.tsv	1289	
Church2025:YPM-IZ-110844	latitude	38.524769	biosample	https://www.ncbi.nlm.nih.gov/biosample/SAMN40621362	Attributes/Attribute[@attribute_name='lat_lon']	SAMN40621362	Hemisphere sign applied; no geographic correction inferred.	data/sources/metadata_enrichment/external/biosample_candidates.tsv	1290	
Church2025:YPM-IZ-110844	locality	Portugal: Azores	biosample	https://www.ncbi.nlm.nih.gov/biosample/SAMN40621362	Attributes/Attribute[@attribute_name='geo_loc_name']	SAMN40621362	Original geographic-location label retained; not an inference-region assignment.	data/sources/metadata_enrichment/external/biosample_candidates.tsv	1291	
Church2025:YPM-IZ-110844	longitude	-28.625946	biosample	https://www.ncbi.nlm.nih.gov/biosample/SAMN40621362	Attributes/Attribute[@attribute_name='lat_lon']	SAMN40621362	Hemisphere sign applied; no geographic correction inferred.	data/sources/metadata_enrichment/external/biosample_candidates.tsv	1292	
Church2025:YPM-IZ-110844	tissue	tentacle	biosample	https://www.ncbi.nlm.nih.gov/biosample/SAMN40621362	Attributes/Attribute[@attribute_name='tissue']	SAMN40621362		data/sources/metadata_enrichment/external/biosample_candidates.tsv	1293	
Church2025:YPM-IZ-110845	biosample	SAMN40621363	biosample	https://www.ncbi.nlm.nih.gov/biosample/SAMN40621363	BioSample/@accession	SAMN40621363		data/sources/metadata_enrichment/external/biosample_candidates.tsv	1294	
Church2025:YPM-IZ-110845	collection_date	2020-08-17	biosample	https://www.ncbi.nlm.nih.gov/biosample/SAMN40621363	Attributes/Attribute[@attribute_name='collection_date']	SAMN40621363		data/sources/metadata_enrichment/external/biosample_candidates.tsv	1295	
Church2025:YPM-IZ-110845	country	Portugal	biosample	https://www.ncbi.nlm.nih.gov/biosample/SAMN40621363	Attributes/Attribute[@attribute_name='geo_loc_name']	SAMN40621363	Top-level geographic jurisdiction retained as submitted, including named territories.	data/sources/metadata_enrichment/external/biosample_candidates.tsv	1296	
Church2025:YPM-IZ-110845	lat_long_raw	37.750488 N 25.624447 W	biosample	https://www.ncbi.nlm.nih.gov/biosample/SAMN40621363	Attributes/Attribute[@attribute_name='lat_lon']	SAMN40621363		data/sources/metadata_enrichment/external/biosample_candidates.tsv	1297	
Church2025:YPM-IZ-110845	latitude	37.750488	biosample	https://www.ncbi.nlm.nih.gov/biosample/SAMN40621363	Attributes/Attribute[@attribute_name='lat_lon']	SAMN40621363	Hemisphere sign applied; no geographic correction inferred.	data/sources/metadata_enrichment/external/biosample_candidates.tsv	1298	
Church2025:YPM-IZ-110845	locality	Portugal: Azores	biosample	https://www.ncbi.nlm.nih.gov/biosample/SAMN40621363	Attributes/Attribute[@attribute_name='geo_loc_name']	SAMN40621363	Original geographic-location label retained; not an inference-region assignment.	data/sources/metadata_enrichment/external/biosample_candidates.tsv	1299	
Church2025:YPM-IZ-110845	longitude	-25.624447	biosample	https://www.ncbi.nlm.nih.gov/biosample/SAMN40621363	Attributes/Attribute[@attribute_name='lat_lon']	SAMN40621363	Hemisphere sign applied; no geographic correction inferred.	data/sources/metadata_enrichment/external/biosample_candidates.tsv	1300	
Church2025:YPM-IZ-110845	tissue	tentacle	biosample	https://www.ncbi.nlm.nih.gov/biosample/SAMN40621363	Attributes/Attribute[@attribute_name='tissue']	SAMN40621363		data/sources/metadata_enrichment/external/biosample_candidates.tsv	1301	
Church2025:YPM-IZ-110846	biosample	SAMN40621364	biosample	https://www.ncbi.nlm.nih.gov/biosample/SAMN40621364	BioSample/@accession	SAMN40621364		data/sources/metadata_enrichment/external/biosample_candidates.tsv	1302	
Church2025:YPM-IZ-110846	collection_date	2020-07-10	biosample	https://www.ncbi.nlm.nih.gov/biosample/SAMN40621364	Attributes/Attribute[@attribute_name='collection_date']	SAMN40621364		data/sources/metadata_enrichment/external/biosample_candidates.tsv	1303	
Church2025:YPM-IZ-110846	country	Portugal	biosample	https://www.ncbi.nlm.nih.gov/biosample/SAMN40621364	Attributes/Attribute[@attribute_name='geo_loc_name']	SAMN40621364	Top-level geographic jurisdiction retained as submitted, including named territories.	data/sources/metadata_enrichment/external/biosample_candidates.tsv	1304	
Church2025:YPM-IZ-110846	lat_long_raw	38.523756 N 28.623767 W	biosample	https://www.ncbi.nlm.nih.gov/biosample/SAMN40621364	Attributes/Attribute[@attribute_name='lat_lon']	SAMN40621364		data/sources/metadata_enrichment/external/biosample_candidates.tsv	1305	
Church2025:YPM-IZ-110846	latitude	38.523756	biosample	https://www.ncbi.nlm.nih.gov/biosample/SAMN40621364	Attributes/Attribute[@attribute_name='lat_lon']	SAMN40621364	Hemisphere sign applied; no geographic correction inferred.	data/sources/metadata_enrichment/external/biosample_candidates.tsv	1306	
Church2025:YPM-IZ-110846	locality	Portugal: Azores	biosample	https://www.ncbi.nlm.nih.gov/biosample/SAMN40621364	Attributes/Attribute[@attribute_name='geo_loc_name']	SAMN40621364	Original geographic-location label retained; not an inference-region assignment.	data/sources/metadata_enrichment/external/biosample_candidates.tsv	1307	
Church2025:YPM-IZ-110846	longitude	-28.623767	biosample	https://www.ncbi.nlm.nih.gov/biosample/SAMN40621364	Attributes/Attribute[@attribute_name='lat_lon']	SAMN40621364	Hemisphere sign applied; no geographic correction inferred.	data/sources/metadata_enrichment/external/biosample_candidates.tsv	1308	
Church2025:YPM-IZ-110846	tissue	tentacle	biosample	https://www.ncbi.nlm.nih.gov/biosample/SAMN40621364	Attributes/Attribute[@attribute_name='tissue']	SAMN40621364		data/sources/metadata_enrichment/external/biosample_candidates.tsv	1309	
Church2025:YPM-IZ-110847	biosample	SAMN40621365	biosample	https://www.ncbi.nlm.nih.gov/biosample/SAMN40621365	BioSample/@accession	SAMN40621365		data/sources/metadata_enrichment/external/biosample_candidates.tsv	1310	
Church2025:YPM-IZ-110847	collection_date	2020-07-15	biosample	https://www.ncbi.nlm.nih.gov/biosample/SAMN40621365	Attributes/Attribute[@attribute_name='collection_date']	SAMN40621365		data/sources/metadata_enrichment/external/biosample_candidates.tsv	1311	
Church2025:YPM-IZ-110847	country	Portugal	biosample	https://www.ncbi.nlm.nih.gov/biosample/SAMN40621365	Attributes/Attribute[@attribute_name='geo_loc_name']	SAMN40621365	Top-level geographic jurisdiction retained as submitted, including named territories.	data/sources/metadata_enrichment/external/biosample_candidates.tsv	1312	
Church2025:YPM-IZ-110847	lat_long_raw	38.542865 N 28.618676 W	biosample	https://www.ncbi.nlm.nih.gov/biosample/SAMN40621365	Attributes/Attribute[@attribute_name='lat_lon']	SAMN40621365		data/sources/metadata_enrichment/external/biosample_candidates.tsv	1313	
Church2025:YPM-IZ-110847	latitude	38.542865	biosample	https://www.ncbi.nlm.nih.gov/biosample/SAMN40621365	Attributes/Attribute[@attribute_name='lat_lon']	SAMN40621365	Hemisphere sign applied; no geographic correction inferred.	data/sources/metadata_enrichment/external/biosample_candidates.tsv	1314	
Church2025:YPM-IZ-110847	locality	Portugal: Azores	biosample	https://www.ncbi.nlm.nih.gov/biosample/SAMN40621365	Attributes/Attribute[@attribute_name='geo_loc_name']	SAMN40621365	Original geographic-location label retained; not an inference-region assignment.	data/sources/metadata_enrichment/external/biosample_candidates.tsv	1315	
Church2025:YPM-IZ-110847	longitude	-28.618676	biosample	https://www.ncbi.nlm.nih.gov/biosample/SAMN40621365	Attributes/Attribute[@attribute_name='lat_lon']	SAMN40621365	Hemisphere sign applied; no geographic correction inferred.	data/sources/metadata_enrichment/external/biosample_candidates.tsv	1316	
Church2025:YPM-IZ-110847	tissue	tentacle	biosample	https://www.ncbi.nlm.nih.gov/biosample/SAMN40621365	Attributes/Attribute[@attribute_name='tissue']	SAMN40621365		data/sources/metadata_enrichment/external/biosample_candidates.tsv	1317	
Church2025:YPM-IZ-110876	biosample	SAMN40621366	biosample	https://www.ncbi.nlm.nih.gov/biosample/SAMN40621366	BioSample/@accession	SAMN40621366		data/sources/metadata_enrichment/external/biosample_candidates.tsv	1318	
Church2025:YPM-IZ-110876	collection_date	2017-03-19	biosample	https://www.ncbi.nlm.nih.gov/biosample/SAMN40621366	Attributes/Attribute[@attribute_name='collection_date']	SAMN40621366		data/sources/metadata_enrichment/external/biosample_candidates.tsv	1319	
Church2025:YPM-IZ-110876	country	USA	biosample	https://www.ncbi.nlm.nih.gov/biosample/SAMN40621366	Attributes/Attribute[@attribute_name='geo_loc_name']	SAMN40621366	Top-level geographic jurisdiction retained as submitted, including named territories.	data/sources/metadata_enrichment/external/biosample_candidates.tsv	1320	
Church2025:YPM-IZ-110876	lat_long_raw	29.260000 N 94.840000 W	biosample	https://www.ncbi.nlm.nih.gov/biosample/SAMN40621366	Attributes/Attribute[@attribute_name='lat_lon']	SAMN40621366		data/sources/metadata_enrichment/external/biosample_candidates.tsv	1321	
Church2025:YPM-IZ-110876	latitude	29.26	biosample	https://www.ncbi.nlm.nih.gov/biosample/SAMN40621366	Attributes/Attribute[@attribute_name='lat_lon']	SAMN40621366	Hemisphere sign applied; no geographic correction inferred.	data/sources/metadata_enrichment/external/biosample_candidates.tsv	1322	
Church2025:YPM-IZ-110876	locality	USA: Texas	biosample	https://www.ncbi.nlm.nih.gov/biosample/SAMN40621366	Attributes/Attribute[@attribute_name='geo_loc_name']	SAMN40621366	Original geographic-location label retained; not an inference-region assignment.	data/sources/metadata_enrichment/external/biosample_candidates.tsv	1323	
Church2025:YPM-IZ-110876	longitude	-94.84	biosample	https://www.ncbi.nlm.nih.gov/biosample/SAMN40621366	Attributes/Attribute[@attribute_name='lat_lon']	SAMN40621366	Hemisphere sign applied; no geographic correction inferred.	data/sources/metadata_enrichment/external/biosample_candidates.tsv	1324	
Church2025:YPM-IZ-110876	tissue	tentacle	biosample	https://www.ncbi.nlm.nih.gov/biosample/SAMN40621366	Attributes/Attribute[@attribute_name='tissue']	SAMN40621366		data/sources/metadata_enrichment/external/biosample_candidates.tsv	1325	
Church2025:YPM-IZ-110877	biosample	SAMN40621367	biosample	https://www.ncbi.nlm.nih.gov/biosample/SAMN40621367	BioSample/@accession	SAMN40621367		data/sources/metadata_enrichment/external/biosample_candidates.tsv	1326	
Church2025:YPM-IZ-110877	collection_date	2007-06-06	biosample	https://www.ncbi.nlm.nih.gov/biosample/SAMN40621367	Attributes/Attribute[@attribute_name='collection_date']	SAMN40621367		data/sources/metadata_enrichment/external/biosample_candidates.tsv	1327	
Church2025:YPM-IZ-110877	country	Mexico	biosample	https://www.ncbi.nlm.nih.gov/biosample/SAMN40621367	Attributes/Attribute[@attribute_name='geo_loc_name']	SAMN40621367	Top-level geographic jurisdiction retained as submitted, including named territories.	data/sources/metadata_enrichment/external/biosample_candidates.tsv	1328	
Church2025:YPM-IZ-110877	lat_long_raw	27.245000 N 111.500000 W	biosample	https://www.ncbi.nlm.nih.gov/biosample/SAMN40621367	Attributes/Attribute[@attribute_name='lat_lon']	SAMN40621367		data/sources/metadata_enrichment/external/biosample_candidates.tsv	1329	
Church2025:YPM-IZ-110877	latitude	27.245	biosample	https://www.ncbi.nlm.nih.gov/biosample/SAMN40621367	Attributes/Attribute[@attribute_name='lat_lon']	SAMN40621367	Hemisphere sign applied; no geographic correction inferred.	data/sources/metadata_enrichment/external/biosample_candidates.tsv	1330	
Church2025:YPM-IZ-110877	locality	Mexico	biosample	https://www.ncbi.nlm.nih.gov/biosample/SAMN40621367	Attributes/Attribute[@attribute_name='geo_loc_name']	SAMN40621367	Original geographic-location label retained; not an inference-region assignment.	data/sources/metadata_enrichment/external/biosample_candidates.tsv	1331	
Church2025:YPM-IZ-110877	longitude	-111.5	biosample	https://www.ncbi.nlm.nih.gov/biosample/SAMN40621367	Attributes/Attribute[@attribute_name='lat_lon']	SAMN40621367	Hemisphere sign applied; no geographic correction inferred.	data/sources/metadata_enrichment/external/biosample_candidates.tsv	1332	
Church2025:YPM-IZ-110877	tissue	tentacle	biosample	https://www.ncbi.nlm.nih.gov/biosample/SAMN40621367	Attributes/Attribute[@attribute_name='tissue']	SAMN40621367		data/sources/metadata_enrichment/external/biosample_candidates.tsv	1333	
Church2025:YPM-IZ-110878	biosample	SAMN40621368	biosample	https://www.ncbi.nlm.nih.gov/biosample/SAMN40621368	BioSample/@accession	SAMN40621368		data/sources/metadata_enrichment/external/biosample_candidates.tsv	1334	
Church2025:YPM-IZ-110878	collection_date	2006-06-09	biosample	https://www.ncbi.nlm.nih.gov/biosample/SAMN40621368	Attributes/Attribute[@attribute_name='collection_date']	SAMN40621368		data/sources/metadata_enrichment/external/biosample_candidates.tsv	1335	
Church2025:YPM-IZ-110878	country	Mexico	biosample	https://www.ncbi.nlm.nih.gov/biosample/SAMN40621368	Attributes/Attribute[@attribute_name='geo_loc_name']	SAMN40621368	Top-level geographic jurisdiction retained as submitted, including named territories.	data/sources/metadata_enrichment/external/biosample_candidates.tsv	1336	
Church2025:YPM-IZ-110878	lat_long_raw	27.326667 N 111.480000 W	biosample	https://www.ncbi.nlm.nih.gov/biosample/SAMN40621368	Attributes/Attribute[@attribute_name='lat_lon']	SAMN40621368		data/sources/metadata_enrichment/external/biosample_candidates.tsv	1337	
Church2025:YPM-IZ-110878	latitude	27.326667	biosample	https://www.ncbi.nlm.nih.gov/biosample/SAMN40621368	Attributes/Attribute[@attribute_name='lat_lon']	SAMN40621368	Hemisphere sign applied; no geographic correction inferred.	data/sources/metadata_enrichment/external/biosample_candidates.tsv	1338	
Church2025:YPM-IZ-110878	locality	Mexico	biosample	https://www.ncbi.nlm.nih.gov/biosample/SAMN40621368	Attributes/Attribute[@attribute_name='geo_loc_name']	SAMN40621368	Original geographic-location label retained; not an inference-region assignment.	data/sources/metadata_enrichment/external/biosample_candidates.tsv	1339	
Church2025:YPM-IZ-110878	longitude	-111.48	biosample	https://www.ncbi.nlm.nih.gov/biosample/SAMN40621368	Attributes/Attribute[@attribute_name='lat_lon']	SAMN40621368	Hemisphere sign applied; no geographic correction inferred.	data/sources/metadata_enrichment/external/biosample_candidates.tsv	1340	
Church2025:YPM-IZ-110878	tissue	tentacle	biosample	https://www.ncbi.nlm.nih.gov/biosample/SAMN40621368	Attributes/Attribute[@attribute_name='tissue']	SAMN40621368		data/sources/metadata_enrichment/external/biosample_candidates.tsv	1341	
Church2025:YPM-IZ-110880	biosample	SAMN40621369	biosample	https://www.ncbi.nlm.nih.gov/biosample/SAMN40621369	BioSample/@accession	SAMN40621369		data/sources/metadata_enrichment/external/biosample_candidates.tsv	1342	
Church2025:YPM-IZ-110880	collection_date	2023-08-23	biosample	https://www.ncbi.nlm.nih.gov/biosample/SAMN40621369	Attributes/Attribute[@attribute_name='collection_date']	SAMN40621369		data/sources/metadata_enrichment/external/biosample_candidates.tsv	1343	
Church2025:YPM-IZ-110880	country	USA	biosample	https://www.ncbi.nlm.nih.gov/biosample/SAMN40621369	Attributes/Attribute[@attribute_name='geo_loc_name']	SAMN40621369	Top-level geographic jurisdiction retained as submitted, including named territories.	data/sources/metadata_enrichment/external/biosample_candidates.tsv	1344	
Church2025:YPM-IZ-110880	lat_long_raw	41.149290 N 71.481140 W	biosample	https://www.ncbi.nlm.nih.gov/biosample/SAMN40621369	Attributes/Attribute[@attribute_name='lat_lon']	SAMN40621369		data/sources/metadata_enrichment/external/biosample_candidates.tsv	1345	
Church2025:YPM-IZ-110880	latitude	41.14929	biosample	https://www.ncbi.nlm.nih.gov/biosample/SAMN40621369	Attributes/Attribute[@attribute_name='lat_lon']	SAMN40621369	Hemisphere sign applied; no geographic correction inferred.	data/sources/metadata_enrichment/external/biosample_candidates.tsv	1346	
Church2025:YPM-IZ-110880	locality	USA: Rhode Island	biosample	https://www.ncbi.nlm.nih.gov/biosample/SAMN40621369	Attributes/Attribute[@attribute_name='geo_loc_name']	SAMN40621369	Original geographic-location label retained; not an inference-region assignment.	data/sources/metadata_enrichment/external/biosample_candidates.tsv	1347	
Church2025:YPM-IZ-110880	longitude	-71.48114	biosample	https://www.ncbi.nlm.nih.gov/biosample/SAMN40621369	Attributes/Attribute[@attribute_name='lat_lon']	SAMN40621369	Hemisphere sign applied; no geographic correction inferred.	data/sources/metadata_enrichment/external/biosample_candidates.tsv	1348	
Church2025:YPM-IZ-110880	tissue	tentacle	biosample	https://www.ncbi.nlm.nih.gov/biosample/SAMN40621369	Attributes/Attribute[@attribute_name='tissue']	SAMN40621369		data/sources/metadata_enrichment/external/biosample_candidates.tsv	1349	
Church2025:YPM-IZ-110881	biosample	SAMN40621370	biosample	https://www.ncbi.nlm.nih.gov/biosample/SAMN40621370	BioSample/@accession	SAMN40621370		data/sources/metadata_enrichment/external/biosample_candidates.tsv	1350	
Church2025:YPM-IZ-110881	collection_date	2023-04-10	biosample	https://www.ncbi.nlm.nih.gov/biosample/SAMN40621370	Attributes/Attribute[@attribute_name='collection_date']	SAMN40621370		data/sources/metadata_enrichment/external/biosample_candidates.tsv	1351	
Church2025:YPM-IZ-110881	country	USA	biosample	https://www.ncbi.nlm.nih.gov/biosample/SAMN40621370	Attributes/Attribute[@attribute_name='geo_loc_name']	SAMN40621370	Top-level geographic jurisdiction retained as submitted, including named territories.	data/sources/metadata_enrichment/external/biosample_candidates.tsv	1352	
Church2025:YPM-IZ-110881	lat_long_raw	19.666667 N 156.083333 W	biosample	https://www.ncbi.nlm.nih.gov/biosample/SAMN40621370	Attributes/Attribute[@attribute_name='lat_lon']	SAMN40621370		data/sources/metadata_enrichment/external/biosample_candidates.tsv	1353	
Church2025:YPM-IZ-110881	latitude	19.666667	biosample	https://www.ncbi.nlm.nih.gov/biosample/SAMN40621370	Attributes/Attribute[@attribute_name='lat_lon']	SAMN40621370	Hemisphere sign applied; no geographic correction inferred.	data/sources/metadata_enrichment/external/biosample_candidates.tsv	1354	
Church2025:YPM-IZ-110881	life_stage	juvenile	biosample	https://www.ncbi.nlm.nih.gov/biosample/SAMN40621370	Attributes/Attribute[@attribute_name='dev_stage']	SAMN40621370		data/sources/metadata_enrichment/external/biosample_candidates.tsv	1355	
Church2025:YPM-IZ-110881	locality	USA: Hawai'i	biosample	https://www.ncbi.nlm.nih.gov/biosample/SAMN40621370	Attributes/Attribute[@attribute_name='geo_loc_name']	SAMN40621370	Original geographic-location label retained; not an inference-region assignment.	data/sources/metadata_enrichment/external/biosample_candidates.tsv	1356	
Church2025:YPM-IZ-110881	longitude	-156.083333	biosample	https://www.ncbi.nlm.nih.gov/biosample/SAMN40621370	Attributes/Attribute[@attribute_name='lat_lon']	SAMN40621370	Hemisphere sign applied; no geographic correction inferred.	data/sources/metadata_enrichment/external/biosample_candidates.tsv	1357	
Church2025:YPM-IZ-110881	tissue	whole body	biosample	https://www.ncbi.nlm.nih.gov/biosample/SAMN40621370	Attributes/Attribute[@attribute_name='tissue']	SAMN40621370		data/sources/metadata_enrichment/external/biosample_candidates.tsv	1358	
Church2025:YPM-IZ-110882	biosample	SAMN40621371	biosample	https://www.ncbi.nlm.nih.gov/biosample/SAMN40621371	BioSample/@accession	SAMN40621371		data/sources/metadata_enrichment/external/biosample_candidates.tsv	1359	
Church2025:YPM-IZ-110882	collection_date	2023-04-10	biosample	https://www.ncbi.nlm.nih.gov/biosample/SAMN40621371	Attributes/Attribute[@attribute_name='collection_date']	SAMN40621371		data/sources/metadata_enrichment/external/biosample_candidates.tsv	1360	
Church2025:YPM-IZ-110882	country	USA	biosample	https://www.ncbi.nlm.nih.gov/biosample/SAMN40621371	Attributes/Attribute[@attribute_name='geo_loc_name']	SAMN40621371	Top-level geographic jurisdiction retained as submitted, including named territories.	data/sources/metadata_enrichment/external/biosample_candidates.tsv	1361	
Church2025:YPM-IZ-110882	lat_long_raw	19.666667 N 156.083333 W	biosample	https://www.ncbi.nlm.nih.gov/biosample/SAMN40621371	Attributes/Attribute[@attribute_name='lat_lon']	SAMN40621371		data/sources/metadata_enrichment/external/biosample_candidates.tsv	1362	
Church2025:YPM-IZ-110882	latitude	19.666667	biosample	https://www.ncbi.nlm.nih.gov/biosample/SAMN40621371	Attributes/Attribute[@attribute_name='lat_lon']	SAMN40621371	Hemisphere sign applied; no geographic correction inferred.	data/sources/metadata_enrichment/external/biosample_candidates.tsv	1363	
Church2025:YPM-IZ-110882	life_stage	juvenile	biosample	https://www.ncbi.nlm.nih.gov/biosample/SAMN40621371	Attributes/Attribute[@attribute_name='dev_stage']	SAMN40621371		data/sources/metadata_enrichment/external/biosample_candidates.tsv	1364	
Church2025:YPM-IZ-110882	locality	USA: Hawai'i	biosample	https://www.ncbi.nlm.nih.gov/biosample/SAMN40621371	Attributes/Attribute[@attribute_name='geo_loc_name']	SAMN40621371	Original geographic-location label retained; not an inference-region assignment.	data/sources/metadata_enrichment/external/biosample_candidates.tsv	1365	
Church2025:YPM-IZ-110882	longitude	-156.083333	biosample	https://www.ncbi.nlm.nih.gov/biosample/SAMN40621371	Attributes/Attribute[@attribute_name='lat_lon']	SAMN40621371	Hemisphere sign applied; no geographic correction inferred.	data/sources/metadata_enrichment/external/biosample_candidates.tsv	1366	
Church2025:YPM-IZ-110882	tissue	whole body	biosample	https://www.ncbi.nlm.nih.gov/biosample/SAMN40621371	Attributes/Attribute[@attribute_name='tissue']	SAMN40621371		data/sources/metadata_enrichment/external/biosample_candidates.tsv	1367	
Church2025:YPM-IZ-110883	biosample	SAMN40621372	biosample	https://www.ncbi.nlm.nih.gov/biosample/SAMN40621372	BioSample/@accession	SAMN40621372		data/sources/metadata_enrichment/external/biosample_candidates.tsv	1368	
Church2025:YPM-IZ-110883	collection_date	2023-04-10	biosample	https://www.ncbi.nlm.nih.gov/biosample/SAMN40621372	Attributes/Attribute[@attribute_name='collection_date']	SAMN40621372		data/sources/metadata_enrichment/external/biosample_candidates.tsv	1369	
Church2025:YPM-IZ-110883	country	USA	biosample	https://www.ncbi.nlm.nih.gov/biosample/SAMN40621372	Attributes/Attribute[@attribute_name='geo_loc_name']	SAMN40621372	Top-level geographic jurisdiction retained as submitted, including named territories.	data/sources/metadata_enrichment/external/biosample_candidates.tsv	1370	
Church2025:YPM-IZ-110883	lat_long_raw	19.666667 N 156.083333 W	biosample	https://www.ncbi.nlm.nih.gov/biosample/SAMN40621372	Attributes/Attribute[@attribute_name='lat_lon']	SAMN40621372		data/sources/metadata_enrichment/external/biosample_candidates.tsv	1371	
Church2025:YPM-IZ-110883	latitude	19.666667	biosample	https://www.ncbi.nlm.nih.gov/biosample/SAMN40621372	Attributes/Attribute[@attribute_name='lat_lon']	SAMN40621372	Hemisphere sign applied; no geographic correction inferred.	data/sources/metadata_enrichment/external/biosample_candidates.tsv	1372	
Church2025:YPM-IZ-110883	life_stage	juvenile	biosample	https://www.ncbi.nlm.nih.gov/biosample/SAMN40621372	Attributes/Attribute[@attribute_name='dev_stage']	SAMN40621372		data/sources/metadata_enrichment/external/biosample_candidates.tsv	1373	
Church2025:YPM-IZ-110883	locality	USA: Hawai'i	biosample	https://www.ncbi.nlm.nih.gov/biosample/SAMN40621372	Attributes/Attribute[@attribute_name='geo_loc_name']	SAMN40621372	Original geographic-location label retained; not an inference-region assignment.	data/sources/metadata_enrichment/external/biosample_candidates.tsv	1374	
Church2025:YPM-IZ-110883	longitude	-156.083333	biosample	https://www.ncbi.nlm.nih.gov/biosample/SAMN40621372	Attributes/Attribute[@attribute_name='lat_lon']	SAMN40621372	Hemisphere sign applied; no geographic correction inferred.	data/sources/metadata_enrichment/external/biosample_candidates.tsv	1375	
Church2025:YPM-IZ-110883	tissue	whole body	biosample	https://www.ncbi.nlm.nih.gov/biosample/SAMN40621372	Attributes/Attribute[@attribute_name='tissue']	SAMN40621372		data/sources/metadata_enrichment/external/biosample_candidates.tsv	1376	
Church2025:YPM-IZ-110906	biosample	SAMN40621373	biosample	https://www.ncbi.nlm.nih.gov/biosample/SAMN40621373	BioSample/@accession	SAMN40621373		data/sources/metadata_enrichment/external/biosample_candidates.tsv	1377	
Church2025:YPM-IZ-110906	collection_date	2023-08-23	biosample	https://www.ncbi.nlm.nih.gov/biosample/SAMN40621373	Attributes/Attribute[@attribute_name='collection_date']	SAMN40621373		data/sources/metadata_enrichment/external/biosample_candidates.tsv	1378	
Church2025:YPM-IZ-110906	lat_long_raw	26.723056 N 164.766667 W	biosample	https://www.ncbi.nlm.nih.gov/biosample/SAMN40621373	Attributes/Attribute[@attribute_name='lat_lon']	SAMN40621373		data/sources/metadata_enrichment/external/biosample_candidates.tsv	1379	
Church2025:YPM-IZ-110906	latitude	26.723056	biosample	https://www.ncbi.nlm.nih.gov/biosample/SAMN40621373	Attributes/Attribute[@attribute_name='lat_lon']	SAMN40621373	Hemisphere sign applied; no geographic correction inferred.	data/sources/metadata_enrichment/external/biosample_candidates.tsv	1380	
Church2025:YPM-IZ-110906	life_stage	juvenile	biosample	https://www.ncbi.nlm.nih.gov/biosample/SAMN40621373	Attributes/Attribute[@attribute_name='dev_stage']	SAMN40621373		data/sources/metadata_enrichment/external/biosample_candidates.tsv	1381	
Church2025:YPM-IZ-110906	locality	Pacific Ocean	biosample	https://www.ncbi.nlm.nih.gov/biosample/SAMN40621373	Attributes/Attribute[@attribute_name='geo_loc_name']	SAMN40621373	Original geographic-location label retained; not an inference-region assignment.	data/sources/metadata_enrichment/external/biosample_candidates.tsv	1382	
Church2025:YPM-IZ-110906	longitude	-164.766667	biosample	https://www.ncbi.nlm.nih.gov/biosample/SAMN40621373	Attributes/Attribute[@attribute_name='lat_lon']	SAMN40621373	Hemisphere sign applied; no geographic correction inferred.	data/sources/metadata_enrichment/external/biosample_candidates.tsv	1383	
Church2025:YPM-IZ-110906	tissue	zooid	biosample	https://www.ncbi.nlm.nih.gov/biosample/SAMN40621373	Attributes/Attribute[@attribute_name='tissue']	SAMN40621373		data/sources/metadata_enrichment/external/biosample_candidates.tsv	1384	
Church2025:YPM-IZ-110907	biosample	SAMN40621374	biosample	https://www.ncbi.nlm.nih.gov/biosample/SAMN40621374	BioSample/@accession	SAMN40621374		data/sources/metadata_enrichment/external/biosample_candidates.tsv	1385	
Church2025:YPM-IZ-110907	collection_date	2023-08-22	biosample	https://www.ncbi.nlm.nih.gov/biosample/SAMN40621374	Attributes/Attribute[@attribute_name='collection_date']	SAMN40621374		data/sources/metadata_enrichment/external/biosample_candidates.tsv	1386	
Church2025:YPM-IZ-110907	lat_long_raw	26.080000 N 176.470000 W	biosample	https://www.ncbi.nlm.nih.gov/biosample/SAMN40621374	Attributes/Attribute[@attribute_name='lat_lon']	SAMN40621374		data/sources/metadata_enrichment/external/biosample_candidates.tsv	1387	
Church2025:YPM-IZ-110907	latitude	26.08	biosample	https://www.ncbi.nlm.nih.gov/biosample/SAMN40621374	Attributes/Attribute[@attribute_name='lat_lon']	SAMN40621374	Hemisphere sign applied; no geographic correction inferred.	data/sources/metadata_enrichment/external/biosample_candidates.tsv	1388	
Church2025:YPM-IZ-110907	life_stage	juvenile	biosample	https://www.ncbi.nlm.nih.gov/biosample/SAMN40621374	Attributes/Attribute[@attribute_name='dev_stage']	SAMN40621374		data/sources/metadata_enrichment/external/biosample_candidates.tsv	1389	
Church2025:YPM-IZ-110907	locality	Pacific Ocean	biosample	https://www.ncbi.nlm.nih.gov/biosample/SAMN40621374	Attributes/Attribute[@attribute_name='geo_loc_name']	SAMN40621374	Original geographic-location label retained; not an inference-region assignment.	data/sources/metadata_enrichment/external/biosample_candidates.tsv	1390	
Church2025:YPM-IZ-110907	longitude	-176.47	biosample	https://www.ncbi.nlm.nih.gov/biosample/SAMN40621374	Attributes/Attribute[@attribute_name='lat_lon']	SAMN40621374	Hemisphere sign applied; no geographic correction inferred.	data/sources/metadata_enrichment/external/biosample_candidates.tsv	1391	
Church2025:YPM-IZ-110907	tissue	zooid	biosample	https://www.ncbi.nlm.nih.gov/biosample/SAMN40621374	Attributes/Attribute[@attribute_name='tissue']	SAMN40621374		data/sources/metadata_enrichment/external/biosample_candidates.tsv	1392	
Church2025:YPM-IZ-110925	biosample	SAMN40621375	biosample	https://www.ncbi.nlm.nih.gov/biosample/SAMN40621375	BioSample/@accession	SAMN40621375		data/sources/metadata_enrichment/external/biosample_candidates.tsv	1393	
Church2025:YPM-IZ-110925	collection_date	2023-02-04	biosample	https://www.ncbi.nlm.nih.gov/biosample/SAMN40621375	Attributes/Attribute[@attribute_name='collection_date']	SAMN40621375		data/sources/metadata_enrichment/external/biosample_candidates.tsv	1394	
Church2025:YPM-IZ-110925	country	Japan	biosample	https://www.ncbi.nlm.nih.gov/biosample/SAMN40621375	Attributes/Attribute[@attribute_name='geo_loc_name']	SAMN40621375	Top-level geographic jurisdiction retained as submitted, including named territories.	data/sources/metadata_enrichment/external/biosample_candidates.tsv	1395	
Church2025:YPM-IZ-110925	lat_long_raw	28.404780 N 129.454826 E	biosample	https://www.ncbi.nlm.nih.gov/biosample/SAMN40621375	Attributes/Attribute[@attribute_name='lat_lon']	SAMN40621375		data/sources/metadata_enrichment/external/biosample_candidates.tsv	1396	
Church2025:YPM-IZ-110925	latitude	28.40478	biosample	https://www.ncbi.nlm.nih.gov/biosample/SAMN40621375	Attributes/Attribute[@attribute_name='lat_lon']	SAMN40621375	Hemisphere sign applied; no geographic correction inferred.	data/sources/metadata_enrichment/external/biosample_candidates.tsv	1397	
Church2025:YPM-IZ-110925	locality	Japan	biosample	https://www.ncbi.nlm.nih.gov/biosample/SAMN40621375	Attributes/Attribute[@attribute_name='geo_loc_name']	SAMN40621375	Original geographic-location label retained; not an inference-region assignment.	data/sources/metadata_enrichment/external/biosample_candidates.tsv	1398	
Church2025:YPM-IZ-110925	longitude	129.454826	biosample	https://www.ncbi.nlm.nih.gov/biosample/SAMN40621375	Attributes/Attribute[@attribute_name='lat_lon']	SAMN40621375	Hemisphere sign applied; no geographic correction inferred.	data/sources/metadata_enrichment/external/biosample_candidates.tsv	1399	
Church2025:YPM-IZ-110925	tissue	tentacle	biosample	https://www.ncbi.nlm.nih.gov/biosample/SAMN40621375	Attributes/Attribute[@attribute_name='tissue']	SAMN40621375		data/sources/metadata_enrichment/external/biosample_candidates.tsv	1400	
Church2025:YPM-IZ-110926	biosample	SAMN40621376	biosample	https://www.ncbi.nlm.nih.gov/biosample/SAMN40621376	BioSample/@accession	SAMN40621376		data/sources/metadata_enrichment/external/biosample_candidates.tsv	1401	
Church2025:YPM-IZ-110926	collection_date	2023-04-10	biosample	https://www.ncbi.nlm.nih.gov/biosample/SAMN40621376	Attributes/Attribute[@attribute_name='collection_date']	SAMN40621376		data/sources/metadata_enrichment/external/biosample_candidates.tsv	1402	
Church2025:YPM-IZ-110926	country	Japan	biosample	https://www.ncbi.nlm.nih.gov/biosample/SAMN40621376	Attributes/Attribute[@attribute_name='geo_loc_name']	SAMN40621376	Top-level geographic jurisdiction retained as submitted, including named territories.	data/sources/metadata_enrichment/external/biosample_candidates.tsv	1403	
Church2025:YPM-IZ-110926	lat_long_raw	35.309561 N 139.478820 E	biosample	https://www.ncbi.nlm.nih.gov/biosample/SAMN40621376	Attributes/Attribute[@attribute_name='lat_lon']	SAMN40621376		data/sources/metadata_enrichment/external/biosample_candidates.tsv	1404	
Church2025:YPM-IZ-110926	latitude	35.309561	biosample	https://www.ncbi.nlm.nih.gov/biosample/SAMN40621376	Attributes/Attribute[@attribute_name='lat_lon']	SAMN40621376	Hemisphere sign applied; no geographic correction inferred.	data/sources/metadata_enrichment/external/biosample_candidates.tsv	1405	
Church2025:YPM-IZ-110926	locality	Japan	biosample	https://www.ncbi.nlm.nih.gov/biosample/SAMN40621376	Attributes/Attribute[@attribute_name='geo_loc_name']	SAMN40621376	Original geographic-location label retained; not an inference-region assignment.	data/sources/metadata_enrichment/external/biosample_candidates.tsv	1406	
Church2025:YPM-IZ-110926	longitude	139.47882	biosample	https://www.ncbi.nlm.nih.gov/biosample/SAMN40621376	Attributes/Attribute[@attribute_name='lat_lon']	SAMN40621376	Hemisphere sign applied; no geographic correction inferred.	data/sources/metadata_enrichment/external/biosample_candidates.tsv	1407	
Church2025:YPM-IZ-110926	tissue	tentacle	biosample	https://www.ncbi.nlm.nih.gov/biosample/SAMN40621376	Attributes/Attribute[@attribute_name='tissue']	SAMN40621376		data/sources/metadata_enrichment/external/biosample_candidates.tsv	1408	
Church2025:YPM-IZ-110930	biosample	SAMN40621377	biosample	https://www.ncbi.nlm.nih.gov/biosample/SAMN40621377	BioSample/@accession	SAMN40621377		data/sources/metadata_enrichment/external/biosample_candidates.tsv	1409	
Church2025:YPM-IZ-110930	collection_date	2023-04-30	biosample	https://www.ncbi.nlm.nih.gov/biosample/SAMN40621377	Attributes/Attribute[@attribute_name='collection_date']	SAMN40621377		data/sources/metadata_enrichment/external/biosample_candidates.tsv	1410	
Church2025:YPM-IZ-110930	country	Japan	biosample	https://www.ncbi.nlm.nih.gov/biosample/SAMN40621377	Attributes/Attribute[@attribute_name='geo_loc_name']	SAMN40621377	Top-level geographic jurisdiction retained as submitted, including named territories.	data/sources/metadata_enrichment/external/biosample_candidates.tsv	1411	
Church2025:YPM-IZ-110930	lat_long_raw	35.309561 N 139.478820 E	biosample	https://www.ncbi.nlm.nih.gov/biosample/SAMN40621377	Attributes/Attribute[@attribute_name='lat_lon']	SAMN40621377		data/sources/metadata_enrichment/external/biosample_candidates.tsv	1412	
Church2025:YPM-IZ-110930	latitude	35.309561	biosample	https://www.ncbi.nlm.nih.gov/biosample/SAMN40621377	Attributes/Attribute[@attribute_name='lat_lon']	SAMN40621377	Hemisphere sign applied; no geographic correction inferred.	data/sources/metadata_enrichment/external/biosample_candidates.tsv	1413	
Church2025:YPM-IZ-110930	locality	Japan	biosample	https://www.ncbi.nlm.nih.gov/biosample/SAMN40621377	Attributes/Attribute[@attribute_name='geo_loc_name']	SAMN40621377	Original geographic-location label retained; not an inference-region assignment.	data/sources/metadata_enrichment/external/biosample_candidates.tsv	1414	
Church2025:YPM-IZ-110930	longitude	139.47882	biosample	https://www.ncbi.nlm.nih.gov/biosample/SAMN40621377	Attributes/Attribute[@attribute_name='lat_lon']	SAMN40621377	Hemisphere sign applied; no geographic correction inferred.	data/sources/metadata_enrichment/external/biosample_candidates.tsv	1415	
Church2025:YPM-IZ-110930	tissue	tentacle	biosample	https://www.ncbi.nlm.nih.gov/biosample/SAMN40621377	Attributes/Attribute[@attribute_name='tissue']	SAMN40621377		data/sources/metadata_enrichment/external/biosample_candidates.tsv	1416	
Church2025:YPM-IZ-110931	biosample	SAMN40621378	biosample	https://www.ncbi.nlm.nih.gov/biosample/SAMN40621378	BioSample/@accession	SAMN40621378		data/sources/metadata_enrichment/external/biosample_candidates.tsv	1417	
Church2025:YPM-IZ-110931	collection_date	2023-05-19	biosample	https://www.ncbi.nlm.nih.gov/biosample/SAMN40621378	Attributes/Attribute[@attribute_name='collection_date']	SAMN40621378		data/sources/metadata_enrichment/external/biosample_candidates.tsv	1418	
Church2025:YPM-IZ-110931	country	Japan	biosample	https://www.ncbi.nlm.nih.gov/biosample/SAMN40621378	Attributes/Attribute[@attribute_name='geo_loc_name']	SAMN40621378	Top-level geographic jurisdiction retained as submitted, including named territories.	data/sources/metadata_enrichment/external/biosample_candidates.tsv	1419	
Church2025:YPM-IZ-110931	lat_long_raw	35.309561 N 139.478820 E	biosample	https://www.ncbi.nlm.nih.gov/biosample/SAMN40621378	Attributes/Attribute[@attribute_name='lat_lon']	SAMN40621378		data/sources/metadata_enrichment/external/biosample_candidates.tsv	1420	
Church2025:YPM-IZ-110931	latitude	35.309561	biosample	https://www.ncbi.nlm.nih.gov/biosample/SAMN40621378	Attributes/Attribute[@attribute_name='lat_lon']	SAMN40621378	Hemisphere sign applied; no geographic correction inferred.	data/sources/metadata_enrichment/external/biosample_candidates.tsv	1421	
Church2025:YPM-IZ-110931	locality	Japan	biosample	https://www.ncbi.nlm.nih.gov/biosample/SAMN40621378	Attributes/Attribute[@attribute_name='geo_loc_name']	SAMN40621378	Original geographic-location label retained; not an inference-region assignment.	data/sources/metadata_enrichment/external/biosample_candidates.tsv	1422	
Church2025:YPM-IZ-110931	longitude	139.47882	biosample	https://www.ncbi.nlm.nih.gov/biosample/SAMN40621378	Attributes/Attribute[@attribute_name='lat_lon']	SAMN40621378	Hemisphere sign applied; no geographic correction inferred.	data/sources/metadata_enrichment/external/biosample_candidates.tsv	1423	
Church2025:YPM-IZ-110931	tissue	tentacle	biosample	https://www.ncbi.nlm.nih.gov/biosample/SAMN40621378	Attributes/Attribute[@attribute_name='tissue']	SAMN40621378		data/sources/metadata_enrichment/external/biosample_candidates.tsv	1424	
Church2025:YPM-IZ-110933	biosample	SAMN40621379	biosample	https://www.ncbi.nlm.nih.gov/biosample/SAMN40621379	BioSample/@accession	SAMN40621379		data/sources/metadata_enrichment/external/biosample_candidates.tsv	1425	
Church2025:YPM-IZ-110933	collection_date	2023-07-20	biosample	https://www.ncbi.nlm.nih.gov/biosample/SAMN40621379	Attributes/Attribute[@attribute_name='collection_date']	SAMN40621379		data/sources/metadata_enrichment/external/biosample_candidates.tsv	1426	
Church2025:YPM-IZ-110933	country	Japan	biosample	https://www.ncbi.nlm.nih.gov/biosample/SAMN40621379	Attributes/Attribute[@attribute_name='geo_loc_name']	SAMN40621379	Top-level geographic jurisdiction retained as submitted, including named territories.	data/sources/metadata_enrichment/external/biosample_candidates.tsv	1427	
Church2025:YPM-IZ-110933	lat_long_raw	35.309701 N 139.478831 E	biosample	https://www.ncbi.nlm.nih.gov/biosample/SAMN40621379	Attributes/Attribute[@attribute_name='lat_lon']	SAMN40621379		data/sources/metadata_enrichment/external/biosample_candidates.tsv	1428	
Church2025:YPM-IZ-110933	latitude	35.309701	biosample	https://www.ncbi.nlm.nih.gov/biosample/SAMN40621379	Attributes/Attribute[@attribute_name='lat_lon']	SAMN40621379	Hemisphere sign applied; no geographic correction inferred.	data/sources/metadata_enrichment/external/biosample_candidates.tsv	1429	
Church2025:YPM-IZ-110933	locality	Japan	biosample	https://www.ncbi.nlm.nih.gov/biosample/SAMN40621379	Attributes/Attribute[@attribute_name='geo_loc_name']	SAMN40621379	Original geographic-location label retained; not an inference-region assignment.	data/sources/metadata_enrichment/external/biosample_candidates.tsv	1430	
Church2025:YPM-IZ-110933	longitude	139.478831	biosample	https://www.ncbi.nlm.nih.gov/biosample/SAMN40621379	Attributes/Attribute[@attribute_name='lat_lon']	SAMN40621379	Hemisphere sign applied; no geographic correction inferred.	data/sources/metadata_enrichment/external/biosample_candidates.tsv	1431	
Church2025:YPM-IZ-110933	tissue	tentacle	biosample	https://www.ncbi.nlm.nih.gov/biosample/SAMN40621379	Attributes/Attribute[@attribute_name='tissue']	SAMN40621379		data/sources/metadata_enrichment/external/biosample_candidates.tsv	1432	
Church2025:YPM-IZ-110937	biosample	SAMN40621380	biosample	https://www.ncbi.nlm.nih.gov/biosample/SAMN40621380	BioSample/@accession	SAMN40621380		data/sources/metadata_enrichment/external/biosample_candidates.tsv	1433	
Church2025:YPM-IZ-110937	collection_date	2023-07-21	biosample	https://www.ncbi.nlm.nih.gov/biosample/SAMN40621380	Attributes/Attribute[@attribute_name='collection_date']	SAMN40621380		data/sources/metadata_enrichment/external/biosample_candidates.tsv	1434	
Church2025:YPM-IZ-110937	country	Japan	biosample	https://www.ncbi.nlm.nih.gov/biosample/SAMN40621380	Attributes/Attribute[@attribute_name='geo_loc_name']	SAMN40621380	Top-level geographic jurisdiction retained as submitted, including named territories.	data/sources/metadata_enrichment/external/biosample_candidates.tsv	1435	
Church2025:YPM-IZ-110937	lat_long_raw	35.309561 N 139.478820 E	biosample	https://www.ncbi.nlm.nih.gov/biosample/SAMN40621380	Attributes/Attribute[@attribute_name='lat_lon']	SAMN40621380		data/sources/metadata_enrichment/external/biosample_candidates.tsv	1436	
Church2025:YPM-IZ-110937	latitude	35.309561	biosample	https://www.ncbi.nlm.nih.gov/biosample/SAMN40621380	Attributes/Attribute[@attribute_name='lat_lon']	SAMN40621380	Hemisphere sign applied; no geographic correction inferred.	data/sources/metadata_enrichment/external/biosample_candidates.tsv	1437	
Church2025:YPM-IZ-110937	locality	Japan	biosample	https://www.ncbi.nlm.nih.gov/biosample/SAMN40621380	Attributes/Attribute[@attribute_name='geo_loc_name']	SAMN40621380	Original geographic-location label retained; not an inference-region assignment.	data/sources/metadata_enrichment/external/biosample_candidates.tsv	1438	
Church2025:YPM-IZ-110937	longitude	139.47882	biosample	https://www.ncbi.nlm.nih.gov/biosample/SAMN40621380	Attributes/Attribute[@attribute_name='lat_lon']	SAMN40621380	Hemisphere sign applied; no geographic correction inferred.	data/sources/metadata_enrichment/external/biosample_candidates.tsv	1439	
Church2025:YPM-IZ-110937	tissue	tentacle	biosample	https://www.ncbi.nlm.nih.gov/biosample/SAMN40621380	Attributes/Attribute[@attribute_name='tissue']	SAMN40621380		data/sources/metadata_enrichment/external/biosample_candidates.tsv	1440	
Church2025:YPM-IZ-110938	biosample	SAMN40621381	biosample	https://www.ncbi.nlm.nih.gov/biosample/SAMN40621381	BioSample/@accession	SAMN40621381		data/sources/metadata_enrichment/external/biosample_candidates.tsv	1441	
Church2025:YPM-IZ-110938	collection_date	2023-09-22	biosample	https://www.ncbi.nlm.nih.gov/biosample/SAMN40621381	Attributes/Attribute[@attribute_name='collection_date']	SAMN40621381		data/sources/metadata_enrichment/external/biosample_candidates.tsv	1442	
Church2025:YPM-IZ-110938	country	Japan	biosample	https://www.ncbi.nlm.nih.gov/biosample/SAMN40621381	Attributes/Attribute[@attribute_name='geo_loc_name']	SAMN40621381	Top-level geographic jurisdiction retained as submitted, including named territories.	data/sources/metadata_enrichment/external/biosample_candidates.tsv	1443	
Church2025:YPM-IZ-110938	lat_long_raw	35.309701 N 139.478831 E	biosample	https://www.ncbi.nlm.nih.gov/biosample/SAMN40621381	Attributes/Attribute[@attribute_name='lat_lon']	SAMN40621381		data/sources/metadata_enrichment/external/biosample_candidates.tsv	1444	
Church2025:YPM-IZ-110938	latitude	35.309701	biosample	https://www.ncbi.nlm.nih.gov/biosample/SAMN40621381	Attributes/Attribute[@attribute_name='lat_lon']	SAMN40621381	Hemisphere sign applied; no geographic correction inferred.	data/sources/metadata_enrichment/external/biosample_candidates.tsv	1445	
Church2025:YPM-IZ-110938	locality	Japan	biosample	https://www.ncbi.nlm.nih.gov/biosample/SAMN40621381	Attributes/Attribute[@attribute_name='geo_loc_name']	SAMN40621381	Original geographic-location label retained; not an inference-region assignment.	data/sources/metadata_enrichment/external/biosample_candidates.tsv	1446	
Church2025:YPM-IZ-110938	longitude	139.478831	biosample	https://www.ncbi.nlm.nih.gov/biosample/SAMN40621381	Attributes/Attribute[@attribute_name='lat_lon']	SAMN40621381	Hemisphere sign applied; no geographic correction inferred.	data/sources/metadata_enrichment/external/biosample_candidates.tsv	1447	
Church2025:YPM-IZ-110938	tissue	tentacle	biosample	https://www.ncbi.nlm.nih.gov/biosample/SAMN40621381	Attributes/Attribute[@attribute_name='tissue']	SAMN40621381		data/sources/metadata_enrichment/external/biosample_candidates.tsv	1448	
Church2025:YPM-IZ-110943	biosample	SAMN40621382	biosample	https://www.ncbi.nlm.nih.gov/biosample/SAMN40621382	BioSample/@accession	SAMN40621382		data/sources/metadata_enrichment/external/biosample_candidates.tsv	1449	
Church2025:YPM-IZ-110943	collection_date	2023-05-19	biosample	https://www.ncbi.nlm.nih.gov/biosample/SAMN40621382	Attributes/Attribute[@attribute_name='collection_date']	SAMN40621382		data/sources/metadata_enrichment/external/biosample_candidates.tsv	1450	
Church2025:YPM-IZ-110943	country	Japan	biosample	https://www.ncbi.nlm.nih.gov/biosample/SAMN40621382	Attributes/Attribute[@attribute_name='geo_loc_name']	SAMN40621382	Top-level geographic jurisdiction retained as submitted, including named territories.	data/sources/metadata_enrichment/external/biosample_candidates.tsv	1451	
Church2025:YPM-IZ-110943	lat_long_raw	35.134935 N 140.284606 E	biosample	https://www.ncbi.nlm.nih.gov/biosample/SAMN40621382	Attributes/Attribute[@attribute_name='lat_lon']	SAMN40621382		data/sources/metadata_enrichment/external/biosample_candidates.tsv	1452	
Church2025:YPM-IZ-110943	latitude	35.134935	biosample	https://www.ncbi.nlm.nih.gov/biosample/SAMN40621382	Attributes/Attribute[@attribute_name='lat_lon']	SAMN40621382	Hemisphere sign applied; no geographic correction inferred.	data/sources/metadata_enrichment/external/biosample_candidates.tsv	1453	
Church2025:YPM-IZ-110943	locality	Japan	biosample	https://www.ncbi.nlm.nih.gov/biosample/SAMN40621382	Attributes/Attribute[@attribute_name='geo_loc_name']	SAMN40621382	Original geographic-location label retained; not an inference-region assignment.	data/sources/metadata_enrichment/external/biosample_candidates.tsv	1454	
Church2025:YPM-IZ-110943	longitude	140.284606	biosample	https://www.ncbi.nlm.nih.gov/biosample/SAMN40621382	Attributes/Attribute[@attribute_name='lat_lon']	SAMN40621382	Hemisphere sign applied; no geographic correction inferred.	data/sources/metadata_enrichment/external/biosample_candidates.tsv	1455	
Church2025:YPM-IZ-110943	tissue	tentacle	biosample	https://www.ncbi.nlm.nih.gov/biosample/SAMN40621382	Attributes/Attribute[@attribute_name='tissue']	SAMN40621382		data/sources/metadata_enrichment/external/biosample_candidates.tsv	1456	
Church2025:YPM-IZ-110972	biosample	SAMN40621383	biosample	https://www.ncbi.nlm.nih.gov/biosample/SAMN40621383	BioSample/@accession	SAMN40621383		data/sources/metadata_enrichment/external/biosample_candidates.tsv	1457	
Church2025:YPM-IZ-110972	collection_date	2023-10-08	biosample	https://www.ncbi.nlm.nih.gov/biosample/SAMN40621383	Attributes/Attribute[@attribute_name='collection_date']	SAMN40621383		data/sources/metadata_enrichment/external/biosample_candidates.tsv	1458	
Church2025:YPM-IZ-110972	country	Ireland	biosample	https://www.ncbi.nlm.nih.gov/biosample/SAMN40621383	Attributes/Attribute[@attribute_name='geo_loc_name']	SAMN40621383	Top-level geographic jurisdiction retained as submitted, including named territories.	data/sources/metadata_enrichment/external/biosample_candidates.tsv	1459	
Church2025:YPM-IZ-110972	lat_long_raw	51.83707 N 10.19556 W	biosample	https://www.ncbi.nlm.nih.gov/biosample/SAMN40621383	Attributes/Attribute[@attribute_name='lat_lon']	SAMN40621383		data/sources/metadata_enrichment/external/biosample_candidates.tsv	1460	
Church2025:YPM-IZ-110972	latitude	51.83707	biosample	https://www.ncbi.nlm.nih.gov/biosample/SAMN40621383	Attributes/Attribute[@attribute_name='lat_lon']	SAMN40621383	Hemisphere sign applied; no geographic correction inferred.	data/sources/metadata_enrichment/external/biosample_candidates.tsv	1461	
Church2025:YPM-IZ-110972	locality	Ireland	biosample	https://www.ncbi.nlm.nih.gov/biosample/SAMN40621383	Attributes/Attribute[@attribute_name='geo_loc_name']	SAMN40621383	Original geographic-location label retained; not an inference-region assignment.	data/sources/metadata_enrichment/external/biosample_candidates.tsv	1462	
Church2025:YPM-IZ-110972	longitude	-10.19556	biosample	https://www.ncbi.nlm.nih.gov/biosample/SAMN40621383	Attributes/Attribute[@attribute_name='lat_lon']	SAMN40621383	Hemisphere sign applied; no geographic correction inferred.	data/sources/metadata_enrichment/external/biosample_candidates.tsv	1463	
Church2025:YPM-IZ-110972	tissue	tentacle	biosample	https://www.ncbi.nlm.nih.gov/biosample/SAMN40621383	Attributes/Attribute[@attribute_name='tissue']	SAMN40621383		data/sources/metadata_enrichment/external/biosample_candidates.tsv	1464	
Church2025:YPM-IZ-111006	biosample	SAMN40621384	biosample	https://www.ncbi.nlm.nih.gov/biosample/SAMN40621384	BioSample/@accession	SAMN40621384		data/sources/metadata_enrichment/external/biosample_candidates.tsv	1465	
Church2025:YPM-IZ-111006	collection_date	2023-08-08	biosample	https://www.ncbi.nlm.nih.gov/biosample/SAMN40621384	Attributes/Attribute[@attribute_name='collection_date']	SAMN40621384		data/sources/metadata_enrichment/external/biosample_candidates.tsv	1466	
Church2025:YPM-IZ-111006	country	South Africa	biosample	https://www.ncbi.nlm.nih.gov/biosample/SAMN40621384	Attributes/Attribute[@attribute_name='geo_loc_name']	SAMN40621384	Top-level geographic jurisdiction retained as submitted, including named territories.	data/sources/metadata_enrichment/external/biosample_candidates.tsv	1467	
Church2025:YPM-IZ-111006	lat_long_raw	27.539919 S 32.678650 E	biosample	https://www.ncbi.nlm.nih.gov/biosample/SAMN40621384	Attributes/Attribute[@attribute_name='lat_lon']	SAMN40621384		data/sources/metadata_enrichment/external/biosample_candidates.tsv	1468	
Church2025:YPM-IZ-111006	latitude	-27.539919	biosample	https://www.ncbi.nlm.nih.gov/biosample/SAMN40621384	Attributes/Attribute[@attribute_name='lat_lon']	SAMN40621384	Hemisphere sign applied; no geographic correction inferred.	data/sources/metadata_enrichment/external/biosample_candidates.tsv	1469	
Church2025:YPM-IZ-111006	locality	South Africa	biosample	https://www.ncbi.nlm.nih.gov/biosample/SAMN40621384	Attributes/Attribute[@attribute_name='geo_loc_name']	SAMN40621384	Original geographic-location label retained; not an inference-region assignment.	data/sources/metadata_enrichment/external/biosample_candidates.tsv	1470	
Church2025:YPM-IZ-111006	longitude	32.67865	biosample	https://www.ncbi.nlm.nih.gov/biosample/SAMN40621384	Attributes/Attribute[@attribute_name='lat_lon']	SAMN40621384	Hemisphere sign applied; no geographic correction inferred.	data/sources/metadata_enrichment/external/biosample_candidates.tsv	1471	
Church2025:YPM-IZ-111006	tissue	tentacle	biosample	https://www.ncbi.nlm.nih.gov/biosample/SAMN40621384	Attributes/Attribute[@attribute_name='tissue']	SAMN40621384		data/sources/metadata_enrichment/external/biosample_candidates.tsv	1472	
Church2025:YPM-IZ-111007	biosample	SAMN40621385	biosample	https://www.ncbi.nlm.nih.gov/biosample/SAMN40621385	BioSample/@accession	SAMN40621385		data/sources/metadata_enrichment/external/biosample_candidates.tsv	1473	
Church2025:YPM-IZ-111007	collection_date	2023-08-08	biosample	https://www.ncbi.nlm.nih.gov/biosample/SAMN40621385	Attributes/Attribute[@attribute_name='collection_date']	SAMN40621385		data/sources/metadata_enrichment/external/biosample_candidates.tsv	1474	
Church2025:YPM-IZ-111007	country	South Africa	biosample	https://www.ncbi.nlm.nih.gov/biosample/SAMN40621385	Attributes/Attribute[@attribute_name='geo_loc_name']	SAMN40621385	Top-level geographic jurisdiction retained as submitted, including named territories.	data/sources/metadata_enrichment/external/biosample_candidates.tsv	1475	
Church2025:YPM-IZ-111007	lat_long_raw	27.539919 S 32.678650 E	biosample	https://www.ncbi.nlm.nih.gov/biosample/SAMN40621385	Attributes/Attribute[@attribute_name='lat_lon']	SAMN40621385		data/sources/metadata_enrichment/external/biosample_candidates.tsv	1476	
Church2025:YPM-IZ-111007	latitude	-27.539919	biosample	https://www.ncbi.nlm.nih.gov/biosample/SAMN40621385	Attributes/Attribute[@attribute_name='lat_lon']	SAMN40621385	Hemisphere sign applied; no geographic correction inferred.	data/sources/metadata_enrichment/external/biosample_candidates.tsv	1477	
Church2025:YPM-IZ-111007	locality	South Africa	biosample	https://www.ncbi.nlm.nih.gov/biosample/SAMN40621385	Attributes/Attribute[@attribute_name='geo_loc_name']	SAMN40621385	Original geographic-location label retained; not an inference-region assignment.	data/sources/metadata_enrichment/external/biosample_candidates.tsv	1478	
Church2025:YPM-IZ-111007	longitude	32.67865	biosample	https://www.ncbi.nlm.nih.gov/biosample/SAMN40621385	Attributes/Attribute[@attribute_name='lat_lon']	SAMN40621385	Hemisphere sign applied; no geographic correction inferred.	data/sources/metadata_enrichment/external/biosample_candidates.tsv	1479	
Church2025:YPM-IZ-111007	tissue	tentacle	biosample	https://www.ncbi.nlm.nih.gov/biosample/SAMN40621385	Attributes/Attribute[@attribute_name='tissue']	SAMN40621385		data/sources/metadata_enrichment/external/biosample_candidates.tsv	1480	
Church2025:YPM-IZ-111008	biosample	SAMN40621386	biosample	https://www.ncbi.nlm.nih.gov/biosample/SAMN40621386	BioSample/@accession	SAMN40621386		data/sources/metadata_enrichment/external/biosample_candidates.tsv	1481	
Church2025:YPM-IZ-111008	collection_date	2023-08-08	biosample	https://www.ncbi.nlm.nih.gov/biosample/SAMN40621386	Attributes/Attribute[@attribute_name='collection_date']	SAMN40621386		data/sources/metadata_enrichment/external/biosample_candidates.tsv	1482	
Church2025:YPM-IZ-111008	country	South Africa	biosample	https://www.ncbi.nlm.nih.gov/biosample/SAMN40621386	Attributes/Attribute[@attribute_name='geo_loc_name']	SAMN40621386	Top-level geographic jurisdiction retained as submitted, including named territories.	data/sources/metadata_enrichment/external/biosample_candidates.tsv	1483	
Church2025:YPM-IZ-111008	lat_long_raw	27.539919 S 32.678650 E	biosample	https://www.ncbi.nlm.nih.gov/biosample/SAMN40621386	Attributes/Attribute[@attribute_name='lat_lon']	SAMN40621386		data/sources/metadata_enrichment/external/biosample_candidates.tsv	1484	
Church2025:YPM-IZ-111008	latitude	-27.539919	biosample	https://www.ncbi.nlm.nih.gov/biosample/SAMN40621386	Attributes/Attribute[@attribute_name='lat_lon']	SAMN40621386	Hemisphere sign applied; no geographic correction inferred.	data/sources/metadata_enrichment/external/biosample_candidates.tsv	1485	
Church2025:YPM-IZ-111008	locality	South Africa	biosample	https://www.ncbi.nlm.nih.gov/biosample/SAMN40621386	Attributes/Attribute[@attribute_name='geo_loc_name']	SAMN40621386	Original geographic-location label retained; not an inference-region assignment.	data/sources/metadata_enrichment/external/biosample_candidates.tsv	1486	
Church2025:YPM-IZ-111008	longitude	32.67865	biosample	https://www.ncbi.nlm.nih.gov/biosample/SAMN40621386	Attributes/Attribute[@attribute_name='lat_lon']	SAMN40621386	Hemisphere sign applied; no geographic correction inferred.	data/sources/metadata_enrichment/external/biosample_candidates.tsv	1487	
Church2025:YPM-IZ-111008	tissue	tentacle	biosample	https://www.ncbi.nlm.nih.gov/biosample/SAMN40621386	Attributes/Attribute[@attribute_name='tissue']	SAMN40621386		data/sources/metadata_enrichment/external/biosample_candidates.tsv	1488	
Church2025:YPM-IZ-111009	biosample	SAMN40621387	biosample	https://www.ncbi.nlm.nih.gov/biosample/SAMN40621387	BioSample/@accession	SAMN40621387		data/sources/metadata_enrichment/external/biosample_candidates.tsv	1489	
Church2025:YPM-IZ-111009	collection_date	2023-08-08	biosample	https://www.ncbi.nlm.nih.gov/biosample/SAMN40621387	Attributes/Attribute[@attribute_name='collection_date']	SAMN40621387		data/sources/metadata_enrichment/external/biosample_candidates.tsv	1490	
Church2025:YPM-IZ-111009	country	South Africa	biosample	https://www.ncbi.nlm.nih.gov/biosample/SAMN40621387	Attributes/Attribute[@attribute_name='geo_loc_name']	SAMN40621387	Top-level geographic jurisdiction retained as submitted, including named territories.	data/sources/metadata_enrichment/external/biosample_candidates.tsv	1491	
Church2025:YPM-IZ-111009	lat_long_raw	27.539919 S 32.678650 E	biosample	https://www.ncbi.nlm.nih.gov/biosample/SAMN40621387	Attributes/Attribute[@attribute_name='lat_lon']	SAMN40621387		data/sources/metadata_enrichment/external/biosample_candidates.tsv	1492	
Church2025:YPM-IZ-111009	latitude	-27.539919	biosample	https://www.ncbi.nlm.nih.gov/biosample/SAMN40621387	Attributes/Attribute[@attribute_name='lat_lon']	SAMN40621387	Hemisphere sign applied; no geographic correction inferred.	data/sources/metadata_enrichment/external/biosample_candidates.tsv	1493	
Church2025:YPM-IZ-111009	locality	South Africa	biosample	https://www.ncbi.nlm.nih.gov/biosample/SAMN40621387	Attributes/Attribute[@attribute_name='geo_loc_name']	SAMN40621387	Original geographic-location label retained; not an inference-region assignment.	data/sources/metadata_enrichment/external/biosample_candidates.tsv	1494	
Church2025:YPM-IZ-111009	longitude	32.67865	biosample	https://www.ncbi.nlm.nih.gov/biosample/SAMN40621387	Attributes/Attribute[@attribute_name='lat_lon']	SAMN40621387	Hemisphere sign applied; no geographic correction inferred.	data/sources/metadata_enrichment/external/biosample_candidates.tsv	1495	
Church2025:YPM-IZ-111009	tissue	tentacle	biosample	https://www.ncbi.nlm.nih.gov/biosample/SAMN40621387	Attributes/Attribute[@attribute_name='tissue']	SAMN40621387		data/sources/metadata_enrichment/external/biosample_candidates.tsv	1496	
Church2025:YPM-IZ-111010	biosample	SAMN40621388	biosample	https://www.ncbi.nlm.nih.gov/biosample/SAMN40621388	BioSample/@accession	SAMN40621388		data/sources/metadata_enrichment/external/biosample_candidates.tsv	1497	
Church2025:YPM-IZ-111010	collection_date	2023-08-08	biosample	https://www.ncbi.nlm.nih.gov/biosample/SAMN40621388	Attributes/Attribute[@attribute_name='collection_date']	SAMN40621388		data/sources/metadata_enrichment/external/biosample_candidates.tsv	1498	
Church2025:YPM-IZ-111010	country	South Africa	biosample	https://www.ncbi.nlm.nih.gov/biosample/SAMN40621388	Attributes/Attribute[@attribute_name='geo_loc_name']	SAMN40621388	Top-level geographic jurisdiction retained as submitted, including named territories.	data/sources/metadata_enrichment/external/biosample_candidates.tsv	1499	
Church2025:YPM-IZ-111010	lat_long_raw	27.539919 S 32.678650 E	biosample	https://www.ncbi.nlm.nih.gov/biosample/SAMN40621388	Attributes/Attribute[@attribute_name='lat_lon']	SAMN40621388		data/sources/metadata_enrichment/external/biosample_candidates.tsv	1500	
Church2025:YPM-IZ-111010	latitude	-27.539919	biosample	https://www.ncbi.nlm.nih.gov/biosample/SAMN40621388	Attributes/Attribute[@attribute_name='lat_lon']	SAMN40621388	Hemisphere sign applied; no geographic correction inferred.	data/sources/metadata_enrichment/external/biosample_candidates.tsv	1501	
Church2025:YPM-IZ-111010	locality	South Africa	biosample	https://www.ncbi.nlm.nih.gov/biosample/SAMN40621388	Attributes/Attribute[@attribute_name='geo_loc_name']	SAMN40621388	Original geographic-location label retained; not an inference-region assignment.	data/sources/metadata_enrichment/external/biosample_candidates.tsv	1502	
Church2025:YPM-IZ-111010	longitude	32.67865	biosample	https://www.ncbi.nlm.nih.gov/biosample/SAMN40621388	Attributes/Attribute[@attribute_name='lat_lon']	SAMN40621388	Hemisphere sign applied; no geographic correction inferred.	data/sources/metadata_enrichment/external/biosample_candidates.tsv	1503	
Church2025:YPM-IZ-111010	tissue	tentacle	biosample	https://www.ncbi.nlm.nih.gov/biosample/SAMN40621388	Attributes/Attribute[@attribute_name='tissue']	SAMN40621388		data/sources/metadata_enrichment/external/biosample_candidates.tsv	1504	
Church2025:YPM-IZ-111012	biosample	SAMN40621389	biosample	https://www.ncbi.nlm.nih.gov/biosample/SAMN40621389	BioSample/@accession	SAMN40621389		data/sources/metadata_enrichment/external/biosample_candidates.tsv	1505	
Church2025:YPM-IZ-111012	collection_date	2022-03-08	biosample	https://www.ncbi.nlm.nih.gov/biosample/SAMN40621389	Attributes/Attribute[@attribute_name='collection_date']	SAMN40621389		data/sources/metadata_enrichment/external/biosample_candidates.tsv	1506	
Church2025:YPM-IZ-111012	country	Bermuda	biosample	https://www.ncbi.nlm.nih.gov/biosample/SAMN40621389	Attributes/Attribute[@attribute_name='geo_loc_name']	SAMN40621389	Top-level geographic jurisdiction retained as submitted, including named territories.	data/sources/metadata_enrichment/external/biosample_candidates.tsv	1507	
Church2025:YPM-IZ-111012	locality	Bermuda	biosample	https://www.ncbi.nlm.nih.gov/biosample/SAMN40621389	Attributes/Attribute[@attribute_name='geo_loc_name']	SAMN40621389	Original geographic-location label retained; not an inference-region assignment.	data/sources/metadata_enrichment/external/biosample_candidates.tsv	1508	
Church2025:YPM-IZ-111012	tissue	tentacle	biosample	https://www.ncbi.nlm.nih.gov/biosample/SAMN40621389	Attributes/Attribute[@attribute_name='tissue']	SAMN40621389		data/sources/metadata_enrichment/external/biosample_candidates.tsv	1509	
Church2025:YPM-IZ-111013	biosample	SAMN40621390	biosample	https://www.ncbi.nlm.nih.gov/biosample/SAMN40621390	BioSample/@accession	SAMN40621390		data/sources/metadata_enrichment/external/biosample_candidates.tsv	1510	
Church2025:YPM-IZ-111013	collection_date	2022-03-08	biosample	https://www.ncbi.nlm.nih.gov/biosample/SAMN40621390	Attributes/Attribute[@attribute_name='collection_date']	SAMN40621390		data/sources/metadata_enrichment/external/biosample_candidates.tsv	1511	
Church2025:YPM-IZ-111013	country	Bermuda	biosample	https://www.ncbi.nlm.nih.gov/biosample/SAMN40621390	Attributes/Attribute[@attribute_name='geo_loc_name']	SAMN40621390	Top-level geographic jurisdiction retained as submitted, including named territories.	data/sources/metadata_enrichment/external/biosample_candidates.tsv	1512	
Church2025:YPM-IZ-111013	locality	Bermuda	biosample	https://www.ncbi.nlm.nih.gov/biosample/SAMN40621390	Attributes/Attribute[@attribute_name='geo_loc_name']	SAMN40621390	Original geographic-location label retained; not an inference-region assignment.	data/sources/metadata_enrichment/external/biosample_candidates.tsv	1513	
Church2025:YPM-IZ-111013	tissue	tentacle	biosample	https://www.ncbi.nlm.nih.gov/biosample/SAMN40621390	Attributes/Attribute[@attribute_name='tissue']	SAMN40621390		data/sources/metadata_enrichment/external/biosample_candidates.tsv	1514	
Church2025:YPM-IZ-111014	biosample	SAMN40621391	biosample	https://www.ncbi.nlm.nih.gov/biosample/SAMN40621391	BioSample/@accession	SAMN40621391		data/sources/metadata_enrichment/external/biosample_candidates.tsv	1515	
Church2025:YPM-IZ-111014	collection_date	2022-03-09	biosample	https://www.ncbi.nlm.nih.gov/biosample/SAMN40621391	Attributes/Attribute[@attribute_name='collection_date']	SAMN40621391		data/sources/metadata_enrichment/external/biosample_candidates.tsv	1516	
Church2025:YPM-IZ-111014	country	Bermuda	biosample	https://www.ncbi.nlm.nih.gov/biosample/SAMN40621391	Attributes/Attribute[@attribute_name='geo_loc_name']	SAMN40621391	Top-level geographic jurisdiction retained as submitted, including named territories.	data/sources/metadata_enrichment/external/biosample_candidates.tsv	1517	
Church2025:YPM-IZ-111014	locality	Bermuda	biosample	https://www.ncbi.nlm.nih.gov/biosample/SAMN40621391	Attributes/Attribute[@attribute_name='geo_loc_name']	SAMN40621391	Original geographic-location label retained; not an inference-region assignment.	data/sources/metadata_enrichment/external/biosample_candidates.tsv	1518	
Church2025:YPM-IZ-111014	tissue	tentacle	biosample	https://www.ncbi.nlm.nih.gov/biosample/SAMN40621391	Attributes/Attribute[@attribute_name='tissue']	SAMN40621391		data/sources/metadata_enrichment/external/biosample_candidates.tsv	1519	
Church2025:YPM-IZ-111016	biosample	SAMN40621392	biosample	https://www.ncbi.nlm.nih.gov/biosample/SAMN40621392	BioSample/@accession	SAMN40621392		data/sources/metadata_enrichment/external/biosample_candidates.tsv	1520	
Church2025:YPM-IZ-111016	collection_date	2022-03-09	biosample	https://www.ncbi.nlm.nih.gov/biosample/SAMN40621392	Attributes/Attribute[@attribute_name='collection_date']	SAMN40621392		data/sources/metadata_enrichment/external/biosample_candidates.tsv	1521	
Church2025:YPM-IZ-111016	country	Bermuda	biosample	https://www.ncbi.nlm.nih.gov/biosample/SAMN40621392	Attributes/Attribute[@attribute_name='geo_loc_name']	SAMN40621392	Top-level geographic jurisdiction retained as submitted, including named territories.	data/sources/metadata_enrichment/external/biosample_candidates.tsv	1522	
Church2025:YPM-IZ-111016	locality	Bermuda	biosample	https://www.ncbi.nlm.nih.gov/biosample/SAMN40621392	Attributes/Attribute[@attribute_name='geo_loc_name']	SAMN40621392	Original geographic-location label retained; not an inference-region assignment.	data/sources/metadata_enrichment/external/biosample_candidates.tsv	1523	
Church2025:YPM-IZ-111016	tissue	tentacle	biosample	https://www.ncbi.nlm.nih.gov/biosample/SAMN40621392	Attributes/Attribute[@attribute_name='tissue']	SAMN40621392		data/sources/metadata_enrichment/external/biosample_candidates.tsv	1524	
Church2025:YPM-IZ-111017	biosample	SAMN40621393	biosample	https://www.ncbi.nlm.nih.gov/biosample/SAMN40621393	BioSample/@accession	SAMN40621393		data/sources/metadata_enrichment/external/biosample_candidates.tsv	1525	
Church2025:YPM-IZ-111017	collection_date	2022-03-09	biosample	https://www.ncbi.nlm.nih.gov/biosample/SAMN40621393	Attributes/Attribute[@attribute_name='collection_date']	SAMN40621393		data/sources/metadata_enrichment/external/biosample_candidates.tsv	1526	
Church2025:YPM-IZ-111017	country	Bermuda	biosample	https://www.ncbi.nlm.nih.gov/biosample/SAMN40621393	Attributes/Attribute[@attribute_name='geo_loc_name']	SAMN40621393	Top-level geographic jurisdiction retained as submitted, including named territories.	data/sources/metadata_enrichment/external/biosample_candidates.tsv	1527	
Church2025:YPM-IZ-111017	locality	Bermuda	biosample	https://www.ncbi.nlm.nih.gov/biosample/SAMN40621393	Attributes/Attribute[@attribute_name='geo_loc_name']	SAMN40621393	Original geographic-location label retained; not an inference-region assignment.	data/sources/metadata_enrichment/external/biosample_candidates.tsv	1528	
Church2025:YPM-IZ-111017	tissue	tentacle	biosample	https://www.ncbi.nlm.nih.gov/biosample/SAMN40621393	Attributes/Attribute[@attribute_name='tissue']	SAMN40621393		data/sources/metadata_enrichment/external/biosample_candidates.tsv	1529	
Church2025:YPM-IZ-111018	biosample	SAMN40621394	biosample	https://www.ncbi.nlm.nih.gov/biosample/SAMN40621394	BioSample/@accession	SAMN40621394		data/sources/metadata_enrichment/external/biosample_candidates.tsv	1530	
Church2025:YPM-IZ-111018	collection_date	2022-03-09	biosample	https://www.ncbi.nlm.nih.gov/biosample/SAMN40621394	Attributes/Attribute[@attribute_name='collection_date']	SAMN40621394		data/sources/metadata_enrichment/external/biosample_candidates.tsv	1531	
Church2025:YPM-IZ-111018	country	Bermuda	biosample	https://www.ncbi.nlm.nih.gov/biosample/SAMN40621394	Attributes/Attribute[@attribute_name='geo_loc_name']	SAMN40621394	Top-level geographic jurisdiction retained as submitted, including named territories.	data/sources/metadata_enrichment/external/biosample_candidates.tsv	1532	
Church2025:YPM-IZ-111018	locality	Bermuda	biosample	https://www.ncbi.nlm.nih.gov/biosample/SAMN40621394	Attributes/Attribute[@attribute_name='geo_loc_name']	SAMN40621394	Original geographic-location label retained; not an inference-region assignment.	data/sources/metadata_enrichment/external/biosample_candidates.tsv	1533	
Church2025:YPM-IZ-111018	tissue	tentacle	biosample	https://www.ncbi.nlm.nih.gov/biosample/SAMN40621394	Attributes/Attribute[@attribute_name='tissue']	SAMN40621394		data/sources/metadata_enrichment/external/biosample_candidates.tsv	1534	
Church2025:YPM-IZ-111156	biosample	SAMN41900818	biosample	https://www.ncbi.nlm.nih.gov/biosample/SAMN41900818	BioSample/@accession	SAMN41900818		data/sources/metadata_enrichment/external/biosample_candidates.tsv	1535	
Church2025:YPM-IZ-111156	collection_date	2023-10-16	biosample	https://www.ncbi.nlm.nih.gov/biosample/SAMN41900818	Attributes/Attribute[@attribute_name='collection_date']	SAMN41900818		data/sources/metadata_enrichment/external/biosample_candidates.tsv	1536	
Church2025:YPM-IZ-111156	lat_long_raw	35.747000 S 154.330000 E	biosample	https://www.ncbi.nlm.nih.gov/biosample/SAMN41900818	Attributes/Attribute[@attribute_name='lat_lon']	SAMN41900818		data/sources/metadata_enrichment/external/biosample_candidates.tsv	1537	
Church2025:YPM-IZ-111156	latitude	-35.747	biosample	https://www.ncbi.nlm.nih.gov/biosample/SAMN41900818	Attributes/Attribute[@attribute_name='lat_lon']	SAMN41900818	Hemisphere sign applied; no geographic correction inferred.	data/sources/metadata_enrichment/external/biosample_candidates.tsv	1538	
Church2025:YPM-IZ-111156	locality	Tasman Sea	biosample	https://www.ncbi.nlm.nih.gov/biosample/SAMN41900818	Attributes/Attribute[@attribute_name='geo_loc_name']	SAMN41900818	Original geographic-location label retained; not an inference-region assignment.	data/sources/metadata_enrichment/external/biosample_candidates.tsv	1539	
Church2025:YPM-IZ-111156	longitude	154.33	biosample	https://www.ncbi.nlm.nih.gov/biosample/SAMN41900818	Attributes/Attribute[@attribute_name='lat_lon']	SAMN41900818	Hemisphere sign applied; no geographic correction inferred.	data/sources/metadata_enrichment/external/biosample_candidates.tsv	1540	
Church2025:YPM-IZ-111156	tissue	tentacle	biosample	https://www.ncbi.nlm.nih.gov/biosample/SAMN41900818	Attributes/Attribute[@attribute_name='tissue']	SAMN41900818		data/sources/metadata_enrichment/external/biosample_candidates.tsv	1541	
Church2025:YPM-IZ-111157	biosample	SAMN41900819	biosample	https://www.ncbi.nlm.nih.gov/biosample/SAMN41900819	BioSample/@accession	SAMN41900819		data/sources/metadata_enrichment/external/biosample_candidates.tsv	1542	
Church2025:YPM-IZ-111157	collection_date	2023-10-16	biosample	https://www.ncbi.nlm.nih.gov/biosample/SAMN41900819	Attributes/Attribute[@attribute_name='collection_date']	SAMN41900819		data/sources/metadata_enrichment/external/biosample_candidates.tsv	1543	
Church2025:YPM-IZ-111157	lat_long_raw	35.747000 S 154.330000 E	biosample	https://www.ncbi.nlm.nih.gov/biosample/SAMN41900819	Attributes/Attribute[@attribute_name='lat_lon']	SAMN41900819		data/sources/metadata_enrichment/external/biosample_candidates.tsv	1544	
Church2025:YPM-IZ-111157	latitude	-35.747	biosample	https://www.ncbi.nlm.nih.gov/biosample/SAMN41900819	Attributes/Attribute[@attribute_name='lat_lon']	SAMN41900819	Hemisphere sign applied; no geographic correction inferred.	data/sources/metadata_enrichment/external/biosample_candidates.tsv	1545	
Church2025:YPM-IZ-111157	locality	Tasman Sea	biosample	https://www.ncbi.nlm.nih.gov/biosample/SAMN41900819	Attributes/Attribute[@attribute_name='geo_loc_name']	SAMN41900819	Original geographic-location label retained; not an inference-region assignment.	data/sources/metadata_enrichment/external/biosample_candidates.tsv	1546	
Church2025:YPM-IZ-111157	longitude	154.33	biosample	https://www.ncbi.nlm.nih.gov/biosample/SAMN41900819	Attributes/Attribute[@attribute_name='lat_lon']	SAMN41900819	Hemisphere sign applied; no geographic correction inferred.	data/sources/metadata_enrichment/external/biosample_candidates.tsv	1547	
Church2025:YPM-IZ-111157	tissue	tentacle	biosample	https://www.ncbi.nlm.nih.gov/biosample/SAMN41900819	Attributes/Attribute[@attribute_name='tissue']	SAMN41900819		data/sources/metadata_enrichment/external/biosample_candidates.tsv	1548	
Church2025:YPM-IZ-111158	biosample	SAMN41900820	biosample	https://www.ncbi.nlm.nih.gov/biosample/SAMN41900820	BioSample/@accession	SAMN41900820		data/sources/metadata_enrichment/external/biosample_candidates.tsv	1549	
Church2025:YPM-IZ-111158	collection_date	2023-10-16	biosample	https://www.ncbi.nlm.nih.gov/biosample/SAMN41900820	Attributes/Attribute[@attribute_name='collection_date']	SAMN41900820		data/sources/metadata_enrichment/external/biosample_candidates.tsv	1550	
Church2025:YPM-IZ-111158	lat_long_raw	35.747000 S 154.330000 E	biosample	https://www.ncbi.nlm.nih.gov/biosample/SAMN41900820	Attributes/Attribute[@attribute_name='lat_lon']	SAMN41900820		data/sources/metadata_enrichment/external/biosample_candidates.tsv	1551	
Church2025:YPM-IZ-111158	latitude	-35.747	biosample	https://www.ncbi.nlm.nih.gov/biosample/SAMN41900820	Attributes/Attribute[@attribute_name='lat_lon']	SAMN41900820	Hemisphere sign applied; no geographic correction inferred.	data/sources/metadata_enrichment/external/biosample_candidates.tsv	1552	
Church2025:YPM-IZ-111158	locality	Tasman Sea	biosample	https://www.ncbi.nlm.nih.gov/biosample/SAMN41900820	Attributes/Attribute[@attribute_name='geo_loc_name']	SAMN41900820	Original geographic-location label retained; not an inference-region assignment.	data/sources/metadata_enrichment/external/biosample_candidates.tsv	1553	
Church2025:YPM-IZ-111158	longitude	154.33	biosample	https://www.ncbi.nlm.nih.gov/biosample/SAMN41900820	Attributes/Attribute[@attribute_name='lat_lon']	SAMN41900820	Hemisphere sign applied; no geographic correction inferred.	data/sources/metadata_enrichment/external/biosample_candidates.tsv	1554	
Church2025:YPM-IZ-111158	tissue	tentacle	biosample	https://www.ncbi.nlm.nih.gov/biosample/SAMN41900820	Attributes/Attribute[@attribute_name='tissue']	SAMN41900820		data/sources/metadata_enrichment/external/biosample_candidates.tsv	1555	
Church2025:YPM-IZ-111159	biosample	SAMN41900821	biosample	https://www.ncbi.nlm.nih.gov/biosample/SAMN41900821	BioSample/@accession	SAMN41900821		data/sources/metadata_enrichment/external/biosample_candidates.tsv	1556	
Church2025:YPM-IZ-111159	collection_date	2023-10-16	biosample	https://www.ncbi.nlm.nih.gov/biosample/SAMN41900821	Attributes/Attribute[@attribute_name='collection_date']	SAMN41900821		data/sources/metadata_enrichment/external/biosample_candidates.tsv	1557	
Church2025:YPM-IZ-111159	lat_long_raw	35.747000 S 154.330000 E	biosample	https://www.ncbi.nlm.nih.gov/biosample/SAMN41900821	Attributes/Attribute[@attribute_name='lat_lon']	SAMN41900821		data/sources/metadata_enrichment/external/biosample_candidates.tsv	1558	
Church2025:YPM-IZ-111159	latitude	-35.747	biosample	https://www.ncbi.nlm.nih.gov/biosample/SAMN41900821	Attributes/Attribute[@attribute_name='lat_lon']	SAMN41900821	Hemisphere sign applied; no geographic correction inferred.	data/sources/metadata_enrichment/external/biosample_candidates.tsv	1559	
Church2025:YPM-IZ-111159	locality	Tasman Sea	biosample	https://www.ncbi.nlm.nih.gov/biosample/SAMN41900821	Attributes/Attribute[@attribute_name='geo_loc_name']	SAMN41900821	Original geographic-location label retained; not an inference-region assignment.	data/sources/metadata_enrichment/external/biosample_candidates.tsv	1560	
Church2025:YPM-IZ-111159	longitude	154.33	biosample	https://www.ncbi.nlm.nih.gov/biosample/SAMN41900821	Attributes/Attribute[@attribute_name='lat_lon']	SAMN41900821	Hemisphere sign applied; no geographic correction inferred.	data/sources/metadata_enrichment/external/biosample_candidates.tsv	1561	
Church2025:YPM-IZ-111159	tissue	tentacle	biosample	https://www.ncbi.nlm.nih.gov/biosample/SAMN41900821	Attributes/Attribute[@attribute_name='tissue']	SAMN41900821		data/sources/metadata_enrichment/external/biosample_candidates.tsv	1562	
Church2025:YPM-IZ-111160	biosample	SAMN41900822	biosample	https://www.ncbi.nlm.nih.gov/biosample/SAMN41900822	BioSample/@accession	SAMN41900822		data/sources/metadata_enrichment/external/biosample_candidates.tsv	1563	
Church2025:YPM-IZ-111160	collection_date	2023-10-16	biosample	https://www.ncbi.nlm.nih.gov/biosample/SAMN41900822	Attributes/Attribute[@attribute_name='collection_date']	SAMN41900822		data/sources/metadata_enrichment/external/biosample_candidates.tsv	1564	
Church2025:YPM-IZ-111160	lat_long_raw	35.747000 S 154.330000 E	biosample	https://www.ncbi.nlm.nih.gov/biosample/SAMN41900822	Attributes/Attribute[@attribute_name='lat_lon']	SAMN41900822		data/sources/metadata_enrichment/external/biosample_candidates.tsv	1565	
Church2025:YPM-IZ-111160	latitude	-35.747	biosample	https://www.ncbi.nlm.nih.gov/biosample/SAMN41900822	Attributes/Attribute[@attribute_name='lat_lon']	SAMN41900822	Hemisphere sign applied; no geographic correction inferred.	data/sources/metadata_enrichment/external/biosample_candidates.tsv	1566	
Church2025:YPM-IZ-111160	locality	Tasman Sea	biosample	https://www.ncbi.nlm.nih.gov/biosample/SAMN41900822	Attributes/Attribute[@attribute_name='geo_loc_name']	SAMN41900822	Original geographic-location label retained; not an inference-region assignment.	data/sources/metadata_enrichment/external/biosample_candidates.tsv	1567	
Church2025:YPM-IZ-111160	longitude	154.33	biosample	https://www.ncbi.nlm.nih.gov/biosample/SAMN41900822	Attributes/Attribute[@attribute_name='lat_lon']	SAMN41900822	Hemisphere sign applied; no geographic correction inferred.	data/sources/metadata_enrichment/external/biosample_candidates.tsv	1568	
Church2025:YPM-IZ-111160	tissue	tentacle	biosample	https://www.ncbi.nlm.nih.gov/biosample/SAMN41900822	Attributes/Attribute[@attribute_name='tissue']	SAMN41900822		data/sources/metadata_enrichment/external/biosample_candidates.tsv	1569	
Church2025:YPM-IZ-111163	biosample	SAMN41900823	biosample	https://www.ncbi.nlm.nih.gov/biosample/SAMN41900823	BioSample/@accession	SAMN41900823		data/sources/metadata_enrichment/external/biosample_candidates.tsv	1570	
Church2025:YPM-IZ-111163	collection_date	2024-03-18	biosample	https://www.ncbi.nlm.nih.gov/biosample/SAMN41900823	Attributes/Attribute[@attribute_name='collection_date']	SAMN41900823		data/sources/metadata_enrichment/external/biosample_candidates.tsv	1571	
Church2025:YPM-IZ-111163	country	Australia	biosample	https://www.ncbi.nlm.nih.gov/biosample/SAMN41900823	Attributes/Attribute[@attribute_name='geo_loc_name']	SAMN41900823	Top-level geographic jurisdiction retained as submitted, including named territories.	data/sources/metadata_enrichment/external/biosample_candidates.tsv	1572	
Church2025:YPM-IZ-111163	lat_long_raw	33.947500 S 151.257361 E	biosample	https://www.ncbi.nlm.nih.gov/biosample/SAMN41900823	Attributes/Attribute[@attribute_name='lat_lon']	SAMN41900823		data/sources/metadata_enrichment/external/biosample_candidates.tsv	1573	
Church2025:YPM-IZ-111163	latitude	-33.9475	biosample	https://www.ncbi.nlm.nih.gov/biosample/SAMN41900823	Attributes/Attribute[@attribute_name='lat_lon']	SAMN41900823	Hemisphere sign applied; no geographic correction inferred.	data/sources/metadata_enrichment/external/biosample_candidates.tsv	1574	
Church2025:YPM-IZ-111163	locality	Australia: New South Wales	biosample	https://www.ncbi.nlm.nih.gov/biosample/SAMN41900823	Attributes/Attribute[@attribute_name='geo_loc_name']	SAMN41900823	Original geographic-location label retained; not an inference-region assignment.	data/sources/metadata_enrichment/external/biosample_candidates.tsv	1575	
Church2025:YPM-IZ-111163	longitude	151.257361	biosample	https://www.ncbi.nlm.nih.gov/biosample/SAMN41900823	Attributes/Attribute[@attribute_name='lat_lon']	SAMN41900823	Hemisphere sign applied; no geographic correction inferred.	data/sources/metadata_enrichment/external/biosample_candidates.tsv	1576	
Church2025:YPM-IZ-111163	tissue	tentacle	biosample	https://www.ncbi.nlm.nih.gov/biosample/SAMN41900823	Attributes/Attribute[@attribute_name='tissue']	SAMN41900823		data/sources/metadata_enrichment/external/biosample_candidates.tsv	1577	
Church2025:YPM-IZ-111207	biosample	SAMN41900824	biosample	https://www.ncbi.nlm.nih.gov/biosample/SAMN41900824	BioSample/@accession	SAMN41900824		data/sources/metadata_enrichment/external/biosample_candidates.tsv	1578	
Church2025:YPM-IZ-111207	collection_date	2024-03-15	biosample	https://www.ncbi.nlm.nih.gov/biosample/SAMN41900824	Attributes/Attribute[@attribute_name='collection_date']	SAMN41900824		data/sources/metadata_enrichment/external/biosample_candidates.tsv	1579	
Church2025:YPM-IZ-111207	country	New Zealand	biosample	https://www.ncbi.nlm.nih.gov/biosample/SAMN41900824	Attributes/Attribute[@attribute_name='geo_loc_name']	SAMN41900824	Top-level geographic jurisdiction retained as submitted, including named territories.	data/sources/metadata_enrichment/external/biosample_candidates.tsv	1580	
Church2025:YPM-IZ-111207	lat_long_raw	36.895150 S 174.443889 E	biosample	https://www.ncbi.nlm.nih.gov/biosample/SAMN41900824	Attributes/Attribute[@attribute_name='lat_lon']	SAMN41900824		data/sources/metadata_enrichment/external/biosample_candidates.tsv	1581	
Church2025:YPM-IZ-111207	latitude	-36.89515	biosample	https://www.ncbi.nlm.nih.gov/biosample/SAMN41900824	Attributes/Attribute[@attribute_name='lat_lon']	SAMN41900824	Hemisphere sign applied; no geographic correction inferred.	data/sources/metadata_enrichment/external/biosample_candidates.tsv	1582	
Church2025:YPM-IZ-111207	locality	New Zealand	biosample	https://www.ncbi.nlm.nih.gov/biosample/SAMN41900824	Attributes/Attribute[@attribute_name='geo_loc_name']	SAMN41900824	Original geographic-location label retained; not an inference-region assignment.	data/sources/metadata_enrichment/external/biosample_candidates.tsv	1583	
Church2025:YPM-IZ-111207	longitude	174.443889	biosample	https://www.ncbi.nlm.nih.gov/biosample/SAMN41900824	Attributes/Attribute[@attribute_name='lat_lon']	SAMN41900824	Hemisphere sign applied; no geographic correction inferred.	data/sources/metadata_enrichment/external/biosample_candidates.tsv	1584	
Church2025:YPM-IZ-111207	tissue	tentacle	biosample	https://www.ncbi.nlm.nih.gov/biosample/SAMN41900824	Attributes/Attribute[@attribute_name='tissue']	SAMN41900824		data/sources/metadata_enrichment/external/biosample_candidates.tsv	1585	
Church2025:YPM-IZ-111208	biosample	SAMN41900825	biosample	https://www.ncbi.nlm.nih.gov/biosample/SAMN41900825	BioSample/@accession	SAMN41900825		data/sources/metadata_enrichment/external/biosample_candidates.tsv	1586	
Church2025:YPM-IZ-111208	collection_date	2024-03-15	biosample	https://www.ncbi.nlm.nih.gov/biosample/SAMN41900825	Attributes/Attribute[@attribute_name='collection_date']	SAMN41900825		data/sources/metadata_enrichment/external/biosample_candidates.tsv	1587	
Church2025:YPM-IZ-111208	country	New Zealand	biosample	https://www.ncbi.nlm.nih.gov/biosample/SAMN41900825	Attributes/Attribute[@attribute_name='geo_loc_name']	SAMN41900825	Top-level geographic jurisdiction retained as submitted, including named territories.	data/sources/metadata_enrichment/external/biosample_candidates.tsv	1588	
Church2025:YPM-IZ-111208	lat_long_raw	36.895150 S 174.443889 E	biosample	https://www.ncbi.nlm.nih.gov/biosample/SAMN41900825	Attributes/Attribute[@attribute_name='lat_lon']	SAMN41900825		data/sources/metadata_enrichment/external/biosample_candidates.tsv	1589	
Church2025:YPM-IZ-111208	latitude	-36.89515	biosample	https://www.ncbi.nlm.nih.gov/biosample/SAMN41900825	Attributes/Attribute[@attribute_name='lat_lon']	SAMN41900825	Hemisphere sign applied; no geographic correction inferred.	data/sources/metadata_enrichment/external/biosample_candidates.tsv	1590	
Church2025:YPM-IZ-111208	locality	New Zealand	biosample	https://www.ncbi.nlm.nih.gov/biosample/SAMN41900825	Attributes/Attribute[@attribute_name='geo_loc_name']	SAMN41900825	Original geographic-location label retained; not an inference-region assignment.	data/sources/metadata_enrichment/external/biosample_candidates.tsv	1591	
Church2025:YPM-IZ-111208	longitude	174.443889	biosample	https://www.ncbi.nlm.nih.gov/biosample/SAMN41900825	Attributes/Attribute[@attribute_name='lat_lon']	SAMN41900825	Hemisphere sign applied; no geographic correction inferred.	data/sources/metadata_enrichment/external/biosample_candidates.tsv	1592	
Church2025:YPM-IZ-111208	tissue	tentacle	biosample	https://www.ncbi.nlm.nih.gov/biosample/SAMN41900825	Attributes/Attribute[@attribute_name='tissue']	SAMN41900825		data/sources/metadata_enrichment/external/biosample_candidates.tsv	1593	
Church2025:YPM-IZ-111209	biosample	SAMN41900826	biosample	https://www.ncbi.nlm.nih.gov/biosample/SAMN41900826	BioSample/@accession	SAMN41900826		data/sources/metadata_enrichment/external/biosample_candidates.tsv	1594	
Church2025:YPM-IZ-111209	collection_date	2024-03-15	biosample	https://www.ncbi.nlm.nih.gov/biosample/SAMN41900826	Attributes/Attribute[@attribute_name='collection_date']	SAMN41900826		data/sources/metadata_enrichment/external/biosample_candidates.tsv	1595	
Church2025:YPM-IZ-111209	country	New Zealand	biosample	https://www.ncbi.nlm.nih.gov/biosample/SAMN41900826	Attributes/Attribute[@attribute_name='geo_loc_name']	SAMN41900826	Top-level geographic jurisdiction retained as submitted, including named territories.	data/sources/metadata_enrichment/external/biosample_candidates.tsv	1596	
Church2025:YPM-IZ-111209	lat_long_raw	36.895150 S 174.443889 E	biosample	https://www.ncbi.nlm.nih.gov/biosample/SAMN41900826	Attributes/Attribute[@attribute_name='lat_lon']	SAMN41900826		data/sources/metadata_enrichment/external/biosample_candidates.tsv	1597	
Church2025:YPM-IZ-111209	latitude	-36.89515	biosample	https://www.ncbi.nlm.nih.gov/biosample/SAMN41900826	Attributes/Attribute[@attribute_name='lat_lon']	SAMN41900826	Hemisphere sign applied; no geographic correction inferred.	data/sources/metadata_enrichment/external/biosample_candidates.tsv	1598	
Church2025:YPM-IZ-111209	locality	New Zealand	biosample	https://www.ncbi.nlm.nih.gov/biosample/SAMN41900826	Attributes/Attribute[@attribute_name='geo_loc_name']	SAMN41900826	Original geographic-location label retained; not an inference-region assignment.	data/sources/metadata_enrichment/external/biosample_candidates.tsv	1599	
Church2025:YPM-IZ-111209	longitude	174.443889	biosample	https://www.ncbi.nlm.nih.gov/biosample/SAMN41900826	Attributes/Attribute[@attribute_name='lat_lon']	SAMN41900826	Hemisphere sign applied; no geographic correction inferred.	data/sources/metadata_enrichment/external/biosample_candidates.tsv	1600	
Church2025:YPM-IZ-111209	tissue	tentacle	biosample	https://www.ncbi.nlm.nih.gov/biosample/SAMN41900826	Attributes/Attribute[@attribute_name='tissue']	SAMN41900826		data/sources/metadata_enrichment/external/biosample_candidates.tsv	1601	
Church2025:YPM-IZ-111210	biosample	SAMN41900827	biosample	https://www.ncbi.nlm.nih.gov/biosample/SAMN41900827	BioSample/@accession	SAMN41900827		data/sources/metadata_enrichment/external/biosample_candidates.tsv	1602	
Church2025:YPM-IZ-111210	collection_date	2024-03-15	biosample	https://www.ncbi.nlm.nih.gov/biosample/SAMN41900827	Attributes/Attribute[@attribute_name='collection_date']	SAMN41900827		data/sources/metadata_enrichment/external/biosample_candidates.tsv	1603	
Church2025:YPM-IZ-111210	country	New Zealand	biosample	https://www.ncbi.nlm.nih.gov/biosample/SAMN41900827	Attributes/Attribute[@attribute_name='geo_loc_name']	SAMN41900827	Top-level geographic jurisdiction retained as submitted, including named territories.	data/sources/metadata_enrichment/external/biosample_candidates.tsv	1604	
Church2025:YPM-IZ-111210	lat_long_raw	36.895150 S 174.443889 E	biosample	https://www.ncbi.nlm.nih.gov/biosample/SAMN41900827	Attributes/Attribute[@attribute_name='lat_lon']	SAMN41900827		data/sources/metadata_enrichment/external/biosample_candidates.tsv	1605	
Church2025:YPM-IZ-111210	latitude	-36.89515	biosample	https://www.ncbi.nlm.nih.gov/biosample/SAMN41900827	Attributes/Attribute[@attribute_name='lat_lon']	SAMN41900827	Hemisphere sign applied; no geographic correction inferred.	data/sources/metadata_enrichment/external/biosample_candidates.tsv	1606	
Church2025:YPM-IZ-111210	locality	New Zealand	biosample	https://www.ncbi.nlm.nih.gov/biosample/SAMN41900827	Attributes/Attribute[@attribute_name='geo_loc_name']	SAMN41900827	Original geographic-location label retained; not an inference-region assignment.	data/sources/metadata_enrichment/external/biosample_candidates.tsv	1607	
Church2025:YPM-IZ-111210	longitude	174.443889	biosample	https://www.ncbi.nlm.nih.gov/biosample/SAMN41900827	Attributes/Attribute[@attribute_name='lat_lon']	SAMN41900827	Hemisphere sign applied; no geographic correction inferred.	data/sources/metadata_enrichment/external/biosample_candidates.tsv	1608	
Church2025:YPM-IZ-111210	tissue	tentacle	biosample	https://www.ncbi.nlm.nih.gov/biosample/SAMN41900827	Attributes/Attribute[@attribute_name='tissue']	SAMN41900827		data/sources/metadata_enrichment/external/biosample_candidates.tsv	1609	
