library_id	read_pair_id	sequencing_batch	source_directory	r1_path	r2_path	r1_bytes	r2_bytes	r1_read_length	r2_read_length	sequencing_batch_source
Ahuja2024:CWD1	CWD1_122_071_S112_L004	A00124:432:HHGFNDSX3:L004	/gpfs/ycga/work/dunn/sequences/illumina/Novaseq_siphgenomes/Sample_CWD1_122_071	/gpfs/ycga/work/dunn/sequences/illumina/Novaseq_siphgenomes/Sample_CWD1_122_071/CWD1_122_071_S112_L004_R1_001.fastq.gz	/gpfs/ycga/work/dunn/sequences/illumina/Novaseq_siphgenomes/Sample_CWD1_122_071/CWD1_122_071_S112_L004_R2_001.fastq.gz	4824524677	5078029905	151	151	FASTQ header: instrument/run/flowcell/lane
Ahuja2024:CWD1	CWD1_122_071_S2_L001	A00124:419:HFNHJDSX3:L001	/gpfs/ycga/work/dunn/sequences/illumina/Novaseq_siphgenomes/Sample_CWD1_122_071	/gpfs/ycga/work/dunn/sequences/illumina/Novaseq_siphgenomes/Sample_CWD1_122_071/CWD1_122_071_S2_L001_R1_001.fastq.gz	/gpfs/ycga/work/dunn/sequences/illumina/Novaseq_siphgenomes/Sample_CWD1_122_071/CWD1_122_071_S2_L001_R2_001.fastq.gz	3431787195	3586316060	151	151	FASTQ header: instrument/run/flowcell/lane
Ahuja2024:CWD101	CWD101_172_021_S122_L004	A00124:432:HHGFNDSX3:L004	/gpfs/ycga/work/dunn/sequences/illumina/Novaseq_siphgenomes/Sample_CWD101_172_021	/gpfs/ycga/work/dunn/sequences/illumina/Novaseq_siphgenomes/Sample_CWD101_172_021/CWD101_172_021_S122_L004_R1_001.fastq.gz	/gpfs/ycga/work/dunn/sequences/illumina/Novaseq_siphgenomes/Sample_CWD101_172_021/CWD101_172_021_S122_L004_R2_001.fastq.gz	5512348435	5664134630	151	151	FASTQ header: instrument/run/flowcell/lane
Ahuja2024:CWD101	CWD101_172_021_S12_L001	A00124:419:HFNHJDSX3:L001	/gpfs/ycga/work/dunn/sequences/illumina/Novaseq_siphgenomes/Sample_CWD101_172_021	/gpfs/ycga/work/dunn/sequences/illumina/Novaseq_siphgenomes/Sample_CWD101_172_021/CWD101_172_021_S12_L001_R1_001.fastq.gz	/gpfs/ycga/work/dunn/sequences/illumina/Novaseq_siphgenomes/Sample_CWD101_172_021/CWD101_172_021_S12_L001_R2_001.fastq.gz	5437107825	5576225426	151	151	FASTQ header: instrument/run/flowcell/lane
Ahuja2024:CWD104	CWD104_320_257_S15_L004	A01519:196:H53CJDSX5:L004	/gpfs/ycga/work/dunn/sequences/illumina/Novaseq_siphgenomes/Sample_CWD104_320_257	/gpfs/ycga/work/dunn/sequences/illumina/Novaseq_siphgenomes/Sample_CWD104_320_257/CWD104_320_257_S15_L004_R1_001.fastq.gz	/gpfs/ycga/work/dunn/sequences/illumina/Novaseq_siphgenomes/Sample_CWD104_320_257/CWD104_320_257_S15_L004_R2_001.fastq.gz	20417631958	22136628872	151	151	FASTQ header: instrument/run/flowcell/lane
Ahuja2024:CWD11	CWD11_146_047_S117_L004	A00124:432:HHGFNDSX3:L004	/gpfs/ycga/work/dunn/sequences/illumina/Novaseq_siphgenomes/Sample_CWD11_146_047	/gpfs/ycga/work/dunn/sequences/illumina/Novaseq_siphgenomes/Sample_CWD11_146_047/CWD11_146_047_S117_L004_R1_001.fastq.gz	/gpfs/ycga/work/dunn/sequences/illumina/Novaseq_siphgenomes/Sample_CWD11_146_047/CWD11_146_047_S117_L004_R2_001.fastq.gz	4622558523	4805695645	151	151	FASTQ header: instrument/run/flowcell/lane
Ahuja2024:CWD11	CWD11_146_047_S34_L002	A01519:133:HM2L3DSX3:L002	/gpfs/ycga/work/dunn/sequences/illumina/Novaseq_siphgenomes/Sample_CWD11_146_047	/gpfs/ycga/work/dunn/sequences/illumina/Novaseq_siphgenomes/Sample_CWD11_146_047/CWD11_146_047_S34_L002_R1_001.fastq.gz	/gpfs/ycga/work/dunn/sequences/illumina/Novaseq_siphgenomes/Sample_CWD11_146_047/CWD11_146_047_S34_L002_R2_001.fastq.gz	3858040963	4035097024	151	151	FASTQ header: instrument/run/flowcell/lane
Ahuja2024:CWD11	CWD11_146_047_S7_L001	A00124:419:HFNHJDSX3:L001	/gpfs/ycga/work/dunn/sequences/illumina/Novaseq_siphgenomes/Sample_CWD11_146_047	/gpfs/ycga/work/dunn/sequences/illumina/Novaseq_siphgenomes/Sample_CWD11_146_047/CWD11_146_047_S7_L001_R1_001.fastq.gz	/gpfs/ycga/work/dunn/sequences/illumina/Novaseq_siphgenomes/Sample_CWD11_146_047/CWD11_146_047_S7_L001_R2_001.fastq.gz	3057423085	3171017936	151	151	FASTQ header: instrument/run/flowcell/lane
Ahuja2024:CWD116	CWD116_134_059_S11_L004	A00124:527:H355KDSX5:L004	/gpfs/ycga/work/dunn/sequences/illumina/Novaseq_siphgenomes/Sample_CWD116_134_059	/gpfs/ycga/work/dunn/sequences/illumina/Novaseq_siphgenomes/Sample_CWD116_134_059/CWD116_134_059_S11_L004_R1_001.fastq.gz	/gpfs/ycga/work/dunn/sequences/illumina/Novaseq_siphgenomes/Sample_CWD116_134_059/CWD116_134_059_S11_L004_R2_001.fastq.gz	58411660204	62662142864	151	151	FASTQ header: instrument/run/flowcell/lane
Ahuja2024:CWD116	CWD116_134_059_S123_L004	A00124:432:HHGFNDSX3:L004	/gpfs/ycga/work/dunn/sequences/illumina/Novaseq_siphgenomes/Sample_CWD116_134_059	/gpfs/ycga/work/dunn/sequences/illumina/Novaseq_siphgenomes/Sample_CWD116_134_059/CWD116_134_059_S123_L004_R1_001.fastq.gz	/gpfs/ycga/work/dunn/sequences/illumina/Novaseq_siphgenomes/Sample_CWD116_134_059/CWD116_134_059_S123_L004_R2_001.fastq.gz	4964334181	5228454535	151	151	FASTQ header: instrument/run/flowcell/lane
Ahuja2024:CWD116	CWD116_134_059_S13_L001	A00124:419:HFNHJDSX3:L001	/gpfs/ycga/work/dunn/sequences/illumina/Novaseq_siphgenomes/Sample_CWD116_134_059	/gpfs/ycga/work/dunn/sequences/illumina/Novaseq_siphgenomes/Sample_CWD116_134_059/CWD116_134_059_S13_L001_R1_001.fastq.gz	/gpfs/ycga/work/dunn/sequences/illumina/Novaseq_siphgenomes/Sample_CWD116_134_059/CWD116_134_059_S13_L001_R2_001.fastq.gz	3292252224	3438021510	151	151	FASTQ header: instrument/run/flowcell/lane
Ahuja2024:CWD116	CWD116_134_059_S37_L002	A01519:133:HM2L3DSX3:L002	/gpfs/ycga/work/dunn/sequences/illumina/Novaseq_siphgenomes/Sample_CWD116_134_059	/gpfs/ycga/work/dunn/sequences/illumina/Novaseq_siphgenomes/Sample_CWD116_134_059/CWD116_134_059_S37_L002_R1_001.fastq.gz	/gpfs/ycga/work/dunn/sequences/illumina/Novaseq_siphgenomes/Sample_CWD116_134_059/CWD116_134_059_S37_L002_R2_001.fastq.gz	3788441745	3999989866	151	151	FASTQ header: instrument/run/flowcell/lane
Ahuja2024:CWD116	CWD116_134_059_S41_L002	A00124:506:HY3KCDSX3:L002	/gpfs/ycga/work/dunn/sequences/illumina/Novaseq_siphgenomes/Sample_CWD116_134_059	/gpfs/ycga/work/dunn/sequences/illumina/Novaseq_siphgenomes/Sample_CWD116_134_059/CWD116_134_059_S41_L002_R1_001.fastq.gz	/gpfs/ycga/work/dunn/sequences/illumina/Novaseq_siphgenomes/Sample_CWD116_134_059/CWD116_134_059_S41_L002_R2_001.fastq.gz	9060468127	9828266459	151	151	FASTQ header: instrument/run/flowcell/lane
Ahuja2024:CWD117	CWD117_160_033_S124_L004	A00124:432:HHGFNDSX3:L004	/gpfs/ycga/work/dunn/sequences/illumina/Novaseq_siphgenomes/Sample_CWD117_160_033	/gpfs/ycga/work/dunn/sequences/illumina/Novaseq_siphgenomes/Sample_CWD117_160_033/CWD117_160_033_S124_L004_R1_001.fastq.gz	/gpfs/ycga/work/dunn/sequences/illumina/Novaseq_siphgenomes/Sample_CWD117_160_033/CWD117_160_033_S124_L004_R2_001.fastq.gz	6056928820	6245988517	151	151	FASTQ header: instrument/run/flowcell/lane
Ahuja2024:CWD117	CWD117_160_033_S14_L001	A00124:419:HFNHJDSX3:L001	/gpfs/ycga/work/dunn/sequences/illumina/Novaseq_siphgenomes/Sample_CWD117_160_033	/gpfs/ycga/work/dunn/sequences/illumina/Novaseq_siphgenomes/Sample_CWD117_160_033/CWD117_160_033_S14_L001_R1_001.fastq.gz	/gpfs/ycga/work/dunn/sequences/illumina/Novaseq_siphgenomes/Sample_CWD117_160_033/CWD117_160_033_S14_L001_R2_001.fastq.gz	6554215670	6742214240	151	151	FASTQ header: instrument/run/flowcell/lane
Ahuja2024:CWD117	CWD117_160_033_S38_L002	A01519:133:HM2L3DSX3:L002	/gpfs/ycga/work/dunn/sequences/illumina/Novaseq_siphgenomes/Sample_CWD117_160_033	/gpfs/ycga/work/dunn/sequences/illumina/Novaseq_siphgenomes/Sample_CWD117_160_033/CWD117_160_033_S38_L002_R1_001.fastq.gz	/gpfs/ycga/work/dunn/sequences/illumina/Novaseq_siphgenomes/Sample_CWD117_160_033/CWD117_160_033_S38_L002_R2_001.fastq.gz	7105091875	7335105637	151	151	FASTQ header: instrument/run/flowcell/lane
Ahuja2024:CWD12	CWD12_098_095_S118_L004	A00124:432:HHGFNDSX3:L004	/gpfs/ycga/work/dunn/sequences/illumina/Novaseq_siphgenomes/Sample_CWD12_098_095	/gpfs/ycga/work/dunn/sequences/illumina/Novaseq_siphgenomes/Sample_CWD12_098_095/CWD12_098_095_S118_L004_R1_001.fastq.gz	/gpfs/ycga/work/dunn/sequences/illumina/Novaseq_siphgenomes/Sample_CWD12_098_095/CWD12_098_095_S118_L004_R2_001.fastq.gz	4919754258	5179550354	151	151	FASTQ header: instrument/run/flowcell/lane
Ahuja2024:CWD12	CWD12_098_095_S8_L001	A00124:419:HFNHJDSX3:L001	/gpfs/ycga/work/dunn/sequences/illumina/Novaseq_siphgenomes/Sample_CWD12_098_095	/gpfs/ycga/work/dunn/sequences/illumina/Novaseq_siphgenomes/Sample_CWD12_098_095/CWD12_098_095_S8_L001_R1_001.fastq.gz	/gpfs/ycga/work/dunn/sequences/illumina/Novaseq_siphgenomes/Sample_CWD12_098_095/CWD12_098_095_S8_L001_R2_001.fastq.gz	3480272681	3634048576	151	151	FASTQ header: instrument/run/flowcell/lane
Ahuja2024:CWD121	CWD121_145_048_S125_L004	A00124:432:HHGFNDSX3:L004	/gpfs/ycga/work/dunn/sequences/illumina/Novaseq_siphgenomes/Sample_CWD121_145_048	/gpfs/ycga/work/dunn/sequences/illumina/Novaseq_siphgenomes/Sample_CWD121_145_048/CWD121_145_048_S125_L004_R1_001.fastq.gz	/gpfs/ycga/work/dunn/sequences/illumina/Novaseq_siphgenomes/Sample_CWD121_145_048/CWD121_145_048_S125_L004_R2_001.fastq.gz	4967640289	5157490538	151	151	FASTQ header: instrument/run/flowcell/lane
Ahuja2024:CWD121	CWD121_145_048_S15_L001	A00124:419:HFNHJDSX3:L001	/gpfs/ycga/work/dunn/sequences/illumina/Novaseq_siphgenomes/Sample_CWD121_145_048	/gpfs/ycga/work/dunn/sequences/illumina/Novaseq_siphgenomes/Sample_CWD121_145_048/CWD121_145_048_S15_L001_R1_001.fastq.gz	/gpfs/ycga/work/dunn/sequences/illumina/Novaseq_siphgenomes/Sample_CWD121_145_048/CWD121_145_048_S15_L001_R2_001.fastq.gz	3541392563	3659271850	151	151	FASTQ header: instrument/run/flowcell/lane
Ahuja2024:CWD122	CWD122_133_060_S10_L004	A00124:527:H355KDSX5:L004	/gpfs/ycga/work/dunn/sequences/illumina/Novaseq_siphgenomes/Sample_CWD122_133_060	/gpfs/ycga/work/dunn/sequences/illumina/Novaseq_siphgenomes/Sample_CWD122_133_060/CWD122_133_060_S10_L004_R1_001.fastq.gz	/gpfs/ycga/work/dunn/sequences/illumina/Novaseq_siphgenomes/Sample_CWD122_133_060/CWD122_133_060_S10_L004_R2_001.fastq.gz	14812225161	15668882875	151	151	FASTQ header: instrument/run/flowcell/lane
Ahuja2024:CWD122	CWD122_133_060_S126_L004	A00124:432:HHGFNDSX3:L004	/gpfs/ycga/work/dunn/sequences/illumina/Novaseq_siphgenomes/Sample_CWD122_133_060	/gpfs/ycga/work/dunn/sequences/illumina/Novaseq_siphgenomes/Sample_CWD122_133_060/CWD122_133_060_S126_L004_R1_001.fastq.gz	/gpfs/ycga/work/dunn/sequences/illumina/Novaseq_siphgenomes/Sample_CWD122_133_060/CWD122_133_060_S126_L004_R2_001.fastq.gz	5361279332	5563985020	151	151	FASTQ header: instrument/run/flowcell/lane
Ahuja2024:CWD122	CWD122_133_060_S16_L001	A00124:419:HFNHJDSX3:L001	/gpfs/ycga/work/dunn/sequences/illumina/Novaseq_siphgenomes/Sample_CWD122_133_060	/gpfs/ycga/work/dunn/sequences/illumina/Novaseq_siphgenomes/Sample_CWD122_133_060/CWD122_133_060_S16_L001_R1_001.fastq.gz	/gpfs/ycga/work/dunn/sequences/illumina/Novaseq_siphgenomes/Sample_CWD122_133_060/CWD122_133_060_S16_L001_R2_001.fastq.gz	3628349598	3746814320	151	151	FASTQ header: instrument/run/flowcell/lane
Ahuja2024:CWD122	CWD122_133_060_S39_L002	A01519:133:HM2L3DSX3:L002	/gpfs/ycga/work/dunn/sequences/illumina/Novaseq_siphgenomes/Sample_CWD122_133_060	/gpfs/ycga/work/dunn/sequences/illumina/Novaseq_siphgenomes/Sample_CWD122_133_060/CWD122_133_060_S39_L002_R1_001.fastq.gz	/gpfs/ycga/work/dunn/sequences/illumina/Novaseq_siphgenomes/Sample_CWD122_133_060/CWD122_133_060_S39_L002_R2_001.fastq.gz	3755655988	3901011435	151	151	FASTQ header: instrument/run/flowcell/lane
Ahuja2024:CWD131	CWD131_148_045_S127_L004	A00124:432:HHGFNDSX3:L004	/gpfs/ycga/work/dunn/sequences/illumina/Novaseq_siphgenomes/Sample_CWD131_148_045	/gpfs/ycga/work/dunn/sequences/illumina/Novaseq_siphgenomes/Sample_CWD131_148_045/CWD131_148_045_S127_L004_R1_001.fastq.gz	/gpfs/ycga/work/dunn/sequences/illumina/Novaseq_siphgenomes/Sample_CWD131_148_045/CWD131_148_045_S127_L004_R2_001.fastq.gz	6580641873	6795281351	151	151	FASTQ header: instrument/run/flowcell/lane
Ahuja2024:CWD131	CWD131_148_045_S17_L001	A00124:419:HFNHJDSX3:L001	/gpfs/ycga/work/dunn/sequences/illumina/Novaseq_siphgenomes/Sample_CWD131_148_045	/gpfs/ycga/work/dunn/sequences/illumina/Novaseq_siphgenomes/Sample_CWD131_148_045/CWD131_148_045_S17_L001_R1_001.fastq.gz	/gpfs/ycga/work/dunn/sequences/illumina/Novaseq_siphgenomes/Sample_CWD131_148_045/CWD131_148_045_S17_L001_R2_001.fastq.gz	5678364764	5844329238	151	151	FASTQ header: instrument/run/flowcell/lane
Ahuja2024:CWD131	CWD131_148_045_S40_L002	A01519:133:HM2L3DSX3:L002	/gpfs/ycga/work/dunn/sequences/illumina/Novaseq_siphgenomes/Sample_CWD131_148_045	/gpfs/ycga/work/dunn/sequences/illumina/Novaseq_siphgenomes/Sample_CWD131_148_045/CWD131_148_045_S40_L002_R1_001.fastq.gz	/gpfs/ycga/work/dunn/sequences/illumina/Novaseq_siphgenomes/Sample_CWD131_148_045/CWD131_148_045_S40_L002_R2_001.fastq.gz	6306923041	6536914991	151	151	FASTQ header: instrument/run/flowcell/lane
Ahuja2024:CWD141	CWD141_136_057_S128_L004	A00124:432:HHGFNDSX3:L004	/gpfs/ycga/work/dunn/sequences/illumina/Novaseq_siphgenomes/Sample_CWD141_136_057	/gpfs/ycga/work/dunn/sequences/illumina/Novaseq_siphgenomes/Sample_CWD141_136_057/CWD141_136_057_S128_L004_R1_001.fastq.gz	/gpfs/ycga/work/dunn/sequences/illumina/Novaseq_siphgenomes/Sample_CWD141_136_057/CWD141_136_057_S128_L004_R2_001.fastq.gz	5562196140	5815974629	151	151	FASTQ header: instrument/run/flowcell/lane
Ahuja2024:CWD141	CWD141_136_057_S18_L001	A00124:419:HFNHJDSX3:L001	/gpfs/ycga/work/dunn/sequences/illumina/Novaseq_siphgenomes/Sample_CWD141_136_057	/gpfs/ycga/work/dunn/sequences/illumina/Novaseq_siphgenomes/Sample_CWD141_136_057/CWD141_136_057_S18_L001_R1_001.fastq.gz	/gpfs/ycga/work/dunn/sequences/illumina/Novaseq_siphgenomes/Sample_CWD141_136_057/CWD141_136_057_S18_L001_R2_001.fastq.gz	4902051272	5105904522	151	151	FASTQ header: instrument/run/flowcell/lane
Ahuja2024:CWD141	CWD141_136_057_S41_L002	A01519:133:HM2L3DSX3:L002	/gpfs/ycga/work/dunn/sequences/illumina/Novaseq_siphgenomes/Sample_CWD141_136_057	/gpfs/ycga/work/dunn/sequences/illumina/Novaseq_siphgenomes/Sample_CWD141_136_057/CWD141_136_057_S41_L002_R1_001.fastq.gz	/gpfs/ycga/work/dunn/sequences/illumina/Novaseq_siphgenomes/Sample_CWD141_136_057/CWD141_136_057_S41_L002_R2_001.fastq.gz	5365084189	5649385741	151	151	FASTQ header: instrument/run/flowcell/lane
Ahuja2024:CWD144	CWD144_124_069_S129_L004	A00124:432:HHGFNDSX3:L004	/gpfs/ycga/work/dunn/sequences/illumina/Novaseq_siphgenomes/Sample_CWD144_124_069	/gpfs/ycga/work/dunn/sequences/illumina/Novaseq_siphgenomes/Sample_CWD144_124_069/CWD144_124_069_S129_L004_R1_001.fastq.gz	/gpfs/ycga/work/dunn/sequences/illumina/Novaseq_siphgenomes/Sample_CWD144_124_069/CWD144_124_069_S129_L004_R2_001.fastq.gz	6790931518	7040591100	151	151	FASTQ header: instrument/run/flowcell/lane
Ahuja2024:CWD144	CWD144_124_069_S19_L001	A00124:419:HFNHJDSX3:L001	/gpfs/ycga/work/dunn/sequences/illumina/Novaseq_siphgenomes/Sample_CWD144_124_069	/gpfs/ycga/work/dunn/sequences/illumina/Novaseq_siphgenomes/Sample_CWD144_124_069/CWD144_124_069_S19_L001_R1_001.fastq.gz	/gpfs/ycga/work/dunn/sequences/illumina/Novaseq_siphgenomes/Sample_CWD144_124_069/CWD144_124_069_S19_L001_R2_001.fastq.gz	6200451859	6402717081	151	151	FASTQ header: instrument/run/flowcell/lane
Ahuja2024:CWD144	CWD144_124_069_S42_L002	A01519:133:HM2L3DSX3:L002	/gpfs/ycga/work/dunn/sequences/illumina/Novaseq_siphgenomes/Sample_CWD144_124_069	/gpfs/ycga/work/dunn/sequences/illumina/Novaseq_siphgenomes/Sample_CWD144_124_069/CWD144_124_069_S42_L002_R1_001.fastq.gz	/gpfs/ycga/work/dunn/sequences/illumina/Novaseq_siphgenomes/Sample_CWD144_124_069/CWD144_124_069_S42_L002_R2_001.fastq.gz	12099019061	12579920195	151	151	FASTQ header: instrument/run/flowcell/lane
Ahuja2024:CWD144	CWD144_124_069_S6_L004	A00124:531:H3FGVDSX5:L004	/gpfs/ycga/work/dunn/sequences/illumina/Novaseq_siphgenomes/Sample_CWD144_124_069	/gpfs/ycga/work/dunn/sequences/illumina/Novaseq_siphgenomes/Sample_CWD144_124_069/CWD144_124_069_S6_L004_R1_001.fastq.gz	/gpfs/ycga/work/dunn/sequences/illumina/Novaseq_siphgenomes/Sample_CWD144_124_069/CWD144_124_069_S6_L004_R2_001.fastq.gz	43740691562	45679651464	151	151	FASTQ header: instrument/run/flowcell/lane
Ahuja2024:CWD146	CWD146_112_081_S130_L004	A00124:432:HHGFNDSX3:L004	/gpfs/ycga/work/dunn/sequences/illumina/Novaseq_siphgenomes/Sample_CWD146_112_081	/gpfs/ycga/work/dunn/sequences/illumina/Novaseq_siphgenomes/Sample_CWD146_112_081/CWD146_112_081_S130_L004_R1_001.fastq.gz	/gpfs/ycga/work/dunn/sequences/illumina/Novaseq_siphgenomes/Sample_CWD146_112_081/CWD146_112_081_S130_L004_R2_001.fastq.gz	6424402278	6630990369	151	151	FASTQ header: instrument/run/flowcell/lane
Ahuja2024:CWD146	CWD146_112_081_S20_L001	A00124:419:HFNHJDSX3:L001	/gpfs/ycga/work/dunn/sequences/illumina/Novaseq_siphgenomes/Sample_CWD146_112_081	/gpfs/ycga/work/dunn/sequences/illumina/Novaseq_siphgenomes/Sample_CWD146_112_081/CWD146_112_081_S20_L001_R1_001.fastq.gz	/gpfs/ycga/work/dunn/sequences/illumina/Novaseq_siphgenomes/Sample_CWD146_112_081/CWD146_112_081_S20_L001_R2_001.fastq.gz	7367363614	7585601591	151	151	FASTQ header: instrument/run/flowcell/lane
Ahuja2024:CWD146	CWD146_112_081_S43_L002	A01519:133:HM2L3DSX3:L002	/gpfs/ycga/work/dunn/sequences/illumina/Novaseq_siphgenomes/Sample_CWD146_112_081	/gpfs/ycga/work/dunn/sequences/illumina/Novaseq_siphgenomes/Sample_CWD146_112_081/CWD146_112_081_S43_L002_R1_001.fastq.gz	/gpfs/ycga/work/dunn/sequences/illumina/Novaseq_siphgenomes/Sample_CWD146_112_081/CWD146_112_081_S43_L002_R2_001.fastq.gz	10815887133	11195320560	151	151	FASTQ header: instrument/run/flowcell/lane
Ahuja2024:CWD16	CWD16_296_281_S17_L004	A01519:196:H53CJDSX5:L004	/gpfs/ycga/work/dunn/sequences/illumina/Novaseq_siphgenomes/Sample_CWD16_296_281	/gpfs/ycga/work/dunn/sequences/illumina/Novaseq_siphgenomes/Sample_CWD16_296_281/CWD16_296_281_S17_L004_R1_001.fastq.gz	/gpfs/ycga/work/dunn/sequences/illumina/Novaseq_siphgenomes/Sample_CWD16_296_281/CWD16_296_281_S17_L004_R2_001.fastq.gz	23845946113	24838078459	151	151	FASTQ header: instrument/run/flowcell/lane
Ahuja2024:CWD17	CWD17_181_012_S119_L004	A00124:432:HHGFNDSX3:L004	/gpfs/ycga/work/dunn/sequences/illumina/Novaseq_siphgenomes/Sample_CWD17_181_012	/gpfs/ycga/work/dunn/sequences/illumina/Novaseq_siphgenomes/Sample_CWD17_181_012/CWD17_181_012_S119_L004_R1_001.fastq.gz	/gpfs/ycga/work/dunn/sequences/illumina/Novaseq_siphgenomes/Sample_CWD17_181_012/CWD17_181_012_S119_L004_R2_001.fastq.gz	5052059797	5263143773	151	151	FASTQ header: instrument/run/flowcell/lane
Ahuja2024:CWD17	CWD17_181_012_S35_L002	A01519:133:HM2L3DSX3:L002	/gpfs/ycga/work/dunn/sequences/illumina/Novaseq_siphgenomes/Sample_CWD17_181_012	/gpfs/ycga/work/dunn/sequences/illumina/Novaseq_siphgenomes/Sample_CWD17_181_012/CWD17_181_012_S35_L002_R1_001.fastq.gz	/gpfs/ycga/work/dunn/sequences/illumina/Novaseq_siphgenomes/Sample_CWD17_181_012/CWD17_181_012_S35_L002_R2_001.fastq.gz	4313784572	4506137264	151	151	FASTQ header: instrument/run/flowcell/lane
Ahuja2024:CWD17	CWD17_181_012_S9_L001	A00124:419:HFNHJDSX3:L001	/gpfs/ycga/work/dunn/sequences/illumina/Novaseq_siphgenomes/Sample_CWD17_181_012	/gpfs/ycga/work/dunn/sequences/illumina/Novaseq_siphgenomes/Sample_CWD17_181_012/CWD17_181_012_S9_L001_R1_001.fastq.gz	/gpfs/ycga/work/dunn/sequences/illumina/Novaseq_siphgenomes/Sample_CWD17_181_012/CWD17_181_012_S9_L001_R2_001.fastq.gz	4097048493	4243874057	151	151	FASTQ header: instrument/run/flowcell/lane
Ahuja2024:CWD19	CWD19_308_269_S16_L004	A01519:196:H53CJDSX5:L004	/gpfs/ycga/work/dunn/sequences/illumina/Novaseq_siphgenomes/Sample_CWD19_308_269	/gpfs/ycga/work/dunn/sequences/illumina/Novaseq_siphgenomes/Sample_CWD19_308_269/CWD19_308_269_S16_L004_R1_001.fastq.gz	/gpfs/ycga/work/dunn/sequences/illumina/Novaseq_siphgenomes/Sample_CWD19_308_269/CWD19_308_269_S16_L004_R2_001.fastq.gz	27082551625	28901047227	151	151	FASTQ header: instrument/run/flowcell/lane
Ahuja2024:CWD2	CWD2_110_083_S113_L004	A00124:432:HHGFNDSX3:L004	/gpfs/ycga/work/dunn/sequences/illumina/Novaseq_siphgenomes/Sample_CWD2_110_083	/gpfs/ycga/work/dunn/sequences/illumina/Novaseq_siphgenomes/Sample_CWD2_110_083/CWD2_110_083_S113_L004_R1_001.fastq.gz	/gpfs/ycga/work/dunn/sequences/illumina/Novaseq_siphgenomes/Sample_CWD2_110_083/CWD2_110_083_S113_L004_R2_001.fastq.gz	4546033569	4777899018	151	151	FASTQ header: instrument/run/flowcell/lane
Ahuja2024:CWD2	CWD2_110_083_S3_L001	A00124:419:HFNHJDSX3:L001	/gpfs/ycga/work/dunn/sequences/illumina/Novaseq_siphgenomes/Sample_CWD2_110_083	/gpfs/ycga/work/dunn/sequences/illumina/Novaseq_siphgenomes/Sample_CWD2_110_083/CWD2_110_083_S3_L001_R1_001.fastq.gz	/gpfs/ycga/work/dunn/sequences/illumina/Novaseq_siphgenomes/Sample_CWD2_110_083/CWD2_110_083_S3_L001_R2_001.fastq.gz	3183500101	3318857663	151	151	FASTQ header: instrument/run/flowcell/lane
Ahuja2024:CWD20	CWD20_169_024_S10_L001	A00124:419:HFNHJDSX3:L001	/gpfs/ycga/work/dunn/sequences/illumina/Novaseq_siphgenomes/Sample_CWD20_169_024	/gpfs/ycga/work/dunn/sequences/illumina/Novaseq_siphgenomes/Sample_CWD20_169_024/CWD20_169_024_S10_L001_R1_001.fastq.gz	/gpfs/ycga/work/dunn/sequences/illumina/Novaseq_siphgenomes/Sample_CWD20_169_024/CWD20_169_024_S10_L001_R2_001.fastq.gz	3463172420	3605575014	151	151	FASTQ header: instrument/run/flowcell/lane
Ahuja2024:CWD20	CWD20_169_024_S120_L004	A00124:432:HHGFNDSX3:L004	/gpfs/ycga/work/dunn/sequences/illumina/Novaseq_siphgenomes/Sample_CWD20_169_024	/gpfs/ycga/work/dunn/sequences/illumina/Novaseq_siphgenomes/Sample_CWD20_169_024/CWD20_169_024_S120_L004_R1_001.fastq.gz	/gpfs/ycga/work/dunn/sequences/illumina/Novaseq_siphgenomes/Sample_CWD20_169_024/CWD20_169_024_S120_L004_R2_001.fastq.gz	4941399338	5175476195	151	151	FASTQ header: instrument/run/flowcell/lane
Ahuja2024:CWD20	CWD20_169_024_S36_L002	A01519:133:HM2L3DSX3:L002	/gpfs/ycga/work/dunn/sequences/illumina/Novaseq_siphgenomes/Sample_CWD20_169_024	/gpfs/ycga/work/dunn/sequences/illumina/Novaseq_siphgenomes/Sample_CWD20_169_024/CWD20_169_024_S36_L002_R1_001.fastq.gz	/gpfs/ycga/work/dunn/sequences/illumina/Novaseq_siphgenomes/Sample_CWD20_169_024/CWD20_169_024_S36_L002_R2_001.fastq.gz	4170969998	4385776284	151	151	FASTQ header: instrument/run/flowcell/lane
Ahuja2024:CWD21	CWD21_157_036_S11_L001	A00124:419:HFNHJDSX3:L001	/gpfs/ycga/work/dunn/sequences/illumina/Novaseq_siphgenomes/Sample_CWD21_157_036	/gpfs/ycga/work/dunn/sequences/illumina/Novaseq_siphgenomes/Sample_CWD21_157_036/CWD21_157_036_S11_L001_R1_001.fastq.gz	/gpfs/ycga/work/dunn/sequences/illumina/Novaseq_siphgenomes/Sample_CWD21_157_036/CWD21_157_036_S11_L001_R2_001.fastq.gz	3392124851	3517196713	151	151	FASTQ header: instrument/run/flowcell/lane
Ahuja2024:CWD21	CWD21_157_036_S121_L004	A00124:432:HHGFNDSX3:L004	/gpfs/ycga/work/dunn/sequences/illumina/Novaseq_siphgenomes/Sample_CWD21_157_036	/gpfs/ycga/work/dunn/sequences/illumina/Novaseq_siphgenomes/Sample_CWD21_157_036/CWD21_157_036_S121_L004_R1_001.fastq.gz	/gpfs/ycga/work/dunn/sequences/illumina/Novaseq_siphgenomes/Sample_CWD21_157_036/CWD21_157_036_S121_L004_R2_001.fastq.gz	4619919943	4816405135	151	151	FASTQ header: instrument/run/flowcell/lane
Ahuja2024:CWD3	CWD3_101_092_S114_L004	A00124:432:HHGFNDSX3:L004	/gpfs/ycga/work/dunn/sequences/illumina/Novaseq_siphgenomes/Sample_CWD3_101_092	/gpfs/ycga/work/dunn/sequences/illumina/Novaseq_siphgenomes/Sample_CWD3_101_092/CWD3_101_092_S114_L004_R1_001.fastq.gz	/gpfs/ycga/work/dunn/sequences/illumina/Novaseq_siphgenomes/Sample_CWD3_101_092/CWD3_101_092_S114_L004_R2_001.fastq.gz	7325295625	7594219437	151	151	FASTQ header: instrument/run/flowcell/lane
Ahuja2024:CWD3	CWD3_101_092_S32_L002	A01519:133:HM2L3DSX3:L002	/gpfs/ycga/work/dunn/sequences/illumina/Novaseq_siphgenomes/Sample_CWD3_101_092	/gpfs/ycga/work/dunn/sequences/illumina/Novaseq_siphgenomes/Sample_CWD3_101_092/CWD3_101_092_S32_L002_R1_001.fastq.gz	/gpfs/ycga/work/dunn/sequences/illumina/Novaseq_siphgenomes/Sample_CWD3_101_092/CWD3_101_092_S32_L002_R2_001.fastq.gz	6684641759	6940722954	151	151	FASTQ header: instrument/run/flowcell/lane
Ahuja2024:CWD3	CWD3_101_092_S4_L001	A00124:419:HFNHJDSX3:L001	/gpfs/ycga/work/dunn/sequences/illumina/Novaseq_siphgenomes/Sample_CWD3_101_092	/gpfs/ycga/work/dunn/sequences/illumina/Novaseq_siphgenomes/Sample_CWD3_101_092/CWD3_101_092_S4_L001_R1_001.fastq.gz	/gpfs/ycga/work/dunn/sequences/illumina/Novaseq_siphgenomes/Sample_CWD3_101_092/CWD3_101_092_S4_L001_R2_001.fastq.gz	6050831533	6247724858	151	151	FASTQ header: instrument/run/flowcell/lane
Ahuja2024:CWD6	CWD6_184_009_S115_L004	A00124:432:HHGFNDSX3:L004	/gpfs/ycga/work/dunn/sequences/illumina/Novaseq_siphgenomes/Sample_CWD6_184_009	/gpfs/ycga/work/dunn/sequences/illumina/Novaseq_siphgenomes/Sample_CWD6_184_009/CWD6_184_009_S115_L004_R1_001.fastq.gz	/gpfs/ycga/work/dunn/sequences/illumina/Novaseq_siphgenomes/Sample_CWD6_184_009/CWD6_184_009_S115_L004_R2_001.fastq.gz	6161615143	6343523305	151	151	FASTQ header: instrument/run/flowcell/lane
Ahuja2024:CWD6	CWD6_184_009_S5_L001	A00124:419:HFNHJDSX3:L001	/gpfs/ycga/work/dunn/sequences/illumina/Novaseq_siphgenomes/Sample_CWD6_184_009	/gpfs/ycga/work/dunn/sequences/illumina/Novaseq_siphgenomes/Sample_CWD6_184_009/CWD6_184_009_S5_L001_R1_001.fastq.gz	/gpfs/ycga/work/dunn/sequences/illumina/Novaseq_siphgenomes/Sample_CWD6_184_009/CWD6_184_009_S5_L001_R2_001.fastq.gz	5886167626	6045259236	151	151	FASTQ header: instrument/run/flowcell/lane
Ahuja2024:CWD7	CWD7_158_035_S116_L004	A00124:432:HHGFNDSX3:L004	/gpfs/ycga/work/dunn/sequences/illumina/Novaseq_siphgenomes/Sample_CWD7_158_035	/gpfs/ycga/work/dunn/sequences/illumina/Novaseq_siphgenomes/Sample_CWD7_158_035/CWD7_158_035_S116_L004_R1_001.fastq.gz	/gpfs/ycga/work/dunn/sequences/illumina/Novaseq_siphgenomes/Sample_CWD7_158_035/CWD7_158_035_S116_L004_R2_001.fastq.gz	5984937740	6236938424	151	151	FASTQ header: instrument/run/flowcell/lane
Ahuja2024:CWD7	CWD7_158_035_S33_L002	A01519:133:HM2L3DSX3:L002	/gpfs/ycga/work/dunn/sequences/illumina/Novaseq_siphgenomes/Sample_CWD7_158_035	/gpfs/ycga/work/dunn/sequences/illumina/Novaseq_siphgenomes/Sample_CWD7_158_035/CWD7_158_035_S33_L002_R1_001.fastq.gz	/gpfs/ycga/work/dunn/sequences/illumina/Novaseq_siphgenomes/Sample_CWD7_158_035/CWD7_158_035_S33_L002_R2_001.fastq.gz	5182473213	5417361572	151	151	FASTQ header: instrument/run/flowcell/lane
Ahuja2024:CWD7	CWD7_158_035_S6_L001	A00124:419:HFNHJDSX3:L001	/gpfs/ycga/work/dunn/sequences/illumina/Novaseq_siphgenomes/Sample_CWD7_158_035	/gpfs/ycga/work/dunn/sequences/illumina/Novaseq_siphgenomes/Sample_CWD7_158_035/CWD7_158_035_S6_L001_R1_001.fastq.gz	/gpfs/ycga/work/dunn/sequences/illumina/Novaseq_siphgenomes/Sample_CWD7_158_035/CWD7_158_035_S6_L001_R2_001.fastq.gz	4638044518	4803522546	151	151	FASTQ header: instrument/run/flowcell/lane
Ahuja2024:NA1	NA1_100_093_S131_L004	A00124:432:HHGFNDSX3:L004	/gpfs/ycga/work/dunn/sequences/illumina/Novaseq_siphgenomes/Sample_NA1_100_093	/gpfs/ycga/work/dunn/sequences/illumina/Novaseq_siphgenomes/Sample_NA1_100_093/NA1_100_093_S131_L004_R1_001.fastq.gz	/gpfs/ycga/work/dunn/sequences/illumina/Novaseq_siphgenomes/Sample_NA1_100_093/NA1_100_093_S131_L004_R2_001.fastq.gz	4798251176	4934049059	151	151	FASTQ header: instrument/run/flowcell/lane
Ahuja2024:NA1	NA1_100_093_S21_L001	A00124:419:HFNHJDSX3:L001	/gpfs/ycga/work/dunn/sequences/illumina/Novaseq_siphgenomes/Sample_NA1_100_093	/gpfs/ycga/work/dunn/sequences/illumina/Novaseq_siphgenomes/Sample_NA1_100_093/NA1_100_093_S21_L001_R1_001.fastq.gz	/gpfs/ycga/work/dunn/sequences/illumina/Novaseq_siphgenomes/Sample_NA1_100_093/NA1_100_093_S21_L001_R2_001.fastq.gz	5781236665	5927349046	151	151	FASTQ header: instrument/run/flowcell/lane
Ahuja2024:NA1	NA1_100_093_S44_L002	A01519:133:HM2L3DSX3:L002	/gpfs/ycga/work/dunn/sequences/illumina/Novaseq_siphgenomes/Sample_NA1_100_093	/gpfs/ycga/work/dunn/sequences/illumina/Novaseq_siphgenomes/Sample_NA1_100_093/NA1_100_093_S44_L002_R1_001.fastq.gz	/gpfs/ycga/work/dunn/sequences/illumina/Novaseq_siphgenomes/Sample_NA1_100_093/NA1_100_093_S44_L002_R2_001.fastq.gz	6464172285	6660947501	151	151	FASTQ header: instrument/run/flowcell/lane
Ahuja2024:NA10	NA10_182_011_S13_L004	A00124:527:H355KDSX5:L004	/gpfs/ycga/work/dunn/sequences/illumina/Novaseq_siphgenomes/Sample_NA10_182_011	/gpfs/ycga/work/dunn/sequences/illumina/Novaseq_siphgenomes/Sample_NA10_182_011/NA10_182_011_S13_L004_R1_001.fastq.gz	/gpfs/ycga/work/dunn/sequences/illumina/Novaseq_siphgenomes/Sample_NA10_182_011/NA10_182_011_S13_L004_R2_001.fastq.gz	16497128440	17346324321	151	151	FASTQ header: instrument/run/flowcell/lane
Ahuja2024:NA10	NA10_182_011_S140_L004	A00124:432:HHGFNDSX3:L004	/gpfs/ycga/work/dunn/sequences/illumina/Novaseq_siphgenomes/Sample_NA10_182_011	/gpfs/ycga/work/dunn/sequences/illumina/Novaseq_siphgenomes/Sample_NA10_182_011/NA10_182_011_S140_L004_R1_001.fastq.gz	/gpfs/ycga/work/dunn/sequences/illumina/Novaseq_siphgenomes/Sample_NA10_182_011/NA10_182_011_S140_L004_R2_001.fastq.gz	8644445716	8901832253	151	151	FASTQ header: instrument/run/flowcell/lane
Ahuja2024:NA10	NA10_182_011_S30_L001	A00124:419:HFNHJDSX3:L001	/gpfs/ycga/work/dunn/sequences/illumina/Novaseq_siphgenomes/Sample_NA10_182_011	/gpfs/ycga/work/dunn/sequences/illumina/Novaseq_siphgenomes/Sample_NA10_182_011/NA10_182_011_S30_L001_R1_001.fastq.gz	/gpfs/ycga/work/dunn/sequences/illumina/Novaseq_siphgenomes/Sample_NA10_182_011/NA10_182_011_S30_L001_R2_001.fastq.gz	6685706017	6868462652	151	151	FASTQ header: instrument/run/flowcell/lane
Ahuja2024:NA10	NA10_182_011_S51_L002	A01519:133:HM2L3DSX3:L002	/gpfs/ycga/work/dunn/sequences/illumina/Novaseq_siphgenomes/Sample_NA10_182_011	/gpfs/ycga/work/dunn/sequences/illumina/Novaseq_siphgenomes/Sample_NA10_182_011/NA10_182_011_S51_L002_R1_001.fastq.gz	/gpfs/ycga/work/dunn/sequences/illumina/Novaseq_siphgenomes/Sample_NA10_182_011/NA10_182_011_S51_L002_R2_001.fastq.gz	7453562136	7689201588	151	151	FASTQ header: instrument/run/flowcell/lane
Ahuja2024:NA11	NA11_170_023_S141_L004	A00124:432:HHGFNDSX3:L004	/gpfs/ycga/work/dunn/sequences/illumina/Novaseq_siphgenomes/Sample_NA11_170_023	/gpfs/ycga/work/dunn/sequences/illumina/Novaseq_siphgenomes/Sample_NA11_170_023/NA11_170_023_S141_L004_R1_001.fastq.gz	/gpfs/ycga/work/dunn/sequences/illumina/Novaseq_siphgenomes/Sample_NA11_170_023/NA11_170_023_S141_L004_R2_001.fastq.gz	6181531710	6451526508	151	151	FASTQ header: instrument/run/flowcell/lane
Ahuja2024:NA11	NA11_170_023_S31_L001	A00124:419:HFNHJDSX3:L001	/gpfs/ycga/work/dunn/sequences/illumina/Novaseq_siphgenomes/Sample_NA11_170_023	/gpfs/ycga/work/dunn/sequences/illumina/Novaseq_siphgenomes/Sample_NA11_170_023/NA11_170_023_S31_L001_R1_001.fastq.gz	/gpfs/ycga/work/dunn/sequences/illumina/Novaseq_siphgenomes/Sample_NA11_170_023/NA11_170_023_S31_L001_R2_001.fastq.gz	5734188933	5966814509	151	151	FASTQ header: instrument/run/flowcell/lane
Ahuja2024:NA2	NA2_183_010_S132_L004	A00124:432:HHGFNDSX3:L004	/gpfs/ycga/work/dunn/sequences/illumina/Novaseq_siphgenomes/Sample_NA2_183_010	/gpfs/ycga/work/dunn/sequences/illumina/Novaseq_siphgenomes/Sample_NA2_183_010/NA2_183_010_S132_L004_R1_001.fastq.gz	/gpfs/ycga/work/dunn/sequences/illumina/Novaseq_siphgenomes/Sample_NA2_183_010/NA2_183_010_S132_L004_R2_001.fastq.gz	6007876644	6244925048	151	151	FASTQ header: instrument/run/flowcell/lane
Ahuja2024:NA2	NA2_183_010_S22_L001	A00124:419:HFNHJDSX3:L001	/gpfs/ycga/work/dunn/sequences/illumina/Novaseq_siphgenomes/Sample_NA2_183_010	/gpfs/ycga/work/dunn/sequences/illumina/Novaseq_siphgenomes/Sample_NA2_183_010/NA2_183_010_S22_L001_R1_001.fastq.gz	/gpfs/ycga/work/dunn/sequences/illumina/Novaseq_siphgenomes/Sample_NA2_183_010/NA2_183_010_S22_L001_R2_001.fastq.gz	5415453852	5605048504	151	151	FASTQ header: instrument/run/flowcell/lane
Ahuja2024:NA2	NA2_183_010_S45_L002	A01519:133:HM2L3DSX3:L002	/gpfs/ycga/work/dunn/sequences/illumina/Novaseq_siphgenomes/Sample_NA2_183_010	/gpfs/ycga/work/dunn/sequences/illumina/Novaseq_siphgenomes/Sample_NA2_183_010/NA2_183_010_S45_L002_R1_001.fastq.gz	/gpfs/ycga/work/dunn/sequences/illumina/Novaseq_siphgenomes/Sample_NA2_183_010/NA2_183_010_S45_L002_R2_001.fastq.gz	5734287565	5990883233	151	151	FASTQ header: instrument/run/flowcell/lane
Ahuja2024:NA3	NA3_171_022_S133_L004	A00124:432:HHGFNDSX3:L004	/gpfs/ycga/work/dunn/sequences/illumina/Novaseq_siphgenomes/Sample_NA3_171_022	/gpfs/ycga/work/dunn/sequences/illumina/Novaseq_siphgenomes/Sample_NA3_171_022/NA3_171_022_S133_L004_R1_001.fastq.gz	/gpfs/ycga/work/dunn/sequences/illumina/Novaseq_siphgenomes/Sample_NA3_171_022/NA3_171_022_S133_L004_R2_001.fastq.gz	6946254022	7202904889	151	151	FASTQ header: instrument/run/flowcell/lane
Ahuja2024:NA3	NA3_171_022_S23_L001	A00124:419:HFNHJDSX3:L001	/gpfs/ycga/work/dunn/sequences/illumina/Novaseq_siphgenomes/Sample_NA3_171_022	/gpfs/ycga/work/dunn/sequences/illumina/Novaseq_siphgenomes/Sample_NA3_171_022/NA3_171_022_S23_L001_R1_001.fastq.gz	/gpfs/ycga/work/dunn/sequences/illumina/Novaseq_siphgenomes/Sample_NA3_171_022/NA3_171_022_S23_L001_R2_001.fastq.gz	5936988788	6137637564	151	151	FASTQ header: instrument/run/flowcell/lane
Ahuja2024:NA3	NA3_171_022_S46_L002	A01519:133:HM2L3DSX3:L002	/gpfs/ycga/work/dunn/sequences/illumina/Novaseq_siphgenomes/Sample_NA3_171_022	/gpfs/ycga/work/dunn/sequences/illumina/Novaseq_siphgenomes/Sample_NA3_171_022/NA3_171_022_S46_L002_R1_001.fastq.gz	/gpfs/ycga/work/dunn/sequences/illumina/Novaseq_siphgenomes/Sample_NA3_171_022/NA3_171_022_S46_L002_R2_001.fastq.gz	7363256176	7661981988	151	151	FASTQ header: instrument/run/flowcell/lane
Ahuja2024:NA4	NA4_159_034_S134_L004	A00124:432:HHGFNDSX3:L004	/gpfs/ycga/work/dunn/sequences/illumina/Novaseq_siphgenomes/Sample_NA4_159_034	/gpfs/ycga/work/dunn/sequences/illumina/Novaseq_siphgenomes/Sample_NA4_159_034/NA4_159_034_S134_L004_R1_001.fastq.gz	/gpfs/ycga/work/dunn/sequences/illumina/Novaseq_siphgenomes/Sample_NA4_159_034/NA4_159_034_S134_L004_R2_001.fastq.gz	5730840272	5956040760	151	151	FASTQ header: instrument/run/flowcell/lane
Ahuja2024:NA4	NA4_159_034_S24_L001	A00124:419:HFNHJDSX3:L001	/gpfs/ycga/work/dunn/sequences/illumina/Novaseq_siphgenomes/Sample_NA4_159_034	/gpfs/ycga/work/dunn/sequences/illumina/Novaseq_siphgenomes/Sample_NA4_159_034/NA4_159_034_S24_L001_R1_001.fastq.gz	/gpfs/ycga/work/dunn/sequences/illumina/Novaseq_siphgenomes/Sample_NA4_159_034/NA4_159_034_S24_L001_R2_001.fastq.gz	5354246765	5548635562	151	151	FASTQ header: instrument/run/flowcell/lane
Ahuja2024:NA4	NA4_159_034_S47_L002	A01519:133:HM2L3DSX3:L002	/gpfs/ycga/work/dunn/sequences/illumina/Novaseq_siphgenomes/Sample_NA4_159_034	/gpfs/ycga/work/dunn/sequences/illumina/Novaseq_siphgenomes/Sample_NA4_159_034/NA4_159_034_S47_L002_R1_001.fastq.gz	/gpfs/ycga/work/dunn/sequences/illumina/Novaseq_siphgenomes/Sample_NA4_159_034/NA4_159_034_S47_L002_R2_001.fastq.gz	6404513403	6699688351	151	151	FASTQ header: instrument/run/flowcell/lane
Ahuja2024:NA5	NA5_147_046_S135_L004	A00124:432:HHGFNDSX3:L004	/gpfs/ycga/work/dunn/sequences/illumina/Novaseq_siphgenomes/Sample_NA5_147_046	/gpfs/ycga/work/dunn/sequences/illumina/Novaseq_siphgenomes/Sample_NA5_147_046/NA5_147_046_S135_L004_R1_001.fastq.gz	/gpfs/ycga/work/dunn/sequences/illumina/Novaseq_siphgenomes/Sample_NA5_147_046/NA5_147_046_S135_L004_R2_001.fastq.gz	6604679149	6709231692	151	151	FASTQ header: instrument/run/flowcell/lane
Ahuja2024:NA5	NA5_147_046_S25_L001	A00124:419:HFNHJDSX3:L001	/gpfs/ycga/work/dunn/sequences/illumina/Novaseq_siphgenomes/Sample_NA5_147_046	/gpfs/ycga/work/dunn/sequences/illumina/Novaseq_siphgenomes/Sample_NA5_147_046/NA5_147_046_S25_L001_R1_001.fastq.gz	/gpfs/ycga/work/dunn/sequences/illumina/Novaseq_siphgenomes/Sample_NA5_147_046/NA5_147_046_S25_L001_R2_001.fastq.gz	6049647769	6138833428	151	151	FASTQ header: instrument/run/flowcell/lane
Ahuja2024:NA5	NA5_147_046_S48_L002	A01519:133:HM2L3DSX3:L002	/gpfs/ycga/work/dunn/sequences/illumina/Novaseq_siphgenomes/Sample_NA5_147_046	/gpfs/ycga/work/dunn/sequences/illumina/Novaseq_siphgenomes/Sample_NA5_147_046/NA5_147_046_S48_L002_R1_001.fastq.gz	/gpfs/ycga/work/dunn/sequences/illumina/Novaseq_siphgenomes/Sample_NA5_147_046/NA5_147_046_S48_L002_R2_001.fastq.gz	5708433893	5812630949	151	151	FASTQ header: instrument/run/flowcell/lane
Ahuja2024:NA6	NA6_135_058_S136_L004	A00124:432:HHGFNDSX3:L004	/gpfs/ycga/work/dunn/sequences/illumina/Novaseq_siphgenomes/Sample_NA6_135_058	/gpfs/ycga/work/dunn/sequences/illumina/Novaseq_siphgenomes/Sample_NA6_135_058/NA6_135_058_S136_L004_R1_001.fastq.gz	/gpfs/ycga/work/dunn/sequences/illumina/Novaseq_siphgenomes/Sample_NA6_135_058/NA6_135_058_S136_L004_R2_001.fastq.gz	7172266192	7451978053	151	151	FASTQ header: instrument/run/flowcell/lane
Ahuja2024:NA6	NA6_135_058_S26_L001	A00124:419:HFNHJDSX3:L001	/gpfs/ycga/work/dunn/sequences/illumina/Novaseq_siphgenomes/Sample_NA6_135_058	/gpfs/ycga/work/dunn/sequences/illumina/Novaseq_siphgenomes/Sample_NA6_135_058/NA6_135_058_S26_L001_R1_001.fastq.gz	/gpfs/ycga/work/dunn/sequences/illumina/Novaseq_siphgenomes/Sample_NA6_135_058/NA6_135_058_S26_L001_R2_001.fastq.gz	6055319040	6270716601	151	151	FASTQ header: instrument/run/flowcell/lane
Ahuja2024:NA7	NA7_123_070_S137_L004	A00124:432:HHGFNDSX3:L004	/gpfs/ycga/work/dunn/sequences/illumina/Novaseq_siphgenomes/Sample_NA7_123_070	/gpfs/ycga/work/dunn/sequences/illumina/Novaseq_siphgenomes/Sample_NA7_123_070/NA7_123_070_S137_L004_R1_001.fastq.gz	/gpfs/ycga/work/dunn/sequences/illumina/Novaseq_siphgenomes/Sample_NA7_123_070/NA7_123_070_S137_L004_R2_001.fastq.gz	7849273531	8076768935	151	151	FASTQ header: instrument/run/flowcell/lane
Ahuja2024:NA7	NA7_123_070_S27_L001	A00124:419:HFNHJDSX3:L001	/gpfs/ycga/work/dunn/sequences/illumina/Novaseq_siphgenomes/Sample_NA7_123_070	/gpfs/ycga/work/dunn/sequences/illumina/Novaseq_siphgenomes/Sample_NA7_123_070/NA7_123_070_S27_L001_R1_001.fastq.gz	/gpfs/ycga/work/dunn/sequences/illumina/Novaseq_siphgenomes/Sample_NA7_123_070/NA7_123_070_S27_L001_R2_001.fastq.gz	6632981485	6812286165	151	151	FASTQ header: instrument/run/flowcell/lane
Ahuja2024:NA7	NA7_123_070_S49_L002	A01519:133:HM2L3DSX3:L002	/gpfs/ycga/work/dunn/sequences/illumina/Novaseq_siphgenomes/Sample_NA7_123_070	/gpfs/ycga/work/dunn/sequences/illumina/Novaseq_siphgenomes/Sample_NA7_123_070/NA7_123_070_S49_L002_R1_001.fastq.gz	/gpfs/ycga/work/dunn/sequences/illumina/Novaseq_siphgenomes/Sample_NA7_123_070/NA7_123_070_S49_L002_R2_001.fastq.gz	6802167399	7013491067	151	151	FASTQ header: instrument/run/flowcell/lane
Ahuja2024:NA8	NA8_111_082_S138_L004	A00124:432:HHGFNDSX3:L004	/gpfs/ycga/work/dunn/sequences/illumina/Novaseq_siphgenomes/Sample_NA8_111_082	/gpfs/ycga/work/dunn/sequences/illumina/Novaseq_siphgenomes/Sample_NA8_111_082/NA8_111_082_S138_L004_R1_001.fastq.gz	/gpfs/ycga/work/dunn/sequences/illumina/Novaseq_siphgenomes/Sample_NA8_111_082/NA8_111_082_S138_L004_R2_001.fastq.gz	5423445190	5562347276	151	151	FASTQ header: instrument/run/flowcell/lane
Ahuja2024:NA8	NA8_111_082_S28_L001	A00124:419:HFNHJDSX3:L001	/gpfs/ycga/work/dunn/sequences/illumina/Novaseq_siphgenomes/Sample_NA8_111_082	/gpfs/ycga/work/dunn/sequences/illumina/Novaseq_siphgenomes/Sample_NA8_111_082/NA8_111_082_S28_L001_R1_001.fastq.gz	/gpfs/ycga/work/dunn/sequences/illumina/Novaseq_siphgenomes/Sample_NA8_111_082/NA8_111_082_S28_L001_R2_001.fastq.gz	6036745777	6173075976	151	151	FASTQ header: instrument/run/flowcell/lane
Ahuja2024:NA9	NA9_099_094_S139_L004	A00124:432:HHGFNDSX3:L004	/gpfs/ycga/work/dunn/sequences/illumina/Novaseq_siphgenomes/Sample_NA9_099_094	/gpfs/ycga/work/dunn/sequences/illumina/Novaseq_siphgenomes/Sample_NA9_099_094/NA9_099_094_S139_L004_R1_001.fastq.gz	/gpfs/ycga/work/dunn/sequences/illumina/Novaseq_siphgenomes/Sample_NA9_099_094/NA9_099_094_S139_L004_R2_001.fastq.gz	6408624871	6563758383	151	151	FASTQ header: instrument/run/flowcell/lane
Ahuja2024:NA9	NA9_099_094_S29_L001	A00124:419:HFNHJDSX3:L001	/gpfs/ycga/work/dunn/sequences/illumina/Novaseq_siphgenomes/Sample_NA9_099_094	/gpfs/ycga/work/dunn/sequences/illumina/Novaseq_siphgenomes/Sample_NA9_099_094/NA9_099_094_S29_L001_R1_001.fastq.gz	/gpfs/ycga/work/dunn/sequences/illumina/Novaseq_siphgenomes/Sample_NA9_099_094/NA9_099_094_S29_L001_R2_001.fastq.gz	6709719229	6861553941	151	151	FASTQ header: instrument/run/flowcell/lane
Ahuja2024:NA9	NA9_099_094_S50_L002	A01519:133:HM2L3DSX3:L002	/gpfs/ycga/work/dunn/sequences/illumina/Novaseq_siphgenomes/Sample_NA9_099_094	/gpfs/ycga/work/dunn/sequences/illumina/Novaseq_siphgenomes/Sample_NA9_099_094/NA9_099_094_S50_L002_R1_001.fastq.gz	/gpfs/ycga/work/dunn/sequences/illumina/Novaseq_siphgenomes/Sample_NA9_099_094/NA9_099_094_S50_L002_R2_001.fastq.gz	6960701944	7168879477	151	151	FASTQ header: instrument/run/flowcell/lane
Ahuja2026:NA19	NA19_152_041_S6_L002	A01519:212:HHKVKDSX5:L002	/gpfs/ycga/work/dunn/sequences/illumina/Nanomia_novaseq/Sample_NA19_152_041	/gpfs/ycga/work/dunn/sequences/illumina/Nanomia_novaseq/Sample_NA19_152_041/NA19_152_041_S6_L002_R1_001.fastq.gz	/gpfs/ycga/work/dunn/sequences/illumina/Nanomia_novaseq/Sample_NA19_152_041/NA19_152_041_S6_L002_R2_001.fastq.gz	23737902020	24493824891	151	151	FASTQ header: instrument/run/flowcell/lane
Ahuja2026:NA28	NA28_165_028_S20_L002	A01519:267:HT37JDSX5:L002	/gpfs/ycga/work/dunn/sequences/illumina/Nanomia_novaseq/Sample_NA28_165_028	/gpfs/ycga/work/dunn/sequences/illumina/Nanomia_novaseq/Sample_NA28_165_028/NA28_165_028_S20_L002_R1_001.fastq.gz	/gpfs/ycga/work/dunn/sequences/illumina/Nanomia_novaseq/Sample_NA28_165_028/NA28_165_028_S20_L002_R2_001.fastq.gz	27043274761	28249924183	151	151	FASTQ header: instrument/run/flowcell/lane
Ahuja2026:NA29	NA29_141_052_S21_L002	A01519:267:HT37JDSX5:L002	/gpfs/ycga/work/dunn/sequences/illumina/Nanomia_novaseq/Sample_NA29_141_052	/gpfs/ycga/work/dunn/sequences/illumina/Nanomia_novaseq/Sample_NA29_141_052/NA29_141_052_S21_L002_R1_001.fastq.gz	/gpfs/ycga/work/dunn/sequences/illumina/Nanomia_novaseq/Sample_NA29_141_052/NA29_141_052_S21_L002_R2_001.fastq.gz	39804801113	42139828384	151	151	FASTQ header: instrument/run/flowcell/lane
Ahuja2026:NA30	NA30_153_040_S22_L002	A01519:267:HT37JDSX5:L002	/gpfs/ycga/work/dunn/sequences/illumina/Nanomia_novaseq/Sample_NA30_153_040	/gpfs/ycga/work/dunn/sequences/illumina/Nanomia_novaseq/Sample_NA30_153_040/NA30_153_040_S22_L002_R1_001.fastq.gz	/gpfs/ycga/work/dunn/sequences/illumina/Nanomia_novaseq/Sample_NA30_153_040/NA30_153_040_S22_L002_R2_001.fastq.gz	26187080096	27215410626	151	151	FASTQ header: instrument/run/flowcell/lane
Ahuja2026:NA31	NA31_164_029_S2_L003	A00124:673:HFG3JDSX7:L003	/gpfs/ycga/work/dunn/sequences/illumina/Nanomia_novaseq/Sample_NA31_164_029	/gpfs/ycga/work/dunn/sequences/illumina/Nanomia_novaseq/Sample_NA31_164_029/NA31_164_029_S2_L003_R1_001.fastq.gz	/gpfs/ycga/work/dunn/sequences/illumina/Nanomia_novaseq/Sample_NA31_164_029/NA31_164_029_S2_L003_R2_001.fastq.gz	18661770118	19491570071	151	151	FASTQ header: instrument/run/flowcell/lane
Ahuja2026:NA32	NA32_152_041_S3_L003	A00124:673:HFG3JDSX7:L003	/gpfs/ycga/work/dunn/sequences/illumina/Nanomia_novaseq/Sample_NA32_152_041	/gpfs/ycga/work/dunn/sequences/illumina/Nanomia_novaseq/Sample_NA32_152_041/NA32_152_041_S3_L003_R1_001.fastq.gz	/gpfs/ycga/work/dunn/sequences/illumina/Nanomia_novaseq/Sample_NA32_152_041/NA32_152_041_S3_L003_R2_001.fastq.gz	20721226541	21818399705	151	151	FASTQ header: instrument/run/flowcell/lane
Ahuja2026:NA33	NA33_140_053_S4_L003	A00124:673:HFG3JDSX7:L003	/gpfs/ycga/work/dunn/sequences/illumina/Nanomia_novaseq/Sample_NA33_140_053	/gpfs/ycga/work/dunn/sequences/illumina/Nanomia_novaseq/Sample_NA33_140_053/NA33_140_053_S4_L003_R1_001.fastq.gz	/gpfs/ycga/work/dunn/sequences/illumina/Nanomia_novaseq/Sample_NA33_140_053/NA33_140_053_S4_L003_R2_001.fastq.gz	19397787857	20409924893	151	151	FASTQ header: instrument/run/flowcell/lane
Ahuja2026:NA34	NA34_103_090_S34_L008	LH00309:136:223TNKLT4:L008	/gpfs/ycga/work/dunn/sequences/illumina/Nanomia_novaseq/Sample_NA34_103_090	/gpfs/ycga/work/dunn/sequences/illumina/Nanomia_novaseq/Sample_NA34_103_090/NA34_103_090_S34_L008_R1_001.fastq.gz	/gpfs/ycga/work/dunn/sequences/illumina/Nanomia_novaseq/Sample_NA34_103_090/NA34_103_090_S34_L008_R2_001.fastq.gz	20272714604	20439443205	151	151	FASTQ header: instrument/run/flowcell/lane
Ahuja2026:NA35	NA35_186_007_S35_L008	LH00309:136:223TNKLT4:L008	/gpfs/ycga/work/dunn/sequences/illumina/Nanomia_novaseq/Sample_NA35_186_007	/gpfs/ycga/work/dunn/sequences/illumina/Nanomia_novaseq/Sample_NA35_186_007/NA35_186_007_S35_L008_R1_001.fastq.gz	/gpfs/ycga/work/dunn/sequences/illumina/Nanomia_novaseq/Sample_NA35_186_007/NA35_186_007_S35_L008_R2_001.fastq.gz	15899234745	16020074322	151	151	FASTQ header: instrument/run/flowcell/lane
Ahuja2026:NA35	NA35_186_007_S75_L007	LH00309:140:223JTMLT4:L007	/gpfs/ycga/work/dunn/sequences/illumina/Nanomia_novaseq/Sample_NA35_186_007	/gpfs/ycga/work/dunn/sequences/illumina/Nanomia_novaseq/Sample_NA35_186_007/NA35_186_007_S75_L007_R1_001.fastq.gz	/gpfs/ycga/work/dunn/sequences/illumina/Nanomia_novaseq/Sample_NA35_186_007/NA35_186_007_S75_L007_R2_001.fastq.gz	7406341352	7470938832	151	151	FASTQ header: instrument/run/flowcell/lane
Ahuja2026:NA36	NA36_174_019_S36_L008	LH00309:136:223TNKLT4:L008	/gpfs/ycga/work/dunn/sequences/illumina/Nanomia_novaseq/Sample_NA36_174_019	/gpfs/ycga/work/dunn/sequences/illumina/Nanomia_novaseq/Sample_NA36_174_019/NA36_174_019_S36_L008_R1_001.fastq.gz	/gpfs/ycga/work/dunn/sequences/illumina/Nanomia_novaseq/Sample_NA36_174_019/NA36_174_019_S36_L008_R2_001.fastq.gz	15963148897	16115965453	151	151	FASTQ header: instrument/run/flowcell/lane
Ahuja2026:NA37	NA37_085_108_S112_L002	LH00309:212:22CMLKLT3:L002	/gpfs/ycga/work/dunn/sequences/illumina/S2_assorted_samples_skimming_2024/Sample_NA37_085_108	/gpfs/ycga/work/dunn/sequences/illumina/S2_assorted_samples_skimming_2024/Sample_NA37_085_108/NA37_085_108_S112_L002_R1_001.fastq.gz	/gpfs/ycga/work/dunn/sequences/illumina/S2_assorted_samples_skimming_2024/Sample_NA37_085_108/NA37_085_108_S112_L002_R2_001.fastq.gz	22381859283	22136324195	151	151	FASTQ header: instrument/run/flowcell/lane
Ahuja2026:NA38	NA38_173_020_S113_L001	LH00309:212:22CMLKLT3:L001	/gpfs/ycga/work/dunn/sequences/illumina/S2_assorted_samples_skimming_2024/Sample_NA38_173_020	/gpfs/ycga/work/dunn/sequences/illumina/S2_assorted_samples_skimming_2024/Sample_NA38_173_020/NA38_173_020_S113_L001_R1_001.fastq.gz	/gpfs/ycga/work/dunn/sequences/illumina/S2_assorted_samples_skimming_2024/Sample_NA38_173_020/NA38_173_020_S113_L001_R2_001.fastq.gz	24217514480	24550816866	151	151	FASTQ header: instrument/run/flowcell/lane
Ahuja2026:WS10	WS10_143_050_S35_L004	A01519:322:H7JNNDSX7:L004	/gpfs/ycga/work/dunn/sequences/illumina/Nanomia_novaseq/Sample_WS10_143_050	/gpfs/ycga/work/dunn/sequences/illumina/Nanomia_novaseq/Sample_WS10_143_050/WS10_143_050_S35_L004_R1_001.fastq.gz	/gpfs/ycga/work/dunn/sequences/illumina/Nanomia_novaseq/Sample_WS10_143_050/WS10_143_050_S35_L004_R2_001.fastq.gz	12484208784	12945374726	151	151	FASTQ header: instrument/run/flowcell/lane
Ahuja2026:WS10	WS10_161_032_S45_L001	A01519:358:HJKNNDSX7:L001	/gpfs/ycga/work/dunn/sequences/illumina/Nanomia_novaseq/Sample_WS10_143_050	/gpfs/ycga/work/dunn/sequences/illumina/Nanomia_novaseq/Sample_WS10_143_050/WS10_161_032_S45_L001_R1_001.fastq.gz	/gpfs/ycga/work/dunn/sequences/illumina/Nanomia_novaseq/Sample_WS10_143_050/WS10_161_032_S45_L001_R2_001.fastq.gz	12004408958	12905459454	151	151	FASTQ header: instrument/run/flowcell/lane
Ahuja2026:WS2	WS2_120_073_S27_L004	A01519:322:H7JNNDSX7:L004	/gpfs/ycga/work/dunn/sequences/illumina/Nanomia_novaseq/Sample_WS2_120_073	/gpfs/ycga/work/dunn/sequences/illumina/Nanomia_novaseq/Sample_WS2_120_073/WS2_120_073_S27_L004_R1_001.fastq.gz	/gpfs/ycga/work/dunn/sequences/illumina/Nanomia_novaseq/Sample_WS2_120_073/WS2_120_073_S27_L004_R2_001.fastq.gz	5995491667	6138291933	151	151	FASTQ header: instrument/run/flowcell/lane
Ahuja2026:WS2	WS2_138_055_S37_L001	A01519:358:HJKNNDSX7:L001	/gpfs/ycga/work/dunn/sequences/illumina/Nanomia_novaseq/Sample_WS2_120_073	/gpfs/ycga/work/dunn/sequences/illumina/Nanomia_novaseq/Sample_WS2_120_073/WS2_138_055_S37_L001_R1_001.fastq.gz	/gpfs/ycga/work/dunn/sequences/illumina/Nanomia_novaseq/Sample_WS2_120_073/WS2_138_055_S37_L001_R2_001.fastq.gz	5825415657	6162308507	151	151	FASTQ header: instrument/run/flowcell/lane
Ahuja2026:WS3	WS3_108_085_S28_L004	A01519:322:H7JNNDSX7:L004	/gpfs/ycga/work/dunn/sequences/illumina/Nanomia_novaseq/Sample_WS3_108_085	/gpfs/ycga/work/dunn/sequences/illumina/Nanomia_novaseq/Sample_WS3_108_085/WS3_108_085_S28_L004_R1_001.fastq.gz	/gpfs/ycga/work/dunn/sequences/illumina/Nanomia_novaseq/Sample_WS3_108_085/WS3_108_085_S28_L004_R2_001.fastq.gz	7124475658	7286277854	151	151	FASTQ header: instrument/run/flowcell/lane
Ahuja2026:WS3	WS3_126_067_S38_L001	A01519:358:HJKNNDSX7:L001	/gpfs/ycga/work/dunn/sequences/illumina/Nanomia_novaseq/Sample_WS3_108_085	/gpfs/ycga/work/dunn/sequences/illumina/Nanomia_novaseq/Sample_WS3_108_085/WS3_126_067_S38_L001_R1_001.fastq.gz	/gpfs/ycga/work/dunn/sequences/illumina/Nanomia_novaseq/Sample_WS3_108_085/WS3_126_067_S38_L001_R2_001.fastq.gz	6753164780	7078916130	151	151	FASTQ header: instrument/run/flowcell/lane
Ahuja2026:WS4	WS4_114_079_S39_L001	A01519:358:HJKNNDSX7:L001	/gpfs/ycga/work/dunn/sequences/illumina/Nanomia_novaseq/Sample_WS4_191_002	/gpfs/ycga/work/dunn/sequences/illumina/Nanomia_novaseq/Sample_WS4_191_002/WS4_114_079_S39_L001_R1_001.fastq.gz	/gpfs/ycga/work/dunn/sequences/illumina/Nanomia_novaseq/Sample_WS4_191_002/WS4_114_079_S39_L001_R2_001.fastq.gz	5889536516	6240173569	151	151	FASTQ header: instrument/run/flowcell/lane
Ahuja2026:WS4	WS4_191_002_S1_L008	LH00309:202:227M77LT4:L008	/gpfs/ycga/work/dunn/sequences/illumina/Nanomia_novaseq/Sample_WS4_191_002	/gpfs/ycga/work/dunn/sequences/illumina/Nanomia_novaseq/Sample_WS4_191_002/WS4_191_002_S1_L008_R1_001.fastq.gz	/gpfs/ycga/work/dunn/sequences/illumina/Nanomia_novaseq/Sample_WS4_191_002/WS4_191_002_S1_L008_R2_001.fastq.gz	9129191048	9373556997	151	151	FASTQ header: instrument/run/flowcell/lane
Ahuja2026:WS4	WS4_191_002_S29_L004	A01519:322:H7JNNDSX7:L004	/gpfs/ycga/work/dunn/sequences/illumina/Nanomia_novaseq/Sample_WS4_191_002	/gpfs/ycga/work/dunn/sequences/illumina/Nanomia_novaseq/Sample_WS4_191_002/WS4_191_002_S29_L004_R1_001.fastq.gz	/gpfs/ycga/work/dunn/sequences/illumina/Nanomia_novaseq/Sample_WS4_191_002/WS4_191_002_S29_L004_R2_001.fastq.gz	5066154524	5242800407	151	151	FASTQ header: instrument/run/flowcell/lane
Ahuja2026:WS4	WS4_191_002_S61_L006	LH00309:204:227MGJLT4:L006	/gpfs/ycga/work/dunn/sequences/illumina/Nanomia_novaseq/Sample_WS4_191_002	/gpfs/ycga/work/dunn/sequences/illumina/Nanomia_novaseq/Sample_WS4_191_002/WS4_191_002_S61_L006_R1_001.fastq.gz	/gpfs/ycga/work/dunn/sequences/illumina/Nanomia_novaseq/Sample_WS4_191_002/WS4_191_002_S61_L006_R2_001.fastq.gz	7806674677	7997961347	151	151	FASTQ header: instrument/run/flowcell/lane
Ahuja2026:WS5	WS5_102_091_S40_L001	A01519:358:HJKNNDSX7:L001	/gpfs/ycga/work/dunn/sequences/illumina/Nanomia_novaseq/Sample_WS5_179_014	/gpfs/ycga/work/dunn/sequences/illumina/Nanomia_novaseq/Sample_WS5_179_014/WS5_102_091_S40_L001_R1_001.fastq.gz	/gpfs/ycga/work/dunn/sequences/illumina/Nanomia_novaseq/Sample_WS5_179_014/WS5_102_091_S40_L001_R2_001.fastq.gz	16962726660	17702747829	151	151	FASTQ header: instrument/run/flowcell/lane
Ahuja2026:WS5	WS5_179_014_S30_L004	A01519:322:H7JNNDSX7:L004	/gpfs/ycga/work/dunn/sequences/illumina/Nanomia_novaseq/Sample_WS5_179_014	/gpfs/ycga/work/dunn/sequences/illumina/Nanomia_novaseq/Sample_WS5_179_014/WS5_179_014_S30_L004_R1_001.fastq.gz	/gpfs/ycga/work/dunn/sequences/illumina/Nanomia_novaseq/Sample_WS5_179_014/WS5_179_014_S30_L004_R2_001.fastq.gz	11409868188	11744012805	151	151	FASTQ header: instrument/run/flowcell/lane
Ahuja2026:WS6	WS6_113_080_S41_L001	A01519:358:HJKNNDSX7:L001	/gpfs/ycga/work/dunn/sequences/illumina/Nanomia_novaseq/Sample_WS6_190_003	/gpfs/ycga/work/dunn/sequences/illumina/Nanomia_novaseq/Sample_WS6_190_003/WS6_113_080_S41_L001_R1_001.fastq.gz	/gpfs/ycga/work/dunn/sequences/illumina/Nanomia_novaseq/Sample_WS6_190_003/WS6_113_080_S41_L001_R2_001.fastq.gz	17288884977	18735400639	151	151	FASTQ header: instrument/run/flowcell/lane
Ahuja2026:WS6	WS6_190_003_S31_L004	A01519:322:H7JNNDSX7:L004	/gpfs/ycga/work/dunn/sequences/illumina/Nanomia_novaseq/Sample_WS6_190_003	/gpfs/ycga/work/dunn/sequences/illumina/Nanomia_novaseq/Sample_WS6_190_003/WS6_190_003_S31_L004_R1_001.fastq.gz	/gpfs/ycga/work/dunn/sequences/illumina/Nanomia_novaseq/Sample_WS6_190_003/WS6_190_003_S31_L004_R2_001.fastq.gz	11334829385	11725812783	151	151	FASTQ header: instrument/run/flowcell/lane
Ahuja2026:WS7	WS7_167_026_S32_L004	A01519:322:H7JNNDSX7:L004	/gpfs/ycga/work/dunn/sequences/illumina/Nanomia_novaseq/Sample_WS7_167_026	/gpfs/ycga/work/dunn/sequences/illumina/Nanomia_novaseq/Sample_WS7_167_026/WS7_167_026_S32_L004_R1_001.fastq.gz	/gpfs/ycga/work/dunn/sequences/illumina/Nanomia_novaseq/Sample_WS7_167_026/WS7_167_026_S32_L004_R2_001.fastq.gz	12606784882	12969451197	151	151	FASTQ header: instrument/run/flowcell/lane
Ahuja2026:WS7	WS7_185_008_S42_L001	A01519:358:HJKNNDSX7:L001	/gpfs/ycga/work/dunn/sequences/illumina/Nanomia_novaseq/Sample_WS7_167_026	/gpfs/ycga/work/dunn/sequences/illumina/Nanomia_novaseq/Sample_WS7_167_026/WS7_185_008_S42_L001_R1_001.fastq.gz	/gpfs/ycga/work/dunn/sequences/illumina/Nanomia_novaseq/Sample_WS7_167_026/WS7_185_008_S42_L001_R2_001.fastq.gz	12608521556	13377938306	151	151	FASTQ header: instrument/run/flowcell/lane
Ahuja2026:WS8	WS8_155_038_S33_L004	A01519:322:H7JNNDSX7:L004	/gpfs/ycga/work/dunn/sequences/illumina/Nanomia_novaseq/Sample_WS8_155_038	/gpfs/ycga/work/dunn/sequences/illumina/Nanomia_novaseq/Sample_WS8_155_038/WS8_155_038_S33_L004_R1_001.fastq.gz	/gpfs/ycga/work/dunn/sequences/illumina/Nanomia_novaseq/Sample_WS8_155_038/WS8_155_038_S33_L004_R2_001.fastq.gz	13203688199	13754152923	151	151	FASTQ header: instrument/run/flowcell/lane
Ahuja2026:WS8	WS8_173_020_S43_L001	A01519:358:HJKNNDSX7:L001	/gpfs/ycga/work/dunn/sequences/illumina/Nanomia_novaseq/Sample_WS8_155_038	/gpfs/ycga/work/dunn/sequences/illumina/Nanomia_novaseq/Sample_WS8_155_038/WS8_173_020_S43_L001_R1_001.fastq.gz	/gpfs/ycga/work/dunn/sequences/illumina/Nanomia_novaseq/Sample_WS8_155_038/WS8_173_020_S43_L001_R2_001.fastq.gz	13729349407	14591785140	151	151	FASTQ header: instrument/run/flowcell/lane
Ahuja2026:WS9	WS9_178_015_S34_L004	A01519:322:H7JNNDSX7:L004	/gpfs/ycga/work/dunn/sequences/illumina/Nanomia_novaseq/Sample_WS9_178_015	/gpfs/ycga/work/dunn/sequences/illumina/Nanomia_novaseq/Sample_WS9_178_015/WS9_178_015_S34_L004_R1_001.fastq.gz	/gpfs/ycga/work/dunn/sequences/illumina/Nanomia_novaseq/Sample_WS9_178_015/WS9_178_015_S34_L004_R2_001.fastq.gz	9764855613	9877123995	151	151	FASTQ header: instrument/run/flowcell/lane
Ahuja2026:WS9	WS9_184_009_S44_L001	A01519:358:HJKNNDSX7:L001	/gpfs/ycga/work/dunn/sequences/illumina/Nanomia_novaseq/Sample_WS9_178_015	/gpfs/ycga/work/dunn/sequences/illumina/Nanomia_novaseq/Sample_WS9_178_015/WS9_184_009_S44_L001_R1_001.fastq.gz	/gpfs/ycga/work/dunn/sequences/illumina/Nanomia_novaseq/Sample_WS9_178_015/WS9_184_009_S44_L001_R2_001.fastq.gz	9631222910	10168922057	151	151	FASTQ header: instrument/run/flowcell/lane
Church2025:FM-16644	FM16644_153_040_S7_L004	LH00309:40:22CMVKLT3:L004	/gpfs/ycga/work/dunn/sequences/illumina/physalia_novaseq5_2023/Sample_FM16644_153_040	/gpfs/ycga/work/dunn/sequences/illumina/physalia_novaseq5_2023/Sample_FM16644_153_040/FM16644_153_040_S7_L004_R1_001.fastq.gz	/gpfs/ycga/work/dunn/sequences/illumina/physalia_novaseq5_2023/Sample_FM16644_153_040/FM16644_153_040_S7_L004_R2_001.fastq.gz	9805161371	10100727380	151	151	FASTQ header: instrument/run/flowcell/lane
Church2025:NIWA-173304	CWD_NZ35_122_071_S122_L005	LH00309:195:227FKVLT4:L005	/gpfs/ycga/work/dunn/sequences/illumina/physalia_novaseq8_2023/Sample_CWD_NZ35_122_071_essdhc	/gpfs/ycga/work/dunn/sequences/illumina/physalia_novaseq8_2023/Sample_CWD_NZ35_122_071_essdhc/CWD_NZ35_122_071_S122_L005_R1_001.fastq.gz	/gpfs/ycga/work/dunn/sequences/illumina/physalia_novaseq8_2023/Sample_CWD_NZ35_122_071_essdhc/CWD_NZ35_122_071_S122_L005_R2_001.fastq.gz	3119217442	3159785467	151	151	FASTQ header: instrument/run/flowcell/lane
Church2025:NIWA-173304	CWD_NZ35_122_071_S67_L002	LH00309:191:227L7FLT4:L002	/gpfs/ycga/work/dunn/sequences/illumina/physalia_novaseq8_2023/Sample_CWD_NZ35_122_071	/gpfs/ycga/work/dunn/sequences/illumina/physalia_novaseq8_2023/Sample_CWD_NZ35_122_071/CWD_NZ35_122_071_S67_L002_R1_001.fastq.gz	/gpfs/ycga/work/dunn/sequences/illumina/physalia_novaseq8_2023/Sample_CWD_NZ35_122_071/CWD_NZ35_122_071_S67_L002_R2_001.fastq.gz	3996805655	4070347269	151	151	FASTQ header: instrument/run/flowcell/lane
Church2025:NIWA-173305	CWD_NZ36_170_023_S85_L003	LH00309:204:227MGJLT4:L003	/gpfs/ycga/work/dunn/sequences/illumina/physalia_novaseq8_2023/Sample_CWD_NZ36_170_023	/gpfs/ycga/work/dunn/sequences/illumina/physalia_novaseq8_2023/Sample_CWD_NZ36_170_023/CWD_NZ36_170_023_S85_L003_R1_001.fastq.gz	/gpfs/ycga/work/dunn/sequences/illumina/physalia_novaseq8_2023/Sample_CWD_NZ36_170_023/CWD_NZ36_170_023_S85_L003_R2_001.fastq.gz	7945582495	8066588330	151	151	FASTQ header: instrument/run/flowcell/lane
Church2025:OA-190531-1	HYGF2CCXY_1_190531_FD09253810_Other__R_190530_SAMROS_DNA_M001	ST-E00199:415:HYGF2CCXY:L001	/gpfs/ycga/work/dunn/sequences/illumina/physalia_novaseq2_2023/Sample_190531_FD09253810	/gpfs/ycga/work/dunn/sequences/illumina/physalia_novaseq2_2023/Sample_190531_FD09253810/HYGF2CCXY_1_190531_FD09253810_Other__R_190530_SAMROS_DNA_M001_R1.fastq.gz	/gpfs/ycga/work/dunn/sequences/illumina/physalia_novaseq2_2023/Sample_190531_FD09253810/HYGF2CCXY_1_190531_FD09253810_Other__R_190530_SAMROS_DNA_M001_R2.fastq.gz	33938549317	40111078563	78	149	FASTQ header: instrument/run/flowcell/lane
Church2025:OA-190531-1	HYGF2CCXY_2_190531_FD09253810_Other__R_190530_SAMROS_DNA_M001	ST-E00199:415:HYGF2CCXY:L002	/gpfs/ycga/work/dunn/sequences/illumina/physalia_novaseq2_2023/Sample_190531_FD09253810	/gpfs/ycga/work/dunn/sequences/illumina/physalia_novaseq2_2023/Sample_190531_FD09253810/HYGF2CCXY_2_190531_FD09253810_Other__R_190530_SAMROS_DNA_M001_R1.fastq.gz	/gpfs/ycga/work/dunn/sequences/illumina/physalia_novaseq2_2023/Sample_190531_FD09253810/HYGF2CCXY_2_190531_FD09253810_Other__R_190530_SAMROS_DNA_M001_R2.fastq.gz	32284843897	38077173938	149	150	FASTQ header: instrument/run/flowcell/lane
Church2025:OA-190531-1	HYGF2CCXY_3_190531_FD09253810_Other__R_190530_SAMROS_DNA_M001	ST-E00199:415:HYGF2CCXY:L003	/gpfs/ycga/work/dunn/sequences/illumina/physalia_novaseq2_2023/Sample_190531_FD09253810	/gpfs/ycga/work/dunn/sequences/illumina/physalia_novaseq2_2023/Sample_190531_FD09253810/HYGF2CCXY_3_190531_FD09253810_Other__R_190530_SAMROS_DNA_M001_R1.fastq.gz	/gpfs/ycga/work/dunn/sequences/illumina/physalia_novaseq2_2023/Sample_190531_FD09253810/HYGF2CCXY_3_190531_FD09253810_Other__R_190530_SAMROS_DNA_M001_R2.fastq.gz	33619079397	39425967022	150	149	FASTQ header: instrument/run/flowcell/lane
Church2025:OA-Bluebottle	BluebottleDNA_S1_L001	A00152:671:HKTT5DRX2:L001	/vast/palmer/pi/dunn/sc2962/physalia_genome_assemblies/2023_physalia_pacfic_genome/GON10891/GON10891A1	/vast/palmer/pi/dunn/sc2962/physalia_genome_assemblies/2023_physalia_pacfic_genome/GON10891/GON10891A1/BluebottleDNA_S1_L001_R1_001.fastq.gz	/vast/palmer/pi/dunn/sc2962/physalia_genome_assemblies/2023_physalia_pacfic_genome/GON10891/GON10891A1/BluebottleDNA_S1_L001_R2_001.fastq.gz	29797712769	32352692327	149	151	FASTQ header: instrument/run/flowcell/lane
Church2025:TMAG-K5632	KM5632_138_055_S1_L001	A01519:389:HMGLFDSX7:L001	/gpfs/ycga/work/dunn/sequences/illumina/physalia_novaseq5_2023/Sample_KM5632_138_055	/gpfs/ycga/work/dunn/sequences/illumina/physalia_novaseq5_2023/Sample_KM5632_138_055/KM5632_138_055_S1_L001_R1_001.fastq.gz	/gpfs/ycga/work/dunn/sequences/illumina/physalia_novaseq5_2023/Sample_KM5632_138_055/KM5632_138_055_S1_L001_R2_001.fastq.gz	15526910831	16349995192	151	151	FASTQ header: instrument/run/flowcell/lane
Church2025:TMAG-K5632	KM5632_138_055_S65_L003	A00124:638:H5N7GDSX7:L003	/gpfs/ycga/work/dunn/sequences/illumina/physalia_novaseq2_2023/Sample_KM5632_138_055	/gpfs/ycga/work/dunn/sequences/illumina/physalia_novaseq2_2023/Sample_KM5632_138_055/KM5632_138_055_S65_L003_R1_001.fastq.gz	/gpfs/ycga/work/dunn/sequences/illumina/physalia_novaseq2_2023/Sample_KM5632_138_055/KM5632_138_055_S65_L003_R2_001.fastq.gz	3966329281	4109519091	151	151	FASTQ header: instrument/run/flowcell/lane
Church2025:TMAG-K5633	KM5633_150_043_S2_L001	A01519:389:HMGLFDSX7:L001	/gpfs/ycga/work/dunn/sequences/illumina/physalia_novaseq5_2023/Sample_KM5633_150_043	/gpfs/ycga/work/dunn/sequences/illumina/physalia_novaseq5_2023/Sample_KM5633_150_043/KM5633_150_043_S2_L001_R1_001.fastq.gz	/gpfs/ycga/work/dunn/sequences/illumina/physalia_novaseq5_2023/Sample_KM5633_150_043/KM5633_150_043_S2_L001_R2_001.fastq.gz	22523386045	23950500245	151	151	FASTQ header: instrument/run/flowcell/lane
Church2025:TMAG-K5633	KM5633_150_043_S66_L003	A00124:638:H5N7GDSX7:L003	/gpfs/ycga/work/dunn/sequences/illumina/physalia_novaseq2_2023/Sample_KM5633_150_043	/gpfs/ycga/work/dunn/sequences/illumina/physalia_novaseq2_2023/Sample_KM5633_150_043/KM5633_150_043_S66_L003_R1_001.fastq.gz	/gpfs/ycga/work/dunn/sequences/illumina/physalia_novaseq2_2023/Sample_KM5633_150_043/KM5633_150_043_S66_L003_R2_001.fastq.gz	4130712751	4321849436	151	151	FASTQ header: instrument/run/flowcell/lane
Church2025:TMAG-K5634	KM5634_126_067_S67_L003	A00124:638:H5N7GDSX7:L003	/gpfs/ycga/work/dunn/sequences/illumina/physalia_novaseq2_2023/Sample_KM5634_126_067	/gpfs/ycga/work/dunn/sequences/illumina/physalia_novaseq2_2023/Sample_KM5634_126_067/KM5634_126_067_S67_L003_R1_001.fastq.gz	/gpfs/ycga/work/dunn/sequences/illumina/physalia_novaseq2_2023/Sample_KM5634_126_067/KM5634_126_067_S67_L003_R2_001.fastq.gz	3978689626	4109098082	151	151	FASTQ header: instrument/run/flowcell/lane
Church2025:TMAG-K5635	KM5635_128_065_S5_L003	A00124:673:HFG3JDSX7:L003	/gpfs/ycga/work/dunn/sequences/illumina/physalia_novaseq3_2023/Sample_KM5635_128_065	/gpfs/ycga/work/dunn/sequences/illumina/physalia_novaseq3_2023/Sample_KM5635_128_065/KM5635_128_065_S5_L003_R1_001.fastq.gz	/gpfs/ycga/work/dunn/sequences/illumina/physalia_novaseq3_2023/Sample_KM5635_128_065/KM5635_128_065_S5_L003_R2_001.fastq.gz	11230484746	11701061694	151	151	FASTQ header: instrument/run/flowcell/lane
Church2025:TMAG-K5636	KM5636_116_077_S6_L003	A00124:673:HFG3JDSX7:L003	/gpfs/ycga/work/dunn/sequences/illumina/physalia_novaseq3_2023/Sample_KM5636_116_077	/gpfs/ycga/work/dunn/sequences/illumina/physalia_novaseq3_2023/Sample_KM5636_116_077/KM5636_116_077_S6_L003_R1_001.fastq.gz	/gpfs/ycga/work/dunn/sequences/illumina/physalia_novaseq3_2023/Sample_KM5636_116_077/KM5636_116_077_S6_L003_R2_001.fastq.gz	9788619672	10309109669	151	151	FASTQ header: instrument/run/flowcell/lane
Church2025:WAM-Z88480	Z88480_170_023_S23_L002	LH00309:19:2273H5LT3:L002	/gpfs/ycga/work/dunn/sequences/illumina/physalia_novaseq4_2023/Sample_Z88480_170_023	/gpfs/ycga/work/dunn/sequences/illumina/physalia_novaseq4_2023/Sample_Z88480_170_023/Z88480_170_023_S23_L002_R1_001.fastq.gz	/gpfs/ycga/work/dunn/sequences/illumina/physalia_novaseq4_2023/Sample_Z88480_170_023/Z88480_170_023_S23_L002_R2_001.fastq.gz	12530878447	12741896444	151	151	FASTQ header: instrument/run/flowcell/lane
Church2025:WAM-Z88480	Z88480_170_023_S8_L006	LH00309:46:22F2CTLT3:L006	/gpfs/ycga/work/dunn/sequences/illumina/physalia_novaseq5_2023/Sample_Z88480_170_023	/gpfs/ycga/work/dunn/sequences/illumina/physalia_novaseq5_2023/Sample_Z88480_170_023/Z88480_170_023_S8_L006_R1_001.fastq.gz	/gpfs/ycga/work/dunn/sequences/illumina/physalia_novaseq5_2023/Sample_Z88480_170_023/Z88480_170_023_S8_L006_R2_001.fastq.gz	19921980990	20581472326	151	151	FASTQ header: instrument/run/flowcell/lane
Church2025:WAM-Z97900	Z97900_158_035_S24_L002	LH00309:19:2273H5LT3:L002	/gpfs/ycga/work/dunn/sequences/illumina/physalia_novaseq4_2023/Sample_Z97900_158_035	/gpfs/ycga/work/dunn/sequences/illumina/physalia_novaseq4_2023/Sample_Z97900_158_035/Z97900_158_035_S24_L002_R1_001.fastq.gz	/gpfs/ycga/work/dunn/sequences/illumina/physalia_novaseq4_2023/Sample_Z97900_158_035/Z97900_158_035_S24_L002_R2_001.fastq.gz	8409107009	8555168250	151	151	FASTQ header: instrument/run/flowcell/lane
Church2025:WAM-Z97901	Z97901_146_047_S25_L002	LH00309:19:2273H5LT3:L002	/gpfs/ycga/work/dunn/sequences/illumina/physalia_novaseq4_2023/Sample_Z97901_146_047	/gpfs/ycga/work/dunn/sequences/illumina/physalia_novaseq4_2023/Sample_Z97901_146_047/Z97901_146_047_S25_L002_R1_001.fastq.gz	/gpfs/ycga/work/dunn/sequences/illumina/physalia_novaseq4_2023/Sample_Z97901_146_047/Z97901_146_047_S25_L002_R2_001.fastq.gz	9654741908	9835704949	151	151	FASTQ header: instrument/run/flowcell/lane
Church2025:WAM-Z97902	Z97902_152_041_S1_L001	LH00309:43:22CYW2LT3:L001	/gpfs/ycga/work/dunn/sequences/illumina/physalia_novaseq5_2023/Sample_Z97902_152_041	/gpfs/ycga/work/dunn/sequences/illumina/physalia_novaseq5_2023/Sample_Z97902_152_041/Z97902_152_041_S1_L001_R1_001.fastq.gz	/gpfs/ycga/work/dunn/sequences/illumina/physalia_novaseq5_2023/Sample_Z97902_152_041/Z97902_152_041_S1_L001_R2_001.fastq.gz	1552289215	1620485086	151	151	FASTQ header: instrument/run/flowcell/lane
Church2025:WAM-Z97902	Z97902_152_041_S1_L001	LH00309:55:22F5W5LT3:L001	/gpfs/ycga/work/dunn/sequences/illumina/physalia_novaseq5_2023/Sample_Z97902_152_041_czytbx	/gpfs/ycga/work/dunn/sequences/illumina/physalia_novaseq5_2023/Sample_Z97902_152_041_czytbx/Z97902_152_041_S1_L001_R1_001.fastq.gz	/gpfs/ycga/work/dunn/sequences/illumina/physalia_novaseq5_2023/Sample_Z97902_152_041_czytbx/Z97902_152_041_S1_L001_R2_001.fastq.gz	6416222470	6685286022	151	151	FASTQ header: instrument/run/flowcell/lane
Church2025:WAM-Z97902	Z97902_152_041_S1_L002	LH00309:43:22CYW2LT3:L002	/gpfs/ycga/work/dunn/sequences/illumina/physalia_novaseq5_2023/Sample_Z97902_152_041	/gpfs/ycga/work/dunn/sequences/illumina/physalia_novaseq5_2023/Sample_Z97902_152_041/Z97902_152_041_S1_L002_R1_001.fastq.gz	/gpfs/ycga/work/dunn/sequences/illumina/physalia_novaseq5_2023/Sample_Z97902_152_041/Z97902_152_041_S1_L002_R2_001.fastq.gz	1514646138	1576796058	151	151	FASTQ header: instrument/run/flowcell/lane
Church2025:WAM-Z97903	Z97903_134_059_S26_L002	LH00309:19:2273H5LT3:L002	/gpfs/ycga/work/dunn/sequences/illumina/physalia_novaseq4_2023/Sample_Z97903_134_059	/gpfs/ycga/work/dunn/sequences/illumina/physalia_novaseq4_2023/Sample_Z97903_134_059/Z97903_134_059_S26_L002_R1_001.fastq.gz	/gpfs/ycga/work/dunn/sequences/illumina/physalia_novaseq4_2023/Sample_Z97903_134_059/Z97903_134_059_S26_L002_R2_001.fastq.gz	8619624853	8739283253	151	151	FASTQ header: instrument/run/flowcell/lane
Church2025:WAM-Z97906	Z97906_122_071_S27_L002	LH00309:19:2273H5LT3:L002	/gpfs/ycga/work/dunn/sequences/illumina/physalia_novaseq4_2023/Sample_Z97906_122_071	/gpfs/ycga/work/dunn/sequences/illumina/physalia_novaseq4_2023/Sample_Z97906_122_071/Z97906_122_071_S27_L002_R1_001.fastq.gz	/gpfs/ycga/work/dunn/sequences/illumina/physalia_novaseq4_2023/Sample_Z97906_122_071/Z97906_122_071_S27_L002_R2_001.fastq.gz	9006280449	9207492110	151	151	FASTQ header: instrument/run/flowcell/lane
Church2025:WAM-Z97907	Z97907_140_053_S2_L001	LH00309:43:22CYW2LT3:L001	/gpfs/ycga/work/dunn/sequences/illumina/physalia_novaseq5_2023/Sample_Z97907_140_053	/gpfs/ycga/work/dunn/sequences/illumina/physalia_novaseq5_2023/Sample_Z97907_140_053/Z97907_140_053_S2_L001_R1_001.fastq.gz	/gpfs/ycga/work/dunn/sequences/illumina/physalia_novaseq5_2023/Sample_Z97907_140_053/Z97907_140_053_S2_L001_R2_001.fastq.gz	1633261124	1715526807	151	151	FASTQ header: instrument/run/flowcell/lane
Church2025:WAM-Z97907	Z97907_140_053_S2_L001	LH00309:55:22F5W5LT3:L001	/gpfs/ycga/work/dunn/sequences/illumina/physalia_novaseq5_2023/Sample_Z97907_140_053_nnhrjn	/gpfs/ycga/work/dunn/sequences/illumina/physalia_novaseq5_2023/Sample_Z97907_140_053_nnhrjn/Z97907_140_053_S2_L001_R1_001.fastq.gz	/gpfs/ycga/work/dunn/sequences/illumina/physalia_novaseq5_2023/Sample_Z97907_140_053_nnhrjn/Z97907_140_053_S2_L001_R2_001.fastq.gz	5188534135	5426777659	151	151	FASTQ header: instrument/run/flowcell/lane
Church2025:WAM-Z97907	Z97907_140_053_S2_L002	LH00309:43:22CYW2LT3:L002	/gpfs/ycga/work/dunn/sequences/illumina/physalia_novaseq5_2023/Sample_Z97907_140_053	/gpfs/ycga/work/dunn/sequences/illumina/physalia_novaseq5_2023/Sample_Z97907_140_053/Z97907_140_053_S2_L002_R1_001.fastq.gz	/gpfs/ycga/work/dunn/sequences/illumina/physalia_novaseq5_2023/Sample_Z97907_140_053/Z97907_140_053_S2_L002_R2_001.fastq.gz	1594980282	1670846797	151	151	FASTQ header: instrument/run/flowcell/lane
Church2025:WAM-Z97908	Z97908_128_065_S3_L001	LH00309:43:22CYW2LT3:L001	/gpfs/ycga/work/dunn/sequences/illumina/physalia_novaseq5_2023/Sample_Z97908_128_065	/gpfs/ycga/work/dunn/sequences/illumina/physalia_novaseq5_2023/Sample_Z97908_128_065/Z97908_128_065_S3_L001_R1_001.fastq.gz	/gpfs/ycga/work/dunn/sequences/illumina/physalia_novaseq5_2023/Sample_Z97908_128_065/Z97908_128_065_S3_L001_R2_001.fastq.gz	1881351571	1954859465	151	151	FASTQ header: instrument/run/flowcell/lane
Church2025:WAM-Z97908	Z97908_128_065_S3_L001	LH00309:55:22F5W5LT3:L001	/gpfs/ycga/work/dunn/sequences/illumina/physalia_novaseq5_2023/Sample_Z97908_128_065_vtsjul	/gpfs/ycga/work/dunn/sequences/illumina/physalia_novaseq5_2023/Sample_Z97908_128_065_vtsjul/Z97908_128_065_S3_L001_R1_001.fastq.gz	/gpfs/ycga/work/dunn/sequences/illumina/physalia_novaseq5_2023/Sample_Z97908_128_065_vtsjul/Z97908_128_065_S3_L001_R2_001.fastq.gz	5787101329	5996625670	151	151	FASTQ header: instrument/run/flowcell/lane
Church2025:WAM-Z97908	Z97908_128_065_S3_L002	LH00309:43:22CYW2LT3:L002	/gpfs/ycga/work/dunn/sequences/illumina/physalia_novaseq5_2023/Sample_Z97908_128_065	/gpfs/ycga/work/dunn/sequences/illumina/physalia_novaseq5_2023/Sample_Z97908_128_065/Z97908_128_065_S3_L002_R1_001.fastq.gz	/gpfs/ycga/work/dunn/sequences/illumina/physalia_novaseq5_2023/Sample_Z97908_128_065/Z97908_128_065_S3_L002_R2_001.fastq.gz	1720052952	1781856493	151	151	FASTQ header: instrument/run/flowcell/lane
Church2025:WAM-Z97910	Z97910_116_077_S4_L001	LH00309:43:22CYW2LT3:L001	/gpfs/ycga/work/dunn/sequences/illumina/physalia_novaseq5_2023/Sample_Z97910_116_077	/gpfs/ycga/work/dunn/sequences/illumina/physalia_novaseq5_2023/Sample_Z97910_116_077/Z97910_116_077_S4_L001_R1_001.fastq.gz	/gpfs/ycga/work/dunn/sequences/illumina/physalia_novaseq5_2023/Sample_Z97910_116_077/Z97910_116_077_S4_L001_R2_001.fastq.gz	1467442399	1525709015	151	151	FASTQ header: instrument/run/flowcell/lane
Church2025:WAM-Z97910	Z97910_116_077_S4_L001	LH00309:55:22F5W5LT3:L001	/gpfs/ycga/work/dunn/sequences/illumina/physalia_novaseq5_2023/Sample_Z97910_116_077_upodxm	/gpfs/ycga/work/dunn/sequences/illumina/physalia_novaseq5_2023/Sample_Z97910_116_077_upodxm/Z97910_116_077_S4_L001_R1_001.fastq.gz	/gpfs/ycga/work/dunn/sequences/illumina/physalia_novaseq5_2023/Sample_Z97910_116_077_upodxm/Z97910_116_077_S4_L001_R2_001.fastq.gz	4960022266	5145087034	151	151	FASTQ header: instrument/run/flowcell/lane
Church2025:WAM-Z97910	Z97910_116_077_S4_L002	LH00309:43:22CYW2LT3:L002	/gpfs/ycga/work/dunn/sequences/illumina/physalia_novaseq5_2023/Sample_Z97910_116_077	/gpfs/ycga/work/dunn/sequences/illumina/physalia_novaseq5_2023/Sample_Z97910_116_077/Z97910_116_077_S4_L002_R1_001.fastq.gz	/gpfs/ycga/work/dunn/sequences/illumina/physalia_novaseq5_2023/Sample_Z97910_116_077/Z97910_116_077_S4_L002_R2_001.fastq.gz	1468408205	1522805434	151	151	FASTQ header: instrument/run/flowcell/lane
Church2025:WAM-Z97911	Z97911_104_089_S5_L001	LH00309:43:22CYW2LT3:L001	/gpfs/ycga/work/dunn/sequences/illumina/physalia_novaseq5_2023/Sample_Z97911_104_089	/gpfs/ycga/work/dunn/sequences/illumina/physalia_novaseq5_2023/Sample_Z97911_104_089/Z97911_104_089_S5_L001_R1_001.fastq.gz	/gpfs/ycga/work/dunn/sequences/illumina/physalia_novaseq5_2023/Sample_Z97911_104_089/Z97911_104_089_S5_L001_R2_001.fastq.gz	1760849102	1836839268	151	151	FASTQ header: instrument/run/flowcell/lane
Church2025:WAM-Z97911	Z97911_104_089_S5_L001	LH00309:55:22F5W5LT3:L001	/gpfs/ycga/work/dunn/sequences/illumina/physalia_novaseq5_2023/Sample_Z97911_104_089_ccoero	/gpfs/ycga/work/dunn/sequences/illumina/physalia_novaseq5_2023/Sample_Z97911_104_089_ccoero/Z97911_104_089_S5_L001_R1_001.fastq.gz	/gpfs/ycga/work/dunn/sequences/illumina/physalia_novaseq5_2023/Sample_Z97911_104_089_ccoero/Z97911_104_089_S5_L001_R2_001.fastq.gz	5562710994	5770049940	151	151	FASTQ header: instrument/run/flowcell/lane
Church2025:WAM-Z97911	Z97911_104_089_S5_L002	LH00309:43:22CYW2LT3:L002	/gpfs/ycga/work/dunn/sequences/illumina/physalia_novaseq5_2023/Sample_Z97911_104_089	/gpfs/ycga/work/dunn/sequences/illumina/physalia_novaseq5_2023/Sample_Z97911_104_089/Z97911_104_089_S5_L002_R1_001.fastq.gz	/gpfs/ycga/work/dunn/sequences/illumina/physalia_novaseq5_2023/Sample_Z97911_104_089/Z97911_104_089_S5_L002_R2_001.fastq.gz	1669545880	1737095451	151	151	FASTQ header: instrument/run/flowcell/lane
Church2025:WAM-Z97914	Z97914_187_006_S6_L001	LH00309:55:22F5W5LT3:L001	/gpfs/ycga/work/dunn/sequences/illumina/physalia_novaseq5_2023/Sample_Z97914_187_006_vfmfop	/gpfs/ycga/work/dunn/sequences/illumina/physalia_novaseq5_2023/Sample_Z97914_187_006_vfmfop/Z97914_187_006_S6_L001_R1_001.fastq.gz	/gpfs/ycga/work/dunn/sequences/illumina/physalia_novaseq5_2023/Sample_Z97914_187_006_vfmfop/Z97914_187_006_S6_L001_R2_001.fastq.gz	3577265619	3714179204	151	151	FASTQ header: instrument/run/flowcell/lane
Church2025:WAM-Z97914	Z97914_187_006_S6_L003	LH00309:43:22CYW2LT3:L003	/gpfs/ycga/work/dunn/sequences/illumina/physalia_novaseq5_2023/Sample_Z97914_187_006	/gpfs/ycga/work/dunn/sequences/illumina/physalia_novaseq5_2023/Sample_Z97914_187_006/Z97914_187_006_S6_L003_R1_001.fastq.gz	/gpfs/ycga/work/dunn/sequences/illumina/physalia_novaseq5_2023/Sample_Z97914_187_006/Z97914_187_006_S6_L003_R2_001.fastq.gz	1531726867	1577866923	151	151	FASTQ header: instrument/run/flowcell/lane
Church2025:WAM-Z97914	Z97914_187_006_S6_L004	LH00309:43:22CYW2LT3:L004	/gpfs/ycga/work/dunn/sequences/illumina/physalia_novaseq5_2023/Sample_Z97914_187_006	/gpfs/ycga/work/dunn/sequences/illumina/physalia_novaseq5_2023/Sample_Z97914_187_006/Z97914_187_006_S6_L004_R1_001.fastq.gz	/gpfs/ycga/work/dunn/sequences/illumina/physalia_novaseq5_2023/Sample_Z97914_187_006/Z97914_187_006_S6_L004_R2_001.fastq.gz	3704391166	3850437765	151	151	FASTQ header: instrument/run/flowcell/lane
Church2025:WAM-Z97916	Z97916_L001	LH00309:55:22F5W5LT3:L001	/gpfs/ycga/work/dunn/sequences/illumina/physalia_novaseq5_2023/RELABEL_Sample_Z97916	/gpfs/ycga/work/dunn/sequences/illumina/physalia_novaseq5_2023/RELABEL_Sample_Z97916/Z97916_L001_R1_001.fastq.gz	/gpfs/ycga/work/dunn/sequences/illumina/physalia_novaseq5_2023/RELABEL_Sample_Z97916/Z97916_L001_R2_001.fastq.gz	3421845870	3548786755	151	151	FASTQ header: instrument/run/flowcell/lane
Church2025:WAM-Z97916	Z97916_L003	LH00309:43:22CYW2LT3:L003	/gpfs/ycga/work/dunn/sequences/illumina/physalia_novaseq5_2023/RELABEL_Sample_Z97916	/gpfs/ycga/work/dunn/sequences/illumina/physalia_novaseq5_2023/RELABEL_Sample_Z97916/Z97916_L003_R1_001.fastq.gz	/gpfs/ycga/work/dunn/sequences/illumina/physalia_novaseq5_2023/RELABEL_Sample_Z97916/Z97916_L003_R2_001.fastq.gz	1522731622	1564352118	151	151	FASTQ header: instrument/run/flowcell/lane
Church2025:WAM-Z97916	Z97916_L004	LH00309:43:22CYW2LT3:L004	/gpfs/ycga/work/dunn/sequences/illumina/physalia_novaseq5_2023/RELABEL_Sample_Z97916	/gpfs/ycga/work/dunn/sequences/illumina/physalia_novaseq5_2023/RELABEL_Sample_Z97916/Z97916_L004_R1_001.fastq.gz	/gpfs/ycga/work/dunn/sequences/illumina/physalia_novaseq5_2023/RELABEL_Sample_Z97916/Z97916_L004_R2_001.fastq.gz	3567217964	3698151051	151	151	FASTQ header: instrument/run/flowcell/lane
Church2025:WAM-Z97917	Z97917_188_005_S12_L004	LH00309:40:22CMVKLT3:L004	/gpfs/ycga/work/dunn/sequences/illumina/physalia_novaseq5_2023/Sample_Z97917_188_005	/gpfs/ycga/work/dunn/sequences/illumina/physalia_novaseq5_2023/Sample_Z97917_188_005/Z97917_188_005_S12_L004_R1_001.fastq.gz	/gpfs/ycga/work/dunn/sequences/illumina/physalia_novaseq5_2023/Sample_Z97917_188_005/Z97917_188_005_S12_L004_R2_001.fastq.gz	13304353621	13705153364	151	151	FASTQ header: instrument/run/flowcell/lane
Church2025:WAM-Z97920	Z97920_110_083_S28_L003	LH00309:19:2273H5LT3:L003	/gpfs/ycga/work/dunn/sequences/illumina/physalia_novaseq4_2023/Sample_Z97920_110_083	/gpfs/ycga/work/dunn/sequences/illumina/physalia_novaseq4_2023/Sample_Z97920_110_083/Z97920_110_083_S28_L003_R1_001.fastq.gz	/gpfs/ycga/work/dunn/sequences/illumina/physalia_novaseq4_2023/Sample_Z97920_110_083/Z97920_110_083_S28_L003_R2_001.fastq.gz	11894989059	12105557600	151	151	FASTQ header: instrument/run/flowcell/lane
Church2025:WAM-Z97921	Z97921_098_095_S29_L003	LH00309:19:2273H5LT3:L003	/gpfs/ycga/work/dunn/sequences/illumina/physalia_novaseq4_2023/Sample_Z97921_098_095	/gpfs/ycga/work/dunn/sequences/illumina/physalia_novaseq4_2023/Sample_Z97921_098_095/Z97921_098_095_S29_L003_R1_001.fastq.gz	/gpfs/ycga/work/dunn/sequences/illumina/physalia_novaseq4_2023/Sample_Z97921_098_095/Z97921_098_095_S29_L003_R2_001.fastq.gz	11463277626	11654837440	151	151	FASTQ header: instrument/run/flowcell/lane
Church2025:WAM-Z97923	Z97923_L001	LH00309:55:22F5W5LT3:L001	/gpfs/ycga/work/dunn/sequences/illumina/physalia_novaseq5_2023/RELABEL_Sample_Z97923	/gpfs/ycga/work/dunn/sequences/illumina/physalia_novaseq5_2023/RELABEL_Sample_Z97923/Z97923_L001_R1_001.fastq.gz	/gpfs/ycga/work/dunn/sequences/illumina/physalia_novaseq5_2023/RELABEL_Sample_Z97923/Z97923_L001_R2_001.fastq.gz	4161427672	4303483356	151	151	FASTQ header: instrument/run/flowcell/lane
Church2025:WAM-Z97923	Z97923_L003	LH00309:43:22CYW2LT3:L003	/gpfs/ycga/work/dunn/sequences/illumina/physalia_novaseq5_2023/RELABEL_Sample_Z97923	/gpfs/ycga/work/dunn/sequences/illumina/physalia_novaseq5_2023/RELABEL_Sample_Z97923/Z97923_L003_R1_001.fastq.gz	/gpfs/ycga/work/dunn/sequences/illumina/physalia_novaseq5_2023/RELABEL_Sample_Z97923/Z97923_L003_R2_001.fastq.gz	1710556272	1760255990	151	151	FASTQ header: instrument/run/flowcell/lane
Church2025:WAM-Z97923	Z97923_L004	LH00309:43:22CYW2LT3:L004	/gpfs/ycga/work/dunn/sequences/illumina/physalia_novaseq5_2023/RELABEL_Sample_Z97923	/gpfs/ycga/work/dunn/sequences/illumina/physalia_novaseq5_2023/RELABEL_Sample_Z97923/Z97923_L004_R1_001.fastq.gz	/gpfs/ycga/work/dunn/sequences/illumina/physalia_novaseq5_2023/RELABEL_Sample_Z97923/Z97923_L004_R2_001.fastq.gz	4085678766	4237847324	151	151	FASTQ header: instrument/run/flowcell/lane
Church2025:YPM-IZ-104460	G104460_208_369_S8_L001	A01519:271:HWW7GDSX5:L001	/gpfs/ycga/work/dunn/sequences/illumina/physalia_novaseq2_2023/Sample_G104460_208_369	/gpfs/ycga/work/dunn/sequences/illumina/physalia_novaseq2_2023/Sample_G104460_208_369/G104460_208_369_S8_L001_R1_001.fastq.gz	/gpfs/ycga/work/dunn/sequences/illumina/physalia_novaseq2_2023/Sample_G104460_208_369/G104460_208_369_S8_L001_R2_001.fastq.gz	5496642065	5830135745	151	151	FASTQ header: instrument/run/flowcell/lane
Church2025:YPM-IZ-104461	G104461_196_381_S9_L001	A01519:271:HWW7GDSX5:L001	/gpfs/ycga/work/dunn/sequences/illumina/physalia_novaseq2_2023/Sample_G104461_196_381	/gpfs/ycga/work/dunn/sequences/illumina/physalia_novaseq2_2023/Sample_G104461_196_381/G104461_196_381_S9_L001_R1_001.fastq.gz	/gpfs/ycga/work/dunn/sequences/illumina/physalia_novaseq2_2023/Sample_G104461_196_381/G104461_196_381_S9_L001_R2_001.fastq.gz	3933167204	4258772451	151	151	FASTQ header: instrument/run/flowcell/lane
Church2025:YPM-IZ-104464	NA24_164_029_S8_L002	A01519:212:HHKVKDSX5:L002	/gpfs/ycga/work/dunn/sequences/illumina/Novaseq_siphgenomes/Sample_NA24_164_029	/gpfs/ycga/work/dunn/sequences/illumina/Novaseq_siphgenomes/Sample_NA24_164_029/NA24_164_029_S8_L002_R1_001.fastq.gz	/gpfs/ycga/work/dunn/sequences/illumina/Novaseq_siphgenomes/Sample_NA24_164_029/NA24_164_029_S8_L002_R2_001.fastq.gz	22208269381	22665557406	151	151	FASTQ header: instrument/run/flowcell/lane
Church2025:YPM-IZ-104465	NA22_176_017_S7_L002	A01519:212:HHKVKDSX5:L002	/gpfs/ycga/work/dunn/sequences/illumina/Novaseq_siphgenomes/Sample_NA22_176_017	/gpfs/ycga/work/dunn/sequences/illumina/Novaseq_siphgenomes/Sample_NA22_176_017/NA22_176_017_S7_L002_R1_001.fastq.gz	/gpfs/ycga/work/dunn/sequences/illumina/Novaseq_siphgenomes/Sample_NA22_176_017/NA22_176_017_S7_L002_R2_001.fastq.gz	53887970780	54692261410	151	151	FASTQ header: instrument/run/flowcell/lane
Church2025:YPM-IZ-106919	2gDNA_279_298_S10_L001	A01519:271:HWW7GDSX5:L001	/gpfs/ycga/work/dunn/sequences/illumina/physalia_novaseq2_2023/Sample_2gDNA_279_298	/gpfs/ycga/work/dunn/sequences/illumina/physalia_novaseq2_2023/Sample_2gDNA_279_298/2gDNA_279_298_S10_L001_R1_001.fastq.gz	/gpfs/ycga/work/dunn/sequences/illumina/physalia_novaseq2_2023/Sample_2gDNA_279_298/2gDNA_279_298_S10_L001_R2_001.fastq.gz	6288317005	6661298372	151	151	FASTQ header: instrument/run/flowcell/lane
Church2025:YPM-IZ-106920	3gDNA_138_055_S32_L004	A00124:569:HCTNWDSX5:L004	/gpfs/ycga/work/dunn/sequences/illumina/physalia_novaseq_2023/Sample_3_Japan_138_055	/gpfs/ycga/work/dunn/sequences/illumina/physalia_novaseq_2023/Sample_3_Japan_138_055/3gDNA_138_055_S32_L004_R1_001.fastq.gz	/gpfs/ycga/work/dunn/sequences/illumina/physalia_novaseq_2023/Sample_3_Japan_138_055/3gDNA_138_055_S32_L004_R2_001.fastq.gz	19995282993	20735376154	151	151	FASTQ header: instrument/run/flowcell/lane
Church2025:YPM-IZ-106923	6gDNA_126_067_S33_L004	A00124:569:HCTNWDSX5:L004	/gpfs/ycga/work/dunn/sequences/illumina/physalia_novaseq_2023/Sample_6_Japan_126_067	/gpfs/ycga/work/dunn/sequences/illumina/physalia_novaseq_2023/Sample_6_Japan_126_067/6gDNA_126_067_S33_L004_R1_001.fastq.gz	/gpfs/ycga/work/dunn/sequences/illumina/physalia_novaseq_2023/Sample_6_Japan_126_067/6gDNA_126_067_S33_L004_R2_001.fastq.gz	19654619041	20170219865	151	151	FASTQ header: instrument/run/flowcell/lane
Church2025:YPM-IZ-106935	13TX_280_297_S1_L001	A01519:271:HWW7GDSX5:L001	/gpfs/ycga/work/dunn/sequences/illumina/physalia_novaseq2_2023/Sample_13TX_280_297	/gpfs/ycga/work/dunn/sequences/illumina/physalia_novaseq2_2023/Sample_13TX_280_297/13TX_280_297_S1_L001_R1_001.fastq.gz	/gpfs/ycga/work/dunn/sequences/illumina/physalia_novaseq2_2023/Sample_13TX_280_297/13TX_280_297_S1_L001_R2_001.fastq.gz	6622846618	6936282592	151	151	FASTQ header: instrument/run/flowcell/lane
Church2025:YPM-IZ-106936	42TX_268_309_S2_L001	A01519:271:HWW7GDSX5:L001	/gpfs/ycga/work/dunn/sequences/illumina/physalia_novaseq2_2023/Sample_42TX_268_309	/gpfs/ycga/work/dunn/sequences/illumina/physalia_novaseq2_2023/Sample_42TX_268_309/42TX_268_309_S2_L001_R1_001.fastq.gz	/gpfs/ycga/work/dunn/sequences/illumina/physalia_novaseq2_2023/Sample_42TX_268_309/42TX_268_309_S2_L001_R2_001.fastq.gz	6290955322	6533651201	151	151	FASTQ header: instrument/run/flowcell/lane
Church2025:YPM-IZ-106937	59TX_256_321_S3_L001	A01519:271:HWW7GDSX5:L001	/gpfs/ycga/work/dunn/sequences/illumina/physalia_novaseq2_2023/Sample_59TX_256_321	/gpfs/ycga/work/dunn/sequences/illumina/physalia_novaseq2_2023/Sample_59TX_256_321/59TX_256_321_S3_L001_R1_001.fastq.gz	/gpfs/ycga/work/dunn/sequences/illumina/physalia_novaseq2_2023/Sample_59TX_256_321/59TX_256_321_S3_L001_R2_001.fastq.gz	6224794218	6663023767	151	151	FASTQ header: instrument/run/flowcell/lane
Church2025:YPM-IZ-106941	63_232_345_S6_L001	A01519:271:HWW7GDSX5:L001	/gpfs/ycga/work/dunn/sequences/illumina/physalia_novaseq2_2023/Sample_63_232_345	/gpfs/ycga/work/dunn/sequences/illumina/physalia_novaseq2_2023/Sample_63_232_345/63_232_345_S6_L001_R1_001.fastq.gz	/gpfs/ycga/work/dunn/sequences/illumina/physalia_novaseq2_2023/Sample_63_232_345/63_232_345_S6_L001_R2_001.fastq.gz	5227685324	5434077077	151	151	FASTQ header: instrument/run/flowcell/lane
Church2025:YPM-IZ-106943	67_162_031_S30_L004	A00124:569:HCTNWDSX5:L004	/gpfs/ycga/work/dunn/sequences/illumina/physalia_novaseq_2023/Sample_Bermuda_67_162_031	/gpfs/ycga/work/dunn/sequences/illumina/physalia_novaseq_2023/Sample_Bermuda_67_162_031/67_162_031_S30_L004_R1_001.fastq.gz	/gpfs/ycga/work/dunn/sequences/illumina/physalia_novaseq_2023/Sample_Bermuda_67_162_031/67_162_031_S30_L004_R2_001.fastq.gz	21067518336	21606630968	151	151	FASTQ header: instrument/run/flowcell/lane
Church2025:YPM-IZ-106954	94_150_043_S31_L004	A00124:569:HCTNWDSX5:L004	/gpfs/ycga/work/dunn/sequences/illumina/physalia_novaseq_2023/Sample_Bermuda_94_150_043	/gpfs/ycga/work/dunn/sequences/illumina/physalia_novaseq_2023/Sample_Bermuda_94_150_043/94_150_043_S31_L004_R1_001.fastq.gz	/gpfs/ycga/work/dunn/sequences/illumina/physalia_novaseq_2023/Sample_Bermuda_94_150_043/94_150_043_S31_L004_R2_001.fastq.gz	26564009400	27287908193	151	151	FASTQ header: instrument/run/flowcell/lane
Church2025:YPM-IZ-106958	8TX_244_333_S5_L001	A01519:271:HWW7GDSX5:L001	/gpfs/ycga/work/dunn/sequences/illumina/physalia_novaseq2_2023/Sample_8TX_244_333	/gpfs/ycga/work/dunn/sequences/illumina/physalia_novaseq2_2023/Sample_8TX_244_333/8TX_244_333_S5_L001_R1_001.fastq.gz	/gpfs/ycga/work/dunn/sequences/illumina/physalia_novaseq2_2023/Sample_8TX_244_333/8TX_244_333_S5_L001_R2_001.fastq.gz	5263228776	5416997443	151	151	FASTQ header: instrument/run/flowcell/lane
Church2025:YPM-IZ-110251	YDM110251_114_079_S34_L004	A00124:569:HCTNWDSX5:L004	/gpfs/ycga/work/dunn/sequences/illumina/physalia_novaseq_2023/Sample_YPM110251_114_079	/gpfs/ycga/work/dunn/sequences/illumina/physalia_novaseq_2023/Sample_YPM110251_114_079/YDM110251_114_079_S34_L004_R1_001.fastq.gz	/gpfs/ycga/work/dunn/sequences/illumina/physalia_novaseq_2023/Sample_YPM110251_114_079/YDM110251_114_079_S34_L004_R2_001.fastq.gz	21869400827	22205926937	151	151	FASTQ header: instrument/run/flowcell/lane
Church2025:YPM-IZ-110254	YDM110254_102_091_S35_L004	A00124:569:HCTNWDSX5:L004	/gpfs/ycga/work/dunn/sequences/illumina/physalia_novaseq_2023/Sample_YPM110254_102_091	/gpfs/ycga/work/dunn/sequences/illumina/physalia_novaseq_2023/Sample_YPM110254_102_091/YDM110254_102_091_S35_L004_R1_001.fastq.gz	/gpfs/ycga/work/dunn/sequences/illumina/physalia_novaseq_2023/Sample_YPM110254_102_091/YDM110254_102_091_S35_L004_R2_001.fastq.gz	24992418776	25367646399	151	151	FASTQ header: instrument/run/flowcell/lane
Church2025:YPM-IZ-110264	110264_267_310_S11_L001	A01519:271:HWW7GDSX5:L001	/gpfs/ycga/work/dunn/sequences/illumina/physalia_novaseq2_2023/Sample_110264_267_310	/gpfs/ycga/work/dunn/sequences/illumina/physalia_novaseq2_2023/Sample_110264_267_310/110264_267_310_S11_L001_R1_001.fastq.gz	/gpfs/ycga/work/dunn/sequences/illumina/physalia_novaseq2_2023/Sample_110264_267_310/110264_267_310_S11_L001_R2_001.fastq.gz	6316447397	6581259016	151	151	FASTQ header: instrument/run/flowcell/lane
Church2025:YPM-IZ-110268	110268_255_322_S12_L001	A01519:271:HWW7GDSX5:L001	/gpfs/ycga/work/dunn/sequences/illumina/physalia_novaseq2_2023/Sample_110268_255_322	/gpfs/ycga/work/dunn/sequences/illumina/physalia_novaseq2_2023/Sample_110268_255_322/110268_255_322_S12_L001_R1_001.fastq.gz	/gpfs/ycga/work/dunn/sequences/illumina/physalia_novaseq2_2023/Sample_110268_255_322/110268_255_322_S12_L001_R2_001.fastq.gz	5911516571	6275400066	151	151	FASTQ header: instrument/run/flowcell/lane
Church2025:YPM-IZ-110269	110269_243_334_S102_L004	A01519:311:H7FM5DSX7:L004	/gpfs/ycga/work/dunn/sequences/illumina/physalia_novaseq2_2023/Sample_110269_243_334	/gpfs/ycga/work/dunn/sequences/illumina/physalia_novaseq2_2023/Sample_110269_243_334/110269_243_334_S102_L004_R1_001.fastq.gz	/gpfs/ycga/work/dunn/sequences/illumina/physalia_novaseq2_2023/Sample_110269_243_334/110269_243_334_S102_L004_R2_001.fastq.gz	31797209678	33818909443	151	151	FASTQ header: instrument/run/flowcell/lane
Church2025:YPM-IZ-110269	110269_243_334_S13_L001	A01519:271:HWW7GDSX5:L001	/gpfs/ycga/work/dunn/sequences/illumina/physalia_novaseq2_2023/Sample_110269_243_334	/gpfs/ycga/work/dunn/sequences/illumina/physalia_novaseq2_2023/Sample_110269_243_334/110269_243_334_S13_L001_R1_001.fastq.gz	/gpfs/ycga/work/dunn/sequences/illumina/physalia_novaseq2_2023/Sample_110269_243_334/110269_243_334_S13_L001_R2_001.fastq.gz	6572019840	6897980300	151	151	FASTQ header: instrument/run/flowcell/lane
Church2025:YPM-IZ-110276	110276_231_346_S14_L001	A01519:271:HWW7GDSX5:L001	/gpfs/ycga/work/dunn/sequences/illumina/physalia_novaseq2_2023/Sample_110276_231_346	/gpfs/ycga/work/dunn/sequences/illumina/physalia_novaseq2_2023/Sample_110276_231_346/110276_231_346_S14_L001_R1_001.fastq.gz	/gpfs/ycga/work/dunn/sequences/illumina/physalia_novaseq2_2023/Sample_110276_231_346/110276_231_346_S14_L001_R2_001.fastq.gz	6467254145	6872199006	151	151	FASTQ header: instrument/run/flowcell/lane
Church2025:YPM-IZ-110277	110277_219_358_S15_L001	A01519:271:HWW7GDSX5:L001	/gpfs/ycga/work/dunn/sequences/illumina/physalia_novaseq2_2023/Sample_110277_219_358	/gpfs/ycga/work/dunn/sequences/illumina/physalia_novaseq2_2023/Sample_110277_219_358/110277_219_358_S15_L001_R1_001.fastq.gz	/gpfs/ycga/work/dunn/sequences/illumina/physalia_novaseq2_2023/Sample_110277_219_358/110277_219_358_S15_L001_R2_001.fastq.gz	5961198284	6217820164	151	151	FASTQ header: instrument/run/flowcell/lane
Church2025:YPM-IZ-110278	110278_207_370_S16_L001	A01519:271:HWW7GDSX5:L001	/gpfs/ycga/work/dunn/sequences/illumina/physalia_novaseq2_2023/Sample_110278_207_370	/gpfs/ycga/work/dunn/sequences/illumina/physalia_novaseq2_2023/Sample_110278_207_370/110278_207_370_S16_L001_R1_001.fastq.gz	/gpfs/ycga/work/dunn/sequences/illumina/physalia_novaseq2_2023/Sample_110278_207_370/110278_207_370_S16_L001_R2_001.fastq.gz	5513251386	5782647830	151	151	FASTQ header: instrument/run/flowcell/lane
Church2025:YPM-IZ-110433	110433_168_025_S2_L002	A00124:624:HWVLCDSX5:L002	/gpfs/ycga/work/dunn/sequences/illumina/physalia_novaseq2_2023/Sample_110433_168_025	/gpfs/ycga/work/dunn/sequences/illumina/physalia_novaseq2_2023/Sample_110433_168_025/110433_168_025_S2_L002_R1_001.fastq.gz	/gpfs/ycga/work/dunn/sequences/illumina/physalia_novaseq2_2023/Sample_110433_168_025/110433_168_025_S2_L002_R2_001.fastq.gz	5924241333	6180803473	151	151	FASTQ header: instrument/run/flowcell/lane
Church2025:YPM-IZ-110434	YPM-IZ-110434_102_091_S110_L001	LH00309:212:22CMLKLT3:L001	/gpfs/ycga/work/dunn/sequences/illumina/S2_assorted_samples_skimming_2024/Sample_YPM-IZ-110434_102_091	/gpfs/ycga/work/dunn/sequences/illumina/S2_assorted_samples_skimming_2024/Sample_YPM-IZ-110434_102_091/YPM-IZ-110434_102_091_S110_L001_R1_001.fastq.gz	/gpfs/ycga/work/dunn/sequences/illumina/S2_assorted_samples_skimming_2024/Sample_YPM-IZ-110434_102_091/YPM-IZ-110434_102_091_S110_L001_R2_001.fastq.gz	30607981082	30937197230	151	151	FASTQ header: instrument/run/flowcell/lane
Church2025:YPM-IZ-110436	YPM-IZ-110436_185_008_S111_L001	LH00309:212:22CMLKLT3:L001	/gpfs/ycga/work/dunn/sequences/illumina/S2_assorted_samples_skimming_2024/Sample_YPM-IZ-110436_185_008	/gpfs/ycga/work/dunn/sequences/illumina/S2_assorted_samples_skimming_2024/Sample_YPM-IZ-110436_185_008/YPM-IZ-110436_185_008_S111_L001_R1_001.fastq.gz	/gpfs/ycga/work/dunn/sequences/illumina/S2_assorted_samples_skimming_2024/Sample_YPM-IZ-110436_185_008/YPM-IZ-110436_185_008_S111_L001_R2_001.fastq.gz	22623020430	23155053130	151	151	FASTQ header: instrument/run/flowcell/lane
Church2025:YPM-IZ-110438	110438_156_037_S3_L002	A00124:624:HWVLCDSX5:L002	/gpfs/ycga/work/dunn/sequences/illumina/physalia_novaseq2_2023/Sample_110438_156_037	/gpfs/ycga/work/dunn/sequences/illumina/physalia_novaseq2_2023/Sample_110438_156_037/110438_156_037_S3_L002_R1_001.fastq.gz	/gpfs/ycga/work/dunn/sequences/illumina/physalia_novaseq2_2023/Sample_110438_156_037/110438_156_037_S3_L002_R2_001.fastq.gz	4778751541	4998827041	151	151	FASTQ header: instrument/run/flowcell/lane
Church2025:YPM-IZ-110443	110443_144_049_S4_L002	A00124:624:HWVLCDSX5:L002	/gpfs/ycga/work/dunn/sequences/illumina/physalia_novaseq2_2023/Sample_110443_144_049	/gpfs/ycga/work/dunn/sequences/illumina/physalia_novaseq2_2023/Sample_110443_144_049/110443_144_049_S4_L002_R1_001.fastq.gz	/gpfs/ycga/work/dunn/sequences/illumina/physalia_novaseq2_2023/Sample_110443_144_049/110443_144_049_S4_L002_R2_001.fastq.gz	3720260455	3844288753	151	151	FASTQ header: instrument/run/flowcell/lane
Church2025:YPM-IZ-110460	110460_118_075_S1_L001	A00124:672:HGYTLDSX7:L001	/gpfs/ycga/work/dunn/sequences/illumina/physalia_novaseq3_2023/Sample_110460_118_075	/gpfs/ycga/work/dunn/sequences/illumina/physalia_novaseq3_2023/Sample_110460_118_075/110460_118_075_S1_L001_R1_001.fastq.gz	/gpfs/ycga/work/dunn/sequences/illumina/physalia_novaseq3_2023/Sample_110460_118_075/110460_118_075_S1_L001_R2_001.fastq.gz	9458734162	9718099056	151	151	FASTQ header: instrument/run/flowcell/lane
Church2025:YPM-IZ-110467	110467_132_061_S5_L002	A00124:624:HWVLCDSX5:L002	/gpfs/ycga/work/dunn/sequences/illumina/physalia_novaseq2_2023/Sample_110467_132_061	/gpfs/ycga/work/dunn/sequences/illumina/physalia_novaseq2_2023/Sample_110467_132_061/110467_132_061_S5_L002_R1_001.fastq.gz	/gpfs/ycga/work/dunn/sequences/illumina/physalia_novaseq2_2023/Sample_110467_132_061/110467_132_061_S5_L002_R2_001.fastq.gz	4893833549	5114697471	151	151	FASTQ header: instrument/run/flowcell/lane
Church2025:YPM-IZ-110468	110468_120_073_S6_L002	A00124:624:HWVLCDSX5:L002	/gpfs/ycga/work/dunn/sequences/illumina/physalia_novaseq2_2023/Sample_110468_120_073	/gpfs/ycga/work/dunn/sequences/illumina/physalia_novaseq2_2023/Sample_110468_120_073/110468_120_073_S6_L002_R1_001.fastq.gz	/gpfs/ycga/work/dunn/sequences/illumina/physalia_novaseq2_2023/Sample_110468_120_073/110468_120_073_S6_L002_R2_001.fastq.gz	4706941486	4980137732	151	151	FASTQ header: instrument/run/flowcell/lane
Church2025:YPM-IZ-110469	110469_108_085_S103_L004	A01519:311:H7FM5DSX7:L004	/gpfs/ycga/work/dunn/sequences/illumina/physalia_novaseq2_2023/Sample_110469_108_085	/gpfs/ycga/work/dunn/sequences/illumina/physalia_novaseq2_2023/Sample_110469_108_085/110469_108_085_S103_L004_R1_001.fastq.gz	/gpfs/ycga/work/dunn/sequences/illumina/physalia_novaseq2_2023/Sample_110469_108_085/110469_108_085_S103_L004_R2_001.fastq.gz	33234265757	34827236010	151	151	FASTQ header: instrument/run/flowcell/lane
Church2025:YPM-IZ-110469	110469_108_085_S7_L002	A00124:624:HWVLCDSX5:L002	/gpfs/ycga/work/dunn/sequences/illumina/physalia_novaseq2_2023/Sample_110469_108_085	/gpfs/ycga/work/dunn/sequences/illumina/physalia_novaseq2_2023/Sample_110469_108_085/110469_108_085_S7_L002_R1_001.fastq.gz	/gpfs/ycga/work/dunn/sequences/illumina/physalia_novaseq2_2023/Sample_110469_108_085/110469_108_085_S7_L002_R2_001.fastq.gz	6231622686	6517974540	151	151	FASTQ header: instrument/run/flowcell/lane
Church2025:YPM-IZ-110470	110470_106_087_S2_L001	A00124:672:HGYTLDSX7:L001	/gpfs/ycga/work/dunn/sequences/illumina/physalia_novaseq3_2023/Sample_110470_106_087	/gpfs/ycga/work/dunn/sequences/illumina/physalia_novaseq3_2023/Sample_110470_106_087/110470_106_087_S2_L001_R1_001.fastq.gz	/gpfs/ycga/work/dunn/sequences/illumina/physalia_novaseq3_2023/Sample_110470_106_087/110470_106_087_S2_L001_R2_001.fastq.gz	10107140710	10392909169	151	151	FASTQ header: instrument/run/flowcell/lane
Church2025:YPM-IZ-110471	110471_191_002_S8_L002	A00124:624:HWVLCDSX5:L002	/gpfs/ycga/work/dunn/sequences/illumina/physalia_novaseq2_2023/Sample_110471_191_002	/gpfs/ycga/work/dunn/sequences/illumina/physalia_novaseq2_2023/Sample_110471_191_002/110471_191_002_S8_L002_R1_001.fastq.gz	/gpfs/ycga/work/dunn/sequences/illumina/physalia_novaseq2_2023/Sample_110471_191_002/110471_191_002_S8_L002_R2_001.fastq.gz	5322402499	5510234308	151	151	FASTQ header: instrument/run/flowcell/lane
Church2025:YPM-IZ-110473	110473_104_089_S7_L003	A00124:673:HFG3JDSX7:L003	/gpfs/ycga/work/dunn/sequences/illumina/physalia_novaseq3_2023/Sample_110473_104_089	/gpfs/ycga/work/dunn/sequences/illumina/physalia_novaseq3_2023/Sample_110473_104_089/110473_104_089_S7_L003_R1_001.fastq.gz	/gpfs/ycga/work/dunn/sequences/illumina/physalia_novaseq3_2023/Sample_110473_104_089/110473_104_089_S7_L003_R2_001.fastq.gz	10048696772	10566765757	151	151	FASTQ header: instrument/run/flowcell/lane
Church2025:YPM-IZ-110474	110474_179_014_S9_L002	A00124:624:HWVLCDSX5:L002	/gpfs/ycga/work/dunn/sequences/illumina/physalia_novaseq2_2023/Sample_110474_179_014	/gpfs/ycga/work/dunn/sequences/illumina/physalia_novaseq2_2023/Sample_110474_179_014/110474_179_014_S9_L002_R1_001.fastq.gz	/gpfs/ycga/work/dunn/sequences/illumina/physalia_novaseq2_2023/Sample_110474_179_014/110474_179_014_S9_L002_R2_001.fastq.gz	4437649062	4696462645	151	151	FASTQ header: instrument/run/flowcell/lane
Church2025:YPM-IZ-110480	110480_167_026_S10_L002	A00124:624:HWVLCDSX5:L002	/gpfs/ycga/work/dunn/sequences/illumina/physalia_novaseq2_2023/Sample_110480_167_026	/gpfs/ycga/work/dunn/sequences/illumina/physalia_novaseq2_2023/Sample_110480_167_026/110480_167_026_S10_L002_R1_001.fastq.gz	/gpfs/ycga/work/dunn/sequences/illumina/physalia_novaseq2_2023/Sample_110480_167_026/110480_167_026_S10_L002_R2_001.fastq.gz	5517327751	5768492164	151	151	FASTQ header: instrument/run/flowcell/lane
Church2025:YPM-IZ-110515	110515_189_004_S3_L001	A00124:672:HGYTLDSX7:L001	/gpfs/ycga/work/dunn/sequences/illumina/physalia_novaseq3_2023/Sample_110515_189_004	/gpfs/ycga/work/dunn/sequences/illumina/physalia_novaseq3_2023/Sample_110515_189_004/110515_189_004_S3_L001_R1_001.fastq.gz	/gpfs/ycga/work/dunn/sequences/illumina/physalia_novaseq3_2023/Sample_110515_189_004/110515_189_004_S3_L001_R2_001.fastq.gz	14666088181	15130821020	151	151	FASTQ header: instrument/run/flowcell/lane
Church2025:YPM-IZ-110520	110520_177_016_S4_L001	A00124:672:HGYTLDSX7:L001	/gpfs/ycga/work/dunn/sequences/illumina/physalia_novaseq3_2023/Sample_110520_177_016	/gpfs/ycga/work/dunn/sequences/illumina/physalia_novaseq3_2023/Sample_110520_177_016/110520_177_016_S4_L001_R1_001.fastq.gz	/gpfs/ycga/work/dunn/sequences/illumina/physalia_novaseq3_2023/Sample_110520_177_016/110520_177_016_S4_L001_R2_001.fastq.gz	12592499029	13007045265	151	151	FASTQ header: instrument/run/flowcell/lane
Church2025:YPM-IZ-110526	110526_165_028_S5_L001	A00124:672:HGYTLDSX7:L001	/gpfs/ycga/work/dunn/sequences/illumina/physalia_novaseq3_2023/Sample_110526_165_028	/gpfs/ycga/work/dunn/sequences/illumina/physalia_novaseq3_2023/Sample_110526_165_028/110526_165_028_S5_L001_R1_001.fastq.gz	/gpfs/ycga/work/dunn/sequences/illumina/physalia_novaseq3_2023/Sample_110526_165_028/110526_165_028_S5_L001_R2_001.fastq.gz	9155132986	9413248794	151	151	FASTQ header: instrument/run/flowcell/lane
Church2025:YPM-IZ-110556	110556_153_040_S3_L001	A01519:389:HMGLFDSX7:L001	/gpfs/ycga/work/dunn/sequences/illumina/physalia_novaseq5_2023/Sample_110556_153_040	/gpfs/ycga/work/dunn/sequences/illumina/physalia_novaseq5_2023/Sample_110556_153_040/110556_153_040_S3_L001_R1_001.fastq.gz	/gpfs/ycga/work/dunn/sequences/illumina/physalia_novaseq5_2023/Sample_110556_153_040/110556_153_040_S3_L001_R2_001.fastq.gz	17314194182	18274924705	151	151	FASTQ header: instrument/run/flowcell/lane
Church2025:YPM-IZ-110556	110556_153_040_S6_L001	A00124:672:HGYTLDSX7:L001	/gpfs/ycga/work/dunn/sequences/illumina/physalia_novaseq3_2023/Sample_110556_153_040	/gpfs/ycga/work/dunn/sequences/illumina/physalia_novaseq3_2023/Sample_110556_153_040/110556_153_040_S6_L001_R1_001.fastq.gz	/gpfs/ycga/work/dunn/sequences/illumina/physalia_novaseq3_2023/Sample_110556_153_040/110556_153_040_S6_L001_R2_001.fastq.gz	8523921604	8889513455	151	151	FASTQ header: instrument/run/flowcell/lane
Church2025:YPM-IZ-110557	110557_141_052_S7_L001	A00124:672:HGYTLDSX7:L001	/gpfs/ycga/work/dunn/sequences/illumina/physalia_novaseq3_2023/Sample_110557_141_052	/gpfs/ycga/work/dunn/sequences/illumina/physalia_novaseq3_2023/Sample_110557_141_052/110557_141_052_S7_L001_R1_001.fastq.gz	/gpfs/ycga/work/dunn/sequences/illumina/physalia_novaseq3_2023/Sample_110557_141_052/110557_141_052_S7_L001_R2_001.fastq.gz	11161878429	11607853777	151	151	FASTQ header: instrument/run/flowcell/lane
Church2025:YPM-IZ-110558	110558_129_064_S8_L001	A00124:672:HGYTLDSX7:L001	/gpfs/ycga/work/dunn/sequences/illumina/physalia_novaseq3_2023/Sample_110558_129_064	/gpfs/ycga/work/dunn/sequences/illumina/physalia_novaseq3_2023/Sample_110558_129_064/110558_129_064_S8_L001_R1_001.fastq.gz	/gpfs/ycga/work/dunn/sequences/illumina/physalia_novaseq3_2023/Sample_110558_129_064/110558_129_064_S8_L001_R2_001.fastq.gz	7971053758	8261206342	151	151	FASTQ header: instrument/run/flowcell/lane
Church2025:YPM-IZ-110566	110566_117_076_S9_L001	A00124:672:HGYTLDSX7:L001	/gpfs/ycga/work/dunn/sequences/illumina/physalia_novaseq3_2023/Sample_110566_117_076	/gpfs/ycga/work/dunn/sequences/illumina/physalia_novaseq3_2023/Sample_110566_117_076/110566_117_076_S9_L001_R1_001.fastq.gz	/gpfs/ycga/work/dunn/sequences/illumina/physalia_novaseq3_2023/Sample_110566_117_076/110566_117_076_S9_L001_R2_001.fastq.gz	8370089638	8625926854	151	151	FASTQ header: instrument/run/flowcell/lane
Church2025:YPM-IZ-110569	110569_187_006_S8_L003	A00124:673:HFG3JDSX7:L003	/gpfs/ycga/work/dunn/sequences/illumina/physalia_novaseq3_2023/Sample_110569_187_006	/gpfs/ycga/work/dunn/sequences/illumina/physalia_novaseq3_2023/Sample_110569_187_006/110569_187_006_S8_L003_R1_001.fastq.gz	/gpfs/ycga/work/dunn/sequences/illumina/physalia_novaseq3_2023/Sample_110569_187_006/110569_187_006_S8_L003_R2_001.fastq.gz	12256199408	12884182345	151	151	FASTQ header: instrument/run/flowcell/lane
Church2025:YPM-IZ-110600	110600_163_030_S10_L003	A00124:673:HFG3JDSX7:L003	/gpfs/ycga/work/dunn/sequences/illumina/physalia_novaseq3_2023/Sample_110600_163_030	/gpfs/ycga/work/dunn/sequences/illumina/physalia_novaseq3_2023/Sample_110600_163_030/110600_163_030_S10_L003_R1_001.fastq.gz	/gpfs/ycga/work/dunn/sequences/illumina/physalia_novaseq3_2023/Sample_110600_163_030/110600_163_030_S10_L003_R2_001.fastq.gz	10403914524	10796784028	151	151	FASTQ header: instrument/run/flowcell/lane
Church2025:YPM-IZ-110602	110602_105_088_S10_L001	A00124:672:HGYTLDSX7:L001	/gpfs/ycga/work/dunn/sequences/illumina/physalia_novaseq3_2023/Sample_110602_105_088	/gpfs/ycga/work/dunn/sequences/illumina/physalia_novaseq3_2023/Sample_110602_105_088/110602_105_088_S10_L001_R1_001.fastq.gz	/gpfs/ycga/work/dunn/sequences/illumina/physalia_novaseq3_2023/Sample_110602_105_088/110602_105_088_S10_L001_R2_001.fastq.gz	9648712633	9959234634	151	151	FASTQ header: instrument/run/flowcell/lane
Church2025:YPM-IZ-110605	110605_139_054_S22_L004	A00124:672:HGYTLDSX7:L004	/gpfs/ycga/work/dunn/sequences/illumina/physalia_novaseq3_2023/Sample_110605_139_054	/gpfs/ycga/work/dunn/sequences/illumina/physalia_novaseq3_2023/Sample_110605_139_054/110605_139_054_S22_L004_R1_001.fastq.gz	/gpfs/ycga/work/dunn/sequences/illumina/physalia_novaseq3_2023/Sample_110605_139_054/110605_139_054_S22_L004_R2_001.fastq.gz	11048734150	10003969182	151	151	FASTQ header: instrument/run/flowcell/lane
Church2025:YPM-IZ-110612	110612_127_066_S23_L004	A00124:672:HGYTLDSX7:L004	/gpfs/ycga/work/dunn/sequences/illumina/physalia_novaseq3_2023/Sample_110612_127_066	/gpfs/ycga/work/dunn/sequences/illumina/physalia_novaseq3_2023/Sample_110612_127_066/110612_127_066_S23_L004_R1_001.fastq.gz	/gpfs/ycga/work/dunn/sequences/illumina/physalia_novaseq3_2023/Sample_110612_127_066/110612_127_066_S23_L004_R2_001.fastq.gz	8403162251	7687888113	151	151	FASTQ header: instrument/run/flowcell/lane
Church2025:YPM-IZ-110613	110613_115_078_S24_L004	A00124:672:HGYTLDSX7:L004	/gpfs/ycga/work/dunn/sequences/illumina/physalia_novaseq3_2023/Sample_110613_115_078	/gpfs/ycga/work/dunn/sequences/illumina/physalia_novaseq3_2023/Sample_110613_115_078/110613_115_078_S24_L004_R1_001.fastq.gz	/gpfs/ycga/work/dunn/sequences/illumina/physalia_novaseq3_2023/Sample_110613_115_078/110613_115_078_S24_L004_R2_001.fastq.gz	9175612485	8395209500	151	151	FASTQ header: instrument/run/flowcell/lane
Church2025:YPM-IZ-110616	110616_103_090_S25_L004	A00124:672:HGYTLDSX7:L004	/gpfs/ycga/work/dunn/sequences/illumina/physalia_novaseq3_2023/Sample_110616_103_090	/gpfs/ycga/work/dunn/sequences/illumina/physalia_novaseq3_2023/Sample_110616_103_090/110616_103_090_S25_L004_R1_001.fastq.gz	/gpfs/ycga/work/dunn/sequences/illumina/physalia_novaseq3_2023/Sample_110616_103_090/110616_103_090_S25_L004_R2_001.fastq.gz	9506834802	8726677633	151	151	FASTQ header: instrument/run/flowcell/lane
Church2025:YPM-IZ-110631	110631_114_079_S2_L005	LH00309:19:2273H5LT3:L005	/gpfs/ycga/work/dunn/sequences/illumina/physalia_novaseq4_2023/Sample_110631_114_079	/gpfs/ycga/work/dunn/sequences/illumina/physalia_novaseq4_2023/Sample_110631_114_079/110631_114_079_S2_L005_R1_001.fastq.gz	/gpfs/ycga/work/dunn/sequences/illumina/physalia_novaseq4_2023/Sample_110631_114_079/110631_114_079_S2_L005_R2_001.fastq.gz	8588056933	8716954462	151	151	FASTQ header: instrument/run/flowcell/lane
Church2025:YPM-IZ-110633	110633_161_032_S6_L005	LH00309:19:2273H5LT3:L005	/gpfs/ycga/work/dunn/sequences/illumina/physalia_novaseq4_2023/Sample_110633_161_032	/gpfs/ycga/work/dunn/sequences/illumina/physalia_novaseq4_2023/Sample_110633_161_032/110633_161_032_S6_L005_R1_001.fastq.gz	/gpfs/ycga/work/dunn/sequences/illumina/physalia_novaseq4_2023/Sample_110633_161_032/110633_161_032_S6_L005_R2_001.fastq.gz	8219937777	8392143469	151	151	FASTQ header: instrument/run/flowcell/lane
Church2025:YPM-IZ-110667	110667_126_067_S1_L005	LH00309:19:2273H5LT3:L005	/gpfs/ycga/work/dunn/sequences/illumina/physalia_novaseq4_2023/Sample_110667_126_067	/gpfs/ycga/work/dunn/sequences/illumina/physalia_novaseq4_2023/Sample_110667_126_067/110667_126_067_S1_L005_R1_001.fastq.gz	/gpfs/ycga/work/dunn/sequences/illumina/physalia_novaseq4_2023/Sample_110667_126_067/110667_126_067_S1_L005_R2_001.fastq.gz	11356105348	11583593523	151	151	FASTQ header: instrument/run/flowcell/lane
Church2025:YPM-IZ-110694	110694_105_088_S11_L004	LH00309:40:22CMVKLT3:L004	/gpfs/ycga/work/dunn/sequences/illumina/physalia_novaseq5_2023/Sample_110694_105_088	/gpfs/ycga/work/dunn/sequences/illumina/physalia_novaseq5_2023/Sample_110694_105_088/110694_105_088_S11_L004_R1_001.fastq.gz	/gpfs/ycga/work/dunn/sequences/illumina/physalia_novaseq5_2023/Sample_110694_105_088/110694_105_088_S11_L004_R2_001.fastq.gz	10489799471	10829136927	151	151	FASTQ header: instrument/run/flowcell/lane
Church2025:YPM-IZ-110716	110716_148_045_S16_L004	LH00309:19:2273H5LT3:L004	/gpfs/ycga/work/dunn/sequences/illumina/physalia_novaseq4_2023/Sample_110716_148_045	/gpfs/ycga/work/dunn/sequences/illumina/physalia_novaseq4_2023/Sample_110716_148_045/110716_148_045_S16_L004_R1_001.fastq.gz	/gpfs/ycga/work/dunn/sequences/illumina/physalia_novaseq4_2023/Sample_110716_148_045/110716_148_045_S16_L004_R2_001.fastq.gz	11639447935	11900954566	151	151	FASTQ header: instrument/run/flowcell/lane
Church2025:YPM-IZ-110726	110726_136_057_S17_L004	LH00309:19:2273H5LT3:L004	/gpfs/ycga/work/dunn/sequences/illumina/physalia_novaseq4_2023/Sample_110726_136_057	/gpfs/ycga/work/dunn/sequences/illumina/physalia_novaseq4_2023/Sample_110726_136_057/110726_136_057_S17_L004_R1_001.fastq.gz	/gpfs/ycga/work/dunn/sequences/illumina/physalia_novaseq4_2023/Sample_110726_136_057/110726_136_057_S17_L004_R2_001.fastq.gz	9268185801	9447502093	151	151	FASTQ header: instrument/run/flowcell/lane
Church2025:YPM-IZ-110738	110738_124_069_S18_L004	LH00309:19:2273H5LT3:L004	/gpfs/ycga/work/dunn/sequences/illumina/physalia_novaseq4_2023/Sample_110738_124_069	/gpfs/ycga/work/dunn/sequences/illumina/physalia_novaseq4_2023/Sample_110738_124_069/110738_124_069_S18_L004_R1_001.fastq.gz	/gpfs/ycga/work/dunn/sequences/illumina/physalia_novaseq4_2023/Sample_110738_124_069/110738_124_069_S18_L004_R2_001.fastq.gz	10942268989	11225629564	151	151	FASTQ header: instrument/run/flowcell/lane
Church2025:YPM-IZ-110738	110738_124_069_S9_L006	LH00309:46:22F2CTLT3:L006	/gpfs/ycga/work/dunn/sequences/illumina/physalia_novaseq5_2023/Sample_110738_124_069	/gpfs/ycga/work/dunn/sequences/illumina/physalia_novaseq5_2023/Sample_110738_124_069/110738_124_069_S9_L006_R1_001.fastq.gz	/gpfs/ycga/work/dunn/sequences/illumina/physalia_novaseq5_2023/Sample_110738_124_069/110738_124_069_S9_L006_R2_001.fastq.gz	18886068767	19748521306	151	151	FASTQ header: instrument/run/flowcell/lane
Church2025:YPM-IZ-110777	110777_112_081_S19_L004	LH00309:19:2273H5LT3:L004	/gpfs/ycga/work/dunn/sequences/illumina/physalia_novaseq4_2023/Sample_110777_112_081	/gpfs/ycga/work/dunn/sequences/illumina/physalia_novaseq4_2023/Sample_110777_112_081/110777_112_081_S19_L004_R1_001.fastq.gz	/gpfs/ycga/work/dunn/sequences/illumina/physalia_novaseq4_2023/Sample_110777_112_081/110777_112_081_S19_L004_R2_001.fastq.gz	11625628007	11871436044	151	151	FASTQ header: instrument/run/flowcell/lane
Church2025:YPM-IZ-110780	110780_100_093_S20_L005	LH00309:19:2273H5LT3:L005	/gpfs/ycga/work/dunn/sequences/illumina/physalia_novaseq4_2023/Sample_110780_100_093	/gpfs/ycga/work/dunn/sequences/illumina/physalia_novaseq4_2023/Sample_110780_100_093/110780_100_093_S20_L005_R1_001.fastq.gz	/gpfs/ycga/work/dunn/sequences/illumina/physalia_novaseq4_2023/Sample_110780_100_093/110780_100_093_S20_L005_R2_001.fastq.gz	10617601330	10741272075	151	151	FASTQ header: instrument/run/flowcell/lane
Church2025:YPM-IZ-110785	110785_183_010_S9_L002	LH00309:22:22CMVLLT3:L002	/gpfs/ycga/work/dunn/sequences/illumina/physalia_novaseq4_2023/Sample_110785_183_010	/gpfs/ycga/work/dunn/sequences/illumina/physalia_novaseq4_2023/Sample_110785_183_010/110785_183_010_S9_L002_R1_001.fastq.gz	/gpfs/ycga/work/dunn/sequences/illumina/physalia_novaseq4_2023/Sample_110785_183_010/110785_183_010_S9_L002_R2_001.fastq.gz	8408324186	8502988675	151	151	FASTQ header: instrument/run/flowcell/lane
Church2025:YPM-IZ-110786	110786_171_022_S10_L002	LH00309:22:22CMVLLT3:L002	/gpfs/ycga/work/dunn/sequences/illumina/physalia_novaseq4_2023/Sample_110786_171_022	/gpfs/ycga/work/dunn/sequences/illumina/physalia_novaseq4_2023/Sample_110786_171_022/110786_171_022_S10_L002_R1_001.fastq.gz	/gpfs/ycga/work/dunn/sequences/illumina/physalia_novaseq4_2023/Sample_110786_171_022/110786_171_022_S10_L002_R2_001.fastq.gz	11789625775	11991361379	151	151	FASTQ header: instrument/run/flowcell/lane
Church2025:YPM-IZ-110828	110828_159_034_S10_L006	LH00309:46:22F2CTLT3:L006	/gpfs/ycga/work/dunn/sequences/illumina/physalia_novaseq5_2023/Sample_110828_159_034	/gpfs/ycga/work/dunn/sequences/illumina/physalia_novaseq5_2023/Sample_110828_159_034/110828_159_034_S10_L006_R1_001.fastq.gz	/gpfs/ycga/work/dunn/sequences/illumina/physalia_novaseq5_2023/Sample_110828_159_034/110828_159_034_S10_L006_R2_001.fastq.gz	21181210299	21979724602	151	151	FASTQ header: instrument/run/flowcell/lane
Church2025:YPM-IZ-110828	110828_159_034_S11_L002	LH00309:22:22CMVLLT3:L002	/gpfs/ycga/work/dunn/sequences/illumina/physalia_novaseq4_2023/Sample_110828_159_034	/gpfs/ycga/work/dunn/sequences/illumina/physalia_novaseq4_2023/Sample_110828_159_034/110828_159_034_S11_L002_R1_001.fastq.gz	/gpfs/ycga/work/dunn/sequences/illumina/physalia_novaseq4_2023/Sample_110828_159_034/110828_159_034_S11_L002_R2_001.fastq.gz	10788864696	10921240718	151	151	FASTQ header: instrument/run/flowcell/lane
Church2025:YPM-IZ-110829	110829_177_016_S5_L003	LH00309:40:22CMVKLT3:L003	/gpfs/ycga/work/dunn/sequences/illumina/physalia_novaseq5_2023/Sample_110829_177_016	/gpfs/ycga/work/dunn/sequences/illumina/physalia_novaseq5_2023/Sample_110829_177_016/110829_177_016_S5_L003_R1_001.fastq.gz	/gpfs/ycga/work/dunn/sequences/illumina/physalia_novaseq5_2023/Sample_110829_177_016/110829_177_016_S5_L003_R2_001.fastq.gz	11074852861	11425566879	151	151	FASTQ header: instrument/run/flowcell/lane
Church2025:YPM-IZ-110830	110830_165_028_S6_L003	LH00309:40:22CMVKLT3:L003	/gpfs/ycga/work/dunn/sequences/illumina/physalia_novaseq5_2023/Sample_110830_165_028	/gpfs/ycga/work/dunn/sequences/illumina/physalia_novaseq5_2023/Sample_110830_165_028/110830_165_028_S6_L003_R1_001.fastq.gz	/gpfs/ycga/work/dunn/sequences/illumina/physalia_novaseq5_2023/Sample_110830_165_028/110830_165_028_S6_L003_R2_001.fastq.gz	10438812326	10879589495	151	151	FASTQ header: instrument/run/flowcell/lane
Church2025:YPM-IZ-110842	110842_147_046_S11_L006	LH00309:46:22F2CTLT3:L006	/gpfs/ycga/work/dunn/sequences/illumina/physalia_novaseq5_2023/Sample_110842_147_046	/gpfs/ycga/work/dunn/sequences/illumina/physalia_novaseq5_2023/Sample_110842_147_046/110842_147_046_S11_L006_R1_001.fastq.gz	/gpfs/ycga/work/dunn/sequences/illumina/physalia_novaseq5_2023/Sample_110842_147_046/110842_147_046_S11_L006_R2_001.fastq.gz	14583999447	15179468710	151	151	FASTQ header: instrument/run/flowcell/lane
Church2025:YPM-IZ-110842	110842_147_046_S12_L002	LH00309:22:22CMVLLT3:L002	/gpfs/ycga/work/dunn/sequences/illumina/physalia_novaseq4_2023/Sample_110842_147_046	/gpfs/ycga/work/dunn/sequences/illumina/physalia_novaseq4_2023/Sample_110842_147_046/110842_147_046_S12_L002_R1_001.fastq.gz	/gpfs/ycga/work/dunn/sequences/illumina/physalia_novaseq4_2023/Sample_110842_147_046/110842_147_046_S12_L002_R2_001.fastq.gz	7190980570	7279658944	151	151	FASTQ header: instrument/run/flowcell/lane
Church2025:YPM-IZ-110843	110843_135_058_S13_L002	LH00309:22:22CMVLLT3:L002	/gpfs/ycga/work/dunn/sequences/illumina/physalia_novaseq4_2023/Sample_110843_135_058	/gpfs/ycga/work/dunn/sequences/illumina/physalia_novaseq4_2023/Sample_110843_135_058/110843_135_058_S13_L002_R1_001.fastq.gz	/gpfs/ycga/work/dunn/sequences/illumina/physalia_novaseq4_2023/Sample_110843_135_058/110843_135_058_S13_L002_R2_001.fastq.gz	12705538947	12908721183	151	151	FASTQ header: instrument/run/flowcell/lane
Church2025:YPM-IZ-110844	110844_123_070_S14_L002	LH00309:22:22CMVLLT3:L002	/gpfs/ycga/work/dunn/sequences/illumina/physalia_novaseq4_2023/Sample_110844_123_070	/gpfs/ycga/work/dunn/sequences/illumina/physalia_novaseq4_2023/Sample_110844_123_070/110844_123_070_S14_L002_R1_001.fastq.gz	/gpfs/ycga/work/dunn/sequences/illumina/physalia_novaseq4_2023/Sample_110844_123_070/110844_123_070_S14_L002_R2_001.fastq.gz	10812844940	10941972378	151	151	FASTQ header: instrument/run/flowcell/lane
Church2025:YPM-IZ-110845	110845_111_082_S15_L002	LH00309:22:22CMVLLT3:L002	/gpfs/ycga/work/dunn/sequences/illumina/physalia_novaseq4_2023/Sample_110845_111_082	/gpfs/ycga/work/dunn/sequences/illumina/physalia_novaseq4_2023/Sample_110845_111_082/110845_111_082_S15_L002_R1_001.fastq.gz	/gpfs/ycga/work/dunn/sequences/illumina/physalia_novaseq4_2023/Sample_110845_111_082/110845_111_082_S15_L002_R2_001.fastq.gz	9066854374	9147252268	151	151	FASTQ header: instrument/run/flowcell/lane
Church2025:YPM-IZ-110846	110846_099_094_S21_L002	LH00309:19:2273H5LT3:L002	/gpfs/ycga/work/dunn/sequences/illumina/physalia_novaseq4_2023/Sample_110846_099_094	/gpfs/ycga/work/dunn/sequences/illumina/physalia_novaseq4_2023/Sample_110846_099_094/110846_099_094_S21_L002_R1_001.fastq.gz	/gpfs/ycga/work/dunn/sequences/illumina/physalia_novaseq4_2023/Sample_110846_099_094/110846_099_094_S21_L002_R2_001.fastq.gz	14169130198	14412876769	151	151	FASTQ header: instrument/run/flowcell/lane
Church2025:YPM-IZ-110847	110847_182_011_S22_L002	LH00309:19:2273H5LT3:L002	/gpfs/ycga/work/dunn/sequences/illumina/physalia_novaseq4_2023/Sample_110847_182_011	/gpfs/ycga/work/dunn/sequences/illumina/physalia_novaseq4_2023/Sample_110847_182_011/110847_182_011_S22_L002_R1_001.fastq.gz	/gpfs/ycga/work/dunn/sequences/illumina/physalia_novaseq4_2023/Sample_110847_182_011/110847_182_011_S22_L002_R2_001.fastq.gz	10753536830	10922822516	151	151	FASTQ header: instrument/run/flowcell/lane
Church2025:YPM-IZ-110876	16TX_278_299_S4_L001	A01519:271:HWW7GDSX5:L001	/gpfs/ycga/work/dunn/sequences/illumina/physalia_novaseq2_2023/Sample_16TX_278_299	/gpfs/ycga/work/dunn/sequences/illumina/physalia_novaseq2_2023/Sample_16TX_278_299/16TX_278_299_S4_L001_R1_001.fastq.gz	/gpfs/ycga/work/dunn/sequences/illumina/physalia_novaseq2_2023/Sample_16TX_278_299/16TX_278_299_S4_L001_R2_001.fastq.gz	4671727218	4699552794	151	151	FASTQ header: instrument/run/flowcell/lane
Church2025:YPM-IZ-110877	GoCJUN6_195_382_S104_L004	A01519:311:H7FM5DSX7:L004	/gpfs/ycga/work/dunn/sequences/illumina/physalia_novaseq2_2023/Sample_GoCJUN6_195_382	/gpfs/ycga/work/dunn/sequences/illumina/physalia_novaseq2_2023/Sample_GoCJUN6_195_382/GoCJUN6_195_382_S104_L004_R1_001.fastq.gz	/gpfs/ycga/work/dunn/sequences/illumina/physalia_novaseq2_2023/Sample_GoCJUN6_195_382/GoCJUN6_195_382_S104_L004_R2_001.fastq.gz	25101366767	26577461819	151	151	FASTQ header: instrument/run/flowcell/lane
Church2025:YPM-IZ-110877	GoCJUN6_195_382_S17_L001	A01519:271:HWW7GDSX5:L001	/gpfs/ycga/work/dunn/sequences/illumina/physalia_novaseq2_2023/Sample_GoCJUN6_195_382	/gpfs/ycga/work/dunn/sequences/illumina/physalia_novaseq2_2023/Sample_GoCJUN6_195_382/GoCJUN6_195_382_S17_L001_R1_001.fastq.gz	/gpfs/ycga/work/dunn/sequences/illumina/physalia_novaseq2_2023/Sample_GoCJUN6_195_382/GoCJUN6_195_382_S17_L001_R2_001.fastq.gz	5291058853	5531305097	151	151	FASTQ header: instrument/run/flowcell/lane
Church2025:YPM-IZ-110878	GoCBW1_141_052_S8_L004	LH00309:40:22CMVKLT3:L004	/gpfs/ycga/work/dunn/sequences/illumina/physalia_novaseq5_2023/Sample_GoCBW1_141_052	/gpfs/ycga/work/dunn/sequences/illumina/physalia_novaseq5_2023/Sample_GoCBW1_141_052/GoCBW1_141_052_S8_L004_R1_001.fastq.gz	/gpfs/ycga/work/dunn/sequences/illumina/physalia_novaseq5_2023/Sample_GoCBW1_141_052/GoCBW1_141_052_S8_L004_R2_001.fastq.gz	10860515394	11178850551	151	151	FASTQ header: instrument/run/flowcell/lane
Church2025:YPM-IZ-110880	CWD-BI1-1_117_076_S10_L004	LH00309:40:22CMVKLT3:L004	/gpfs/ycga/work/dunn/sequences/illumina/physalia_novaseq5_2023/Sample_CWD-BI1-1_117_076	/gpfs/ycga/work/dunn/sequences/illumina/physalia_novaseq5_2023/Sample_CWD-BI1-1_117_076/CWD-BI1-1_117_076_S10_L004_R1_001.fastq.gz	/gpfs/ycga/work/dunn/sequences/illumina/physalia_novaseq5_2023/Sample_CWD-BI1-1_117_076/CWD-BI1-1_117_076_S10_L004_R2_001.fastq.gz	11778821048	12141019374	151	151	FASTQ header: instrument/run/flowcell/lane
Church2025:YPM-IZ-110881	HI23BW1-16_185_008_S4_L005	LH00309:19:2273H5LT3:L005	/gpfs/ycga/work/dunn/sequences/illumina/physalia_novaseq4_2023/Sample_HI23BW1-16_185_008	/gpfs/ycga/work/dunn/sequences/illumina/physalia_novaseq4_2023/Sample_HI23BW1-16_185_008/HI23BW1-16_185_008_S4_L005_R1_001.fastq.gz	/gpfs/ycga/work/dunn/sequences/illumina/physalia_novaseq4_2023/Sample_HI23BW1-16_185_008/HI23BW1-16_185_008_S4_L005_R2_001.fastq.gz	7470330556	7615567774	151	151	FASTQ header: instrument/run/flowcell/lane
Church2025:YPM-IZ-110882	HI23BW5-1_188_005_S11_L001	A00124:672:HGYTLDSX7:L001	/gpfs/ycga/work/dunn/sequences/illumina/physalia_novaseq3_2023/Sample_HI23BW5-1_188_005	/gpfs/ycga/work/dunn/sequences/illumina/physalia_novaseq3_2023/Sample_HI23BW5-1_188_005/HI23BW5-1_188_005_S11_L001_R1_001.fastq.gz	/gpfs/ycga/work/dunn/sequences/illumina/physalia_novaseq3_2023/Sample_HI23BW5-1_188_005/HI23BW5-1_188_005_S11_L001_R2_001.fastq.gz	9482392234	9856744997	151	151	FASTQ header: instrument/run/flowcell/lane
Church2025:YPM-IZ-110883	HI23BW5-2_173_020_S5_L005	LH00309:19:2273H5LT3:L005	/gpfs/ycga/work/dunn/sequences/illumina/physalia_novaseq4_2023/Sample_HI23BW5-2_173_020	/gpfs/ycga/work/dunn/sequences/illumina/physalia_novaseq4_2023/Sample_HI23BW5-2_173_020/HI23BW5-2_173_020_S5_L005_R1_001.fastq.gz	/gpfs/ycga/work/dunn/sequences/illumina/physalia_novaseq4_2023/Sample_HI23BW5-2_173_020/HI23BW5-2_173_020_S5_L005_R2_001.fastq.gz	7623241736	7737988292	151	151	FASTQ header: instrument/run/flowcell/lane
Church2025:YPM-IZ-110906	110906_L001	LH00309:55:22F5W5LT3:L001	/gpfs/ycga/work/dunn/sequences/illumina/physalia_novaseq5_2023/RELABEL_Sample_110906	/gpfs/ycga/work/dunn/sequences/illumina/physalia_novaseq5_2023/RELABEL_Sample_110906/110906_L001_R1_001.fastq.gz	/gpfs/ycga/work/dunn/sequences/illumina/physalia_novaseq5_2023/RELABEL_Sample_110906/110906_L001_R2_001.fastq.gz	3877359128	4092283406	151	151	FASTQ header: instrument/run/flowcell/lane
Church2025:YPM-IZ-110906	110906_L003	LH00309:43:22CYW2LT3:L003	/gpfs/ycga/work/dunn/sequences/illumina/physalia_novaseq5_2023/RELABEL_Sample_110906	/gpfs/ycga/work/dunn/sequences/illumina/physalia_novaseq5_2023/RELABEL_Sample_110906/110906_L003_R1_001.fastq.gz	/gpfs/ycga/work/dunn/sequences/illumina/physalia_novaseq5_2023/RELABEL_Sample_110906/110906_L003_R2_001.fastq.gz	1664302363	1728441141	151	151	FASTQ header: instrument/run/flowcell/lane
Church2025:YPM-IZ-110906	110906_L004	LH00309:43:22CYW2LT3:L004	/gpfs/ycga/work/dunn/sequences/illumina/physalia_novaseq5_2023/RELABEL_Sample_110906	/gpfs/ycga/work/dunn/sequences/illumina/physalia_novaseq5_2023/RELABEL_Sample_110906/110906_L004_R1_001.fastq.gz	/gpfs/ycga/work/dunn/sequences/illumina/physalia_novaseq5_2023/RELABEL_Sample_110906/110906_L004_R2_001.fastq.gz	3724340591	3924051902	151	151	FASTQ header: instrument/run/flowcell/lane
Church2025:YPM-IZ-110907	110907_L001	LH00309:55:22F5W5LT3:L001	/gpfs/ycga/work/dunn/sequences/illumina/physalia_novaseq5_2023/RELABEL_Sample_110907	/gpfs/ycga/work/dunn/sequences/illumina/physalia_novaseq5_2023/RELABEL_Sample_110907/110907_L001_R1_001.fastq.gz	/gpfs/ycga/work/dunn/sequences/illumina/physalia_novaseq5_2023/RELABEL_Sample_110907/110907_L001_R2_001.fastq.gz	3855254824	3999437621	151	151	FASTQ header: instrument/run/flowcell/lane
Church2025:YPM-IZ-110907	110907_L003	LH00309:43:22CYW2LT3:L003	/gpfs/ycga/work/dunn/sequences/illumina/physalia_novaseq5_2023/RELABEL_Sample_110907	/gpfs/ycga/work/dunn/sequences/illumina/physalia_novaseq5_2023/RELABEL_Sample_110907/110907_L003_R1_001.fastq.gz	/gpfs/ycga/work/dunn/sequences/illumina/physalia_novaseq5_2023/RELABEL_Sample_110907/110907_L003_R2_001.fastq.gz	1803497811	1861413225	151	151	FASTQ header: instrument/run/flowcell/lane
Church2025:YPM-IZ-110907	110907_L004	LH00309:43:22CYW2LT3:L004	/gpfs/ycga/work/dunn/sequences/illumina/physalia_novaseq5_2023/RELABEL_Sample_110907	/gpfs/ycga/work/dunn/sequences/illumina/physalia_novaseq5_2023/RELABEL_Sample_110907/110907_L004_R1_001.fastq.gz	/gpfs/ycga/work/dunn/sequences/illumina/physalia_novaseq5_2023/RELABEL_Sample_110907/110907_L004_R2_001.fastq.gz	4082602004	4247369973	151	151	FASTQ header: instrument/run/flowcell/lane
Church2025:YPM-IZ-110925	110925_179_014_S52_L004	LH00309:109:22CJLFLT3:L004	/gpfs/ycga/work/dunn/sequences/illumina/physalia_novaseq7_2023/Sample_110925_179_014	/gpfs/ycga/work/dunn/sequences/illumina/physalia_novaseq7_2023/Sample_110925_179_014/110925_179_014_S52_L004_R1_001.fastq.gz	/gpfs/ycga/work/dunn/sequences/illumina/physalia_novaseq7_2023/Sample_110925_179_014/110925_179_014_S52_L004_R2_001.fastq.gz	3719664087	3772715951	151	151	FASTQ header: instrument/run/flowcell/lane
Church2025:YPM-IZ-110926	110926_119_074_S53_L004	LH00309:109:22CJLFLT3:L004	/gpfs/ycga/work/dunn/sequences/illumina/physalia_novaseq7_2023/Sample_110926_119_074	/gpfs/ycga/work/dunn/sequences/illumina/physalia_novaseq7_2023/Sample_110926_119_074/110926_119_074_S53_L004_R1_001.fastq.gz	/gpfs/ycga/work/dunn/sequences/illumina/physalia_novaseq7_2023/Sample_110926_119_074/110926_119_074_S53_L004_R2_001.fastq.gz	2265341957	2307272876	151	151	FASTQ header: instrument/run/flowcell/lane
Church2025:YPM-IZ-110930	110930_107_086_S54_L004	LH00309:109:22CJLFLT3:L004	/gpfs/ycga/work/dunn/sequences/illumina/physalia_novaseq7_2023/Sample_110930_107_086	/gpfs/ycga/work/dunn/sequences/illumina/physalia_novaseq7_2023/Sample_110930_107_086/110930_107_086_S54_L004_R1_001.fastq.gz	/gpfs/ycga/work/dunn/sequences/illumina/physalia_novaseq7_2023/Sample_110930_107_086/110930_107_086_S54_L004_R2_001.fastq.gz	2743509142	2781301914	151	151	FASTQ header: instrument/run/flowcell/lane
Church2025:YPM-IZ-110931	110931_098_095_S9_L003	A00124:710:HMFVWDSX7:L003	/gpfs/ycga/work/dunn/sequences/illumina/physalia_novaseq6_2023/Sample_110931_098_095	/gpfs/ycga/work/dunn/sequences/illumina/physalia_novaseq6_2023/Sample_110931_098_095/110931_098_095_S9_L003_R1_001.fastq.gz	/gpfs/ycga/work/dunn/sequences/illumina/physalia_novaseq6_2023/Sample_110931_098_095/110931_098_095_S9_L003_R2_001.fastq.gz	12241133642	12682354952	151	151	FASTQ header: instrument/run/flowcell/lane
Church2025:YPM-IZ-110933	110933_167_026_S55_L004	LH00309:109:22CJLFLT3:L004	/gpfs/ycga/work/dunn/sequences/illumina/physalia_novaseq7_2023/Sample_110933_167_026	/gpfs/ycga/work/dunn/sequences/illumina/physalia_novaseq7_2023/Sample_110933_167_026/110933_167_026_S55_L004_R1_001.fastq.gz	/gpfs/ycga/work/dunn/sequences/illumina/physalia_novaseq7_2023/Sample_110933_167_026/110933_167_026_S55_L004_R2_001.fastq.gz	4877120600	4958464426	151	151	FASTQ header: instrument/run/flowcell/lane
Church2025:YPM-IZ-110937	110937_181_012_S10_L003	A00124:710:HMFVWDSX7:L003	/gpfs/ycga/work/dunn/sequences/illumina/physalia_novaseq6_2023/Sample_110937_181_012	/gpfs/ycga/work/dunn/sequences/illumina/physalia_novaseq6_2023/Sample_110937_181_012/110937_181_012_S10_L003_R1_001.fastq.gz	/gpfs/ycga/work/dunn/sequences/illumina/physalia_novaseq6_2023/Sample_110937_181_012/110937_181_012_S10_L003_R2_001.fastq.gz	13709056398	14329927128	151	151	FASTQ header: instrument/run/flowcell/lane
Church2025:YPM-IZ-110938	110938_155_038_S56_L004	LH00309:109:22CJLFLT3:L004	/gpfs/ycga/work/dunn/sequences/illumina/physalia_novaseq7_2023/Sample_110938_155_038	/gpfs/ycga/work/dunn/sequences/illumina/physalia_novaseq7_2023/Sample_110938_155_038/110938_155_038_S56_L004_R1_001.fastq.gz	/gpfs/ycga/work/dunn/sequences/illumina/physalia_novaseq7_2023/Sample_110938_155_038/110938_155_038_S56_L004_R2_001.fastq.gz	5022143651	5108813433	151	151	FASTQ header: instrument/run/flowcell/lane
Church2025:YPM-IZ-110943	110943_143_050_S57_L004	LH00309:109:22CJLFLT3:L004	/gpfs/ycga/work/dunn/sequences/illumina/physalia_novaseq7_2023/Sample_110943_143_050	/gpfs/ycga/work/dunn/sequences/illumina/physalia_novaseq7_2023/Sample_110943_143_050/110943_143_050_S57_L004_R1_001.fastq.gz	/gpfs/ycga/work/dunn/sequences/illumina/physalia_novaseq7_2023/Sample_110943_143_050/110943_143_050_S57_L004_R2_001.fastq.gz	5277940544	5364843477	151	151	FASTQ header: instrument/run/flowcell/lane
Church2025:YPM-IZ-110972	110972_169_024_S11_L003	A00124:710:HMFVWDSX7:L003	/gpfs/ycga/work/dunn/sequences/illumina/physalia_novaseq6_2023/Sample_110972_169_024	/gpfs/ycga/work/dunn/sequences/illumina/physalia_novaseq6_2023/Sample_110972_169_024/110972_169_024_S11_L003_R1_001.fastq.gz	/gpfs/ycga/work/dunn/sequences/illumina/physalia_novaseq6_2023/Sample_110972_169_024/110972_169_024_S11_L003_R2_001.fastq.gz	12028889671	12785599458	151	151	FASTQ header: instrument/run/flowcell/lane
Church2025:YPM-IZ-111006	111006_145_048_S13_L003	A00124:710:HMFVWDSX7:L003	/gpfs/ycga/work/dunn/sequences/illumina/physalia_novaseq6_2023/Sample_111006_145_048	/gpfs/ycga/work/dunn/sequences/illumina/physalia_novaseq6_2023/Sample_111006_145_048/111006_145_048_S13_L003_R1_001.fastq.gz	/gpfs/ycga/work/dunn/sequences/illumina/physalia_novaseq6_2023/Sample_111006_145_048/111006_145_048_S13_L003_R2_001.fastq.gz	12341121698	12869610510	151	151	FASTQ header: instrument/run/flowcell/lane
Church2025:YPM-IZ-111007	111007_133_060_S14_L003	A00124:710:HMFVWDSX7:L003	/gpfs/ycga/work/dunn/sequences/illumina/physalia_novaseq6_2023/Sample_111007_133_060	/gpfs/ycga/work/dunn/sequences/illumina/physalia_novaseq6_2023/Sample_111007_133_060/111007_133_060_S14_L003_R1_001.fastq.gz	/gpfs/ycga/work/dunn/sequences/illumina/physalia_novaseq6_2023/Sample_111007_133_060/111007_133_060_S14_L003_R2_001.fastq.gz	11980802508	12707956295	151	151	FASTQ header: instrument/run/flowcell/lane
Church2025:YPM-IZ-111008	111008_121_072_S15_L003	A00124:710:HMFVWDSX7:L003	/gpfs/ycga/work/dunn/sequences/illumina/physalia_novaseq6_2023/Sample_111008_121_072	/gpfs/ycga/work/dunn/sequences/illumina/physalia_novaseq6_2023/Sample_111008_121_072/111008_121_072_S15_L003_R1_001.fastq.gz	/gpfs/ycga/work/dunn/sequences/illumina/physalia_novaseq6_2023/Sample_111008_121_072/111008_121_072_S15_L003_R2_001.fastq.gz	13801631948	14348983035	151	151	FASTQ header: instrument/run/flowcell/lane
Church2025:YPM-IZ-111009	111009_109_084_S16_L003	A00124:710:HMFVWDSX7:L003	/gpfs/ycga/work/dunn/sequences/illumina/physalia_novaseq6_2023/Sample_111009_109_084	/gpfs/ycga/work/dunn/sequences/illumina/physalia_novaseq6_2023/Sample_111009_109_084/111009_109_084_S16_L003_R1_001.fastq.gz	/gpfs/ycga/work/dunn/sequences/illumina/physalia_novaseq6_2023/Sample_111009_109_084/111009_109_084_S16_L003_R2_001.fastq.gz	13976942140	14428409078	151	151	FASTQ header: instrument/run/flowcell/lane
Church2025:YPM-IZ-111010	111010_097_096_S17_L003	A00124:710:HMFVWDSX7:L003	/gpfs/ycga/work/dunn/sequences/illumina/physalia_novaseq6_2023/Sample_111010_097_096	/gpfs/ycga/work/dunn/sequences/illumina/physalia_novaseq6_2023/Sample_111010_097_096/111010_097_096_S17_L003_R1_001.fastq.gz	/gpfs/ycga/work/dunn/sequences/illumina/physalia_novaseq6_2023/Sample_111010_097_096/111010_097_096_S17_L003_R2_001.fastq.gz	8359931440	8895157922	151	151	FASTQ header: instrument/run/flowcell/lane
Church2025:YPM-IZ-111012	111012_192_001_S44_L004	LH00309:109:22CJLFLT3:L004	/gpfs/ycga/work/dunn/sequences/illumina/physalia_novaseq7_2023/Sample_111012_192_001	/gpfs/ycga/work/dunn/sequences/illumina/physalia_novaseq7_2023/Sample_111012_192_001/111012_192_001_S44_L004_R1_001.fastq.gz	/gpfs/ycga/work/dunn/sequences/illumina/physalia_novaseq7_2023/Sample_111012_192_001/111012_192_001_S44_L004_R2_001.fastq.gz	7832973196	8016537322	151	151	FASTQ header: instrument/run/flowcell/lane
Church2025:YPM-IZ-111013	111013_180_013_S45_L004	LH00309:109:22CJLFLT3:L004	/gpfs/ycga/work/dunn/sequences/illumina/physalia_novaseq7_2023/Sample_111013_180_013	/gpfs/ycga/work/dunn/sequences/illumina/physalia_novaseq7_2023/Sample_111013_180_013/111013_180_013_S45_L004_R1_001.fastq.gz	/gpfs/ycga/work/dunn/sequences/illumina/physalia_novaseq7_2023/Sample_111013_180_013/111013_180_013_S45_L004_R2_001.fastq.gz	4258401576	4352767676	151	151	FASTQ header: instrument/run/flowcell/lane
Church2025:YPM-IZ-111014	111014_168_025_S46_L004	LH00309:109:22CJLFLT3:L004	/gpfs/ycga/work/dunn/sequences/illumina/physalia_novaseq7_2023/Sample_111014_168_025	/gpfs/ycga/work/dunn/sequences/illumina/physalia_novaseq7_2023/Sample_111014_168_025/111014_168_025_S46_L004_R1_001.fastq.gz	/gpfs/ycga/work/dunn/sequences/illumina/physalia_novaseq7_2023/Sample_111014_168_025/111014_168_025_S46_L004_R2_001.fastq.gz	4326075568	4400894323	151	151	FASTQ header: instrument/run/flowcell/lane
Church2025:YPM-IZ-111016	111016_144_049_S48_L004	LH00309:109:22CJLFLT3:L004	/gpfs/ycga/work/dunn/sequences/illumina/physalia_novaseq7_2023/Sample_111016_144_049	/gpfs/ycga/work/dunn/sequences/illumina/physalia_novaseq7_2023/Sample_111016_144_049/111016_144_049_S48_L004_R1_001.fastq.gz	/gpfs/ycga/work/dunn/sequences/illumina/physalia_novaseq7_2023/Sample_111016_144_049/111016_144_049_S48_L004_R2_001.fastq.gz	5673163585	5785905132	151	151	FASTQ header: instrument/run/flowcell/lane
Church2025:YPM-IZ-111017	111017_132_061_S49_L004	LH00309:109:22CJLFLT3:L004	/gpfs/ycga/work/dunn/sequences/illumina/physalia_novaseq7_2023/Sample_111017_132_061	/gpfs/ycga/work/dunn/sequences/illumina/physalia_novaseq7_2023/Sample_111017_132_061/111017_132_061_S49_L004_R1_001.fastq.gz	/gpfs/ycga/work/dunn/sequences/illumina/physalia_novaseq7_2023/Sample_111017_132_061/111017_132_061_S49_L004_R2_001.fastq.gz	6240122134	6315128405	151	151	FASTQ header: instrument/run/flowcell/lane
Church2025:YPM-IZ-111018	111018_120_073_S50_L004	LH00309:109:22CJLFLT3:L004	/gpfs/ycga/work/dunn/sequences/illumina/physalia_novaseq7_2023/Sample_111018_120_073	/gpfs/ycga/work/dunn/sequences/illumina/physalia_novaseq7_2023/Sample_111018_120_073/111018_120_073_S50_L004_R1_001.fastq.gz	/gpfs/ycga/work/dunn/sequences/illumina/physalia_novaseq7_2023/Sample_111018_120_073/111018_120_073_S50_L004_R2_001.fastq.gz	5295294237	5388682137	151	151	FASTQ header: instrument/run/flowcell/lane
Church2025:YPM-IZ-111156	111156_147_046_S79_L003	LH00309:204:227MGJLT4:L003	/gpfs/ycga/work/dunn/sequences/illumina/physalia_novaseq8_2023/Sample_111156_147_046	/gpfs/ycga/work/dunn/sequences/illumina/physalia_novaseq8_2023/Sample_111156_147_046/111156_147_046_S79_L003_R1_001.fastq.gz	/gpfs/ycga/work/dunn/sequences/illumina/physalia_novaseq8_2023/Sample_111156_147_046/111156_147_046_S79_L003_R2_001.fastq.gz	6804044298	6915777251	151	151	FASTQ header: instrument/run/flowcell/lane
Church2025:YPM-IZ-111157	111157_135_058_S80_L003	LH00309:204:227MGJLT4:L003	/gpfs/ycga/work/dunn/sequences/illumina/physalia_novaseq8_2023/Sample_111157_135_058	/gpfs/ycga/work/dunn/sequences/illumina/physalia_novaseq8_2023/Sample_111157_135_058/111157_135_058_S80_L003_R1_001.fastq.gz	/gpfs/ycga/work/dunn/sequences/illumina/physalia_novaseq8_2023/Sample_111157_135_058/111157_135_058_S80_L003_R2_001.fastq.gz	10994113647	11339762422	151	151	FASTQ header: instrument/run/flowcell/lane
Church2025:YPM-IZ-111158	111158_123_070_S81_L003	LH00309:204:227MGJLT4:L003	/gpfs/ycga/work/dunn/sequences/illumina/physalia_novaseq8_2023/Sample_111158_123_070	/gpfs/ycga/work/dunn/sequences/illumina/physalia_novaseq8_2023/Sample_111158_123_070/111158_123_070_S81_L003_R1_001.fastq.gz	/gpfs/ycga/work/dunn/sequences/illumina/physalia_novaseq8_2023/Sample_111158_123_070/111158_123_070_S81_L003_R2_001.fastq.gz	9135853771	9307893901	151	151	FASTQ header: instrument/run/flowcell/lane
Church2025:YPM-IZ-111159	111159_111_082_S82_L003	LH00309:204:227MGJLT4:L003	/gpfs/ycga/work/dunn/sequences/illumina/physalia_novaseq8_2023/Sample_111159_111_082	/gpfs/ycga/work/dunn/sequences/illumina/physalia_novaseq8_2023/Sample_111159_111_082/111159_111_082_S82_L003_R1_001.fastq.gz	/gpfs/ycga/work/dunn/sequences/illumina/physalia_novaseq8_2023/Sample_111159_111_082/111159_111_082_S82_L003_R2_001.fastq.gz	9488665887	9616925274	151	151	FASTQ header: instrument/run/flowcell/lane
Church2025:YPM-IZ-111160	111160_099_094_S83_L003	LH00309:204:227MGJLT4:L003	/gpfs/ycga/work/dunn/sequences/illumina/physalia_novaseq8_2023/Sample_111160_099_094	/gpfs/ycga/work/dunn/sequences/illumina/physalia_novaseq8_2023/Sample_111160_099_094/111160_099_094_S83_L003_R1_001.fastq.gz	/gpfs/ycga/work/dunn/sequences/illumina/physalia_novaseq8_2023/Sample_111160_099_094/111160_099_094_S83_L003_R2_001.fastq.gz	8762864728	8877639192	151	151	FASTQ header: instrument/run/flowcell/lane
Church2025:YPM-IZ-111163	111163_159_034_S78_L003	LH00309:204:227MGJLT4:L003	/gpfs/ycga/work/dunn/sequences/illumina/physalia_novaseq8_2023/Sample_111163_159_034	/gpfs/ycga/work/dunn/sequences/illumina/physalia_novaseq8_2023/Sample_111163_159_034/111163_159_034_S78_L003_R1_001.fastq.gz	/gpfs/ycga/work/dunn/sequences/illumina/physalia_novaseq8_2023/Sample_111163_159_034/111163_159_034_S78_L003_R2_001.fastq.gz	11343268457	11465627631	151	151	FASTQ header: instrument/run/flowcell/lane
Church2025:YPM-IZ-111207	CWD_NZ31_158_035_S119_L005	LH00309:195:227FKVLT4:L005	/gpfs/ycga/work/dunn/sequences/illumina/physalia_novaseq8_2023/Sample_CWD_NZ31_158_035_idefko	/gpfs/ycga/work/dunn/sequences/illumina/physalia_novaseq8_2023/Sample_CWD_NZ31_158_035_idefko/CWD_NZ31_158_035_S119_L005_R1_001.fastq.gz	/gpfs/ycga/work/dunn/sequences/illumina/physalia_novaseq8_2023/Sample_CWD_NZ31_158_035_idefko/CWD_NZ31_158_035_S119_L005_R2_001.fastq.gz	2590462552	2599455251	151	151	FASTQ header: instrument/run/flowcell/lane
Church2025:YPM-IZ-111207	CWD_NZ31_158_035_S64_L002	LH00309:191:227L7FLT4:L002	/gpfs/ycga/work/dunn/sequences/illumina/physalia_novaseq8_2023/Sample_CWD_NZ31_158_035	/gpfs/ycga/work/dunn/sequences/illumina/physalia_novaseq8_2023/Sample_CWD_NZ31_158_035/CWD_NZ31_158_035_S64_L002_R1_001.fastq.gz	/gpfs/ycga/work/dunn/sequences/illumina/physalia_novaseq8_2023/Sample_CWD_NZ31_158_035/CWD_NZ31_158_035_S64_L002_R2_001.fastq.gz	3611019975	3639770952	151	151	FASTQ header: instrument/run/flowcell/lane
Church2025:YPM-IZ-111208	CWD_NZ32_146_047_S120_L005	LH00309:195:227FKVLT4:L005	/gpfs/ycga/work/dunn/sequences/illumina/physalia_novaseq8_2023/Sample_CWD_NZ32_146_047_ndxgok	/gpfs/ycga/work/dunn/sequences/illumina/physalia_novaseq8_2023/Sample_CWD_NZ32_146_047_ndxgok/CWD_NZ32_146_047_S120_L005_R1_001.fastq.gz	/gpfs/ycga/work/dunn/sequences/illumina/physalia_novaseq8_2023/Sample_CWD_NZ32_146_047_ndxgok/CWD_NZ32_146_047_S120_L005_R2_001.fastq.gz	3246276549	3279641038	151	151	FASTQ header: instrument/run/flowcell/lane
Church2025:YPM-IZ-111208	CWD_NZ32_146_047_S65_L002	LH00309:191:227L7FLT4:L002	/gpfs/ycga/work/dunn/sequences/illumina/physalia_novaseq8_2023/Sample_CWD_NZ32_146_047	/gpfs/ycga/work/dunn/sequences/illumina/physalia_novaseq8_2023/Sample_CWD_NZ32_146_047/CWD_NZ32_146_047_S65_L002_R1_001.fastq.gz	/gpfs/ycga/work/dunn/sequences/illumina/physalia_novaseq8_2023/Sample_CWD_NZ32_146_047/CWD_NZ32_146_047_S65_L002_R2_001.fastq.gz	4098503365	4168177045	151	151	FASTQ header: instrument/run/flowcell/lane
Church2025:YPM-IZ-111209	CWD_NZ33_182_011_S84_L003	LH00309:204:227MGJLT4:L003	/gpfs/ycga/work/dunn/sequences/illumina/physalia_novaseq8_2023/Sample_CWD_NZ33_182_011	/gpfs/ycga/work/dunn/sequences/illumina/physalia_novaseq8_2023/Sample_CWD_NZ33_182_011/CWD_NZ33_182_011_S84_L003_R1_001.fastq.gz	/gpfs/ycga/work/dunn/sequences/illumina/physalia_novaseq8_2023/Sample_CWD_NZ33_182_011/CWD_NZ33_182_011_S84_L003_R2_001.fastq.gz	8190964588	8330181622	151	151	FASTQ header: instrument/run/flowcell/lane
Church2025:YPM-IZ-111210	CWD_NZ34_134_059_S121_L005	LH00309:195:227FKVLT4:L005	/gpfs/ycga/work/dunn/sequences/illumina/physalia_novaseq8_2023/Sample_CWD_NZ34_134_059_xtagte	/gpfs/ycga/work/dunn/sequences/illumina/physalia_novaseq8_2023/Sample_CWD_NZ34_134_059_xtagte/CWD_NZ34_134_059_S121_L005_R1_001.fastq.gz	/gpfs/ycga/work/dunn/sequences/illumina/physalia_novaseq8_2023/Sample_CWD_NZ34_134_059_xtagte/CWD_NZ34_134_059_S121_L005_R2_001.fastq.gz	2837476874	2855253273	151	151	FASTQ header: instrument/run/flowcell/lane
Church2025:YPM-IZ-111210	CWD_NZ34_134_059_S66_L002	LH00309:191:227L7FLT4:L002	/gpfs/ycga/work/dunn/sequences/illumina/physalia_novaseq8_2023/Sample_CWD_NZ34_134_059	/gpfs/ycga/work/dunn/sequences/illumina/physalia_novaseq8_2023/Sample_CWD_NZ34_134_059/CWD_NZ34_134_059_S66_L002_R1_001.fastq.gz	/gpfs/ycga/work/dunn/sequences/illumina/physalia_novaseq8_2023/Sample_CWD_NZ34_134_059/CWD_NZ34_134_059_S66_L002_R2_001.fastq.gz	3912289796	3962789248	151	151	FASTQ header: instrument/run/flowcell/lane
Church2025:YPM-IZ-111241	111241_129_064_S12_L002	LH00309:259:22CWK3LT4:L002	/gpfs/ycga/work/dunn/sequences/illumina/S2_additional_samples_skimming_2024/Sample_111241_129_064	/gpfs/ycga/work/dunn/sequences/illumina/S2_additional_samples_skimming_2024/Sample_111241_129_064/111241_129_064_S12_L002_R1_001.fastq.gz	/gpfs/ycga/work/dunn/sequences/illumina/S2_additional_samples_skimming_2024/Sample_111241_129_064/111241_129_064_S12_L002_R2_001.fastq.gz	6045059115	6340449043	151	151	FASTQ header: instrument/run/flowcell/lane
Church2025:YPM-IZ-111241	111241_129_064_S20_L006	LH00309:266:22F23WLT3:L006	/gpfs/ycga/work/dunn/sequences/illumina/S2_additional_samples_skimming_2024/Sample_111241_129_064_mzvihe	/gpfs/ycga/work/dunn/sequences/illumina/S2_additional_samples_skimming_2024/Sample_111241_129_064_mzvihe/111241_129_064_S20_L006_R1_001.fastq.gz	/gpfs/ycga/work/dunn/sequences/illumina/S2_additional_samples_skimming_2024/Sample_111241_129_064_mzvihe/111241_129_064_S20_L006_R2_001.fastq.gz	2562256859	2647783817	151	151	FASTQ header: instrument/run/flowcell/lane
Church2025:YPM-IZ-111243	111243_153_040_S10_L002	LH00309:259:22CWK3LT4:L002	/gpfs/ycga/work/dunn/sequences/illumina/S2_additional_samples_skimming_2024/Sample_111243_153_040	/gpfs/ycga/work/dunn/sequences/illumina/S2_additional_samples_skimming_2024/Sample_111243_153_040/111243_153_040_S10_L002_R1_001.fastq.gz	/gpfs/ycga/work/dunn/sequences/illumina/S2_additional_samples_skimming_2024/Sample_111243_153_040/111243_153_040_S10_L002_R2_001.fastq.gz	6487334003	6807060043	151	151	FASTQ header: instrument/run/flowcell/lane
Church2025:YPM-IZ-111243	111243_153_040_S19_L006	LH00309:266:22F23WLT3:L006	/gpfs/ycga/work/dunn/sequences/illumina/S2_additional_samples_skimming_2024/Sample_111243_153_040_pzscdl	/gpfs/ycga/work/dunn/sequences/illumina/S2_additional_samples_skimming_2024/Sample_111243_153_040_pzscdl/111243_153_040_S19_L006_R1_001.fastq.gz	/gpfs/ycga/work/dunn/sequences/illumina/S2_additional_samples_skimming_2024/Sample_111243_153_040_pzscdl/111243_153_040_S19_L006_R2_001.fastq.gz	1124104155	1164976555	151	151	FASTQ header: instrument/run/flowcell/lane
Church2025:YPM-IZ-111495	111495_165_028_S18_L006	LH00309:266:22F23WLT3:L006	/gpfs/ycga/work/dunn/sequences/illumina/S2_additional_samples_skimming_2024/Sample_111495_165_028_zfzhfg	/gpfs/ycga/work/dunn/sequences/illumina/S2_additional_samples_skimming_2024/Sample_111495_165_028_zfzhfg/111495_165_028_S18_L006_R1_001.fastq.gz	/gpfs/ycga/work/dunn/sequences/illumina/S2_additional_samples_skimming_2024/Sample_111495_165_028_zfzhfg/111495_165_028_S18_L006_R2_001.fastq.gz	809674569	828877824	151	151	FASTQ header: instrument/run/flowcell/lane
Church2025:YPM-IZ-111495	111495_165_028_S9_L002	LH00309:259:22CWK3LT4:L002	/gpfs/ycga/work/dunn/sequences/illumina/S2_additional_samples_skimming_2024/Sample_111495_165_028	/gpfs/ycga/work/dunn/sequences/illumina/S2_additional_samples_skimming_2024/Sample_111495_165_028/111495_165_028_S9_L002_R1_001.fastq.gz	/gpfs/ycga/work/dunn/sequences/illumina/S2_additional_samples_skimming_2024/Sample_111495_165_028/111495_165_028_S9_L002_R2_001.fastq.gz	6553511564	6805778445	151	151	FASTQ header: instrument/run/flowcell/lane
Church2025:YPM-IZ-111513	111513_177_016_S17_L006	LH00309:266:22F23WLT3:L006	/gpfs/ycga/work/dunn/sequences/illumina/S2_additional_samples_skimming_2024/Sample_111513_177_016_davwdh	/gpfs/ycga/work/dunn/sequences/illumina/S2_additional_samples_skimming_2024/Sample_111513_177_016_davwdh/111513_177_016_S17_L006_R1_001.fastq.gz	/gpfs/ycga/work/dunn/sequences/illumina/S2_additional_samples_skimming_2024/Sample_111513_177_016_davwdh/111513_177_016_S17_L006_R2_001.fastq.gz	1311521109	1342593528	151	151	FASTQ header: instrument/run/flowcell/lane
Church2025:YPM-IZ-111513	111513_177_016_S8_L002	LH00309:259:22CWK3LT4:L002	/gpfs/ycga/work/dunn/sequences/illumina/S2_additional_samples_skimming_2024/Sample_111513_177_016	/gpfs/ycga/work/dunn/sequences/illumina/S2_additional_samples_skimming_2024/Sample_111513_177_016/111513_177_016_S8_L002_R1_001.fastq.gz	/gpfs/ycga/work/dunn/sequences/illumina/S2_additional_samples_skimming_2024/Sample_111513_177_016/111513_177_016_S8_L002_R2_001.fastq.gz	6743159806	6972269058	151	151	FASTQ header: instrument/run/flowcell/lane
Church2025:YPM-IZ-111514	111514_147_046_S32_L002	LH00309:308:22GYWYLT4:L002	/gpfs/ycga/work/dunn/sequences/illumina/physalia_novaseq9_2023/Sample_111514_147_046	/gpfs/ycga/work/dunn/sequences/illumina/physalia_novaseq9_2023/Sample_111514_147_046/111514_147_046_S32_L002_R1_001.fastq.gz	/gpfs/ycga/work/dunn/sequences/illumina/physalia_novaseq9_2023/Sample_111514_147_046/111514_147_046_S32_L002_R2_001.fastq.gz	5754340911	6087732148	151	151	FASTQ header: instrument/run/flowcell/lane
Church2025:YPM-IZ-111514	111514_147_046_S92_L007	LH00309:314:22HW55LT4:L007	/gpfs/ycga/work/dunn/sequences/illumina/physalia_novaseq9_2023/Sample_111514_147_046_btgeyv	/gpfs/ycga/work/dunn/sequences/illumina/physalia_novaseq9_2023/Sample_111514_147_046_btgeyv/111514_147_046_S92_L007_R1_001.fastq.gz	/gpfs/ycga/work/dunn/sequences/illumina/physalia_novaseq9_2023/Sample_111514_147_046_btgeyv/111514_147_046_S92_L007_R2_001.fastq.gz	1847687113	1902423732	151	151	FASTQ header: instrument/run/flowcell/lane
Church2025:YPM-IZ-111517	YPM-IZ-111517_116_077_S57_L008	LH00309:311:22GMLFLT4:L008	/gpfs/ycga/work/dunn/sequences/illumina/physalia_novaseq9_2023/Sample_YPM-IZ-111517_116_077	/gpfs/ycga/work/dunn/sequences/illumina/physalia_novaseq9_2023/Sample_YPM-IZ-111517_116_077/YPM-IZ-111517_116_077_S57_L008_R1_001.fastq.gz	/gpfs/ycga/work/dunn/sequences/illumina/physalia_novaseq9_2023/Sample_YPM-IZ-111517_116_077/YPM-IZ-111517_116_077_S57_L008_R2_001.fastq.gz	9781217602	9740499533	151	151	FASTQ header: instrument/run/flowcell/lane
Church2025:YPM-IZ-111518	YPM-IZ-111518_104_089_S58_L008	LH00309:311:22GMLFLT4:L008	/gpfs/ycga/work/dunn/sequences/illumina/physalia_novaseq9_2023/Sample_YPM-IZ-111518_104_089	/gpfs/ycga/work/dunn/sequences/illumina/physalia_novaseq9_2023/Sample_YPM-IZ-111518_104_089/YPM-IZ-111518_104_089_S58_L008_R1_001.fastq.gz	/gpfs/ycga/work/dunn/sequences/illumina/physalia_novaseq9_2023/Sample_YPM-IZ-111518_104_089/YPM-IZ-111518_104_089_S58_L008_R2_001.fastq.gz	10634368875	10582379285	151	151	FASTQ header: instrument/run/flowcell/lane
Church2025:YPM-IZ-111519	111519_135_058_S33_L002	LH00309:308:22GYWYLT4:L002	/gpfs/ycga/work/dunn/sequences/illumina/physalia_novaseq9_2023/Sample_111519_135_058	/gpfs/ycga/work/dunn/sequences/illumina/physalia_novaseq9_2023/Sample_111519_135_058/111519_135_058_S33_L002_R1_001.fastq.gz	/gpfs/ycga/work/dunn/sequences/illumina/physalia_novaseq9_2023/Sample_111519_135_058/111519_135_058_S33_L002_R2_001.fastq.gz	7041082544	7606074829	151	151	FASTQ header: instrument/run/flowcell/lane
Church2025:YPM-IZ-111520	YPM-IZ-111520_187_006_S59_L008	LH00309:311:22GMLFLT4:L008	/gpfs/ycga/work/dunn/sequences/illumina/physalia_novaseq9_2023/Sample_YPM-IZ-111520_187_006	/gpfs/ycga/work/dunn/sequences/illumina/physalia_novaseq9_2023/Sample_YPM-IZ-111520_187_006/YPM-IZ-111520_187_006_S59_L008_R1_001.fastq.gz	/gpfs/ycga/work/dunn/sequences/illumina/physalia_novaseq9_2023/Sample_YPM-IZ-111520_187_006/YPM-IZ-111520_187_006_S59_L008_R2_001.fastq.gz	8190640268	8273815297	151	151	FASTQ header: instrument/run/flowcell/lane
Church2025:YPM-IZ-111521	YPM-IZ-111521_175_018_S60_L008	LH00309:311:22GMLFLT4:L008	/gpfs/ycga/work/dunn/sequences/illumina/physalia_novaseq9_2023/Sample_YPM-IZ-111521_175_018	/gpfs/ycga/work/dunn/sequences/illumina/physalia_novaseq9_2023/Sample_YPM-IZ-111521_175_018/YPM-IZ-111521_175_018_S60_L008_R1_001.fastq.gz	/gpfs/ycga/work/dunn/sequences/illumina/physalia_novaseq9_2023/Sample_YPM-IZ-111521_175_018/YPM-IZ-111521_175_018_S60_L008_R2_001.fastq.gz	8337970738	8350776632	151	151	FASTQ header: instrument/run/flowcell/lane
Church2025:YPM-IZ-111529	YPM-IZ-111529_163_030_S61_L008	LH00309:311:22GMLFLT4:L008	/gpfs/ycga/work/dunn/sequences/illumina/physalia_novaseq9_2023/Sample_YPM-IZ-111529_163_030	/gpfs/ycga/work/dunn/sequences/illumina/physalia_novaseq9_2023/Sample_YPM-IZ-111529_163_030/YPM-IZ-111529_163_030_S61_L008_R1_001.fastq.gz	/gpfs/ycga/work/dunn/sequences/illumina/physalia_novaseq9_2023/Sample_YPM-IZ-111529_163_030/YPM-IZ-111529_163_030_S61_L008_R2_001.fastq.gz	8103032366	8151886747	151	151	FASTQ header: instrument/run/flowcell/lane
Church2025:YPM-IZ-111530	YPM-IZ-111530_151_042_S62_L008	LH00309:311:22GMLFLT4:L008	/gpfs/ycga/work/dunn/sequences/illumina/physalia_novaseq9_2023/Sample_YPM-IZ-111530_151_042	/gpfs/ycga/work/dunn/sequences/illumina/physalia_novaseq9_2023/Sample_YPM-IZ-111530_151_042/YPM-IZ-111530_151_042_S62_L008_R1_001.fastq.gz	/gpfs/ycga/work/dunn/sequences/illumina/physalia_novaseq9_2023/Sample_YPM-IZ-111530_151_042/YPM-IZ-111530_151_042_S62_L008_R2_001.fastq.gz	10240610292	10237336978	151	151	FASTQ header: instrument/run/flowcell/lane
Church2025:YPM-IZ-111539	YPM-IZ-111539_139_054_S63_L008	LH00309:311:22GMLFLT4:L008	/gpfs/ycga/work/dunn/sequences/illumina/physalia_novaseq9_2023/Sample_YPM-IZ-111539_139_054	/gpfs/ycga/work/dunn/sequences/illumina/physalia_novaseq9_2023/Sample_YPM-IZ-111539_139_054/YPM-IZ-111539_139_054_S63_L008_R1_001.fastq.gz	/gpfs/ycga/work/dunn/sequences/illumina/physalia_novaseq9_2023/Sample_YPM-IZ-111539_139_054/YPM-IZ-111539_139_054_S63_L008_R2_001.fastq.gz	8250932441	8700806374	151	151	FASTQ header: instrument/run/flowcell/lane
Church2025:YPM-IZ-111547	111547_141_052_S11_L002	LH00309:259:22CWK3LT4:L002	/gpfs/ycga/work/dunn/sequences/illumina/S2_additional_samples_skimming_2024/Sample_111547_141_052	/gpfs/ycga/work/dunn/sequences/illumina/S2_additional_samples_skimming_2024/Sample_111547_141_052/111547_141_052_S11_L002_R1_001.fastq.gz	/gpfs/ycga/work/dunn/sequences/illumina/S2_additional_samples_skimming_2024/Sample_111547_141_052/111547_141_052_S11_L002_R2_001.fastq.gz	7877609422	8111567839	151	151	FASTQ header: instrument/run/flowcell/lane
Church2025:YPM-IZ-111839	S238-015_102_091_S2_L008	LH00309:325:22HLVMLT4:L008	/gpfs/ycga/work/dunn/sequences/illumina/physalia_novaseq9_2023/Sample_S238-015_102_091	/gpfs/ycga/work/dunn/sequences/illumina/physalia_novaseq9_2023/Sample_S238-015_102_091/S238-015_102_091_S2_L008_R1_001.fastq.gz	/gpfs/ycga/work/dunn/sequences/illumina/physalia_novaseq9_2023/Sample_S238-015_102_091/S238-015_102_091_S2_L008_R2_001.fastq.gz	21690260530	21983973242	151	151	FASTQ header: instrument/run/flowcell/lane
Church2025:YPM-IZ-111840	S238-013_114_079_S1_L008	LH00309:325:22HLVMLT4:L008	/gpfs/ycga/work/dunn/sequences/illumina/physalia_novaseq9_2023/Sample_S238-013_114_079	/gpfs/ycga/work/dunn/sequences/illumina/physalia_novaseq9_2023/Sample_S238-013_114_079/S238-013_114_079_S1_L008_R1_001.fastq.gz	/gpfs/ycga/work/dunn/sequences/illumina/physalia_novaseq9_2023/Sample_S238-013_114_079/S238-013_114_079_S1_L008_R2_001.fastq.gz	13566028166	13833708724	151	151	FASTQ header: instrument/run/flowcell/lane
