library_id	field	value	source_type	source	source_locator	source_record	notes	candidate_file	candidate_row	source_value	status	existing_value	detail
Church2025:FM-16644	depth_m	0	curator_scoring	docs/metadata_depth_conventions.md	Church2025:FM-16644	User instruction, 2026-10-04	Physalia without an explicit depth record scored 0 m by user instruction; this does not establish beach collection.	data/sources/metadata_enrichment/physalia_depth_scoring.tsv	2		filled		all usable candidates agree
Church2025:FM-16644	collection_depth_source	docs/metadata_depth_conventions.md	curator_scoring	docs/metadata_depth_conventions.md	Church2025:FM-16644	User instruction, 2026-10-04	Physalia without an explicit depth record scored 0 m by user instruction; this does not establish beach collection.	data/sources/metadata_enrichment/physalia_depth_scoring.tsv	3	docs/metadata_depth_conventions.md	filled		combined collection-depth provenance
Church2025:FM-16644	collection_depth_basis	curator_assigned_surface	curator_scoring	docs/metadata_depth_conventions.md	Church2025:FM-16644	User instruction, 2026-10-04	Physalia without an explicit depth record scored 0 m by user instruction; this does not establish beach collection.	data/sources/metadata_enrichment/physalia_depth_scoring.tsv	4		filled		all usable candidates agree
Church2025:NIWA-173304	depth_m	0	curator_scoring	docs/metadata_depth_conventions.md	Church2025:NIWA-173304	User instruction, 2026-10-04	Physalia without an explicit depth record scored 0 m by user instruction; this does not establish beach collection.	data/sources/metadata_enrichment/physalia_depth_scoring.tsv	5		filled		all usable candidates agree
Church2025:NIWA-173304	collection_depth_source	docs/metadata_depth_conventions.md	curator_scoring	docs/metadata_depth_conventions.md	Church2025:NIWA-173304	User instruction, 2026-10-04	Physalia without an explicit depth record scored 0 m by user instruction; this does not establish beach collection.	data/sources/metadata_enrichment/physalia_depth_scoring.tsv	6	docs/metadata_depth_conventions.md	filled		combined collection-depth provenance
Church2025:NIWA-173304	collection_depth_basis	curator_assigned_surface	curator_scoring	docs/metadata_depth_conventions.md	Church2025:NIWA-173304	User instruction, 2026-10-04	Physalia without an explicit depth record scored 0 m by user instruction; this does not establish beach collection.	data/sources/metadata_enrichment/physalia_depth_scoring.tsv	7		filled		all usable candidates agree
Church2025:NIWA-173305	depth_m	0	curator_scoring	docs/metadata_depth_conventions.md	Church2025:NIWA-173305	User instruction, 2026-10-04	Physalia without an explicit depth record scored 0 m by user instruction; this does not establish beach collection.	data/sources/metadata_enrichment/physalia_depth_scoring.tsv	8		filled		all usable candidates agree
Church2025:NIWA-173305	collection_depth_source	docs/metadata_depth_conventions.md	curator_scoring	docs/metadata_depth_conventions.md	Church2025:NIWA-173305	User instruction, 2026-10-04	Physalia without an explicit depth record scored 0 m by user instruction; this does not establish beach collection.	data/sources/metadata_enrichment/physalia_depth_scoring.tsv	9	docs/metadata_depth_conventions.md	filled		combined collection-depth provenance
Church2025:NIWA-173305	collection_depth_basis	curator_assigned_surface	curator_scoring	docs/metadata_depth_conventions.md	Church2025:NIWA-173305	User instruction, 2026-10-04	Physalia without an explicit depth record scored 0 m by user instruction; this does not establish beach collection.	data/sources/metadata_enrichment/physalia_depth_scoring.tsv	10		filled		all usable candidates agree
Church2025:OA-190531-1	depth_m	0	curator_scoring	docs/metadata_depth_conventions.md	Church2025:OA-190531-1	User instruction, 2026-10-04	Physalia without an explicit depth record scored 0 m by user instruction; this does not establish beach collection.	data/sources/metadata_enrichment/physalia_depth_scoring.tsv	11		filled		all usable candidates agree
Church2025:OA-190531-1	collection_depth_source	docs/metadata_depth_conventions.md	curator_scoring	docs/metadata_depth_conventions.md	Church2025:OA-190531-1	User instruction, 2026-10-04	Physalia without an explicit depth record scored 0 m by user instruction; this does not establish beach collection.	data/sources/metadata_enrichment/physalia_depth_scoring.tsv	12	docs/metadata_depth_conventions.md	filled		combined collection-depth provenance
Church2025:OA-190531-1	collection_depth_basis	curator_assigned_surface	curator_scoring	docs/metadata_depth_conventions.md	Church2025:OA-190531-1	User instruction, 2026-10-04	Physalia without an explicit depth record scored 0 m by user instruction; this does not establish beach collection.	data/sources/metadata_enrichment/physalia_depth_scoring.tsv	13		filled		all usable candidates agree
Church2025:OA-Bluebottle	depth_m	0	curator_scoring	docs/metadata_depth_conventions.md	Church2025:OA-Bluebottle	User instruction, 2026-10-04	Physalia without an explicit depth record scored 0 m by user instruction; this does not establish beach collection.	data/sources/metadata_enrichment/physalia_depth_scoring.tsv	14		filled		all usable candidates agree
Church2025:OA-Bluebottle	collection_depth_source	docs/metadata_depth_conventions.md	curator_scoring	docs/metadata_depth_conventions.md	Church2025:OA-Bluebottle	User instruction, 2026-10-04	Physalia without an explicit depth record scored 0 m by user instruction; this does not establish beach collection.	data/sources/metadata_enrichment/physalia_depth_scoring.tsv	15	docs/metadata_depth_conventions.md	filled		combined collection-depth provenance
Church2025:OA-Bluebottle	collection_depth_basis	curator_assigned_surface	curator_scoring	docs/metadata_depth_conventions.md	Church2025:OA-Bluebottle	User instruction, 2026-10-04	Physalia without an explicit depth record scored 0 m by user instruction; this does not establish beach collection.	data/sources/metadata_enrichment/physalia_depth_scoring.tsv	16		filled		all usable candidates agree
Church2025:TMAG-K5632	depth_m	0	curator_scoring	docs/metadata_depth_conventions.md	Church2025:TMAG-K5632	User instruction, 2026-10-04	Physalia without an explicit depth record scored 0 m by user instruction; this does not establish beach collection.	data/sources/metadata_enrichment/physalia_depth_scoring.tsv	17		filled		all usable candidates agree
Church2025:TMAG-K5632	collection_depth_source	docs/metadata_depth_conventions.md	curator_scoring	docs/metadata_depth_conventions.md	Church2025:TMAG-K5632	User instruction, 2026-10-04	Physalia without an explicit depth record scored 0 m by user instruction; this does not establish beach collection.	data/sources/metadata_enrichment/physalia_depth_scoring.tsv	18	docs/metadata_depth_conventions.md	filled		combined collection-depth provenance
Church2025:TMAG-K5632	collection_depth_basis	curator_assigned_surface	curator_scoring	docs/metadata_depth_conventions.md	Church2025:TMAG-K5632	User instruction, 2026-10-04	Physalia without an explicit depth record scored 0 m by user instruction; this does not establish beach collection.	data/sources/metadata_enrichment/physalia_depth_scoring.tsv	19		filled		all usable candidates agree
Church2025:TMAG-K5633	depth_m	0	curator_scoring	docs/metadata_depth_conventions.md	Church2025:TMAG-K5633	User instruction, 2026-10-04	Physalia without an explicit depth record scored 0 m by user instruction; this does not establish beach collection.	data/sources/metadata_enrichment/physalia_depth_scoring.tsv	20		filled		all usable candidates agree
Church2025:TMAG-K5633	collection_depth_source	docs/metadata_depth_conventions.md	curator_scoring	docs/metadata_depth_conventions.md	Church2025:TMAG-K5633	User instruction, 2026-10-04	Physalia without an explicit depth record scored 0 m by user instruction; this does not establish beach collection.	data/sources/metadata_enrichment/physalia_depth_scoring.tsv	21	docs/metadata_depth_conventions.md	filled		combined collection-depth provenance
Church2025:TMAG-K5633	collection_depth_basis	curator_assigned_surface	curator_scoring	docs/metadata_depth_conventions.md	Church2025:TMAG-K5633	User instruction, 2026-10-04	Physalia without an explicit depth record scored 0 m by user instruction; this does not establish beach collection.	data/sources/metadata_enrichment/physalia_depth_scoring.tsv	22		filled		all usable candidates agree
Church2025:TMAG-K5634	depth_m	0	curator_scoring	docs/metadata_depth_conventions.md	Church2025:TMAG-K5634	User instruction, 2026-10-04	Physalia without an explicit depth record scored 0 m by user instruction; this does not establish beach collection.	data/sources/metadata_enrichment/physalia_depth_scoring.tsv	23		filled		all usable candidates agree
Church2025:TMAG-K5634	collection_depth_source	docs/metadata_depth_conventions.md	curator_scoring	docs/metadata_depth_conventions.md	Church2025:TMAG-K5634	User instruction, 2026-10-04	Physalia without an explicit depth record scored 0 m by user instruction; this does not establish beach collection.	data/sources/metadata_enrichment/physalia_depth_scoring.tsv	24	docs/metadata_depth_conventions.md	filled		combined collection-depth provenance
Church2025:TMAG-K5634	collection_depth_basis	curator_assigned_surface	curator_scoring	docs/metadata_depth_conventions.md	Church2025:TMAG-K5634	User instruction, 2026-10-04	Physalia without an explicit depth record scored 0 m by user instruction; this does not establish beach collection.	data/sources/metadata_enrichment/physalia_depth_scoring.tsv	25		filled		all usable candidates agree
Church2025:TMAG-K5635	depth_m	0	curator_scoring	docs/metadata_depth_conventions.md	Church2025:TMAG-K5635	User instruction, 2026-10-04	Physalia without an explicit depth record scored 0 m by user instruction; this does not establish beach collection.	data/sources/metadata_enrichment/physalia_depth_scoring.tsv	26		filled		all usable candidates agree
Church2025:TMAG-K5635	collection_depth_source	docs/metadata_depth_conventions.md	curator_scoring	docs/metadata_depth_conventions.md	Church2025:TMAG-K5635	User instruction, 2026-10-04	Physalia without an explicit depth record scored 0 m by user instruction; this does not establish beach collection.	data/sources/metadata_enrichment/physalia_depth_scoring.tsv	27	docs/metadata_depth_conventions.md	filled		combined collection-depth provenance
Church2025:TMAG-K5635	collection_depth_basis	curator_assigned_surface	curator_scoring	docs/metadata_depth_conventions.md	Church2025:TMAG-K5635	User instruction, 2026-10-04	Physalia without an explicit depth record scored 0 m by user instruction; this does not establish beach collection.	data/sources/metadata_enrichment/physalia_depth_scoring.tsv	28		filled		all usable candidates agree
Church2025:TMAG-K5636	depth_m	0	curator_scoring	docs/metadata_depth_conventions.md	Church2025:TMAG-K5636	User instruction, 2026-10-04	Physalia without an explicit depth record scored 0 m by user instruction; this does not establish beach collection.	data/sources/metadata_enrichment/physalia_depth_scoring.tsv	29		filled		all usable candidates agree
Church2025:TMAG-K5636	collection_depth_source	docs/metadata_depth_conventions.md	curator_scoring	docs/metadata_depth_conventions.md	Church2025:TMAG-K5636	User instruction, 2026-10-04	Physalia without an explicit depth record scored 0 m by user instruction; this does not establish beach collection.	data/sources/metadata_enrichment/physalia_depth_scoring.tsv	30	docs/metadata_depth_conventions.md	filled		combined collection-depth provenance
Church2025:TMAG-K5636	collection_depth_basis	curator_assigned_surface	curator_scoring	docs/metadata_depth_conventions.md	Church2025:TMAG-K5636	User instruction, 2026-10-04	Physalia without an explicit depth record scored 0 m by user instruction; this does not establish beach collection.	data/sources/metadata_enrichment/physalia_depth_scoring.tsv	31		filled		all usable candidates agree
Church2025:WAM-Z88480	depth_m	0	curator_scoring	docs/metadata_depth_conventions.md	Church2025:WAM-Z88480	User instruction, 2026-10-04	Physalia without an explicit depth record scored 0 m by user instruction; this does not establish beach collection.	data/sources/metadata_enrichment/physalia_depth_scoring.tsv	32		filled		all usable candidates agree
Church2025:WAM-Z88480	collection_depth_source	docs/metadata_depth_conventions.md	curator_scoring	docs/metadata_depth_conventions.md	Church2025:WAM-Z88480	User instruction, 2026-10-04	Physalia without an explicit depth record scored 0 m by user instruction; this does not establish beach collection.	data/sources/metadata_enrichment/physalia_depth_scoring.tsv	33	docs/metadata_depth_conventions.md	filled		combined collection-depth provenance
Church2025:WAM-Z88480	collection_depth_basis	curator_assigned_surface	curator_scoring	docs/metadata_depth_conventions.md	Church2025:WAM-Z88480	User instruction, 2026-10-04	Physalia without an explicit depth record scored 0 m by user instruction; this does not establish beach collection.	data/sources/metadata_enrichment/physalia_depth_scoring.tsv	34		filled		all usable candidates agree
Church2025:WAM-Z97900	depth_m	0	curator_scoring	docs/metadata_depth_conventions.md	Church2025:WAM-Z97900	User instruction, 2026-10-04	Physalia without an explicit depth record scored 0 m by user instruction; this does not establish beach collection.	data/sources/metadata_enrichment/physalia_depth_scoring.tsv	35		filled		all usable candidates agree
Church2025:WAM-Z97900	collection_depth_source	docs/metadata_depth_conventions.md	curator_scoring	docs/metadata_depth_conventions.md	Church2025:WAM-Z97900	User instruction, 2026-10-04	Physalia without an explicit depth record scored 0 m by user instruction; this does not establish beach collection.	data/sources/metadata_enrichment/physalia_depth_scoring.tsv	36	docs/metadata_depth_conventions.md	filled		combined collection-depth provenance
Church2025:WAM-Z97900	collection_depth_basis	curator_assigned_surface	curator_scoring	docs/metadata_depth_conventions.md	Church2025:WAM-Z97900	User instruction, 2026-10-04	Physalia without an explicit depth record scored 0 m by user instruction; this does not establish beach collection.	data/sources/metadata_enrichment/physalia_depth_scoring.tsv	37		filled		all usable candidates agree
Church2025:WAM-Z97901	depth_m	0	curator_scoring	docs/metadata_depth_conventions.md	Church2025:WAM-Z97901	User instruction, 2026-10-04	Physalia without an explicit depth record scored 0 m by user instruction; this does not establish beach collection.	data/sources/metadata_enrichment/physalia_depth_scoring.tsv	38		filled		all usable candidates agree
Church2025:WAM-Z97901	collection_depth_source	docs/metadata_depth_conventions.md	curator_scoring	docs/metadata_depth_conventions.md	Church2025:WAM-Z97901	User instruction, 2026-10-04	Physalia without an explicit depth record scored 0 m by user instruction; this does not establish beach collection.	data/sources/metadata_enrichment/physalia_depth_scoring.tsv	39	docs/metadata_depth_conventions.md	filled		combined collection-depth provenance
Church2025:WAM-Z97901	collection_depth_basis	curator_assigned_surface	curator_scoring	docs/metadata_depth_conventions.md	Church2025:WAM-Z97901	User instruction, 2026-10-04	Physalia without an explicit depth record scored 0 m by user instruction; this does not establish beach collection.	data/sources/metadata_enrichment/physalia_depth_scoring.tsv	40		filled		all usable candidates agree
Church2025:WAM-Z97902	depth_m	0	curator_scoring	docs/metadata_depth_conventions.md	Church2025:WAM-Z97902	User instruction, 2026-10-04	Physalia without an explicit depth record scored 0 m by user instruction; this does not establish beach collection.	data/sources/metadata_enrichment/physalia_depth_scoring.tsv	41		filled		all usable candidates agree
Church2025:WAM-Z97902	collection_depth_source	docs/metadata_depth_conventions.md	curator_scoring	docs/metadata_depth_conventions.md	Church2025:WAM-Z97902	User instruction, 2026-10-04	Physalia without an explicit depth record scored 0 m by user instruction; this does not establish beach collection.	data/sources/metadata_enrichment/physalia_depth_scoring.tsv	42	docs/metadata_depth_conventions.md	filled		combined collection-depth provenance
Church2025:WAM-Z97902	collection_depth_basis	curator_assigned_surface	curator_scoring	docs/metadata_depth_conventions.md	Church2025:WAM-Z97902	User instruction, 2026-10-04	Physalia without an explicit depth record scored 0 m by user instruction; this does not establish beach collection.	data/sources/metadata_enrichment/physalia_depth_scoring.tsv	43		filled		all usable candidates agree
Church2025:WAM-Z97903	depth_m	0	curator_scoring	docs/metadata_depth_conventions.md	Church2025:WAM-Z97903	User instruction, 2026-10-04	Physalia without an explicit depth record scored 0 m by user instruction; this does not establish beach collection.	data/sources/metadata_enrichment/physalia_depth_scoring.tsv	44		filled		all usable candidates agree
Church2025:WAM-Z97903	collection_depth_source	docs/metadata_depth_conventions.md	curator_scoring	docs/metadata_depth_conventions.md	Church2025:WAM-Z97903	User instruction, 2026-10-04	Physalia without an explicit depth record scored 0 m by user instruction; this does not establish beach collection.	data/sources/metadata_enrichment/physalia_depth_scoring.tsv	45	docs/metadata_depth_conventions.md	filled		combined collection-depth provenance
Church2025:WAM-Z97903	collection_depth_basis	curator_assigned_surface	curator_scoring	docs/metadata_depth_conventions.md	Church2025:WAM-Z97903	User instruction, 2026-10-04	Physalia without an explicit depth record scored 0 m by user instruction; this does not establish beach collection.	data/sources/metadata_enrichment/physalia_depth_scoring.tsv	46		filled		all usable candidates agree
Church2025:WAM-Z97906	depth_m	0	curator_scoring	docs/metadata_depth_conventions.md	Church2025:WAM-Z97906	User instruction, 2026-10-04	Physalia without an explicit depth record scored 0 m by user instruction; this does not establish beach collection.	data/sources/metadata_enrichment/physalia_depth_scoring.tsv	47		filled		all usable candidates agree
Church2025:WAM-Z97906	collection_depth_source	docs/metadata_depth_conventions.md	curator_scoring	docs/metadata_depth_conventions.md	Church2025:WAM-Z97906	User instruction, 2026-10-04	Physalia without an explicit depth record scored 0 m by user instruction; this does not establish beach collection.	data/sources/metadata_enrichment/physalia_depth_scoring.tsv	48	docs/metadata_depth_conventions.md	filled		combined collection-depth provenance
Church2025:WAM-Z97906	collection_depth_basis	curator_assigned_surface	curator_scoring	docs/metadata_depth_conventions.md	Church2025:WAM-Z97906	User instruction, 2026-10-04	Physalia without an explicit depth record scored 0 m by user instruction; this does not establish beach collection.	data/sources/metadata_enrichment/physalia_depth_scoring.tsv	49		filled		all usable candidates agree
Church2025:WAM-Z97907	depth_m	0	curator_scoring	docs/metadata_depth_conventions.md	Church2025:WAM-Z97907	User instruction, 2026-10-04	Physalia without an explicit depth record scored 0 m by user instruction; this does not establish beach collection.	data/sources/metadata_enrichment/physalia_depth_scoring.tsv	50		filled		all usable candidates agree
Church2025:WAM-Z97907	collection_depth_source	docs/metadata_depth_conventions.md	curator_scoring	docs/metadata_depth_conventions.md	Church2025:WAM-Z97907	User instruction, 2026-10-04	Physalia without an explicit depth record scored 0 m by user instruction; this does not establish beach collection.	data/sources/metadata_enrichment/physalia_depth_scoring.tsv	51	docs/metadata_depth_conventions.md	filled		combined collection-depth provenance
Church2025:WAM-Z97907	collection_depth_basis	curator_assigned_surface	curator_scoring	docs/metadata_depth_conventions.md	Church2025:WAM-Z97907	User instruction, 2026-10-04	Physalia without an explicit depth record scored 0 m by user instruction; this does not establish beach collection.	data/sources/metadata_enrichment/physalia_depth_scoring.tsv	52		filled		all usable candidates agree
Church2025:WAM-Z97908	depth_m	0	curator_scoring	docs/metadata_depth_conventions.md	Church2025:WAM-Z97908	User instruction, 2026-10-04	Physalia without an explicit depth record scored 0 m by user instruction; this does not establish beach collection.	data/sources/metadata_enrichment/physalia_depth_scoring.tsv	53		filled		all usable candidates agree
Church2025:WAM-Z97908	collection_depth_source	docs/metadata_depth_conventions.md	curator_scoring	docs/metadata_depth_conventions.md	Church2025:WAM-Z97908	User instruction, 2026-10-04	Physalia without an explicit depth record scored 0 m by user instruction; this does not establish beach collection.	data/sources/metadata_enrichment/physalia_depth_scoring.tsv	54	docs/metadata_depth_conventions.md	filled		combined collection-depth provenance
Church2025:WAM-Z97908	collection_depth_basis	curator_assigned_surface	curator_scoring	docs/metadata_depth_conventions.md	Church2025:WAM-Z97908	User instruction, 2026-10-04	Physalia without an explicit depth record scored 0 m by user instruction; this does not establish beach collection.	data/sources/metadata_enrichment/physalia_depth_scoring.tsv	55		filled		all usable candidates agree
Church2025:WAM-Z97910	depth_m	0	curator_scoring	docs/metadata_depth_conventions.md	Church2025:WAM-Z97910	User instruction, 2026-10-04	Physalia without an explicit depth record scored 0 m by user instruction; this does not establish beach collection.	data/sources/metadata_enrichment/physalia_depth_scoring.tsv	56		filled		all usable candidates agree
Church2025:WAM-Z97910	collection_depth_source	docs/metadata_depth_conventions.md	curator_scoring	docs/metadata_depth_conventions.md	Church2025:WAM-Z97910	User instruction, 2026-10-04	Physalia without an explicit depth record scored 0 m by user instruction; this does not establish beach collection.	data/sources/metadata_enrichment/physalia_depth_scoring.tsv	57	docs/metadata_depth_conventions.md	filled		combined collection-depth provenance
Church2025:WAM-Z97910	collection_depth_basis	curator_assigned_surface	curator_scoring	docs/metadata_depth_conventions.md	Church2025:WAM-Z97910	User instruction, 2026-10-04	Physalia without an explicit depth record scored 0 m by user instruction; this does not establish beach collection.	data/sources/metadata_enrichment/physalia_depth_scoring.tsv	58		filled		all usable candidates agree
Church2025:WAM-Z97911	depth_m	0	curator_scoring	docs/metadata_depth_conventions.md	Church2025:WAM-Z97911	User instruction, 2026-10-04	Physalia without an explicit depth record scored 0 m by user instruction; this does not establish beach collection.	data/sources/metadata_enrichment/physalia_depth_scoring.tsv	59		filled		all usable candidates agree
Church2025:WAM-Z97911	collection_depth_source	docs/metadata_depth_conventions.md	curator_scoring	docs/metadata_depth_conventions.md	Church2025:WAM-Z97911	User instruction, 2026-10-04	Physalia without an explicit depth record scored 0 m by user instruction; this does not establish beach collection.	data/sources/metadata_enrichment/physalia_depth_scoring.tsv	60	docs/metadata_depth_conventions.md	filled		combined collection-depth provenance
Church2025:WAM-Z97911	collection_depth_basis	curator_assigned_surface	curator_scoring	docs/metadata_depth_conventions.md	Church2025:WAM-Z97911	User instruction, 2026-10-04	Physalia without an explicit depth record scored 0 m by user instruction; this does not establish beach collection.	data/sources/metadata_enrichment/physalia_depth_scoring.tsv	61		filled		all usable candidates agree
Church2025:WAM-Z97914	depth_m	0	curator_scoring	docs/metadata_depth_conventions.md	Church2025:WAM-Z97914	User instruction, 2026-10-04	Physalia without an explicit depth record scored 0 m by user instruction; this does not establish beach collection.	data/sources/metadata_enrichment/physalia_depth_scoring.tsv	62		filled		all usable candidates agree
Church2025:WAM-Z97914	collection_depth_source	docs/metadata_depth_conventions.md	curator_scoring	docs/metadata_depth_conventions.md	Church2025:WAM-Z97914	User instruction, 2026-10-04	Physalia without an explicit depth record scored 0 m by user instruction; this does not establish beach collection.	data/sources/metadata_enrichment/physalia_depth_scoring.tsv	63	docs/metadata_depth_conventions.md	filled		combined collection-depth provenance
Church2025:WAM-Z97914	collection_depth_basis	curator_assigned_surface	curator_scoring	docs/metadata_depth_conventions.md	Church2025:WAM-Z97914	User instruction, 2026-10-04	Physalia without an explicit depth record scored 0 m by user instruction; this does not establish beach collection.	data/sources/metadata_enrichment/physalia_depth_scoring.tsv	64		filled		all usable candidates agree
Church2025:WAM-Z97916	depth_m	0	curator_scoring	docs/metadata_depth_conventions.md	Church2025:WAM-Z97916	User instruction, 2026-10-04	Physalia without an explicit depth record scored 0 m by user instruction; this does not establish beach collection.	data/sources/metadata_enrichment/physalia_depth_scoring.tsv	65		filled		all usable candidates agree
Church2025:WAM-Z97916	collection_depth_source	docs/metadata_depth_conventions.md	curator_scoring	docs/metadata_depth_conventions.md	Church2025:WAM-Z97916	User instruction, 2026-10-04	Physalia without an explicit depth record scored 0 m by user instruction; this does not establish beach collection.	data/sources/metadata_enrichment/physalia_depth_scoring.tsv	66	docs/metadata_depth_conventions.md	filled		combined collection-depth provenance
Church2025:WAM-Z97916	collection_depth_basis	curator_assigned_surface	curator_scoring	docs/metadata_depth_conventions.md	Church2025:WAM-Z97916	User instruction, 2026-10-04	Physalia without an explicit depth record scored 0 m by user instruction; this does not establish beach collection.	data/sources/metadata_enrichment/physalia_depth_scoring.tsv	67		filled		all usable candidates agree
Church2025:WAM-Z97917	depth_m	0	curator_scoring	docs/metadata_depth_conventions.md	Church2025:WAM-Z97917	User instruction, 2026-10-04	Physalia without an explicit depth record scored 0 m by user instruction; this does not establish beach collection.	data/sources/metadata_enrichment/physalia_depth_scoring.tsv	68		filled		all usable candidates agree
Church2025:WAM-Z97917	collection_depth_source	docs/metadata_depth_conventions.md	curator_scoring	docs/metadata_depth_conventions.md	Church2025:WAM-Z97917	User instruction, 2026-10-04	Physalia without an explicit depth record scored 0 m by user instruction; this does not establish beach collection.	data/sources/metadata_enrichment/physalia_depth_scoring.tsv	69	docs/metadata_depth_conventions.md	filled		combined collection-depth provenance
Church2025:WAM-Z97917	collection_depth_basis	curator_assigned_surface	curator_scoring	docs/metadata_depth_conventions.md	Church2025:WAM-Z97917	User instruction, 2026-10-04	Physalia without an explicit depth record scored 0 m by user instruction; this does not establish beach collection.	data/sources/metadata_enrichment/physalia_depth_scoring.tsv	70		filled		all usable candidates agree
Church2025:WAM-Z97920	depth_m	0	curator_scoring	docs/metadata_depth_conventions.md	Church2025:WAM-Z97920	User instruction, 2026-10-04	Physalia without an explicit depth record scored 0 m by user instruction; this does not establish beach collection.	data/sources/metadata_enrichment/physalia_depth_scoring.tsv	71		filled		all usable candidates agree
Church2025:WAM-Z97920	collection_depth_source	docs/metadata_depth_conventions.md	curator_scoring	docs/metadata_depth_conventions.md	Church2025:WAM-Z97920	User instruction, 2026-10-04	Physalia without an explicit depth record scored 0 m by user instruction; this does not establish beach collection.	data/sources/metadata_enrichment/physalia_depth_scoring.tsv	72	docs/metadata_depth_conventions.md	filled		combined collection-depth provenance
Church2025:WAM-Z97920	collection_depth_basis	curator_assigned_surface	curator_scoring	docs/metadata_depth_conventions.md	Church2025:WAM-Z97920	User instruction, 2026-10-04	Physalia without an explicit depth record scored 0 m by user instruction; this does not establish beach collection.	data/sources/metadata_enrichment/physalia_depth_scoring.tsv	73		filled		all usable candidates agree
Church2025:WAM-Z97921	depth_m	0	curator_scoring	docs/metadata_depth_conventions.md	Church2025:WAM-Z97921	User instruction, 2026-10-04	Physalia without an explicit depth record scored 0 m by user instruction; this does not establish beach collection.	data/sources/metadata_enrichment/physalia_depth_scoring.tsv	74		filled		all usable candidates agree
Church2025:WAM-Z97921	collection_depth_source	docs/metadata_depth_conventions.md	curator_scoring	docs/metadata_depth_conventions.md	Church2025:WAM-Z97921	User instruction, 2026-10-04	Physalia without an explicit depth record scored 0 m by user instruction; this does not establish beach collection.	data/sources/metadata_enrichment/physalia_depth_scoring.tsv	75	docs/metadata_depth_conventions.md	filled		combined collection-depth provenance
Church2025:WAM-Z97921	collection_depth_basis	curator_assigned_surface	curator_scoring	docs/metadata_depth_conventions.md	Church2025:WAM-Z97921	User instruction, 2026-10-04	Physalia without an explicit depth record scored 0 m by user instruction; this does not establish beach collection.	data/sources/metadata_enrichment/physalia_depth_scoring.tsv	76		filled		all usable candidates agree
Church2025:WAM-Z97923	depth_m	0	curator_scoring	docs/metadata_depth_conventions.md	Church2025:WAM-Z97923	User instruction, 2026-10-04	Physalia without an explicit depth record scored 0 m by user instruction; this does not establish beach collection.	data/sources/metadata_enrichment/physalia_depth_scoring.tsv	77		filled		all usable candidates agree
Church2025:WAM-Z97923	collection_depth_source	docs/metadata_depth_conventions.md	curator_scoring	docs/metadata_depth_conventions.md	Church2025:WAM-Z97923	User instruction, 2026-10-04	Physalia without an explicit depth record scored 0 m by user instruction; this does not establish beach collection.	data/sources/metadata_enrichment/physalia_depth_scoring.tsv	78	docs/metadata_depth_conventions.md	filled		combined collection-depth provenance
Church2025:WAM-Z97923	collection_depth_basis	curator_assigned_surface	curator_scoring	docs/metadata_depth_conventions.md	Church2025:WAM-Z97923	User instruction, 2026-10-04	Physalia without an explicit depth record scored 0 m by user instruction; this does not establish beach collection.	data/sources/metadata_enrichment/physalia_depth_scoring.tsv	79		filled		all usable candidates agree
Church2025:YPM-IZ-104460	depth_m	0	curator_scoring	docs/metadata_depth_conventions.md	Church2025:YPM-IZ-104460	User instruction, 2026-10-04	Physalia without an explicit depth record scored 0 m by user instruction; this does not establish beach collection.	data/sources/metadata_enrichment/physalia_depth_scoring.tsv	80		filled		all usable candidates agree
Church2025:YPM-IZ-104460	collection_depth_source	docs/metadata_depth_conventions.md	curator_scoring	docs/metadata_depth_conventions.md	Church2025:YPM-IZ-104460	User instruction, 2026-10-04	Physalia without an explicit depth record scored 0 m by user instruction; this does not establish beach collection.	data/sources/metadata_enrichment/physalia_depth_scoring.tsv	81	docs/metadata_depth_conventions.md	filled		combined collection-depth provenance
Church2025:YPM-IZ-104460	collection_depth_basis	curator_assigned_surface	curator_scoring	docs/metadata_depth_conventions.md	Church2025:YPM-IZ-104460	User instruction, 2026-10-04	Physalia without an explicit depth record scored 0 m by user instruction; this does not establish beach collection.	data/sources/metadata_enrichment/physalia_depth_scoring.tsv	82		filled		all usable candidates agree
Church2025:YPM-IZ-104461	depth_m	0	curator_scoring	docs/metadata_depth_conventions.md	Church2025:YPM-IZ-104461	User instruction, 2026-10-04	Physalia without an explicit depth record scored 0 m by user instruction; this does not establish beach collection.	data/sources/metadata_enrichment/physalia_depth_scoring.tsv	83		filled		all usable candidates agree
Church2025:YPM-IZ-104461	collection_depth_source	docs/metadata_depth_conventions.md	curator_scoring	docs/metadata_depth_conventions.md	Church2025:YPM-IZ-104461	User instruction, 2026-10-04	Physalia without an explicit depth record scored 0 m by user instruction; this does not establish beach collection.	data/sources/metadata_enrichment/physalia_depth_scoring.tsv	84	docs/metadata_depth_conventions.md	filled		combined collection-depth provenance
Church2025:YPM-IZ-104461	collection_depth_basis	curator_assigned_surface	curator_scoring	docs/metadata_depth_conventions.md	Church2025:YPM-IZ-104461	User instruction, 2026-10-04	Physalia without an explicit depth record scored 0 m by user instruction; this does not establish beach collection.	data/sources/metadata_enrichment/physalia_depth_scoring.tsv	85		filled		all usable candidates agree
Church2025:YPM-IZ-104464	depth_m	0	curator_scoring	docs/metadata_depth_conventions.md	Church2025:YPM-IZ-104464	User instruction, 2026-10-04	Physalia without an explicit depth record scored 0 m by user instruction; this does not establish beach collection.	data/sources/metadata_enrichment/physalia_depth_scoring.tsv	86		filled		all usable candidates agree
Church2025:YPM-IZ-104464	collection_depth_source	docs/metadata_depth_conventions.md	curator_scoring	docs/metadata_depth_conventions.md	Church2025:YPM-IZ-104464	User instruction, 2026-10-04	Physalia without an explicit depth record scored 0 m by user instruction; this does not establish beach collection.	data/sources/metadata_enrichment/physalia_depth_scoring.tsv	87	docs/metadata_depth_conventions.md	filled		combined collection-depth provenance
Church2025:YPM-IZ-104464	collection_depth_basis	curator_assigned_surface	curator_scoring	docs/metadata_depth_conventions.md	Church2025:YPM-IZ-104464	User instruction, 2026-10-04	Physalia without an explicit depth record scored 0 m by user instruction; this does not establish beach collection.	data/sources/metadata_enrichment/physalia_depth_scoring.tsv	88		filled		all usable candidates agree
Church2025:YPM-IZ-104465	collection_depth_basis	source_record	curator_scoring	docs/metadata_depth_conventions.md	Church2025:YPM-IZ-104465	User instruction, 2026-10-04	Basis annotation only; original depth values and sources retained.	data/sources/metadata_enrichment/physalia_depth_scoring.tsv	89		filled		all usable candidates agree
Church2025:YPM-IZ-106919	depth_m	0	curator_scoring	docs/metadata_depth_conventions.md	Church2025:YPM-IZ-106919	User instruction, 2026-10-04	Physalia without an explicit depth record scored 0 m by user instruction; this does not establish beach collection.	data/sources/metadata_enrichment/physalia_depth_scoring.tsv	90		filled		all usable candidates agree
Church2025:YPM-IZ-106919	collection_depth_source	docs/metadata_depth_conventions.md	curator_scoring	docs/metadata_depth_conventions.md	Church2025:YPM-IZ-106919	User instruction, 2026-10-04	Physalia without an explicit depth record scored 0 m by user instruction; this does not establish beach collection.	data/sources/metadata_enrichment/physalia_depth_scoring.tsv	91	docs/metadata_depth_conventions.md	filled		combined collection-depth provenance
Church2025:YPM-IZ-106919	collection_depth_basis	curator_assigned_surface	curator_scoring	docs/metadata_depth_conventions.md	Church2025:YPM-IZ-106919	User instruction, 2026-10-04	Physalia without an explicit depth record scored 0 m by user instruction; this does not establish beach collection.	data/sources/metadata_enrichment/physalia_depth_scoring.tsv	92		filled		all usable candidates agree
Church2025:YPM-IZ-106920	depth_m	0	curator_scoring	docs/metadata_depth_conventions.md	Church2025:YPM-IZ-106920	User instruction, 2026-10-04	Physalia without an explicit depth record scored 0 m by user instruction; this does not establish beach collection.	data/sources/metadata_enrichment/physalia_depth_scoring.tsv	93		filled		all usable candidates agree
Church2025:YPM-IZ-106920	collection_depth_source	docs/metadata_depth_conventions.md	curator_scoring	docs/metadata_depth_conventions.md	Church2025:YPM-IZ-106920	User instruction, 2026-10-04	Physalia without an explicit depth record scored 0 m by user instruction; this does not establish beach collection.	data/sources/metadata_enrichment/physalia_depth_scoring.tsv	94	docs/metadata_depth_conventions.md	filled		combined collection-depth provenance
Church2025:YPM-IZ-106920	collection_depth_basis	curator_assigned_surface	curator_scoring	docs/metadata_depth_conventions.md	Church2025:YPM-IZ-106920	User instruction, 2026-10-04	Physalia without an explicit depth record scored 0 m by user instruction; this does not establish beach collection.	data/sources/metadata_enrichment/physalia_depth_scoring.tsv	95		filled		all usable candidates agree
Church2025:YPM-IZ-106923	depth_m	0	curator_scoring	docs/metadata_depth_conventions.md	Church2025:YPM-IZ-106923	User instruction, 2026-10-04	Physalia without an explicit depth record scored 0 m by user instruction; this does not establish beach collection.	data/sources/metadata_enrichment/physalia_depth_scoring.tsv	96		filled		all usable candidates agree
Church2025:YPM-IZ-106923	collection_depth_source	docs/metadata_depth_conventions.md	curator_scoring	docs/metadata_depth_conventions.md	Church2025:YPM-IZ-106923	User instruction, 2026-10-04	Physalia without an explicit depth record scored 0 m by user instruction; this does not establish beach collection.	data/sources/metadata_enrichment/physalia_depth_scoring.tsv	97	docs/metadata_depth_conventions.md	filled		combined collection-depth provenance
Church2025:YPM-IZ-106923	collection_depth_basis	curator_assigned_surface	curator_scoring	docs/metadata_depth_conventions.md	Church2025:YPM-IZ-106923	User instruction, 2026-10-04	Physalia without an explicit depth record scored 0 m by user instruction; this does not establish beach collection.	data/sources/metadata_enrichment/physalia_depth_scoring.tsv	98		filled		all usable candidates agree
Church2025:YPM-IZ-106935	depth_m	0	curator_scoring	docs/metadata_depth_conventions.md	Church2025:YPM-IZ-106935	User instruction, 2026-10-04	Physalia without an explicit depth record scored 0 m by user instruction; this does not establish beach collection.	data/sources/metadata_enrichment/physalia_depth_scoring.tsv	99		filled		all usable candidates agree
Church2025:YPM-IZ-106935	collection_depth_source	docs/metadata_depth_conventions.md	curator_scoring	docs/metadata_depth_conventions.md	Church2025:YPM-IZ-106935	User instruction, 2026-10-04	Physalia without an explicit depth record scored 0 m by user instruction; this does not establish beach collection.	data/sources/metadata_enrichment/physalia_depth_scoring.tsv	100	docs/metadata_depth_conventions.md	filled		combined collection-depth provenance
Church2025:YPM-IZ-106935	collection_depth_basis	curator_assigned_surface	curator_scoring	docs/metadata_depth_conventions.md	Church2025:YPM-IZ-106935	User instruction, 2026-10-04	Physalia without an explicit depth record scored 0 m by user instruction; this does not establish beach collection.	data/sources/metadata_enrichment/physalia_depth_scoring.tsv	101		filled		all usable candidates agree
Church2025:YPM-IZ-106936	depth_m	0	curator_scoring	docs/metadata_depth_conventions.md	Church2025:YPM-IZ-106936	User instruction, 2026-10-04	Physalia without an explicit depth record scored 0 m by user instruction; this does not establish beach collection.	data/sources/metadata_enrichment/physalia_depth_scoring.tsv	102		filled		all usable candidates agree
Church2025:YPM-IZ-106936	collection_depth_source	docs/metadata_depth_conventions.md	curator_scoring	docs/metadata_depth_conventions.md	Church2025:YPM-IZ-106936	User instruction, 2026-10-04	Physalia without an explicit depth record scored 0 m by user instruction; this does not establish beach collection.	data/sources/metadata_enrichment/physalia_depth_scoring.tsv	103	docs/metadata_depth_conventions.md	filled		combined collection-depth provenance
Church2025:YPM-IZ-106936	collection_depth_basis	curator_assigned_surface	curator_scoring	docs/metadata_depth_conventions.md	Church2025:YPM-IZ-106936	User instruction, 2026-10-04	Physalia without an explicit depth record scored 0 m by user instruction; this does not establish beach collection.	data/sources/metadata_enrichment/physalia_depth_scoring.tsv	104		filled		all usable candidates agree
Church2025:YPM-IZ-106937	depth_m	0	curator_scoring	docs/metadata_depth_conventions.md	Church2025:YPM-IZ-106937	User instruction, 2026-10-04	Physalia without an explicit depth record scored 0 m by user instruction; this does not establish beach collection.	data/sources/metadata_enrichment/physalia_depth_scoring.tsv	105		filled		all usable candidates agree
Church2025:YPM-IZ-106937	collection_depth_source	docs/metadata_depth_conventions.md	curator_scoring	docs/metadata_depth_conventions.md	Church2025:YPM-IZ-106937	User instruction, 2026-10-04	Physalia without an explicit depth record scored 0 m by user instruction; this does not establish beach collection.	data/sources/metadata_enrichment/physalia_depth_scoring.tsv	106	docs/metadata_depth_conventions.md	filled		combined collection-depth provenance
Church2025:YPM-IZ-106937	collection_depth_basis	curator_assigned_surface	curator_scoring	docs/metadata_depth_conventions.md	Church2025:YPM-IZ-106937	User instruction, 2026-10-04	Physalia without an explicit depth record scored 0 m by user instruction; this does not establish beach collection.	data/sources/metadata_enrichment/physalia_depth_scoring.tsv	107		filled		all usable candidates agree
Church2025:YPM-IZ-106941	depth_m	0	curator_scoring	docs/metadata_depth_conventions.md	Church2025:YPM-IZ-106941	User instruction, 2026-10-04	Physalia without an explicit depth record scored 0 m by user instruction; this does not establish beach collection.	data/sources/metadata_enrichment/physalia_depth_scoring.tsv	108		filled		all usable candidates agree
Church2025:YPM-IZ-106941	collection_depth_source	docs/metadata_depth_conventions.md	curator_scoring	docs/metadata_depth_conventions.md	Church2025:YPM-IZ-106941	User instruction, 2026-10-04	Physalia without an explicit depth record scored 0 m by user instruction; this does not establish beach collection.	data/sources/metadata_enrichment/physalia_depth_scoring.tsv	109	docs/metadata_depth_conventions.md	filled		combined collection-depth provenance
Church2025:YPM-IZ-106941	collection_depth_basis	curator_assigned_surface	curator_scoring	docs/metadata_depth_conventions.md	Church2025:YPM-IZ-106941	User instruction, 2026-10-04	Physalia without an explicit depth record scored 0 m by user instruction; this does not establish beach collection.	data/sources/metadata_enrichment/physalia_depth_scoring.tsv	110		filled		all usable candidates agree
Church2025:YPM-IZ-106943	depth_m	0	curator_scoring	docs/metadata_depth_conventions.md	Church2025:YPM-IZ-106943	User instruction, 2026-10-04	Physalia without an explicit depth record scored 0 m by user instruction; this does not establish beach collection.	data/sources/metadata_enrichment/physalia_depth_scoring.tsv	111		filled		all usable candidates agree
Church2025:YPM-IZ-106943	collection_depth_source	docs/metadata_depth_conventions.md	curator_scoring	docs/metadata_depth_conventions.md	Church2025:YPM-IZ-106943	User instruction, 2026-10-04	Physalia without an explicit depth record scored 0 m by user instruction; this does not establish beach collection.	data/sources/metadata_enrichment/physalia_depth_scoring.tsv	112	docs/metadata_depth_conventions.md	filled		combined collection-depth provenance
Church2025:YPM-IZ-106943	collection_depth_basis	curator_assigned_surface	curator_scoring	docs/metadata_depth_conventions.md	Church2025:YPM-IZ-106943	User instruction, 2026-10-04	Physalia without an explicit depth record scored 0 m by user instruction; this does not establish beach collection.	data/sources/metadata_enrichment/physalia_depth_scoring.tsv	113		filled		all usable candidates agree
Church2025:YPM-IZ-106954	depth_m	0	curator_scoring	docs/metadata_depth_conventions.md	Church2025:YPM-IZ-106954	User instruction, 2026-10-04	Physalia without an explicit depth record scored 0 m by user instruction; this does not establish beach collection.	data/sources/metadata_enrichment/physalia_depth_scoring.tsv	114		filled		all usable candidates agree
Church2025:YPM-IZ-106954	collection_depth_source	docs/metadata_depth_conventions.md	curator_scoring	docs/metadata_depth_conventions.md	Church2025:YPM-IZ-106954	User instruction, 2026-10-04	Physalia without an explicit depth record scored 0 m by user instruction; this does not establish beach collection.	data/sources/metadata_enrichment/physalia_depth_scoring.tsv	115	docs/metadata_depth_conventions.md	filled		combined collection-depth provenance
Church2025:YPM-IZ-106954	collection_depth_basis	curator_assigned_surface	curator_scoring	docs/metadata_depth_conventions.md	Church2025:YPM-IZ-106954	User instruction, 2026-10-04	Physalia without an explicit depth record scored 0 m by user instruction; this does not establish beach collection.	data/sources/metadata_enrichment/physalia_depth_scoring.tsv	116		filled		all usable candidates agree
Church2025:YPM-IZ-106958	depth_m	0	curator_scoring	docs/metadata_depth_conventions.md	Church2025:YPM-IZ-106958	User instruction, 2026-10-04	Physalia without an explicit depth record scored 0 m by user instruction; this does not establish beach collection.	data/sources/metadata_enrichment/physalia_depth_scoring.tsv	117		filled		all usable candidates agree
Church2025:YPM-IZ-106958	collection_depth_source	docs/metadata_depth_conventions.md	curator_scoring	docs/metadata_depth_conventions.md	Church2025:YPM-IZ-106958	User instruction, 2026-10-04	Physalia without an explicit depth record scored 0 m by user instruction; this does not establish beach collection.	data/sources/metadata_enrichment/physalia_depth_scoring.tsv	118	docs/metadata_depth_conventions.md	filled		combined collection-depth provenance
Church2025:YPM-IZ-106958	collection_depth_basis	curator_assigned_surface	curator_scoring	docs/metadata_depth_conventions.md	Church2025:YPM-IZ-106958	User instruction, 2026-10-04	Physalia without an explicit depth record scored 0 m by user instruction; this does not establish beach collection.	data/sources/metadata_enrichment/physalia_depth_scoring.tsv	119		filled		all usable candidates agree
Church2025:YPM-IZ-110251	depth_m	0	curator_scoring	docs/metadata_depth_conventions.md	Church2025:YPM-IZ-110251	User instruction, 2026-10-04	Physalia without an explicit depth record scored 0 m by user instruction; this does not establish beach collection.	data/sources/metadata_enrichment/physalia_depth_scoring.tsv	120		filled		all usable candidates agree
Church2025:YPM-IZ-110251	collection_depth_source	docs/metadata_depth_conventions.md	curator_scoring	docs/metadata_depth_conventions.md	Church2025:YPM-IZ-110251	User instruction, 2026-10-04	Physalia without an explicit depth record scored 0 m by user instruction; this does not establish beach collection.	data/sources/metadata_enrichment/physalia_depth_scoring.tsv	121	docs/metadata_depth_conventions.md	filled		combined collection-depth provenance
Church2025:YPM-IZ-110251	collection_depth_basis	curator_assigned_surface	curator_scoring	docs/metadata_depth_conventions.md	Church2025:YPM-IZ-110251	User instruction, 2026-10-04	Physalia without an explicit depth record scored 0 m by user instruction; this does not establish beach collection.	data/sources/metadata_enrichment/physalia_depth_scoring.tsv	122		filled		all usable candidates agree
Church2025:YPM-IZ-110254	depth_m	0	curator_scoring	docs/metadata_depth_conventions.md	Church2025:YPM-IZ-110254	User instruction, 2026-10-04	Physalia without an explicit depth record scored 0 m by user instruction; this does not establish beach collection.	data/sources/metadata_enrichment/physalia_depth_scoring.tsv	123		filled		all usable candidates agree
Church2025:YPM-IZ-110254	collection_depth_source	docs/metadata_depth_conventions.md	curator_scoring	docs/metadata_depth_conventions.md	Church2025:YPM-IZ-110254	User instruction, 2026-10-04	Physalia without an explicit depth record scored 0 m by user instruction; this does not establish beach collection.	data/sources/metadata_enrichment/physalia_depth_scoring.tsv	124	docs/metadata_depth_conventions.md	filled		combined collection-depth provenance
Church2025:YPM-IZ-110254	collection_depth_basis	curator_assigned_surface	curator_scoring	docs/metadata_depth_conventions.md	Church2025:YPM-IZ-110254	User instruction, 2026-10-04	Physalia without an explicit depth record scored 0 m by user instruction; this does not establish beach collection.	data/sources/metadata_enrichment/physalia_depth_scoring.tsv	125		filled		all usable candidates agree
Church2025:YPM-IZ-110264	depth_m	0	curator_scoring	docs/metadata_depth_conventions.md	Church2025:YPM-IZ-110264	User instruction, 2026-10-04	Physalia without an explicit depth record scored 0 m by user instruction; this does not establish beach collection.	data/sources/metadata_enrichment/physalia_depth_scoring.tsv	126		filled		all usable candidates agree
Church2025:YPM-IZ-110264	collection_depth_source	docs/metadata_depth_conventions.md	curator_scoring	docs/metadata_depth_conventions.md	Church2025:YPM-IZ-110264	User instruction, 2026-10-04	Physalia without an explicit depth record scored 0 m by user instruction; this does not establish beach collection.	data/sources/metadata_enrichment/physalia_depth_scoring.tsv	127	docs/metadata_depth_conventions.md	filled		combined collection-depth provenance
Church2025:YPM-IZ-110264	collection_depth_basis	curator_assigned_surface	curator_scoring	docs/metadata_depth_conventions.md	Church2025:YPM-IZ-110264	User instruction, 2026-10-04	Physalia without an explicit depth record scored 0 m by user instruction; this does not establish beach collection.	data/sources/metadata_enrichment/physalia_depth_scoring.tsv	128		filled		all usable candidates agree
Church2025:YPM-IZ-110268	depth_m	0	curator_scoring	docs/metadata_depth_conventions.md	Church2025:YPM-IZ-110268	User instruction, 2026-10-04	Physalia without an explicit depth record scored 0 m by user instruction; this does not establish beach collection.	data/sources/metadata_enrichment/physalia_depth_scoring.tsv	129		filled		all usable candidates agree
Church2025:YPM-IZ-110268	collection_depth_source	docs/metadata_depth_conventions.md	curator_scoring	docs/metadata_depth_conventions.md	Church2025:YPM-IZ-110268	User instruction, 2026-10-04	Physalia without an explicit depth record scored 0 m by user instruction; this does not establish beach collection.	data/sources/metadata_enrichment/physalia_depth_scoring.tsv	130	docs/metadata_depth_conventions.md	filled		combined collection-depth provenance
Church2025:YPM-IZ-110268	collection_depth_basis	curator_assigned_surface	curator_scoring	docs/metadata_depth_conventions.md	Church2025:YPM-IZ-110268	User instruction, 2026-10-04	Physalia without an explicit depth record scored 0 m by user instruction; this does not establish beach collection.	data/sources/metadata_enrichment/physalia_depth_scoring.tsv	131		filled		all usable candidates agree
Church2025:YPM-IZ-110269	depth_m	0	curator_scoring	docs/metadata_depth_conventions.md	Church2025:YPM-IZ-110269	User instruction, 2026-10-04	Physalia without an explicit depth record scored 0 m by user instruction; this does not establish beach collection.	data/sources/metadata_enrichment/physalia_depth_scoring.tsv	132		filled		all usable candidates agree
Church2025:YPM-IZ-110269	collection_depth_source	docs/metadata_depth_conventions.md	curator_scoring	docs/metadata_depth_conventions.md	Church2025:YPM-IZ-110269	User instruction, 2026-10-04	Physalia without an explicit depth record scored 0 m by user instruction; this does not establish beach collection.	data/sources/metadata_enrichment/physalia_depth_scoring.tsv	133	docs/metadata_depth_conventions.md	filled		combined collection-depth provenance
Church2025:YPM-IZ-110269	collection_depth_basis	curator_assigned_surface	curator_scoring	docs/metadata_depth_conventions.md	Church2025:YPM-IZ-110269	User instruction, 2026-10-04	Physalia without an explicit depth record scored 0 m by user instruction; this does not establish beach collection.	data/sources/metadata_enrichment/physalia_depth_scoring.tsv	134		filled		all usable candidates agree
Church2025:YPM-IZ-110276	depth_m	0	curator_scoring	docs/metadata_depth_conventions.md	Church2025:YPM-IZ-110276	User instruction, 2026-10-04	Physalia without an explicit depth record scored 0 m by user instruction; this does not establish beach collection.	data/sources/metadata_enrichment/physalia_depth_scoring.tsv	135		filled		all usable candidates agree
Church2025:YPM-IZ-110276	collection_depth_source	docs/metadata_depth_conventions.md	curator_scoring	docs/metadata_depth_conventions.md	Church2025:YPM-IZ-110276	User instruction, 2026-10-04	Physalia without an explicit depth record scored 0 m by user instruction; this does not establish beach collection.	data/sources/metadata_enrichment/physalia_depth_scoring.tsv	136	docs/metadata_depth_conventions.md	filled		combined collection-depth provenance
Church2025:YPM-IZ-110276	collection_depth_basis	curator_assigned_surface	curator_scoring	docs/metadata_depth_conventions.md	Church2025:YPM-IZ-110276	User instruction, 2026-10-04	Physalia without an explicit depth record scored 0 m by user instruction; this does not establish beach collection.	data/sources/metadata_enrichment/physalia_depth_scoring.tsv	137		filled		all usable candidates agree
Church2025:YPM-IZ-110277	depth_m	0	curator_scoring	docs/metadata_depth_conventions.md	Church2025:YPM-IZ-110277	User instruction, 2026-10-04	Physalia without an explicit depth record scored 0 m by user instruction; this does not establish beach collection.	data/sources/metadata_enrichment/physalia_depth_scoring.tsv	138		filled		all usable candidates agree
Church2025:YPM-IZ-110277	collection_depth_source	docs/metadata_depth_conventions.md	curator_scoring	docs/metadata_depth_conventions.md	Church2025:YPM-IZ-110277	User instruction, 2026-10-04	Physalia without an explicit depth record scored 0 m by user instruction; this does not establish beach collection.	data/sources/metadata_enrichment/physalia_depth_scoring.tsv	139	docs/metadata_depth_conventions.md	filled		combined collection-depth provenance
Church2025:YPM-IZ-110277	collection_depth_basis	curator_assigned_surface	curator_scoring	docs/metadata_depth_conventions.md	Church2025:YPM-IZ-110277	User instruction, 2026-10-04	Physalia without an explicit depth record scored 0 m by user instruction; this does not establish beach collection.	data/sources/metadata_enrichment/physalia_depth_scoring.tsv	140		filled		all usable candidates agree
Church2025:YPM-IZ-110278	depth_m	0	curator_scoring	docs/metadata_depth_conventions.md	Church2025:YPM-IZ-110278	User instruction, 2026-10-04	Physalia without an explicit depth record scored 0 m by user instruction; this does not establish beach collection.	data/sources/metadata_enrichment/physalia_depth_scoring.tsv	141		filled		all usable candidates agree
Church2025:YPM-IZ-110278	collection_depth_source	docs/metadata_depth_conventions.md	curator_scoring	docs/metadata_depth_conventions.md	Church2025:YPM-IZ-110278	User instruction, 2026-10-04	Physalia without an explicit depth record scored 0 m by user instruction; this does not establish beach collection.	data/sources/metadata_enrichment/physalia_depth_scoring.tsv	142	docs/metadata_depth_conventions.md	filled		combined collection-depth provenance
Church2025:YPM-IZ-110278	collection_depth_basis	curator_assigned_surface	curator_scoring	docs/metadata_depth_conventions.md	Church2025:YPM-IZ-110278	User instruction, 2026-10-04	Physalia without an explicit depth record scored 0 m by user instruction; this does not establish beach collection.	data/sources/metadata_enrichment/physalia_depth_scoring.tsv	143		filled		all usable candidates agree
Church2025:YPM-IZ-110433	depth_m	0	curator_scoring	docs/metadata_depth_conventions.md	Church2025:YPM-IZ-110433	User instruction, 2026-10-04	Physalia without an explicit depth record scored 0 m by user instruction; this does not establish beach collection.	data/sources/metadata_enrichment/physalia_depth_scoring.tsv	144		filled		all usable candidates agree
Church2025:YPM-IZ-110433	collection_depth_source	docs/metadata_depth_conventions.md	curator_scoring	docs/metadata_depth_conventions.md	Church2025:YPM-IZ-110433	User instruction, 2026-10-04	Physalia without an explicit depth record scored 0 m by user instruction; this does not establish beach collection.	data/sources/metadata_enrichment/physalia_depth_scoring.tsv	145	docs/metadata_depth_conventions.md	filled		combined collection-depth provenance
Church2025:YPM-IZ-110433	collection_depth_basis	curator_assigned_surface	curator_scoring	docs/metadata_depth_conventions.md	Church2025:YPM-IZ-110433	User instruction, 2026-10-04	Physalia without an explicit depth record scored 0 m by user instruction; this does not establish beach collection.	data/sources/metadata_enrichment/physalia_depth_scoring.tsv	146		filled		all usable candidates agree
Church2025:YPM-IZ-110434	depth_m	0	curator_scoring	docs/metadata_depth_conventions.md	Church2025:YPM-IZ-110434	User instruction, 2026-10-04	Physalia without an explicit depth record scored 0 m by user instruction; this does not establish beach collection.	data/sources/metadata_enrichment/physalia_depth_scoring.tsv	147		filled		all usable candidates agree
Church2025:YPM-IZ-110434	collection_depth_source	docs/metadata_depth_conventions.md	curator_scoring	docs/metadata_depth_conventions.md	Church2025:YPM-IZ-110434	User instruction, 2026-10-04	Physalia without an explicit depth record scored 0 m by user instruction; this does not establish beach collection.	data/sources/metadata_enrichment/physalia_depth_scoring.tsv	148	docs/metadata_depth_conventions.md	filled		combined collection-depth provenance
Church2025:YPM-IZ-110434	collection_depth_basis	curator_assigned_surface	curator_scoring	docs/metadata_depth_conventions.md	Church2025:YPM-IZ-110434	User instruction, 2026-10-04	Physalia without an explicit depth record scored 0 m by user instruction; this does not establish beach collection.	data/sources/metadata_enrichment/physalia_depth_scoring.tsv	149		filled		all usable candidates agree
Church2025:YPM-IZ-110436	depth_m	0	curator_scoring	docs/metadata_depth_conventions.md	Church2025:YPM-IZ-110436	User instruction, 2026-10-04	Physalia without an explicit depth record scored 0 m by user instruction; this does not establish beach collection.	data/sources/metadata_enrichment/physalia_depth_scoring.tsv	150		filled		all usable candidates agree
Church2025:YPM-IZ-110436	collection_depth_source	docs/metadata_depth_conventions.md	curator_scoring	docs/metadata_depth_conventions.md	Church2025:YPM-IZ-110436	User instruction, 2026-10-04	Physalia without an explicit depth record scored 0 m by user instruction; this does not establish beach collection.	data/sources/metadata_enrichment/physalia_depth_scoring.tsv	151	docs/metadata_depth_conventions.md	filled		combined collection-depth provenance
Church2025:YPM-IZ-110436	collection_depth_basis	curator_assigned_surface	curator_scoring	docs/metadata_depth_conventions.md	Church2025:YPM-IZ-110436	User instruction, 2026-10-04	Physalia without an explicit depth record scored 0 m by user instruction; this does not establish beach collection.	data/sources/metadata_enrichment/physalia_depth_scoring.tsv	152		filled		all usable candidates agree
Church2025:YPM-IZ-110438	depth_m	0	curator_scoring	docs/metadata_depth_conventions.md	Church2025:YPM-IZ-110438	User instruction, 2026-10-04	Physalia without an explicit depth record scored 0 m by user instruction; this does not establish beach collection.	data/sources/metadata_enrichment/physalia_depth_scoring.tsv	153		filled		all usable candidates agree
Church2025:YPM-IZ-110438	collection_depth_source	docs/metadata_depth_conventions.md	curator_scoring	docs/metadata_depth_conventions.md	Church2025:YPM-IZ-110438	User instruction, 2026-10-04	Physalia without an explicit depth record scored 0 m by user instruction; this does not establish beach collection.	data/sources/metadata_enrichment/physalia_depth_scoring.tsv	154	docs/metadata_depth_conventions.md	filled		combined collection-depth provenance
Church2025:YPM-IZ-110438	collection_depth_basis	curator_assigned_surface	curator_scoring	docs/metadata_depth_conventions.md	Church2025:YPM-IZ-110438	User instruction, 2026-10-04	Physalia without an explicit depth record scored 0 m by user instruction; this does not establish beach collection.	data/sources/metadata_enrichment/physalia_depth_scoring.tsv	155		filled		all usable candidates agree
Church2025:YPM-IZ-110443	depth_m	0	curator_scoring	docs/metadata_depth_conventions.md	Church2025:YPM-IZ-110443	User instruction, 2026-10-04	Physalia without an explicit depth record scored 0 m by user instruction; this does not establish beach collection.	data/sources/metadata_enrichment/physalia_depth_scoring.tsv	156		filled		all usable candidates agree
Church2025:YPM-IZ-110443	collection_depth_source	docs/metadata_depth_conventions.md	curator_scoring	docs/metadata_depth_conventions.md	Church2025:YPM-IZ-110443	User instruction, 2026-10-04	Physalia without an explicit depth record scored 0 m by user instruction; this does not establish beach collection.	data/sources/metadata_enrichment/physalia_depth_scoring.tsv	157	docs/metadata_depth_conventions.md	filled		combined collection-depth provenance
Church2025:YPM-IZ-110443	collection_depth_basis	curator_assigned_surface	curator_scoring	docs/metadata_depth_conventions.md	Church2025:YPM-IZ-110443	User instruction, 2026-10-04	Physalia without an explicit depth record scored 0 m by user instruction; this does not establish beach collection.	data/sources/metadata_enrichment/physalia_depth_scoring.tsv	158		filled		all usable candidates agree
Church2025:YPM-IZ-110460	depth_m	0	curator_scoring	docs/metadata_depth_conventions.md	Church2025:YPM-IZ-110460	User instruction, 2026-10-04	Physalia without an explicit depth record scored 0 m by user instruction; this does not establish beach collection.	data/sources/metadata_enrichment/physalia_depth_scoring.tsv	159		filled		all usable candidates agree
Church2025:YPM-IZ-110460	collection_depth_source	docs/metadata_depth_conventions.md	curator_scoring	docs/metadata_depth_conventions.md	Church2025:YPM-IZ-110460	User instruction, 2026-10-04	Physalia without an explicit depth record scored 0 m by user instruction; this does not establish beach collection.	data/sources/metadata_enrichment/physalia_depth_scoring.tsv	160	docs/metadata_depth_conventions.md	filled		combined collection-depth provenance
Church2025:YPM-IZ-110460	collection_depth_basis	curator_assigned_surface	curator_scoring	docs/metadata_depth_conventions.md	Church2025:YPM-IZ-110460	User instruction, 2026-10-04	Physalia without an explicit depth record scored 0 m by user instruction; this does not establish beach collection.	data/sources/metadata_enrichment/physalia_depth_scoring.tsv	161		filled		all usable candidates agree
Church2025:YPM-IZ-110467	depth_m	0	curator_scoring	docs/metadata_depth_conventions.md	Church2025:YPM-IZ-110467	User instruction, 2026-10-04	Physalia without an explicit depth record scored 0 m by user instruction; this does not establish beach collection.	data/sources/metadata_enrichment/physalia_depth_scoring.tsv	162		filled		all usable candidates agree
Church2025:YPM-IZ-110467	collection_depth_source	docs/metadata_depth_conventions.md	curator_scoring	docs/metadata_depth_conventions.md	Church2025:YPM-IZ-110467	User instruction, 2026-10-04	Physalia without an explicit depth record scored 0 m by user instruction; this does not establish beach collection.	data/sources/metadata_enrichment/physalia_depth_scoring.tsv	163	docs/metadata_depth_conventions.md	filled		combined collection-depth provenance
Church2025:YPM-IZ-110467	collection_depth_basis	curator_assigned_surface	curator_scoring	docs/metadata_depth_conventions.md	Church2025:YPM-IZ-110467	User instruction, 2026-10-04	Physalia without an explicit depth record scored 0 m by user instruction; this does not establish beach collection.	data/sources/metadata_enrichment/physalia_depth_scoring.tsv	164		filled		all usable candidates agree
Church2025:YPM-IZ-110468	depth_m	0	curator_scoring	docs/metadata_depth_conventions.md	Church2025:YPM-IZ-110468	User instruction, 2026-10-04	Physalia without an explicit depth record scored 0 m by user instruction; this does not establish beach collection.	data/sources/metadata_enrichment/physalia_depth_scoring.tsv	165		filled		all usable candidates agree
Church2025:YPM-IZ-110468	collection_depth_source	docs/metadata_depth_conventions.md	curator_scoring	docs/metadata_depth_conventions.md	Church2025:YPM-IZ-110468	User instruction, 2026-10-04	Physalia without an explicit depth record scored 0 m by user instruction; this does not establish beach collection.	data/sources/metadata_enrichment/physalia_depth_scoring.tsv	166	docs/metadata_depth_conventions.md	filled		combined collection-depth provenance
Church2025:YPM-IZ-110468	collection_depth_basis	curator_assigned_surface	curator_scoring	docs/metadata_depth_conventions.md	Church2025:YPM-IZ-110468	User instruction, 2026-10-04	Physalia without an explicit depth record scored 0 m by user instruction; this does not establish beach collection.	data/sources/metadata_enrichment/physalia_depth_scoring.tsv	167		filled		all usable candidates agree
Church2025:YPM-IZ-110469	depth_m	0	curator_scoring	docs/metadata_depth_conventions.md	Church2025:YPM-IZ-110469	User instruction, 2026-10-04	Physalia without an explicit depth record scored 0 m by user instruction; this does not establish beach collection.	data/sources/metadata_enrichment/physalia_depth_scoring.tsv	168		filled		all usable candidates agree
Church2025:YPM-IZ-110469	collection_depth_source	docs/metadata_depth_conventions.md	curator_scoring	docs/metadata_depth_conventions.md	Church2025:YPM-IZ-110469	User instruction, 2026-10-04	Physalia without an explicit depth record scored 0 m by user instruction; this does not establish beach collection.	data/sources/metadata_enrichment/physalia_depth_scoring.tsv	169	docs/metadata_depth_conventions.md	filled		combined collection-depth provenance
Church2025:YPM-IZ-110469	collection_depth_basis	curator_assigned_surface	curator_scoring	docs/metadata_depth_conventions.md	Church2025:YPM-IZ-110469	User instruction, 2026-10-04	Physalia without an explicit depth record scored 0 m by user instruction; this does not establish beach collection.	data/sources/metadata_enrichment/physalia_depth_scoring.tsv	170		filled		all usable candidates agree
Church2025:YPM-IZ-110470	depth_m	0	curator_scoring	docs/metadata_depth_conventions.md	Church2025:YPM-IZ-110470	User instruction, 2026-10-04	Physalia without an explicit depth record scored 0 m by user instruction; this does not establish beach collection.	data/sources/metadata_enrichment/physalia_depth_scoring.tsv	171		filled		all usable candidates agree
Church2025:YPM-IZ-110470	collection_depth_source	docs/metadata_depth_conventions.md	curator_scoring	docs/metadata_depth_conventions.md	Church2025:YPM-IZ-110470	User instruction, 2026-10-04	Physalia without an explicit depth record scored 0 m by user instruction; this does not establish beach collection.	data/sources/metadata_enrichment/physalia_depth_scoring.tsv	172	docs/metadata_depth_conventions.md	filled		combined collection-depth provenance
Church2025:YPM-IZ-110470	collection_depth_basis	curator_assigned_surface	curator_scoring	docs/metadata_depth_conventions.md	Church2025:YPM-IZ-110470	User instruction, 2026-10-04	Physalia without an explicit depth record scored 0 m by user instruction; this does not establish beach collection.	data/sources/metadata_enrichment/physalia_depth_scoring.tsv	173		filled		all usable candidates agree
Church2025:YPM-IZ-110471	depth_m	0	curator_scoring	docs/metadata_depth_conventions.md	Church2025:YPM-IZ-110471	User instruction, 2026-10-04	Physalia without an explicit depth record scored 0 m by user instruction; this does not establish beach collection.	data/sources/metadata_enrichment/physalia_depth_scoring.tsv	174		filled		all usable candidates agree
Church2025:YPM-IZ-110471	collection_depth_source	docs/metadata_depth_conventions.md	curator_scoring	docs/metadata_depth_conventions.md	Church2025:YPM-IZ-110471	User instruction, 2026-10-04	Physalia without an explicit depth record scored 0 m by user instruction; this does not establish beach collection.	data/sources/metadata_enrichment/physalia_depth_scoring.tsv	175	docs/metadata_depth_conventions.md	filled		combined collection-depth provenance
Church2025:YPM-IZ-110471	collection_depth_basis	curator_assigned_surface	curator_scoring	docs/metadata_depth_conventions.md	Church2025:YPM-IZ-110471	User instruction, 2026-10-04	Physalia without an explicit depth record scored 0 m by user instruction; this does not establish beach collection.	data/sources/metadata_enrichment/physalia_depth_scoring.tsv	176		filled		all usable candidates agree
Church2025:YPM-IZ-110473	depth_m	0	curator_scoring	docs/metadata_depth_conventions.md	Church2025:YPM-IZ-110473	User instruction, 2026-10-04	Physalia without an explicit depth record scored 0 m by user instruction; this does not establish beach collection.	data/sources/metadata_enrichment/physalia_depth_scoring.tsv	177		filled		all usable candidates agree
Church2025:YPM-IZ-110473	collection_depth_source	docs/metadata_depth_conventions.md	curator_scoring	docs/metadata_depth_conventions.md	Church2025:YPM-IZ-110473	User instruction, 2026-10-04	Physalia without an explicit depth record scored 0 m by user instruction; this does not establish beach collection.	data/sources/metadata_enrichment/physalia_depth_scoring.tsv	178	docs/metadata_depth_conventions.md	filled		combined collection-depth provenance
Church2025:YPM-IZ-110473	collection_depth_basis	curator_assigned_surface	curator_scoring	docs/metadata_depth_conventions.md	Church2025:YPM-IZ-110473	User instruction, 2026-10-04	Physalia without an explicit depth record scored 0 m by user instruction; this does not establish beach collection.	data/sources/metadata_enrichment/physalia_depth_scoring.tsv	179		filled		all usable candidates agree
Church2025:YPM-IZ-110474	depth_m	0	curator_scoring	docs/metadata_depth_conventions.md	Church2025:YPM-IZ-110474	User instruction, 2026-10-04	Physalia without an explicit depth record scored 0 m by user instruction; this does not establish beach collection.	data/sources/metadata_enrichment/physalia_depth_scoring.tsv	180		filled		all usable candidates agree
Church2025:YPM-IZ-110474	collection_depth_source	docs/metadata_depth_conventions.md	curator_scoring	docs/metadata_depth_conventions.md	Church2025:YPM-IZ-110474	User instruction, 2026-10-04	Physalia without an explicit depth record scored 0 m by user instruction; this does not establish beach collection.	data/sources/metadata_enrichment/physalia_depth_scoring.tsv	181	docs/metadata_depth_conventions.md	filled		combined collection-depth provenance
Church2025:YPM-IZ-110474	collection_depth_basis	curator_assigned_surface	curator_scoring	docs/metadata_depth_conventions.md	Church2025:YPM-IZ-110474	User instruction, 2026-10-04	Physalia without an explicit depth record scored 0 m by user instruction; this does not establish beach collection.	data/sources/metadata_enrichment/physalia_depth_scoring.tsv	182		filled		all usable candidates agree
Church2025:YPM-IZ-110480	depth_m	0	curator_scoring	docs/metadata_depth_conventions.md	Church2025:YPM-IZ-110480	User instruction, 2026-10-04	Physalia without an explicit depth record scored 0 m by user instruction; this does not establish beach collection.	data/sources/metadata_enrichment/physalia_depth_scoring.tsv	183		filled		all usable candidates agree
Church2025:YPM-IZ-110480	collection_depth_source	docs/metadata_depth_conventions.md	curator_scoring	docs/metadata_depth_conventions.md	Church2025:YPM-IZ-110480	User instruction, 2026-10-04	Physalia without an explicit depth record scored 0 m by user instruction; this does not establish beach collection.	data/sources/metadata_enrichment/physalia_depth_scoring.tsv	184	docs/metadata_depth_conventions.md	filled		combined collection-depth provenance
Church2025:YPM-IZ-110480	collection_depth_basis	curator_assigned_surface	curator_scoring	docs/metadata_depth_conventions.md	Church2025:YPM-IZ-110480	User instruction, 2026-10-04	Physalia without an explicit depth record scored 0 m by user instruction; this does not establish beach collection.	data/sources/metadata_enrichment/physalia_depth_scoring.tsv	185		filled		all usable candidates agree
Church2025:YPM-IZ-110515	depth_m	0	curator_scoring	docs/metadata_depth_conventions.md	Church2025:YPM-IZ-110515	User instruction, 2026-10-04	Physalia without an explicit depth record scored 0 m by user instruction; this does not establish beach collection.	data/sources/metadata_enrichment/physalia_depth_scoring.tsv	186		filled		all usable candidates agree
Church2025:YPM-IZ-110515	collection_depth_source	docs/metadata_depth_conventions.md	curator_scoring	docs/metadata_depth_conventions.md	Church2025:YPM-IZ-110515	User instruction, 2026-10-04	Physalia without an explicit depth record scored 0 m by user instruction; this does not establish beach collection.	data/sources/metadata_enrichment/physalia_depth_scoring.tsv	187	docs/metadata_depth_conventions.md	filled		combined collection-depth provenance
Church2025:YPM-IZ-110515	collection_depth_basis	curator_assigned_surface	curator_scoring	docs/metadata_depth_conventions.md	Church2025:YPM-IZ-110515	User instruction, 2026-10-04	Physalia without an explicit depth record scored 0 m by user instruction; this does not establish beach collection.	data/sources/metadata_enrichment/physalia_depth_scoring.tsv	188		filled		all usable candidates agree
Church2025:YPM-IZ-110520	depth_m	0	curator_scoring	docs/metadata_depth_conventions.md	Church2025:YPM-IZ-110520	User instruction, 2026-10-04	Physalia without an explicit depth record scored 0 m by user instruction; this does not establish beach collection.	data/sources/metadata_enrichment/physalia_depth_scoring.tsv	189		filled		all usable candidates agree
Church2025:YPM-IZ-110520	collection_depth_source	docs/metadata_depth_conventions.md	curator_scoring	docs/metadata_depth_conventions.md	Church2025:YPM-IZ-110520	User instruction, 2026-10-04	Physalia without an explicit depth record scored 0 m by user instruction; this does not establish beach collection.	data/sources/metadata_enrichment/physalia_depth_scoring.tsv	190	docs/metadata_depth_conventions.md	filled		combined collection-depth provenance
Church2025:YPM-IZ-110520	collection_depth_basis	curator_assigned_surface	curator_scoring	docs/metadata_depth_conventions.md	Church2025:YPM-IZ-110520	User instruction, 2026-10-04	Physalia without an explicit depth record scored 0 m by user instruction; this does not establish beach collection.	data/sources/metadata_enrichment/physalia_depth_scoring.tsv	191		filled		all usable candidates agree
Church2025:YPM-IZ-110526	depth_m	0	curator_scoring	docs/metadata_depth_conventions.md	Church2025:YPM-IZ-110526	User instruction, 2026-10-04	Physalia without an explicit depth record scored 0 m by user instruction; this does not establish beach collection.	data/sources/metadata_enrichment/physalia_depth_scoring.tsv	192		filled		all usable candidates agree
Church2025:YPM-IZ-110526	collection_depth_source	docs/metadata_depth_conventions.md	curator_scoring	docs/metadata_depth_conventions.md	Church2025:YPM-IZ-110526	User instruction, 2026-10-04	Physalia without an explicit depth record scored 0 m by user instruction; this does not establish beach collection.	data/sources/metadata_enrichment/physalia_depth_scoring.tsv	193	docs/metadata_depth_conventions.md	filled		combined collection-depth provenance
Church2025:YPM-IZ-110526	collection_depth_basis	curator_assigned_surface	curator_scoring	docs/metadata_depth_conventions.md	Church2025:YPM-IZ-110526	User instruction, 2026-10-04	Physalia without an explicit depth record scored 0 m by user instruction; this does not establish beach collection.	data/sources/metadata_enrichment/physalia_depth_scoring.tsv	194		filled		all usable candidates agree
Church2025:YPM-IZ-110556	depth_m	0	curator_scoring	docs/metadata_depth_conventions.md	Church2025:YPM-IZ-110556	User instruction, 2026-10-04	Physalia without an explicit depth record scored 0 m by user instruction; this does not establish beach collection.	data/sources/metadata_enrichment/physalia_depth_scoring.tsv	195		filled		all usable candidates agree
Church2025:YPM-IZ-110556	collection_depth_source	docs/metadata_depth_conventions.md	curator_scoring	docs/metadata_depth_conventions.md	Church2025:YPM-IZ-110556	User instruction, 2026-10-04	Physalia without an explicit depth record scored 0 m by user instruction; this does not establish beach collection.	data/sources/metadata_enrichment/physalia_depth_scoring.tsv	196	docs/metadata_depth_conventions.md	filled		combined collection-depth provenance
Church2025:YPM-IZ-110556	collection_depth_basis	curator_assigned_surface	curator_scoring	docs/metadata_depth_conventions.md	Church2025:YPM-IZ-110556	User instruction, 2026-10-04	Physalia without an explicit depth record scored 0 m by user instruction; this does not establish beach collection.	data/sources/metadata_enrichment/physalia_depth_scoring.tsv	197		filled		all usable candidates agree
Church2025:YPM-IZ-110557	depth_m	0	curator_scoring	docs/metadata_depth_conventions.md	Church2025:YPM-IZ-110557	User instruction, 2026-10-04	Physalia without an explicit depth record scored 0 m by user instruction; this does not establish beach collection.	data/sources/metadata_enrichment/physalia_depth_scoring.tsv	198		filled		all usable candidates agree
Church2025:YPM-IZ-110557	collection_depth_source	docs/metadata_depth_conventions.md	curator_scoring	docs/metadata_depth_conventions.md	Church2025:YPM-IZ-110557	User instruction, 2026-10-04	Physalia without an explicit depth record scored 0 m by user instruction; this does not establish beach collection.	data/sources/metadata_enrichment/physalia_depth_scoring.tsv	199	docs/metadata_depth_conventions.md	filled		combined collection-depth provenance
Church2025:YPM-IZ-110557	collection_depth_basis	curator_assigned_surface	curator_scoring	docs/metadata_depth_conventions.md	Church2025:YPM-IZ-110557	User instruction, 2026-10-04	Physalia without an explicit depth record scored 0 m by user instruction; this does not establish beach collection.	data/sources/metadata_enrichment/physalia_depth_scoring.tsv	200		filled		all usable candidates agree
Church2025:YPM-IZ-110558	depth_m	0	curator_scoring	docs/metadata_depth_conventions.md	Church2025:YPM-IZ-110558	User instruction, 2026-10-04	Physalia without an explicit depth record scored 0 m by user instruction; this does not establish beach collection.	data/sources/metadata_enrichment/physalia_depth_scoring.tsv	201		filled		all usable candidates agree
Church2025:YPM-IZ-110558	collection_depth_source	docs/metadata_depth_conventions.md	curator_scoring	docs/metadata_depth_conventions.md	Church2025:YPM-IZ-110558	User instruction, 2026-10-04	Physalia without an explicit depth record scored 0 m by user instruction; this does not establish beach collection.	data/sources/metadata_enrichment/physalia_depth_scoring.tsv	202	docs/metadata_depth_conventions.md	filled		combined collection-depth provenance
Church2025:YPM-IZ-110558	collection_depth_basis	curator_assigned_surface	curator_scoring	docs/metadata_depth_conventions.md	Church2025:YPM-IZ-110558	User instruction, 2026-10-04	Physalia without an explicit depth record scored 0 m by user instruction; this does not establish beach collection.	data/sources/metadata_enrichment/physalia_depth_scoring.tsv	203		filled		all usable candidates agree
Church2025:YPM-IZ-110566	depth_m	0	curator_scoring	docs/metadata_depth_conventions.md	Church2025:YPM-IZ-110566	User instruction, 2026-10-04	Physalia without an explicit depth record scored 0 m by user instruction; this does not establish beach collection.	data/sources/metadata_enrichment/physalia_depth_scoring.tsv	204		filled		all usable candidates agree
Church2025:YPM-IZ-110566	collection_depth_source	docs/metadata_depth_conventions.md	curator_scoring	docs/metadata_depth_conventions.md	Church2025:YPM-IZ-110566	User instruction, 2026-10-04	Physalia without an explicit depth record scored 0 m by user instruction; this does not establish beach collection.	data/sources/metadata_enrichment/physalia_depth_scoring.tsv	205	docs/metadata_depth_conventions.md	filled		combined collection-depth provenance
Church2025:YPM-IZ-110566	collection_depth_basis	curator_assigned_surface	curator_scoring	docs/metadata_depth_conventions.md	Church2025:YPM-IZ-110566	User instruction, 2026-10-04	Physalia without an explicit depth record scored 0 m by user instruction; this does not establish beach collection.	data/sources/metadata_enrichment/physalia_depth_scoring.tsv	206		filled		all usable candidates agree
Church2025:YPM-IZ-110569	depth_m	0	curator_scoring	docs/metadata_depth_conventions.md	Church2025:YPM-IZ-110569	User instruction, 2026-10-04	Physalia without an explicit depth record scored 0 m by user instruction; this does not establish beach collection.	data/sources/metadata_enrichment/physalia_depth_scoring.tsv	207		filled		all usable candidates agree
Church2025:YPM-IZ-110569	collection_depth_source	docs/metadata_depth_conventions.md	curator_scoring	docs/metadata_depth_conventions.md	Church2025:YPM-IZ-110569	User instruction, 2026-10-04	Physalia without an explicit depth record scored 0 m by user instruction; this does not establish beach collection.	data/sources/metadata_enrichment/physalia_depth_scoring.tsv	208	docs/metadata_depth_conventions.md	filled		combined collection-depth provenance
Church2025:YPM-IZ-110569	collection_depth_basis	curator_assigned_surface	curator_scoring	docs/metadata_depth_conventions.md	Church2025:YPM-IZ-110569	User instruction, 2026-10-04	Physalia without an explicit depth record scored 0 m by user instruction; this does not establish beach collection.	data/sources/metadata_enrichment/physalia_depth_scoring.tsv	209		filled		all usable candidates agree
Church2025:YPM-IZ-110600	depth_m	0	curator_scoring	docs/metadata_depth_conventions.md	Church2025:YPM-IZ-110600	User instruction, 2026-10-04	Physalia without an explicit depth record scored 0 m by user instruction; this does not establish beach collection.	data/sources/metadata_enrichment/physalia_depth_scoring.tsv	210		filled		all usable candidates agree
Church2025:YPM-IZ-110600	collection_depth_source	docs/metadata_depth_conventions.md	curator_scoring	docs/metadata_depth_conventions.md	Church2025:YPM-IZ-110600	User instruction, 2026-10-04	Physalia without an explicit depth record scored 0 m by user instruction; this does not establish beach collection.	data/sources/metadata_enrichment/physalia_depth_scoring.tsv	211	docs/metadata_depth_conventions.md	filled		combined collection-depth provenance
Church2025:YPM-IZ-110600	collection_depth_basis	curator_assigned_surface	curator_scoring	docs/metadata_depth_conventions.md	Church2025:YPM-IZ-110600	User instruction, 2026-10-04	Physalia without an explicit depth record scored 0 m by user instruction; this does not establish beach collection.	data/sources/metadata_enrichment/physalia_depth_scoring.tsv	212		filled		all usable candidates agree
Church2025:YPM-IZ-110602	depth_m	0	curator_scoring	docs/metadata_depth_conventions.md	Church2025:YPM-IZ-110602	User instruction, 2026-10-04	Physalia without an explicit depth record scored 0 m by user instruction; this does not establish beach collection.	data/sources/metadata_enrichment/physalia_depth_scoring.tsv	213		filled		all usable candidates agree
Church2025:YPM-IZ-110602	collection_depth_source	docs/metadata_depth_conventions.md	curator_scoring	docs/metadata_depth_conventions.md	Church2025:YPM-IZ-110602	User instruction, 2026-10-04	Physalia without an explicit depth record scored 0 m by user instruction; this does not establish beach collection.	data/sources/metadata_enrichment/physalia_depth_scoring.tsv	214	docs/metadata_depth_conventions.md	filled		combined collection-depth provenance
Church2025:YPM-IZ-110602	collection_depth_basis	curator_assigned_surface	curator_scoring	docs/metadata_depth_conventions.md	Church2025:YPM-IZ-110602	User instruction, 2026-10-04	Physalia without an explicit depth record scored 0 m by user instruction; this does not establish beach collection.	data/sources/metadata_enrichment/physalia_depth_scoring.tsv	215		filled		all usable candidates agree
Church2025:YPM-IZ-110605	depth_m	0	curator_scoring	docs/metadata_depth_conventions.md	Church2025:YPM-IZ-110605	User instruction, 2026-10-04	Physalia without an explicit depth record scored 0 m by user instruction; this does not establish beach collection.	data/sources/metadata_enrichment/physalia_depth_scoring.tsv	216		filled		all usable candidates agree
Church2025:YPM-IZ-110605	collection_depth_source	docs/metadata_depth_conventions.md	curator_scoring	docs/metadata_depth_conventions.md	Church2025:YPM-IZ-110605	User instruction, 2026-10-04	Physalia without an explicit depth record scored 0 m by user instruction; this does not establish beach collection.	data/sources/metadata_enrichment/physalia_depth_scoring.tsv	217	docs/metadata_depth_conventions.md	filled		combined collection-depth provenance
Church2025:YPM-IZ-110605	collection_depth_basis	curator_assigned_surface	curator_scoring	docs/metadata_depth_conventions.md	Church2025:YPM-IZ-110605	User instruction, 2026-10-04	Physalia without an explicit depth record scored 0 m by user instruction; this does not establish beach collection.	data/sources/metadata_enrichment/physalia_depth_scoring.tsv	218		filled		all usable candidates agree
Church2025:YPM-IZ-110612	depth_m	0	curator_scoring	docs/metadata_depth_conventions.md	Church2025:YPM-IZ-110612	User instruction, 2026-10-04	Physalia without an explicit depth record scored 0 m by user instruction; this does not establish beach collection.	data/sources/metadata_enrichment/physalia_depth_scoring.tsv	219		filled		all usable candidates agree
Church2025:YPM-IZ-110612	collection_depth_source	docs/metadata_depth_conventions.md	curator_scoring	docs/metadata_depth_conventions.md	Church2025:YPM-IZ-110612	User instruction, 2026-10-04	Physalia without an explicit depth record scored 0 m by user instruction; this does not establish beach collection.	data/sources/metadata_enrichment/physalia_depth_scoring.tsv	220	docs/metadata_depth_conventions.md	filled		combined collection-depth provenance
Church2025:YPM-IZ-110612	collection_depth_basis	curator_assigned_surface	curator_scoring	docs/metadata_depth_conventions.md	Church2025:YPM-IZ-110612	User instruction, 2026-10-04	Physalia without an explicit depth record scored 0 m by user instruction; this does not establish beach collection.	data/sources/metadata_enrichment/physalia_depth_scoring.tsv	221		filled		all usable candidates agree
Church2025:YPM-IZ-110613	depth_m	0	curator_scoring	docs/metadata_depth_conventions.md	Church2025:YPM-IZ-110613	User instruction, 2026-10-04	Physalia without an explicit depth record scored 0 m by user instruction; this does not establish beach collection.	data/sources/metadata_enrichment/physalia_depth_scoring.tsv	222		filled		all usable candidates agree
Church2025:YPM-IZ-110613	collection_depth_source	docs/metadata_depth_conventions.md	curator_scoring	docs/metadata_depth_conventions.md	Church2025:YPM-IZ-110613	User instruction, 2026-10-04	Physalia without an explicit depth record scored 0 m by user instruction; this does not establish beach collection.	data/sources/metadata_enrichment/physalia_depth_scoring.tsv	223	docs/metadata_depth_conventions.md	filled		combined collection-depth provenance
Church2025:YPM-IZ-110613	collection_depth_basis	curator_assigned_surface	curator_scoring	docs/metadata_depth_conventions.md	Church2025:YPM-IZ-110613	User instruction, 2026-10-04	Physalia without an explicit depth record scored 0 m by user instruction; this does not establish beach collection.	data/sources/metadata_enrichment/physalia_depth_scoring.tsv	224		filled		all usable candidates agree
Church2025:YPM-IZ-110616	depth_m	0	curator_scoring	docs/metadata_depth_conventions.md	Church2025:YPM-IZ-110616	User instruction, 2026-10-04	Physalia without an explicit depth record scored 0 m by user instruction; this does not establish beach collection.	data/sources/metadata_enrichment/physalia_depth_scoring.tsv	225		filled		all usable candidates agree
Church2025:YPM-IZ-110616	collection_depth_source	docs/metadata_depth_conventions.md	curator_scoring	docs/metadata_depth_conventions.md	Church2025:YPM-IZ-110616	User instruction, 2026-10-04	Physalia without an explicit depth record scored 0 m by user instruction; this does not establish beach collection.	data/sources/metadata_enrichment/physalia_depth_scoring.tsv	226	docs/metadata_depth_conventions.md	filled		combined collection-depth provenance
Church2025:YPM-IZ-110616	collection_depth_basis	curator_assigned_surface	curator_scoring	docs/metadata_depth_conventions.md	Church2025:YPM-IZ-110616	User instruction, 2026-10-04	Physalia without an explicit depth record scored 0 m by user instruction; this does not establish beach collection.	data/sources/metadata_enrichment/physalia_depth_scoring.tsv	227		filled		all usable candidates agree
Church2025:YPM-IZ-110631	depth_m	0	curator_scoring	docs/metadata_depth_conventions.md	Church2025:YPM-IZ-110631	User instruction, 2026-10-04	Physalia without an explicit depth record scored 0 m by user instruction; this does not establish beach collection.	data/sources/metadata_enrichment/physalia_depth_scoring.tsv	228		filled		all usable candidates agree
Church2025:YPM-IZ-110631	collection_depth_source	docs/metadata_depth_conventions.md	curator_scoring	docs/metadata_depth_conventions.md	Church2025:YPM-IZ-110631	User instruction, 2026-10-04	Physalia without an explicit depth record scored 0 m by user instruction; this does not establish beach collection.	data/sources/metadata_enrichment/physalia_depth_scoring.tsv	229	docs/metadata_depth_conventions.md	filled		combined collection-depth provenance
Church2025:YPM-IZ-110631	collection_depth_basis	curator_assigned_surface	curator_scoring	docs/metadata_depth_conventions.md	Church2025:YPM-IZ-110631	User instruction, 2026-10-04	Physalia without an explicit depth record scored 0 m by user instruction; this does not establish beach collection.	data/sources/metadata_enrichment/physalia_depth_scoring.tsv	230		filled		all usable candidates agree
Church2025:YPM-IZ-110633	depth_m	0	curator_scoring	docs/metadata_depth_conventions.md	Church2025:YPM-IZ-110633	User instruction, 2026-10-04	Physalia without an explicit depth record scored 0 m by user instruction; this does not establish beach collection.	data/sources/metadata_enrichment/physalia_depth_scoring.tsv	231		filled		all usable candidates agree
Church2025:YPM-IZ-110633	collection_depth_source	docs/metadata_depth_conventions.md	curator_scoring	docs/metadata_depth_conventions.md	Church2025:YPM-IZ-110633	User instruction, 2026-10-04	Physalia without an explicit depth record scored 0 m by user instruction; this does not establish beach collection.	data/sources/metadata_enrichment/physalia_depth_scoring.tsv	232	docs/metadata_depth_conventions.md	filled		combined collection-depth provenance
Church2025:YPM-IZ-110633	collection_depth_basis	curator_assigned_surface	curator_scoring	docs/metadata_depth_conventions.md	Church2025:YPM-IZ-110633	User instruction, 2026-10-04	Physalia without an explicit depth record scored 0 m by user instruction; this does not establish beach collection.	data/sources/metadata_enrichment/physalia_depth_scoring.tsv	233		filled		all usable candidates agree
Church2025:YPM-IZ-110667	depth_m	0	curator_scoring	docs/metadata_depth_conventions.md	Church2025:YPM-IZ-110667	User instruction, 2026-10-04	Physalia without an explicit depth record scored 0 m by user instruction; this does not establish beach collection.	data/sources/metadata_enrichment/physalia_depth_scoring.tsv	234		filled		all usable candidates agree
Church2025:YPM-IZ-110667	collection_depth_source	docs/metadata_depth_conventions.md	curator_scoring	docs/metadata_depth_conventions.md	Church2025:YPM-IZ-110667	User instruction, 2026-10-04	Physalia without an explicit depth record scored 0 m by user instruction; this does not establish beach collection.	data/sources/metadata_enrichment/physalia_depth_scoring.tsv	235	docs/metadata_depth_conventions.md	filled		combined collection-depth provenance
Church2025:YPM-IZ-110667	collection_depth_basis	curator_assigned_surface	curator_scoring	docs/metadata_depth_conventions.md	Church2025:YPM-IZ-110667	User instruction, 2026-10-04	Physalia without an explicit depth record scored 0 m by user instruction; this does not establish beach collection.	data/sources/metadata_enrichment/physalia_depth_scoring.tsv	236		filled		all usable candidates agree
Church2025:YPM-IZ-110694	depth_m	0	curator_scoring	docs/metadata_depth_conventions.md	Church2025:YPM-IZ-110694	User instruction, 2026-10-04	Physalia without an explicit depth record scored 0 m by user instruction; this does not establish beach collection.	data/sources/metadata_enrichment/physalia_depth_scoring.tsv	237		filled		all usable candidates agree
Church2025:YPM-IZ-110694	collection_depth_source	docs/metadata_depth_conventions.md	curator_scoring	docs/metadata_depth_conventions.md	Church2025:YPM-IZ-110694	User instruction, 2026-10-04	Physalia without an explicit depth record scored 0 m by user instruction; this does not establish beach collection.	data/sources/metadata_enrichment/physalia_depth_scoring.tsv	238	docs/metadata_depth_conventions.md	filled		combined collection-depth provenance
Church2025:YPM-IZ-110694	collection_depth_basis	curator_assigned_surface	curator_scoring	docs/metadata_depth_conventions.md	Church2025:YPM-IZ-110694	User instruction, 2026-10-04	Physalia without an explicit depth record scored 0 m by user instruction; this does not establish beach collection.	data/sources/metadata_enrichment/physalia_depth_scoring.tsv	239		filled		all usable candidates agree
Church2025:YPM-IZ-110716	depth_m	0	curator_scoring	docs/metadata_depth_conventions.md	Church2025:YPM-IZ-110716	User instruction, 2026-10-04	Physalia without an explicit depth record scored 0 m by user instruction; this does not establish beach collection.	data/sources/metadata_enrichment/physalia_depth_scoring.tsv	240		filled		all usable candidates agree
Church2025:YPM-IZ-110716	collection_depth_source	docs/metadata_depth_conventions.md	curator_scoring	docs/metadata_depth_conventions.md	Church2025:YPM-IZ-110716	User instruction, 2026-10-04	Physalia without an explicit depth record scored 0 m by user instruction; this does not establish beach collection.	data/sources/metadata_enrichment/physalia_depth_scoring.tsv	241	docs/metadata_depth_conventions.md	filled		combined collection-depth provenance
Church2025:YPM-IZ-110716	collection_depth_basis	curator_assigned_surface	curator_scoring	docs/metadata_depth_conventions.md	Church2025:YPM-IZ-110716	User instruction, 2026-10-04	Physalia without an explicit depth record scored 0 m by user instruction; this does not establish beach collection.	data/sources/metadata_enrichment/physalia_depth_scoring.tsv	242		filled		all usable candidates agree
Church2025:YPM-IZ-110726	depth_m	0	curator_scoring	docs/metadata_depth_conventions.md	Church2025:YPM-IZ-110726	User instruction, 2026-10-04	Physalia without an explicit depth record scored 0 m by user instruction; this does not establish beach collection.	data/sources/metadata_enrichment/physalia_depth_scoring.tsv	243		filled		all usable candidates agree
Church2025:YPM-IZ-110726	collection_depth_source	docs/metadata_depth_conventions.md	curator_scoring	docs/metadata_depth_conventions.md	Church2025:YPM-IZ-110726	User instruction, 2026-10-04	Physalia without an explicit depth record scored 0 m by user instruction; this does not establish beach collection.	data/sources/metadata_enrichment/physalia_depth_scoring.tsv	244	docs/metadata_depth_conventions.md	filled		combined collection-depth provenance
Church2025:YPM-IZ-110726	collection_depth_basis	curator_assigned_surface	curator_scoring	docs/metadata_depth_conventions.md	Church2025:YPM-IZ-110726	User instruction, 2026-10-04	Physalia without an explicit depth record scored 0 m by user instruction; this does not establish beach collection.	data/sources/metadata_enrichment/physalia_depth_scoring.tsv	245		filled		all usable candidates agree
Church2025:YPM-IZ-110738	depth_m	0	curator_scoring	docs/metadata_depth_conventions.md	Church2025:YPM-IZ-110738	User instruction, 2026-10-04	Physalia without an explicit depth record scored 0 m by user instruction; this does not establish beach collection.	data/sources/metadata_enrichment/physalia_depth_scoring.tsv	246		filled		all usable candidates agree
Church2025:YPM-IZ-110738	collection_depth_source	docs/metadata_depth_conventions.md	curator_scoring	docs/metadata_depth_conventions.md	Church2025:YPM-IZ-110738	User instruction, 2026-10-04	Physalia without an explicit depth record scored 0 m by user instruction; this does not establish beach collection.	data/sources/metadata_enrichment/physalia_depth_scoring.tsv	247	docs/metadata_depth_conventions.md	filled		combined collection-depth provenance
Church2025:YPM-IZ-110738	collection_depth_basis	curator_assigned_surface	curator_scoring	docs/metadata_depth_conventions.md	Church2025:YPM-IZ-110738	User instruction, 2026-10-04	Physalia without an explicit depth record scored 0 m by user instruction; this does not establish beach collection.	data/sources/metadata_enrichment/physalia_depth_scoring.tsv	248		filled		all usable candidates agree
Church2025:YPM-IZ-110777	depth_m	0	curator_scoring	docs/metadata_depth_conventions.md	Church2025:YPM-IZ-110777	User instruction, 2026-10-04	Physalia without an explicit depth record scored 0 m by user instruction; this does not establish beach collection.	data/sources/metadata_enrichment/physalia_depth_scoring.tsv	249		filled		all usable candidates agree
Church2025:YPM-IZ-110777	collection_depth_source	docs/metadata_depth_conventions.md	curator_scoring	docs/metadata_depth_conventions.md	Church2025:YPM-IZ-110777	User instruction, 2026-10-04	Physalia without an explicit depth record scored 0 m by user instruction; this does not establish beach collection.	data/sources/metadata_enrichment/physalia_depth_scoring.tsv	250	docs/metadata_depth_conventions.md	filled		combined collection-depth provenance
Church2025:YPM-IZ-110777	collection_depth_basis	curator_assigned_surface	curator_scoring	docs/metadata_depth_conventions.md	Church2025:YPM-IZ-110777	User instruction, 2026-10-04	Physalia without an explicit depth record scored 0 m by user instruction; this does not establish beach collection.	data/sources/metadata_enrichment/physalia_depth_scoring.tsv	251		filled		all usable candidates agree
Church2025:YPM-IZ-110780	depth_m	0	curator_scoring	docs/metadata_depth_conventions.md	Church2025:YPM-IZ-110780	User instruction, 2026-10-04	Physalia without an explicit depth record scored 0 m by user instruction; this does not establish beach collection.	data/sources/metadata_enrichment/physalia_depth_scoring.tsv	252		filled		all usable candidates agree
Church2025:YPM-IZ-110780	collection_depth_source	docs/metadata_depth_conventions.md	curator_scoring	docs/metadata_depth_conventions.md	Church2025:YPM-IZ-110780	User instruction, 2026-10-04	Physalia without an explicit depth record scored 0 m by user instruction; this does not establish beach collection.	data/sources/metadata_enrichment/physalia_depth_scoring.tsv	253	docs/metadata_depth_conventions.md	filled		combined collection-depth provenance
Church2025:YPM-IZ-110780	collection_depth_basis	curator_assigned_surface	curator_scoring	docs/metadata_depth_conventions.md	Church2025:YPM-IZ-110780	User instruction, 2026-10-04	Physalia without an explicit depth record scored 0 m by user instruction; this does not establish beach collection.	data/sources/metadata_enrichment/physalia_depth_scoring.tsv	254		filled		all usable candidates agree
Church2025:YPM-IZ-110785	depth_m	0	curator_scoring	docs/metadata_depth_conventions.md	Church2025:YPM-IZ-110785	User instruction, 2026-10-04	Physalia without an explicit depth record scored 0 m by user instruction; this does not establish beach collection.	data/sources/metadata_enrichment/physalia_depth_scoring.tsv	255		filled		all usable candidates agree
Church2025:YPM-IZ-110785	collection_depth_source	docs/metadata_depth_conventions.md	curator_scoring	docs/metadata_depth_conventions.md	Church2025:YPM-IZ-110785	User instruction, 2026-10-04	Physalia without an explicit depth record scored 0 m by user instruction; this does not establish beach collection.	data/sources/metadata_enrichment/physalia_depth_scoring.tsv	256	docs/metadata_depth_conventions.md	filled		combined collection-depth provenance
Church2025:YPM-IZ-110785	collection_depth_basis	curator_assigned_surface	curator_scoring	docs/metadata_depth_conventions.md	Church2025:YPM-IZ-110785	User instruction, 2026-10-04	Physalia without an explicit depth record scored 0 m by user instruction; this does not establish beach collection.	data/sources/metadata_enrichment/physalia_depth_scoring.tsv	257		filled		all usable candidates agree
Church2025:YPM-IZ-110786	depth_m	0	curator_scoring	docs/metadata_depth_conventions.md	Church2025:YPM-IZ-110786	User instruction, 2026-10-04	Physalia without an explicit depth record scored 0 m by user instruction; this does not establish beach collection.	data/sources/metadata_enrichment/physalia_depth_scoring.tsv	258		filled		all usable candidates agree
Church2025:YPM-IZ-110786	collection_depth_source	docs/metadata_depth_conventions.md	curator_scoring	docs/metadata_depth_conventions.md	Church2025:YPM-IZ-110786	User instruction, 2026-10-04	Physalia without an explicit depth record scored 0 m by user instruction; this does not establish beach collection.	data/sources/metadata_enrichment/physalia_depth_scoring.tsv	259	docs/metadata_depth_conventions.md	filled		combined collection-depth provenance
Church2025:YPM-IZ-110786	collection_depth_basis	curator_assigned_surface	curator_scoring	docs/metadata_depth_conventions.md	Church2025:YPM-IZ-110786	User instruction, 2026-10-04	Physalia without an explicit depth record scored 0 m by user instruction; this does not establish beach collection.	data/sources/metadata_enrichment/physalia_depth_scoring.tsv	260		filled		all usable candidates agree
Church2025:YPM-IZ-110828	depth_m	0	curator_scoring	docs/metadata_depth_conventions.md	Church2025:YPM-IZ-110828	User instruction, 2026-10-04	Physalia without an explicit depth record scored 0 m by user instruction; this does not establish beach collection.	data/sources/metadata_enrichment/physalia_depth_scoring.tsv	261		filled		all usable candidates agree
Church2025:YPM-IZ-110828	collection_depth_source	docs/metadata_depth_conventions.md	curator_scoring	docs/metadata_depth_conventions.md	Church2025:YPM-IZ-110828	User instruction, 2026-10-04	Physalia without an explicit depth record scored 0 m by user instruction; this does not establish beach collection.	data/sources/metadata_enrichment/physalia_depth_scoring.tsv	262	docs/metadata_depth_conventions.md	filled		combined collection-depth provenance
Church2025:YPM-IZ-110828	collection_depth_basis	curator_assigned_surface	curator_scoring	docs/metadata_depth_conventions.md	Church2025:YPM-IZ-110828	User instruction, 2026-10-04	Physalia without an explicit depth record scored 0 m by user instruction; this does not establish beach collection.	data/sources/metadata_enrichment/physalia_depth_scoring.tsv	263		filled		all usable candidates agree
Church2025:YPM-IZ-110829	depth_m	0	curator_scoring	docs/metadata_depth_conventions.md	Church2025:YPM-IZ-110829	User instruction, 2026-10-04	Physalia without an explicit depth record scored 0 m by user instruction; this does not establish beach collection.	data/sources/metadata_enrichment/physalia_depth_scoring.tsv	264		filled		all usable candidates agree
Church2025:YPM-IZ-110829	collection_depth_source	docs/metadata_depth_conventions.md	curator_scoring	docs/metadata_depth_conventions.md	Church2025:YPM-IZ-110829	User instruction, 2026-10-04	Physalia without an explicit depth record scored 0 m by user instruction; this does not establish beach collection.	data/sources/metadata_enrichment/physalia_depth_scoring.tsv	265	docs/metadata_depth_conventions.md	filled		combined collection-depth provenance
Church2025:YPM-IZ-110829	collection_depth_basis	curator_assigned_surface	curator_scoring	docs/metadata_depth_conventions.md	Church2025:YPM-IZ-110829	User instruction, 2026-10-04	Physalia without an explicit depth record scored 0 m by user instruction; this does not establish beach collection.	data/sources/metadata_enrichment/physalia_depth_scoring.tsv	266		filled		all usable candidates agree
Church2025:YPM-IZ-110830	depth_m	0	curator_scoring	docs/metadata_depth_conventions.md	Church2025:YPM-IZ-110830	User instruction, 2026-10-04	Physalia without an explicit depth record scored 0 m by user instruction; this does not establish beach collection.	data/sources/metadata_enrichment/physalia_depth_scoring.tsv	267		filled		all usable candidates agree
Church2025:YPM-IZ-110830	collection_depth_source	docs/metadata_depth_conventions.md	curator_scoring	docs/metadata_depth_conventions.md	Church2025:YPM-IZ-110830	User instruction, 2026-10-04	Physalia without an explicit depth record scored 0 m by user instruction; this does not establish beach collection.	data/sources/metadata_enrichment/physalia_depth_scoring.tsv	268	docs/metadata_depth_conventions.md	filled		combined collection-depth provenance
Church2025:YPM-IZ-110830	collection_depth_basis	curator_assigned_surface	curator_scoring	docs/metadata_depth_conventions.md	Church2025:YPM-IZ-110830	User instruction, 2026-10-04	Physalia without an explicit depth record scored 0 m by user instruction; this does not establish beach collection.	data/sources/metadata_enrichment/physalia_depth_scoring.tsv	269		filled		all usable candidates agree
Church2025:YPM-IZ-110842	depth_m	0	curator_scoring	docs/metadata_depth_conventions.md	Church2025:YPM-IZ-110842	User instruction, 2026-10-04	Physalia without an explicit depth record scored 0 m by user instruction; this does not establish beach collection.	data/sources/metadata_enrichment/physalia_depth_scoring.tsv	270		filled		all usable candidates agree
Church2025:YPM-IZ-110842	collection_depth_source	docs/metadata_depth_conventions.md	curator_scoring	docs/metadata_depth_conventions.md	Church2025:YPM-IZ-110842	User instruction, 2026-10-04	Physalia without an explicit depth record scored 0 m by user instruction; this does not establish beach collection.	data/sources/metadata_enrichment/physalia_depth_scoring.tsv	271	docs/metadata_depth_conventions.md	filled		combined collection-depth provenance
Church2025:YPM-IZ-110842	collection_depth_basis	curator_assigned_surface	curator_scoring	docs/metadata_depth_conventions.md	Church2025:YPM-IZ-110842	User instruction, 2026-10-04	Physalia without an explicit depth record scored 0 m by user instruction; this does not establish beach collection.	data/sources/metadata_enrichment/physalia_depth_scoring.tsv	272		filled		all usable candidates agree
Church2025:YPM-IZ-110843	depth_m	0	curator_scoring	docs/metadata_depth_conventions.md	Church2025:YPM-IZ-110843	User instruction, 2026-10-04	Physalia without an explicit depth record scored 0 m by user instruction; this does not establish beach collection.	data/sources/metadata_enrichment/physalia_depth_scoring.tsv	273		filled		all usable candidates agree
Church2025:YPM-IZ-110843	collection_depth_source	docs/metadata_depth_conventions.md	curator_scoring	docs/metadata_depth_conventions.md	Church2025:YPM-IZ-110843	User instruction, 2026-10-04	Physalia without an explicit depth record scored 0 m by user instruction; this does not establish beach collection.	data/sources/metadata_enrichment/physalia_depth_scoring.tsv	274	docs/metadata_depth_conventions.md	filled		combined collection-depth provenance
Church2025:YPM-IZ-110843	collection_depth_basis	curator_assigned_surface	curator_scoring	docs/metadata_depth_conventions.md	Church2025:YPM-IZ-110843	User instruction, 2026-10-04	Physalia without an explicit depth record scored 0 m by user instruction; this does not establish beach collection.	data/sources/metadata_enrichment/physalia_depth_scoring.tsv	275		filled		all usable candidates agree
Church2025:YPM-IZ-110844	depth_m	0	curator_scoring	docs/metadata_depth_conventions.md	Church2025:YPM-IZ-110844	User instruction, 2026-10-04	Physalia without an explicit depth record scored 0 m by user instruction; this does not establish beach collection.	data/sources/metadata_enrichment/physalia_depth_scoring.tsv	276		filled		all usable candidates agree
Church2025:YPM-IZ-110844	collection_depth_source	docs/metadata_depth_conventions.md	curator_scoring	docs/metadata_depth_conventions.md	Church2025:YPM-IZ-110844	User instruction, 2026-10-04	Physalia without an explicit depth record scored 0 m by user instruction; this does not establish beach collection.	data/sources/metadata_enrichment/physalia_depth_scoring.tsv	277	docs/metadata_depth_conventions.md	filled		combined collection-depth provenance
Church2025:YPM-IZ-110844	collection_depth_basis	curator_assigned_surface	curator_scoring	docs/metadata_depth_conventions.md	Church2025:YPM-IZ-110844	User instruction, 2026-10-04	Physalia without an explicit depth record scored 0 m by user instruction; this does not establish beach collection.	data/sources/metadata_enrichment/physalia_depth_scoring.tsv	278		filled		all usable candidates agree
Church2025:YPM-IZ-110845	depth_m	0	curator_scoring	docs/metadata_depth_conventions.md	Church2025:YPM-IZ-110845	User instruction, 2026-10-04	Physalia without an explicit depth record scored 0 m by user instruction; this does not establish beach collection.	data/sources/metadata_enrichment/physalia_depth_scoring.tsv	279		filled		all usable candidates agree
Church2025:YPM-IZ-110845	collection_depth_source	docs/metadata_depth_conventions.md	curator_scoring	docs/metadata_depth_conventions.md	Church2025:YPM-IZ-110845	User instruction, 2026-10-04	Physalia without an explicit depth record scored 0 m by user instruction; this does not establish beach collection.	data/sources/metadata_enrichment/physalia_depth_scoring.tsv	280	docs/metadata_depth_conventions.md	filled		combined collection-depth provenance
Church2025:YPM-IZ-110845	collection_depth_basis	curator_assigned_surface	curator_scoring	docs/metadata_depth_conventions.md	Church2025:YPM-IZ-110845	User instruction, 2026-10-04	Physalia without an explicit depth record scored 0 m by user instruction; this does not establish beach collection.	data/sources/metadata_enrichment/physalia_depth_scoring.tsv	281		filled		all usable candidates agree
Church2025:YPM-IZ-110846	depth_m	0	curator_scoring	docs/metadata_depth_conventions.md	Church2025:YPM-IZ-110846	User instruction, 2026-10-04	Physalia without an explicit depth record scored 0 m by user instruction; this does not establish beach collection.	data/sources/metadata_enrichment/physalia_depth_scoring.tsv	282		filled		all usable candidates agree
Church2025:YPM-IZ-110846	collection_depth_source	docs/metadata_depth_conventions.md	curator_scoring	docs/metadata_depth_conventions.md	Church2025:YPM-IZ-110846	User instruction, 2026-10-04	Physalia without an explicit depth record scored 0 m by user instruction; this does not establish beach collection.	data/sources/metadata_enrichment/physalia_depth_scoring.tsv	283	docs/metadata_depth_conventions.md	filled		combined collection-depth provenance
Church2025:YPM-IZ-110846	collection_depth_basis	curator_assigned_surface	curator_scoring	docs/metadata_depth_conventions.md	Church2025:YPM-IZ-110846	User instruction, 2026-10-04	Physalia without an explicit depth record scored 0 m by user instruction; this does not establish beach collection.	data/sources/metadata_enrichment/physalia_depth_scoring.tsv	284		filled		all usable candidates agree
Church2025:YPM-IZ-110847	depth_m	0	curator_scoring	docs/metadata_depth_conventions.md	Church2025:YPM-IZ-110847	User instruction, 2026-10-04	Physalia without an explicit depth record scored 0 m by user instruction; this does not establish beach collection.	data/sources/metadata_enrichment/physalia_depth_scoring.tsv	285		filled		all usable candidates agree
Church2025:YPM-IZ-110847	collection_depth_source	docs/metadata_depth_conventions.md	curator_scoring	docs/metadata_depth_conventions.md	Church2025:YPM-IZ-110847	User instruction, 2026-10-04	Physalia without an explicit depth record scored 0 m by user instruction; this does not establish beach collection.	data/sources/metadata_enrichment/physalia_depth_scoring.tsv	286	docs/metadata_depth_conventions.md	filled		combined collection-depth provenance
Church2025:YPM-IZ-110847	collection_depth_basis	curator_assigned_surface	curator_scoring	docs/metadata_depth_conventions.md	Church2025:YPM-IZ-110847	User instruction, 2026-10-04	Physalia without an explicit depth record scored 0 m by user instruction; this does not establish beach collection.	data/sources/metadata_enrichment/physalia_depth_scoring.tsv	287		filled		all usable candidates agree
Church2025:YPM-IZ-110876	depth_m	0	curator_scoring	docs/metadata_depth_conventions.md	Church2025:YPM-IZ-110876	User instruction, 2026-10-04	Physalia without an explicit depth record scored 0 m by user instruction; this does not establish beach collection.	data/sources/metadata_enrichment/physalia_depth_scoring.tsv	288		filled		all usable candidates agree
Church2025:YPM-IZ-110876	collection_depth_source	docs/metadata_depth_conventions.md	curator_scoring	docs/metadata_depth_conventions.md	Church2025:YPM-IZ-110876	User instruction, 2026-10-04	Physalia without an explicit depth record scored 0 m by user instruction; this does not establish beach collection.	data/sources/metadata_enrichment/physalia_depth_scoring.tsv	289	docs/metadata_depth_conventions.md	filled		combined collection-depth provenance
Church2025:YPM-IZ-110876	collection_depth_basis	curator_assigned_surface	curator_scoring	docs/metadata_depth_conventions.md	Church2025:YPM-IZ-110876	User instruction, 2026-10-04	Physalia without an explicit depth record scored 0 m by user instruction; this does not establish beach collection.	data/sources/metadata_enrichment/physalia_depth_scoring.tsv	290		filled		all usable candidates agree
Church2025:YPM-IZ-110877	depth_m	0	curator_scoring	docs/metadata_depth_conventions.md	Church2025:YPM-IZ-110877	User instruction, 2026-10-04	Physalia without an explicit depth record scored 0 m by user instruction; this does not establish beach collection.	data/sources/metadata_enrichment/physalia_depth_scoring.tsv	291		filled		all usable candidates agree
Church2025:YPM-IZ-110877	collection_depth_source	docs/metadata_depth_conventions.md	curator_scoring	docs/metadata_depth_conventions.md	Church2025:YPM-IZ-110877	User instruction, 2026-10-04	Physalia without an explicit depth record scored 0 m by user instruction; this does not establish beach collection.	data/sources/metadata_enrichment/physalia_depth_scoring.tsv	292	docs/metadata_depth_conventions.md	filled		combined collection-depth provenance
Church2025:YPM-IZ-110877	collection_depth_basis	curator_assigned_surface	curator_scoring	docs/metadata_depth_conventions.md	Church2025:YPM-IZ-110877	User instruction, 2026-10-04	Physalia without an explicit depth record scored 0 m by user instruction; this does not establish beach collection.	data/sources/metadata_enrichment/physalia_depth_scoring.tsv	293		filled		all usable candidates agree
Church2025:YPM-IZ-110878	depth_m	0	curator_scoring	docs/metadata_depth_conventions.md	Church2025:YPM-IZ-110878	User instruction, 2026-10-04	Physalia without an explicit depth record scored 0 m by user instruction; this does not establish beach collection.	data/sources/metadata_enrichment/physalia_depth_scoring.tsv	294		filled		all usable candidates agree
Church2025:YPM-IZ-110878	collection_depth_source	docs/metadata_depth_conventions.md	curator_scoring	docs/metadata_depth_conventions.md	Church2025:YPM-IZ-110878	User instruction, 2026-10-04	Physalia without an explicit depth record scored 0 m by user instruction; this does not establish beach collection.	data/sources/metadata_enrichment/physalia_depth_scoring.tsv	295	docs/metadata_depth_conventions.md	filled		combined collection-depth provenance
Church2025:YPM-IZ-110878	collection_depth_basis	curator_assigned_surface	curator_scoring	docs/metadata_depth_conventions.md	Church2025:YPM-IZ-110878	User instruction, 2026-10-04	Physalia without an explicit depth record scored 0 m by user instruction; this does not establish beach collection.	data/sources/metadata_enrichment/physalia_depth_scoring.tsv	296		filled		all usable candidates agree
Church2025:YPM-IZ-110880	depth_m	0	curator_scoring	docs/metadata_depth_conventions.md	Church2025:YPM-IZ-110880	User instruction, 2026-10-04	Physalia without an explicit depth record scored 0 m by user instruction; this does not establish beach collection.	data/sources/metadata_enrichment/physalia_depth_scoring.tsv	297		filled		all usable candidates agree
Church2025:YPM-IZ-110880	collection_depth_source	docs/metadata_depth_conventions.md	curator_scoring	docs/metadata_depth_conventions.md	Church2025:YPM-IZ-110880	User instruction, 2026-10-04	Physalia without an explicit depth record scored 0 m by user instruction; this does not establish beach collection.	data/sources/metadata_enrichment/physalia_depth_scoring.tsv	298	docs/metadata_depth_conventions.md	filled		combined collection-depth provenance
Church2025:YPM-IZ-110880	collection_depth_basis	curator_assigned_surface	curator_scoring	docs/metadata_depth_conventions.md	Church2025:YPM-IZ-110880	User instruction, 2026-10-04	Physalia without an explicit depth record scored 0 m by user instruction; this does not establish beach collection.	data/sources/metadata_enrichment/physalia_depth_scoring.tsv	299		filled		all usable candidates agree
Church2025:YPM-IZ-110881	depth_m	0	curator_scoring	docs/metadata_depth_conventions.md	Church2025:YPM-IZ-110881	User instruction, 2026-10-04	Physalia without an explicit depth record scored 0 m by user instruction; this does not establish beach collection.	data/sources/metadata_enrichment/physalia_depth_scoring.tsv	300		filled		all usable candidates agree
Church2025:YPM-IZ-110881	collection_depth_source	docs/metadata_depth_conventions.md	curator_scoring	docs/metadata_depth_conventions.md	Church2025:YPM-IZ-110881	User instruction, 2026-10-04	Physalia without an explicit depth record scored 0 m by user instruction; this does not establish beach collection.	data/sources/metadata_enrichment/physalia_depth_scoring.tsv	301	docs/metadata_depth_conventions.md	filled		combined collection-depth provenance
Church2025:YPM-IZ-110881	collection_depth_basis	curator_assigned_surface	curator_scoring	docs/metadata_depth_conventions.md	Church2025:YPM-IZ-110881	User instruction, 2026-10-04	Physalia without an explicit depth record scored 0 m by user instruction; this does not establish beach collection.	data/sources/metadata_enrichment/physalia_depth_scoring.tsv	302		filled		all usable candidates agree
Church2025:YPM-IZ-110882	depth_m	0	curator_scoring	docs/metadata_depth_conventions.md	Church2025:YPM-IZ-110882	User instruction, 2026-10-04	Physalia without an explicit depth record scored 0 m by user instruction; this does not establish beach collection.	data/sources/metadata_enrichment/physalia_depth_scoring.tsv	303		filled		all usable candidates agree
Church2025:YPM-IZ-110882	collection_depth_source	docs/metadata_depth_conventions.md	curator_scoring	docs/metadata_depth_conventions.md	Church2025:YPM-IZ-110882	User instruction, 2026-10-04	Physalia without an explicit depth record scored 0 m by user instruction; this does not establish beach collection.	data/sources/metadata_enrichment/physalia_depth_scoring.tsv	304	docs/metadata_depth_conventions.md	filled		combined collection-depth provenance
Church2025:YPM-IZ-110882	collection_depth_basis	curator_assigned_surface	curator_scoring	docs/metadata_depth_conventions.md	Church2025:YPM-IZ-110882	User instruction, 2026-10-04	Physalia without an explicit depth record scored 0 m by user instruction; this does not establish beach collection.	data/sources/metadata_enrichment/physalia_depth_scoring.tsv	305		filled		all usable candidates agree
Church2025:YPM-IZ-110883	depth_m	0	curator_scoring	docs/metadata_depth_conventions.md	Church2025:YPM-IZ-110883	User instruction, 2026-10-04	Physalia without an explicit depth record scored 0 m by user instruction; this does not establish beach collection.	data/sources/metadata_enrichment/physalia_depth_scoring.tsv	306		filled		all usable candidates agree
Church2025:YPM-IZ-110883	collection_depth_source	docs/metadata_depth_conventions.md	curator_scoring	docs/metadata_depth_conventions.md	Church2025:YPM-IZ-110883	User instruction, 2026-10-04	Physalia without an explicit depth record scored 0 m by user instruction; this does not establish beach collection.	data/sources/metadata_enrichment/physalia_depth_scoring.tsv	307	docs/metadata_depth_conventions.md	filled		combined collection-depth provenance
Church2025:YPM-IZ-110883	collection_depth_basis	curator_assigned_surface	curator_scoring	docs/metadata_depth_conventions.md	Church2025:YPM-IZ-110883	User instruction, 2026-10-04	Physalia without an explicit depth record scored 0 m by user instruction; this does not establish beach collection.	data/sources/metadata_enrichment/physalia_depth_scoring.tsv	308		filled		all usable candidates agree
Church2025:YPM-IZ-110906	depth_m	0	curator_scoring	docs/metadata_depth_conventions.md	Church2025:YPM-IZ-110906	User instruction, 2026-10-04	Physalia without an explicit depth record scored 0 m by user instruction; this does not establish beach collection.	data/sources/metadata_enrichment/physalia_depth_scoring.tsv	309		filled		all usable candidates agree
Church2025:YPM-IZ-110906	collection_depth_source	docs/metadata_depth_conventions.md	curator_scoring	docs/metadata_depth_conventions.md	Church2025:YPM-IZ-110906	User instruction, 2026-10-04	Physalia without an explicit depth record scored 0 m by user instruction; this does not establish beach collection.	data/sources/metadata_enrichment/physalia_depth_scoring.tsv	310	docs/metadata_depth_conventions.md	filled		combined collection-depth provenance
Church2025:YPM-IZ-110906	collection_depth_basis	curator_assigned_surface	curator_scoring	docs/metadata_depth_conventions.md	Church2025:YPM-IZ-110906	User instruction, 2026-10-04	Physalia without an explicit depth record scored 0 m by user instruction; this does not establish beach collection.	data/sources/metadata_enrichment/physalia_depth_scoring.tsv	311		filled		all usable candidates agree
Church2025:YPM-IZ-110907	depth_m	0	curator_scoring	docs/metadata_depth_conventions.md	Church2025:YPM-IZ-110907	User instruction, 2026-10-04	Physalia without an explicit depth record scored 0 m by user instruction; this does not establish beach collection.	data/sources/metadata_enrichment/physalia_depth_scoring.tsv	312		filled		all usable candidates agree
Church2025:YPM-IZ-110907	collection_depth_source	docs/metadata_depth_conventions.md	curator_scoring	docs/metadata_depth_conventions.md	Church2025:YPM-IZ-110907	User instruction, 2026-10-04	Physalia without an explicit depth record scored 0 m by user instruction; this does not establish beach collection.	data/sources/metadata_enrichment/physalia_depth_scoring.tsv	313	docs/metadata_depth_conventions.md	filled		combined collection-depth provenance
Church2025:YPM-IZ-110907	collection_depth_basis	curator_assigned_surface	curator_scoring	docs/metadata_depth_conventions.md	Church2025:YPM-IZ-110907	User instruction, 2026-10-04	Physalia without an explicit depth record scored 0 m by user instruction; this does not establish beach collection.	data/sources/metadata_enrichment/physalia_depth_scoring.tsv	314		filled		all usable candidates agree
Church2025:YPM-IZ-110925	depth_m	0	curator_scoring	docs/metadata_depth_conventions.md	Church2025:YPM-IZ-110925	User instruction, 2026-10-04	Physalia without an explicit depth record scored 0 m by user instruction; this does not establish beach collection.	data/sources/metadata_enrichment/physalia_depth_scoring.tsv	315		filled		all usable candidates agree
Church2025:YPM-IZ-110925	collection_depth_source	docs/metadata_depth_conventions.md	curator_scoring	docs/metadata_depth_conventions.md	Church2025:YPM-IZ-110925	User instruction, 2026-10-04	Physalia without an explicit depth record scored 0 m by user instruction; this does not establish beach collection.	data/sources/metadata_enrichment/physalia_depth_scoring.tsv	316	docs/metadata_depth_conventions.md	filled		combined collection-depth provenance
Church2025:YPM-IZ-110925	collection_depth_basis	curator_assigned_surface	curator_scoring	docs/metadata_depth_conventions.md	Church2025:YPM-IZ-110925	User instruction, 2026-10-04	Physalia without an explicit depth record scored 0 m by user instruction; this does not establish beach collection.	data/sources/metadata_enrichment/physalia_depth_scoring.tsv	317		filled		all usable candidates agree
Church2025:YPM-IZ-110926	depth_m	0	curator_scoring	docs/metadata_depth_conventions.md	Church2025:YPM-IZ-110926	User instruction, 2026-10-04	Physalia without an explicit depth record scored 0 m by user instruction; this does not establish beach collection.	data/sources/metadata_enrichment/physalia_depth_scoring.tsv	318		filled		all usable candidates agree
Church2025:YPM-IZ-110926	collection_depth_source	docs/metadata_depth_conventions.md	curator_scoring	docs/metadata_depth_conventions.md	Church2025:YPM-IZ-110926	User instruction, 2026-10-04	Physalia without an explicit depth record scored 0 m by user instruction; this does not establish beach collection.	data/sources/metadata_enrichment/physalia_depth_scoring.tsv	319	docs/metadata_depth_conventions.md	filled		combined collection-depth provenance
Church2025:YPM-IZ-110926	collection_depth_basis	curator_assigned_surface	curator_scoring	docs/metadata_depth_conventions.md	Church2025:YPM-IZ-110926	User instruction, 2026-10-04	Physalia without an explicit depth record scored 0 m by user instruction; this does not establish beach collection.	data/sources/metadata_enrichment/physalia_depth_scoring.tsv	320		filled		all usable candidates agree
Church2025:YPM-IZ-110930	depth_m	0	curator_scoring	docs/metadata_depth_conventions.md	Church2025:YPM-IZ-110930	User instruction, 2026-10-04	Physalia without an explicit depth record scored 0 m by user instruction; this does not establish beach collection.	data/sources/metadata_enrichment/physalia_depth_scoring.tsv	321		filled		all usable candidates agree
Church2025:YPM-IZ-110930	collection_depth_source	docs/metadata_depth_conventions.md	curator_scoring	docs/metadata_depth_conventions.md	Church2025:YPM-IZ-110930	User instruction, 2026-10-04	Physalia without an explicit depth record scored 0 m by user instruction; this does not establish beach collection.	data/sources/metadata_enrichment/physalia_depth_scoring.tsv	322	docs/metadata_depth_conventions.md	filled		combined collection-depth provenance
Church2025:YPM-IZ-110930	collection_depth_basis	curator_assigned_surface	curator_scoring	docs/metadata_depth_conventions.md	Church2025:YPM-IZ-110930	User instruction, 2026-10-04	Physalia without an explicit depth record scored 0 m by user instruction; this does not establish beach collection.	data/sources/metadata_enrichment/physalia_depth_scoring.tsv	323		filled		all usable candidates agree
Church2025:YPM-IZ-110931	depth_m	0	curator_scoring	docs/metadata_depth_conventions.md	Church2025:YPM-IZ-110931	User instruction, 2026-10-04	Physalia without an explicit depth record scored 0 m by user instruction; this does not establish beach collection.	data/sources/metadata_enrichment/physalia_depth_scoring.tsv	324		filled		all usable candidates agree
Church2025:YPM-IZ-110931	collection_depth_source	docs/metadata_depth_conventions.md	curator_scoring	docs/metadata_depth_conventions.md	Church2025:YPM-IZ-110931	User instruction, 2026-10-04	Physalia without an explicit depth record scored 0 m by user instruction; this does not establish beach collection.	data/sources/metadata_enrichment/physalia_depth_scoring.tsv	325	docs/metadata_depth_conventions.md	filled		combined collection-depth provenance
Church2025:YPM-IZ-110931	collection_depth_basis	curator_assigned_surface	curator_scoring	docs/metadata_depth_conventions.md	Church2025:YPM-IZ-110931	User instruction, 2026-10-04	Physalia without an explicit depth record scored 0 m by user instruction; this does not establish beach collection.	data/sources/metadata_enrichment/physalia_depth_scoring.tsv	326		filled		all usable candidates agree
Church2025:YPM-IZ-110933	depth_m	0	curator_scoring	docs/metadata_depth_conventions.md	Church2025:YPM-IZ-110933	User instruction, 2026-10-04	Physalia without an explicit depth record scored 0 m by user instruction; this does not establish beach collection.	data/sources/metadata_enrichment/physalia_depth_scoring.tsv	327		filled		all usable candidates agree
Church2025:YPM-IZ-110933	collection_depth_source	docs/metadata_depth_conventions.md	curator_scoring	docs/metadata_depth_conventions.md	Church2025:YPM-IZ-110933	User instruction, 2026-10-04	Physalia without an explicit depth record scored 0 m by user instruction; this does not establish beach collection.	data/sources/metadata_enrichment/physalia_depth_scoring.tsv	328	docs/metadata_depth_conventions.md	filled		combined collection-depth provenance
Church2025:YPM-IZ-110933	collection_depth_basis	curator_assigned_surface	curator_scoring	docs/metadata_depth_conventions.md	Church2025:YPM-IZ-110933	User instruction, 2026-10-04	Physalia without an explicit depth record scored 0 m by user instruction; this does not establish beach collection.	data/sources/metadata_enrichment/physalia_depth_scoring.tsv	329		filled		all usable candidates agree
Church2025:YPM-IZ-110937	depth_m	0	curator_scoring	docs/metadata_depth_conventions.md	Church2025:YPM-IZ-110937	User instruction, 2026-10-04	Physalia without an explicit depth record scored 0 m by user instruction; this does not establish beach collection.	data/sources/metadata_enrichment/physalia_depth_scoring.tsv	330		filled		all usable candidates agree
Church2025:YPM-IZ-110937	collection_depth_source	docs/metadata_depth_conventions.md	curator_scoring	docs/metadata_depth_conventions.md	Church2025:YPM-IZ-110937	User instruction, 2026-10-04	Physalia without an explicit depth record scored 0 m by user instruction; this does not establish beach collection.	data/sources/metadata_enrichment/physalia_depth_scoring.tsv	331	docs/metadata_depth_conventions.md	filled		combined collection-depth provenance
Church2025:YPM-IZ-110937	collection_depth_basis	curator_assigned_surface	curator_scoring	docs/metadata_depth_conventions.md	Church2025:YPM-IZ-110937	User instruction, 2026-10-04	Physalia without an explicit depth record scored 0 m by user instruction; this does not establish beach collection.	data/sources/metadata_enrichment/physalia_depth_scoring.tsv	332		filled		all usable candidates agree
Church2025:YPM-IZ-110938	depth_m	0	curator_scoring	docs/metadata_depth_conventions.md	Church2025:YPM-IZ-110938	User instruction, 2026-10-04	Physalia without an explicit depth record scored 0 m by user instruction; this does not establish beach collection.	data/sources/metadata_enrichment/physalia_depth_scoring.tsv	333		filled		all usable candidates agree
Church2025:YPM-IZ-110938	collection_depth_source	docs/metadata_depth_conventions.md	curator_scoring	docs/metadata_depth_conventions.md	Church2025:YPM-IZ-110938	User instruction, 2026-10-04	Physalia without an explicit depth record scored 0 m by user instruction; this does not establish beach collection.	data/sources/metadata_enrichment/physalia_depth_scoring.tsv	334	docs/metadata_depth_conventions.md	filled		combined collection-depth provenance
Church2025:YPM-IZ-110938	collection_depth_basis	curator_assigned_surface	curator_scoring	docs/metadata_depth_conventions.md	Church2025:YPM-IZ-110938	User instruction, 2026-10-04	Physalia without an explicit depth record scored 0 m by user instruction; this does not establish beach collection.	data/sources/metadata_enrichment/physalia_depth_scoring.tsv	335		filled		all usable candidates agree
Church2025:YPM-IZ-110943	depth_m	0	curator_scoring	docs/metadata_depth_conventions.md	Church2025:YPM-IZ-110943	User instruction, 2026-10-04	Physalia without an explicit depth record scored 0 m by user instruction; this does not establish beach collection.	data/sources/metadata_enrichment/physalia_depth_scoring.tsv	336		filled		all usable candidates agree
Church2025:YPM-IZ-110943	collection_depth_source	docs/metadata_depth_conventions.md	curator_scoring	docs/metadata_depth_conventions.md	Church2025:YPM-IZ-110943	User instruction, 2026-10-04	Physalia without an explicit depth record scored 0 m by user instruction; this does not establish beach collection.	data/sources/metadata_enrichment/physalia_depth_scoring.tsv	337	docs/metadata_depth_conventions.md	filled		combined collection-depth provenance
Church2025:YPM-IZ-110943	collection_depth_basis	curator_assigned_surface	curator_scoring	docs/metadata_depth_conventions.md	Church2025:YPM-IZ-110943	User instruction, 2026-10-04	Physalia without an explicit depth record scored 0 m by user instruction; this does not establish beach collection.	data/sources/metadata_enrichment/physalia_depth_scoring.tsv	338		filled		all usable candidates agree
Church2025:YPM-IZ-110972	depth_m	0	curator_scoring	docs/metadata_depth_conventions.md	Church2025:YPM-IZ-110972	User instruction, 2026-10-04	Physalia without an explicit depth record scored 0 m by user instruction; this does not establish beach collection.	data/sources/metadata_enrichment/physalia_depth_scoring.tsv	339		filled		all usable candidates agree
Church2025:YPM-IZ-110972	collection_depth_source	docs/metadata_depth_conventions.md	curator_scoring	docs/metadata_depth_conventions.md	Church2025:YPM-IZ-110972	User instruction, 2026-10-04	Physalia without an explicit depth record scored 0 m by user instruction; this does not establish beach collection.	data/sources/metadata_enrichment/physalia_depth_scoring.tsv	340	docs/metadata_depth_conventions.md	filled		combined collection-depth provenance
Church2025:YPM-IZ-110972	collection_depth_basis	curator_assigned_surface	curator_scoring	docs/metadata_depth_conventions.md	Church2025:YPM-IZ-110972	User instruction, 2026-10-04	Physalia without an explicit depth record scored 0 m by user instruction; this does not establish beach collection.	data/sources/metadata_enrichment/physalia_depth_scoring.tsv	341		filled		all usable candidates agree
Church2025:YPM-IZ-111006	depth_m	0	curator_scoring	docs/metadata_depth_conventions.md	Church2025:YPM-IZ-111006	User instruction, 2026-10-04	Physalia without an explicit depth record scored 0 m by user instruction; this does not establish beach collection.	data/sources/metadata_enrichment/physalia_depth_scoring.tsv	342		filled		all usable candidates agree
Church2025:YPM-IZ-111006	collection_depth_source	docs/metadata_depth_conventions.md	curator_scoring	docs/metadata_depth_conventions.md	Church2025:YPM-IZ-111006	User instruction, 2026-10-04	Physalia without an explicit depth record scored 0 m by user instruction; this does not establish beach collection.	data/sources/metadata_enrichment/physalia_depth_scoring.tsv	343	docs/metadata_depth_conventions.md	filled		combined collection-depth provenance
Church2025:YPM-IZ-111006	collection_depth_basis	curator_assigned_surface	curator_scoring	docs/metadata_depth_conventions.md	Church2025:YPM-IZ-111006	User instruction, 2026-10-04	Physalia without an explicit depth record scored 0 m by user instruction; this does not establish beach collection.	data/sources/metadata_enrichment/physalia_depth_scoring.tsv	344		filled		all usable candidates agree
Church2025:YPM-IZ-111007	depth_m	0	curator_scoring	docs/metadata_depth_conventions.md	Church2025:YPM-IZ-111007	User instruction, 2026-10-04	Physalia without an explicit depth record scored 0 m by user instruction; this does not establish beach collection.	data/sources/metadata_enrichment/physalia_depth_scoring.tsv	345		filled		all usable candidates agree
Church2025:YPM-IZ-111007	collection_depth_source	docs/metadata_depth_conventions.md	curator_scoring	docs/metadata_depth_conventions.md	Church2025:YPM-IZ-111007	User instruction, 2026-10-04	Physalia without an explicit depth record scored 0 m by user instruction; this does not establish beach collection.	data/sources/metadata_enrichment/physalia_depth_scoring.tsv	346	docs/metadata_depth_conventions.md	filled		combined collection-depth provenance
Church2025:YPM-IZ-111007	collection_depth_basis	curator_assigned_surface	curator_scoring	docs/metadata_depth_conventions.md	Church2025:YPM-IZ-111007	User instruction, 2026-10-04	Physalia without an explicit depth record scored 0 m by user instruction; this does not establish beach collection.	data/sources/metadata_enrichment/physalia_depth_scoring.tsv	347		filled		all usable candidates agree
Church2025:YPM-IZ-111008	depth_m	0	curator_scoring	docs/metadata_depth_conventions.md	Church2025:YPM-IZ-111008	User instruction, 2026-10-04	Physalia without an explicit depth record scored 0 m by user instruction; this does not establish beach collection.	data/sources/metadata_enrichment/physalia_depth_scoring.tsv	348		filled		all usable candidates agree
Church2025:YPM-IZ-111008	collection_depth_source	docs/metadata_depth_conventions.md	curator_scoring	docs/metadata_depth_conventions.md	Church2025:YPM-IZ-111008	User instruction, 2026-10-04	Physalia without an explicit depth record scored 0 m by user instruction; this does not establish beach collection.	data/sources/metadata_enrichment/physalia_depth_scoring.tsv	349	docs/metadata_depth_conventions.md	filled		combined collection-depth provenance
Church2025:YPM-IZ-111008	collection_depth_basis	curator_assigned_surface	curator_scoring	docs/metadata_depth_conventions.md	Church2025:YPM-IZ-111008	User instruction, 2026-10-04	Physalia without an explicit depth record scored 0 m by user instruction; this does not establish beach collection.	data/sources/metadata_enrichment/physalia_depth_scoring.tsv	350		filled		all usable candidates agree
Church2025:YPM-IZ-111009	depth_m	0	curator_scoring	docs/metadata_depth_conventions.md	Church2025:YPM-IZ-111009	User instruction, 2026-10-04	Physalia without an explicit depth record scored 0 m by user instruction; this does not establish beach collection.	data/sources/metadata_enrichment/physalia_depth_scoring.tsv	351		filled		all usable candidates agree
Church2025:YPM-IZ-111009	collection_depth_source	docs/metadata_depth_conventions.md	curator_scoring	docs/metadata_depth_conventions.md	Church2025:YPM-IZ-111009	User instruction, 2026-10-04	Physalia without an explicit depth record scored 0 m by user instruction; this does not establish beach collection.	data/sources/metadata_enrichment/physalia_depth_scoring.tsv	352	docs/metadata_depth_conventions.md	filled		combined collection-depth provenance
Church2025:YPM-IZ-111009	collection_depth_basis	curator_assigned_surface	curator_scoring	docs/metadata_depth_conventions.md	Church2025:YPM-IZ-111009	User instruction, 2026-10-04	Physalia without an explicit depth record scored 0 m by user instruction; this does not establish beach collection.	data/sources/metadata_enrichment/physalia_depth_scoring.tsv	353		filled		all usable candidates agree
Church2025:YPM-IZ-111010	depth_m	0	curator_scoring	docs/metadata_depth_conventions.md	Church2025:YPM-IZ-111010	User instruction, 2026-10-04	Physalia without an explicit depth record scored 0 m by user instruction; this does not establish beach collection.	data/sources/metadata_enrichment/physalia_depth_scoring.tsv	354		filled		all usable candidates agree
Church2025:YPM-IZ-111010	collection_depth_source	docs/metadata_depth_conventions.md	curator_scoring	docs/metadata_depth_conventions.md	Church2025:YPM-IZ-111010	User instruction, 2026-10-04	Physalia without an explicit depth record scored 0 m by user instruction; this does not establish beach collection.	data/sources/metadata_enrichment/physalia_depth_scoring.tsv	355	docs/metadata_depth_conventions.md	filled		combined collection-depth provenance
Church2025:YPM-IZ-111010	collection_depth_basis	curator_assigned_surface	curator_scoring	docs/metadata_depth_conventions.md	Church2025:YPM-IZ-111010	User instruction, 2026-10-04	Physalia without an explicit depth record scored 0 m by user instruction; this does not establish beach collection.	data/sources/metadata_enrichment/physalia_depth_scoring.tsv	356		filled		all usable candidates agree
Church2025:YPM-IZ-111012	depth_m	0	curator_scoring	docs/metadata_depth_conventions.md	Church2025:YPM-IZ-111012	User instruction, 2026-10-04	Physalia without an explicit depth record scored 0 m by user instruction; this does not establish beach collection.	data/sources/metadata_enrichment/physalia_depth_scoring.tsv	357		filled		all usable candidates agree
Church2025:YPM-IZ-111012	collection_depth_source	docs/metadata_depth_conventions.md	curator_scoring	docs/metadata_depth_conventions.md	Church2025:YPM-IZ-111012	User instruction, 2026-10-04	Physalia without an explicit depth record scored 0 m by user instruction; this does not establish beach collection.	data/sources/metadata_enrichment/physalia_depth_scoring.tsv	358	docs/metadata_depth_conventions.md	filled		combined collection-depth provenance
Church2025:YPM-IZ-111012	collection_depth_basis	curator_assigned_surface	curator_scoring	docs/metadata_depth_conventions.md	Church2025:YPM-IZ-111012	User instruction, 2026-10-04	Physalia without an explicit depth record scored 0 m by user instruction; this does not establish beach collection.	data/sources/metadata_enrichment/physalia_depth_scoring.tsv	359		filled		all usable candidates agree
Church2025:YPM-IZ-111013	depth_m	0	curator_scoring	docs/metadata_depth_conventions.md	Church2025:YPM-IZ-111013	User instruction, 2026-10-04	Physalia without an explicit depth record scored 0 m by user instruction; this does not establish beach collection.	data/sources/metadata_enrichment/physalia_depth_scoring.tsv	360		filled		all usable candidates agree
Church2025:YPM-IZ-111013	collection_depth_source	docs/metadata_depth_conventions.md	curator_scoring	docs/metadata_depth_conventions.md	Church2025:YPM-IZ-111013	User instruction, 2026-10-04	Physalia without an explicit depth record scored 0 m by user instruction; this does not establish beach collection.	data/sources/metadata_enrichment/physalia_depth_scoring.tsv	361	docs/metadata_depth_conventions.md	filled		combined collection-depth provenance
Church2025:YPM-IZ-111013	collection_depth_basis	curator_assigned_surface	curator_scoring	docs/metadata_depth_conventions.md	Church2025:YPM-IZ-111013	User instruction, 2026-10-04	Physalia without an explicit depth record scored 0 m by user instruction; this does not establish beach collection.	data/sources/metadata_enrichment/physalia_depth_scoring.tsv	362		filled		all usable candidates agree
Church2025:YPM-IZ-111014	depth_m	0	curator_scoring	docs/metadata_depth_conventions.md	Church2025:YPM-IZ-111014	User instruction, 2026-10-04	Physalia without an explicit depth record scored 0 m by user instruction; this does not establish beach collection.	data/sources/metadata_enrichment/physalia_depth_scoring.tsv	363		filled		all usable candidates agree
Church2025:YPM-IZ-111014	collection_depth_source	docs/metadata_depth_conventions.md	curator_scoring	docs/metadata_depth_conventions.md	Church2025:YPM-IZ-111014	User instruction, 2026-10-04	Physalia without an explicit depth record scored 0 m by user instruction; this does not establish beach collection.	data/sources/metadata_enrichment/physalia_depth_scoring.tsv	364	docs/metadata_depth_conventions.md	filled		combined collection-depth provenance
Church2025:YPM-IZ-111014	collection_depth_basis	curator_assigned_surface	curator_scoring	docs/metadata_depth_conventions.md	Church2025:YPM-IZ-111014	User instruction, 2026-10-04	Physalia without an explicit depth record scored 0 m by user instruction; this does not establish beach collection.	data/sources/metadata_enrichment/physalia_depth_scoring.tsv	365		filled		all usable candidates agree
Church2025:YPM-IZ-111016	depth_m	0	curator_scoring	docs/metadata_depth_conventions.md	Church2025:YPM-IZ-111016	User instruction, 2026-10-04	Physalia without an explicit depth record scored 0 m by user instruction; this does not establish beach collection.	data/sources/metadata_enrichment/physalia_depth_scoring.tsv	366		filled		all usable candidates agree
Church2025:YPM-IZ-111016	collection_depth_source	docs/metadata_depth_conventions.md	curator_scoring	docs/metadata_depth_conventions.md	Church2025:YPM-IZ-111016	User instruction, 2026-10-04	Physalia without an explicit depth record scored 0 m by user instruction; this does not establish beach collection.	data/sources/metadata_enrichment/physalia_depth_scoring.tsv	367	docs/metadata_depth_conventions.md	filled		combined collection-depth provenance
Church2025:YPM-IZ-111016	collection_depth_basis	curator_assigned_surface	curator_scoring	docs/metadata_depth_conventions.md	Church2025:YPM-IZ-111016	User instruction, 2026-10-04	Physalia without an explicit depth record scored 0 m by user instruction; this does not establish beach collection.	data/sources/metadata_enrichment/physalia_depth_scoring.tsv	368		filled		all usable candidates agree
Church2025:YPM-IZ-111017	depth_m	0	curator_scoring	docs/metadata_depth_conventions.md	Church2025:YPM-IZ-111017	User instruction, 2026-10-04	Physalia without an explicit depth record scored 0 m by user instruction; this does not establish beach collection.	data/sources/metadata_enrichment/physalia_depth_scoring.tsv	369		filled		all usable candidates agree
Church2025:YPM-IZ-111017	collection_depth_source	docs/metadata_depth_conventions.md	curator_scoring	docs/metadata_depth_conventions.md	Church2025:YPM-IZ-111017	User instruction, 2026-10-04	Physalia without an explicit depth record scored 0 m by user instruction; this does not establish beach collection.	data/sources/metadata_enrichment/physalia_depth_scoring.tsv	370	docs/metadata_depth_conventions.md	filled		combined collection-depth provenance
Church2025:YPM-IZ-111017	collection_depth_basis	curator_assigned_surface	curator_scoring	docs/metadata_depth_conventions.md	Church2025:YPM-IZ-111017	User instruction, 2026-10-04	Physalia without an explicit depth record scored 0 m by user instruction; this does not establish beach collection.	data/sources/metadata_enrichment/physalia_depth_scoring.tsv	371		filled		all usable candidates agree
Church2025:YPM-IZ-111018	depth_m	0	curator_scoring	docs/metadata_depth_conventions.md	Church2025:YPM-IZ-111018	User instruction, 2026-10-04	Physalia without an explicit depth record scored 0 m by user instruction; this does not establish beach collection.	data/sources/metadata_enrichment/physalia_depth_scoring.tsv	372		filled		all usable candidates agree
Church2025:YPM-IZ-111018	collection_depth_source	docs/metadata_depth_conventions.md	curator_scoring	docs/metadata_depth_conventions.md	Church2025:YPM-IZ-111018	User instruction, 2026-10-04	Physalia without an explicit depth record scored 0 m by user instruction; this does not establish beach collection.	data/sources/metadata_enrichment/physalia_depth_scoring.tsv	373	docs/metadata_depth_conventions.md	filled		combined collection-depth provenance
Church2025:YPM-IZ-111018	collection_depth_basis	curator_assigned_surface	curator_scoring	docs/metadata_depth_conventions.md	Church2025:YPM-IZ-111018	User instruction, 2026-10-04	Physalia without an explicit depth record scored 0 m by user instruction; this does not establish beach collection.	data/sources/metadata_enrichment/physalia_depth_scoring.tsv	374		filled		all usable candidates agree
Church2025:YPM-IZ-111156	depth_m	0	curator_scoring	docs/metadata_depth_conventions.md	Church2025:YPM-IZ-111156	User instruction, 2026-10-04	Physalia without an explicit depth record scored 0 m by user instruction; this does not establish beach collection.	data/sources/metadata_enrichment/physalia_depth_scoring.tsv	375		filled		all usable candidates agree
Church2025:YPM-IZ-111156	collection_depth_source	docs/metadata_depth_conventions.md	curator_scoring	docs/metadata_depth_conventions.md	Church2025:YPM-IZ-111156	User instruction, 2026-10-04	Physalia without an explicit depth record scored 0 m by user instruction; this does not establish beach collection.	data/sources/metadata_enrichment/physalia_depth_scoring.tsv	376	docs/metadata_depth_conventions.md	filled		combined collection-depth provenance
Church2025:YPM-IZ-111156	collection_depth_basis	curator_assigned_surface	curator_scoring	docs/metadata_depth_conventions.md	Church2025:YPM-IZ-111156	User instruction, 2026-10-04	Physalia without an explicit depth record scored 0 m by user instruction; this does not establish beach collection.	data/sources/metadata_enrichment/physalia_depth_scoring.tsv	377		filled		all usable candidates agree
Church2025:YPM-IZ-111157	depth_m	0	curator_scoring	docs/metadata_depth_conventions.md	Church2025:YPM-IZ-111157	User instruction, 2026-10-04	Physalia without an explicit depth record scored 0 m by user instruction; this does not establish beach collection.	data/sources/metadata_enrichment/physalia_depth_scoring.tsv	378		filled		all usable candidates agree
Church2025:YPM-IZ-111157	collection_depth_source	docs/metadata_depth_conventions.md	curator_scoring	docs/metadata_depth_conventions.md	Church2025:YPM-IZ-111157	User instruction, 2026-10-04	Physalia without an explicit depth record scored 0 m by user instruction; this does not establish beach collection.	data/sources/metadata_enrichment/physalia_depth_scoring.tsv	379	docs/metadata_depth_conventions.md	filled		combined collection-depth provenance
Church2025:YPM-IZ-111157	collection_depth_basis	curator_assigned_surface	curator_scoring	docs/metadata_depth_conventions.md	Church2025:YPM-IZ-111157	User instruction, 2026-10-04	Physalia without an explicit depth record scored 0 m by user instruction; this does not establish beach collection.	data/sources/metadata_enrichment/physalia_depth_scoring.tsv	380		filled		all usable candidates agree
Church2025:YPM-IZ-111158	depth_m	0	curator_scoring	docs/metadata_depth_conventions.md	Church2025:YPM-IZ-111158	User instruction, 2026-10-04	Physalia without an explicit depth record scored 0 m by user instruction; this does not establish beach collection.	data/sources/metadata_enrichment/physalia_depth_scoring.tsv	381		filled		all usable candidates agree
Church2025:YPM-IZ-111158	collection_depth_source	docs/metadata_depth_conventions.md	curator_scoring	docs/metadata_depth_conventions.md	Church2025:YPM-IZ-111158	User instruction, 2026-10-04	Physalia without an explicit depth record scored 0 m by user instruction; this does not establish beach collection.	data/sources/metadata_enrichment/physalia_depth_scoring.tsv	382	docs/metadata_depth_conventions.md	filled		combined collection-depth provenance
Church2025:YPM-IZ-111158	collection_depth_basis	curator_assigned_surface	curator_scoring	docs/metadata_depth_conventions.md	Church2025:YPM-IZ-111158	User instruction, 2026-10-04	Physalia without an explicit depth record scored 0 m by user instruction; this does not establish beach collection.	data/sources/metadata_enrichment/physalia_depth_scoring.tsv	383		filled		all usable candidates agree
Church2025:YPM-IZ-111159	depth_m	0	curator_scoring	docs/metadata_depth_conventions.md	Church2025:YPM-IZ-111159	User instruction, 2026-10-04	Physalia without an explicit depth record scored 0 m by user instruction; this does not establish beach collection.	data/sources/metadata_enrichment/physalia_depth_scoring.tsv	384		filled		all usable candidates agree
Church2025:YPM-IZ-111159	collection_depth_source	docs/metadata_depth_conventions.md	curator_scoring	docs/metadata_depth_conventions.md	Church2025:YPM-IZ-111159	User instruction, 2026-10-04	Physalia without an explicit depth record scored 0 m by user instruction; this does not establish beach collection.	data/sources/metadata_enrichment/physalia_depth_scoring.tsv	385	docs/metadata_depth_conventions.md	filled		combined collection-depth provenance
Church2025:YPM-IZ-111159	collection_depth_basis	curator_assigned_surface	curator_scoring	docs/metadata_depth_conventions.md	Church2025:YPM-IZ-111159	User instruction, 2026-10-04	Physalia without an explicit depth record scored 0 m by user instruction; this does not establish beach collection.	data/sources/metadata_enrichment/physalia_depth_scoring.tsv	386		filled		all usable candidates agree
Church2025:YPM-IZ-111160	depth_m	0	curator_scoring	docs/metadata_depth_conventions.md	Church2025:YPM-IZ-111160	User instruction, 2026-10-04	Physalia without an explicit depth record scored 0 m by user instruction; this does not establish beach collection.	data/sources/metadata_enrichment/physalia_depth_scoring.tsv	387		filled		all usable candidates agree
Church2025:YPM-IZ-111160	collection_depth_source	docs/metadata_depth_conventions.md	curator_scoring	docs/metadata_depth_conventions.md	Church2025:YPM-IZ-111160	User instruction, 2026-10-04	Physalia without an explicit depth record scored 0 m by user instruction; this does not establish beach collection.	data/sources/metadata_enrichment/physalia_depth_scoring.tsv	388	docs/metadata_depth_conventions.md	filled		combined collection-depth provenance
Church2025:YPM-IZ-111160	collection_depth_basis	curator_assigned_surface	curator_scoring	docs/metadata_depth_conventions.md	Church2025:YPM-IZ-111160	User instruction, 2026-10-04	Physalia without an explicit depth record scored 0 m by user instruction; this does not establish beach collection.	data/sources/metadata_enrichment/physalia_depth_scoring.tsv	389		filled		all usable candidates agree
Church2025:YPM-IZ-111163	depth_m	0	curator_scoring	docs/metadata_depth_conventions.md	Church2025:YPM-IZ-111163	User instruction, 2026-10-04	Physalia without an explicit depth record scored 0 m by user instruction; this does not establish beach collection.	data/sources/metadata_enrichment/physalia_depth_scoring.tsv	390		filled		all usable candidates agree
Church2025:YPM-IZ-111163	collection_depth_source	docs/metadata_depth_conventions.md	curator_scoring	docs/metadata_depth_conventions.md	Church2025:YPM-IZ-111163	User instruction, 2026-10-04	Physalia without an explicit depth record scored 0 m by user instruction; this does not establish beach collection.	data/sources/metadata_enrichment/physalia_depth_scoring.tsv	391	docs/metadata_depth_conventions.md	filled		combined collection-depth provenance
Church2025:YPM-IZ-111163	collection_depth_basis	curator_assigned_surface	curator_scoring	docs/metadata_depth_conventions.md	Church2025:YPM-IZ-111163	User instruction, 2026-10-04	Physalia without an explicit depth record scored 0 m by user instruction; this does not establish beach collection.	data/sources/metadata_enrichment/physalia_depth_scoring.tsv	392		filled		all usable candidates agree
Church2025:YPM-IZ-111207	depth_m	0	curator_scoring	docs/metadata_depth_conventions.md	Church2025:YPM-IZ-111207	User instruction, 2026-10-04	Physalia without an explicit depth record scored 0 m by user instruction; this does not establish beach collection.	data/sources/metadata_enrichment/physalia_depth_scoring.tsv	393		filled		all usable candidates agree
Church2025:YPM-IZ-111207	collection_depth_source	docs/metadata_depth_conventions.md	curator_scoring	docs/metadata_depth_conventions.md	Church2025:YPM-IZ-111207	User instruction, 2026-10-04	Physalia without an explicit depth record scored 0 m by user instruction; this does not establish beach collection.	data/sources/metadata_enrichment/physalia_depth_scoring.tsv	394	docs/metadata_depth_conventions.md	filled		combined collection-depth provenance
Church2025:YPM-IZ-111207	collection_depth_basis	curator_assigned_surface	curator_scoring	docs/metadata_depth_conventions.md	Church2025:YPM-IZ-111207	User instruction, 2026-10-04	Physalia without an explicit depth record scored 0 m by user instruction; this does not establish beach collection.	data/sources/metadata_enrichment/physalia_depth_scoring.tsv	395		filled		all usable candidates agree
Church2025:YPM-IZ-111208	depth_m	0	curator_scoring	docs/metadata_depth_conventions.md	Church2025:YPM-IZ-111208	User instruction, 2026-10-04	Physalia without an explicit depth record scored 0 m by user instruction; this does not establish beach collection.	data/sources/metadata_enrichment/physalia_depth_scoring.tsv	396		filled		all usable candidates agree
Church2025:YPM-IZ-111208	collection_depth_source	docs/metadata_depth_conventions.md	curator_scoring	docs/metadata_depth_conventions.md	Church2025:YPM-IZ-111208	User instruction, 2026-10-04	Physalia without an explicit depth record scored 0 m by user instruction; this does not establish beach collection.	data/sources/metadata_enrichment/physalia_depth_scoring.tsv	397	docs/metadata_depth_conventions.md	filled		combined collection-depth provenance
Church2025:YPM-IZ-111208	collection_depth_basis	curator_assigned_surface	curator_scoring	docs/metadata_depth_conventions.md	Church2025:YPM-IZ-111208	User instruction, 2026-10-04	Physalia without an explicit depth record scored 0 m by user instruction; this does not establish beach collection.	data/sources/metadata_enrichment/physalia_depth_scoring.tsv	398		filled		all usable candidates agree
Church2025:YPM-IZ-111209	depth_m	0	curator_scoring	docs/metadata_depth_conventions.md	Church2025:YPM-IZ-111209	User instruction, 2026-10-04	Physalia without an explicit depth record scored 0 m by user instruction; this does not establish beach collection.	data/sources/metadata_enrichment/physalia_depth_scoring.tsv	399		filled		all usable candidates agree
Church2025:YPM-IZ-111209	collection_depth_source	docs/metadata_depth_conventions.md	curator_scoring	docs/metadata_depth_conventions.md	Church2025:YPM-IZ-111209	User instruction, 2026-10-04	Physalia without an explicit depth record scored 0 m by user instruction; this does not establish beach collection.	data/sources/metadata_enrichment/physalia_depth_scoring.tsv	400	docs/metadata_depth_conventions.md	filled		combined collection-depth provenance
Church2025:YPM-IZ-111209	collection_depth_basis	curator_assigned_surface	curator_scoring	docs/metadata_depth_conventions.md	Church2025:YPM-IZ-111209	User instruction, 2026-10-04	Physalia without an explicit depth record scored 0 m by user instruction; this does not establish beach collection.	data/sources/metadata_enrichment/physalia_depth_scoring.tsv	401		filled		all usable candidates agree
Church2025:YPM-IZ-111210	depth_m	0	curator_scoring	docs/metadata_depth_conventions.md	Church2025:YPM-IZ-111210	User instruction, 2026-10-04	Physalia without an explicit depth record scored 0 m by user instruction; this does not establish beach collection.	data/sources/metadata_enrichment/physalia_depth_scoring.tsv	402		filled		all usable candidates agree
Church2025:YPM-IZ-111210	collection_depth_source	docs/metadata_depth_conventions.md	curator_scoring	docs/metadata_depth_conventions.md	Church2025:YPM-IZ-111210	User instruction, 2026-10-04	Physalia without an explicit depth record scored 0 m by user instruction; this does not establish beach collection.	data/sources/metadata_enrichment/physalia_depth_scoring.tsv	403	docs/metadata_depth_conventions.md	filled		combined collection-depth provenance
Church2025:YPM-IZ-111210	collection_depth_basis	curator_assigned_surface	curator_scoring	docs/metadata_depth_conventions.md	Church2025:YPM-IZ-111210	User instruction, 2026-10-04	Physalia without an explicit depth record scored 0 m by user instruction; this does not establish beach collection.	data/sources/metadata_enrichment/physalia_depth_scoring.tsv	404		filled		all usable candidates agree
Church2025:YPM-IZ-111241	depth_m	0	curator_scoring	docs/metadata_depth_conventions.md	Church2025:YPM-IZ-111241	User instruction, 2026-10-04	Physalia without an explicit depth record scored 0 m by user instruction; this does not establish beach collection.	data/sources/metadata_enrichment/physalia_depth_scoring.tsv	405		filled		all usable candidates agree
Church2025:YPM-IZ-111241	collection_depth_source	docs/metadata_depth_conventions.md	curator_scoring	docs/metadata_depth_conventions.md	Church2025:YPM-IZ-111241	User instruction, 2026-10-04	Physalia without an explicit depth record scored 0 m by user instruction; this does not establish beach collection.	data/sources/metadata_enrichment/physalia_depth_scoring.tsv	406	docs/metadata_depth_conventions.md	filled		combined collection-depth provenance
Church2025:YPM-IZ-111241	collection_depth_basis	curator_assigned_surface	curator_scoring	docs/metadata_depth_conventions.md	Church2025:YPM-IZ-111241	User instruction, 2026-10-04	Physalia without an explicit depth record scored 0 m by user instruction; this does not establish beach collection.	data/sources/metadata_enrichment/physalia_depth_scoring.tsv	407		filled		all usable candidates agree
Church2025:YPM-IZ-111243	depth_m	0	curator_scoring	docs/metadata_depth_conventions.md	Church2025:YPM-IZ-111243	User instruction, 2026-10-04	Physalia without an explicit depth record scored 0 m by user instruction; this does not establish beach collection.	data/sources/metadata_enrichment/physalia_depth_scoring.tsv	408		filled		all usable candidates agree
Church2025:YPM-IZ-111243	collection_depth_source	docs/metadata_depth_conventions.md	curator_scoring	docs/metadata_depth_conventions.md	Church2025:YPM-IZ-111243	User instruction, 2026-10-04	Physalia without an explicit depth record scored 0 m by user instruction; this does not establish beach collection.	data/sources/metadata_enrichment/physalia_depth_scoring.tsv	409	docs/metadata_depth_conventions.md	filled		combined collection-depth provenance
Church2025:YPM-IZ-111243	collection_depth_basis	curator_assigned_surface	curator_scoring	docs/metadata_depth_conventions.md	Church2025:YPM-IZ-111243	User instruction, 2026-10-04	Physalia without an explicit depth record scored 0 m by user instruction; this does not establish beach collection.	data/sources/metadata_enrichment/physalia_depth_scoring.tsv	410		filled		all usable candidates agree
Church2025:YPM-IZ-111495	depth_m	0	curator_scoring	docs/metadata_depth_conventions.md	Church2025:YPM-IZ-111495	User instruction, 2026-10-04	Physalia without an explicit depth record scored 0 m by user instruction; this does not establish beach collection.	data/sources/metadata_enrichment/physalia_depth_scoring.tsv	411		filled		all usable candidates agree
Church2025:YPM-IZ-111495	collection_depth_source	docs/metadata_depth_conventions.md	curator_scoring	docs/metadata_depth_conventions.md	Church2025:YPM-IZ-111495	User instruction, 2026-10-04	Physalia without an explicit depth record scored 0 m by user instruction; this does not establish beach collection.	data/sources/metadata_enrichment/physalia_depth_scoring.tsv	412	docs/metadata_depth_conventions.md	filled		combined collection-depth provenance
Church2025:YPM-IZ-111495	collection_depth_basis	curator_assigned_surface	curator_scoring	docs/metadata_depth_conventions.md	Church2025:YPM-IZ-111495	User instruction, 2026-10-04	Physalia without an explicit depth record scored 0 m by user instruction; this does not establish beach collection.	data/sources/metadata_enrichment/physalia_depth_scoring.tsv	413		filled		all usable candidates agree
Church2025:YPM-IZ-111513	depth_m	0	curator_scoring	docs/metadata_depth_conventions.md	Church2025:YPM-IZ-111513	User instruction, 2026-10-04	Physalia without an explicit depth record scored 0 m by user instruction; this does not establish beach collection.	data/sources/metadata_enrichment/physalia_depth_scoring.tsv	414		filled		all usable candidates agree
Church2025:YPM-IZ-111513	collection_depth_source	docs/metadata_depth_conventions.md	curator_scoring	docs/metadata_depth_conventions.md	Church2025:YPM-IZ-111513	User instruction, 2026-10-04	Physalia without an explicit depth record scored 0 m by user instruction; this does not establish beach collection.	data/sources/metadata_enrichment/physalia_depth_scoring.tsv	415	docs/metadata_depth_conventions.md	filled		combined collection-depth provenance
Church2025:YPM-IZ-111513	collection_depth_basis	curator_assigned_surface	curator_scoring	docs/metadata_depth_conventions.md	Church2025:YPM-IZ-111513	User instruction, 2026-10-04	Physalia without an explicit depth record scored 0 m by user instruction; this does not establish beach collection.	data/sources/metadata_enrichment/physalia_depth_scoring.tsv	416		filled		all usable candidates agree
Church2025:YPM-IZ-111514	depth_m	0	curator_scoring	docs/metadata_depth_conventions.md	Church2025:YPM-IZ-111514	User instruction, 2026-10-04	Physalia without an explicit depth record scored 0 m by user instruction; this does not establish beach collection.	data/sources/metadata_enrichment/physalia_depth_scoring.tsv	417		filled		all usable candidates agree
Church2025:YPM-IZ-111514	collection_depth_source	docs/metadata_depth_conventions.md	curator_scoring	docs/metadata_depth_conventions.md	Church2025:YPM-IZ-111514	User instruction, 2026-10-04	Physalia without an explicit depth record scored 0 m by user instruction; this does not establish beach collection.	data/sources/metadata_enrichment/physalia_depth_scoring.tsv	418	docs/metadata_depth_conventions.md	filled		combined collection-depth provenance
Church2025:YPM-IZ-111514	collection_depth_basis	curator_assigned_surface	curator_scoring	docs/metadata_depth_conventions.md	Church2025:YPM-IZ-111514	User instruction, 2026-10-04	Physalia without an explicit depth record scored 0 m by user instruction; this does not establish beach collection.	data/sources/metadata_enrichment/physalia_depth_scoring.tsv	419		filled		all usable candidates agree
Church2025:YPM-IZ-111517	depth_m	0	curator_scoring	docs/metadata_depth_conventions.md	Church2025:YPM-IZ-111517	User instruction, 2026-10-04	Physalia without an explicit depth record scored 0 m by user instruction; this does not establish beach collection.	data/sources/metadata_enrichment/physalia_depth_scoring.tsv	420		filled		all usable candidates agree
Church2025:YPM-IZ-111517	collection_depth_source	docs/metadata_depth_conventions.md	curator_scoring	docs/metadata_depth_conventions.md	Church2025:YPM-IZ-111517	User instruction, 2026-10-04	Physalia without an explicit depth record scored 0 m by user instruction; this does not establish beach collection.	data/sources/metadata_enrichment/physalia_depth_scoring.tsv	421	docs/metadata_depth_conventions.md	filled		combined collection-depth provenance
Church2025:YPM-IZ-111517	collection_depth_basis	curator_assigned_surface	curator_scoring	docs/metadata_depth_conventions.md	Church2025:YPM-IZ-111517	User instruction, 2026-10-04	Physalia without an explicit depth record scored 0 m by user instruction; this does not establish beach collection.	data/sources/metadata_enrichment/physalia_depth_scoring.tsv	422		filled		all usable candidates agree
Church2025:YPM-IZ-111518	depth_m	0	curator_scoring	docs/metadata_depth_conventions.md	Church2025:YPM-IZ-111518	User instruction, 2026-10-04	Physalia without an explicit depth record scored 0 m by user instruction; this does not establish beach collection.	data/sources/metadata_enrichment/physalia_depth_scoring.tsv	423		filled		all usable candidates agree
Church2025:YPM-IZ-111518	collection_depth_source	docs/metadata_depth_conventions.md	curator_scoring	docs/metadata_depth_conventions.md	Church2025:YPM-IZ-111518	User instruction, 2026-10-04	Physalia without an explicit depth record scored 0 m by user instruction; this does not establish beach collection.	data/sources/metadata_enrichment/physalia_depth_scoring.tsv	424	docs/metadata_depth_conventions.md	filled		combined collection-depth provenance
Church2025:YPM-IZ-111518	collection_depth_basis	curator_assigned_surface	curator_scoring	docs/metadata_depth_conventions.md	Church2025:YPM-IZ-111518	User instruction, 2026-10-04	Physalia without an explicit depth record scored 0 m by user instruction; this does not establish beach collection.	data/sources/metadata_enrichment/physalia_depth_scoring.tsv	425		filled		all usable candidates agree
Church2025:YPM-IZ-111519	depth_m	0	curator_scoring	docs/metadata_depth_conventions.md	Church2025:YPM-IZ-111519	User instruction, 2026-10-04	Physalia without an explicit depth record scored 0 m by user instruction; this does not establish beach collection.	data/sources/metadata_enrichment/physalia_depth_scoring.tsv	426		filled		all usable candidates agree
Church2025:YPM-IZ-111519	collection_depth_source	docs/metadata_depth_conventions.md	curator_scoring	docs/metadata_depth_conventions.md	Church2025:YPM-IZ-111519	User instruction, 2026-10-04	Physalia without an explicit depth record scored 0 m by user instruction; this does not establish beach collection.	data/sources/metadata_enrichment/physalia_depth_scoring.tsv	427	docs/metadata_depth_conventions.md	filled		combined collection-depth provenance
Church2025:YPM-IZ-111519	collection_depth_basis	curator_assigned_surface	curator_scoring	docs/metadata_depth_conventions.md	Church2025:YPM-IZ-111519	User instruction, 2026-10-04	Physalia without an explicit depth record scored 0 m by user instruction; this does not establish beach collection.	data/sources/metadata_enrichment/physalia_depth_scoring.tsv	428		filled		all usable candidates agree
Church2025:YPM-IZ-111520	depth_m	0	curator_scoring	docs/metadata_depth_conventions.md	Church2025:YPM-IZ-111520	User instruction, 2026-10-04	Physalia without an explicit depth record scored 0 m by user instruction; this does not establish beach collection.	data/sources/metadata_enrichment/physalia_depth_scoring.tsv	429		filled		all usable candidates agree
Church2025:YPM-IZ-111520	collection_depth_source	docs/metadata_depth_conventions.md	curator_scoring	docs/metadata_depth_conventions.md	Church2025:YPM-IZ-111520	User instruction, 2026-10-04	Physalia without an explicit depth record scored 0 m by user instruction; this does not establish beach collection.	data/sources/metadata_enrichment/physalia_depth_scoring.tsv	430	docs/metadata_depth_conventions.md	filled		combined collection-depth provenance
Church2025:YPM-IZ-111520	collection_depth_basis	curator_assigned_surface	curator_scoring	docs/metadata_depth_conventions.md	Church2025:YPM-IZ-111520	User instruction, 2026-10-04	Physalia without an explicit depth record scored 0 m by user instruction; this does not establish beach collection.	data/sources/metadata_enrichment/physalia_depth_scoring.tsv	431		filled		all usable candidates agree
Church2025:YPM-IZ-111521	depth_m	0	curator_scoring	docs/metadata_depth_conventions.md	Church2025:YPM-IZ-111521	User instruction, 2026-10-04	Physalia without an explicit depth record scored 0 m by user instruction; this does not establish beach collection.	data/sources/metadata_enrichment/physalia_depth_scoring.tsv	432		filled		all usable candidates agree
Church2025:YPM-IZ-111521	collection_depth_source	docs/metadata_depth_conventions.md	curator_scoring	docs/metadata_depth_conventions.md	Church2025:YPM-IZ-111521	User instruction, 2026-10-04	Physalia without an explicit depth record scored 0 m by user instruction; this does not establish beach collection.	data/sources/metadata_enrichment/physalia_depth_scoring.tsv	433	docs/metadata_depth_conventions.md	filled		combined collection-depth provenance
Church2025:YPM-IZ-111521	collection_depth_basis	curator_assigned_surface	curator_scoring	docs/metadata_depth_conventions.md	Church2025:YPM-IZ-111521	User instruction, 2026-10-04	Physalia without an explicit depth record scored 0 m by user instruction; this does not establish beach collection.	data/sources/metadata_enrichment/physalia_depth_scoring.tsv	434		filled		all usable candidates agree
Church2025:YPM-IZ-111529	depth_m	0	curator_scoring	docs/metadata_depth_conventions.md	Church2025:YPM-IZ-111529	User instruction, 2026-10-04	Physalia without an explicit depth record scored 0 m by user instruction; this does not establish beach collection.	data/sources/metadata_enrichment/physalia_depth_scoring.tsv	435		filled		all usable candidates agree
Church2025:YPM-IZ-111529	collection_depth_source	docs/metadata_depth_conventions.md	curator_scoring	docs/metadata_depth_conventions.md	Church2025:YPM-IZ-111529	User instruction, 2026-10-04	Physalia without an explicit depth record scored 0 m by user instruction; this does not establish beach collection.	data/sources/metadata_enrichment/physalia_depth_scoring.tsv	436	docs/metadata_depth_conventions.md	filled		combined collection-depth provenance
Church2025:YPM-IZ-111529	collection_depth_basis	curator_assigned_surface	curator_scoring	docs/metadata_depth_conventions.md	Church2025:YPM-IZ-111529	User instruction, 2026-10-04	Physalia without an explicit depth record scored 0 m by user instruction; this does not establish beach collection.	data/sources/metadata_enrichment/physalia_depth_scoring.tsv	437		filled		all usable candidates agree
Church2025:YPM-IZ-111530	depth_m	0	curator_scoring	docs/metadata_depth_conventions.md	Church2025:YPM-IZ-111530	User instruction, 2026-10-04	Physalia without an explicit depth record scored 0 m by user instruction; this does not establish beach collection.	data/sources/metadata_enrichment/physalia_depth_scoring.tsv	438		filled		all usable candidates agree
Church2025:YPM-IZ-111530	collection_depth_source	docs/metadata_depth_conventions.md	curator_scoring	docs/metadata_depth_conventions.md	Church2025:YPM-IZ-111530	User instruction, 2026-10-04	Physalia without an explicit depth record scored 0 m by user instruction; this does not establish beach collection.	data/sources/metadata_enrichment/physalia_depth_scoring.tsv	439	docs/metadata_depth_conventions.md	filled		combined collection-depth provenance
Church2025:YPM-IZ-111530	collection_depth_basis	curator_assigned_surface	curator_scoring	docs/metadata_depth_conventions.md	Church2025:YPM-IZ-111530	User instruction, 2026-10-04	Physalia without an explicit depth record scored 0 m by user instruction; this does not establish beach collection.	data/sources/metadata_enrichment/physalia_depth_scoring.tsv	440		filled		all usable candidates agree
Church2025:YPM-IZ-111539	depth_m	0	curator_scoring	docs/metadata_depth_conventions.md	Church2025:YPM-IZ-111539	User instruction, 2026-10-04	Physalia without an explicit depth record scored 0 m by user instruction; this does not establish beach collection.	data/sources/metadata_enrichment/physalia_depth_scoring.tsv	441		filled		all usable candidates agree
Church2025:YPM-IZ-111539	collection_depth_source	docs/metadata_depth_conventions.md	curator_scoring	docs/metadata_depth_conventions.md	Church2025:YPM-IZ-111539	User instruction, 2026-10-04	Physalia without an explicit depth record scored 0 m by user instruction; this does not establish beach collection.	data/sources/metadata_enrichment/physalia_depth_scoring.tsv	442	docs/metadata_depth_conventions.md	filled		combined collection-depth provenance
Church2025:YPM-IZ-111539	collection_depth_basis	curator_assigned_surface	curator_scoring	docs/metadata_depth_conventions.md	Church2025:YPM-IZ-111539	User instruction, 2026-10-04	Physalia without an explicit depth record scored 0 m by user instruction; this does not establish beach collection.	data/sources/metadata_enrichment/physalia_depth_scoring.tsv	443		filled		all usable candidates agree
Church2025:YPM-IZ-111547	depth_m	0	curator_scoring	docs/metadata_depth_conventions.md	Church2025:YPM-IZ-111547	User instruction, 2026-10-04	Physalia without an explicit depth record scored 0 m by user instruction; this does not establish beach collection.	data/sources/metadata_enrichment/physalia_depth_scoring.tsv	444		filled		all usable candidates agree
Church2025:YPM-IZ-111547	collection_depth_source	docs/metadata_depth_conventions.md	curator_scoring	docs/metadata_depth_conventions.md	Church2025:YPM-IZ-111547	User instruction, 2026-10-04	Physalia without an explicit depth record scored 0 m by user instruction; this does not establish beach collection.	data/sources/metadata_enrichment/physalia_depth_scoring.tsv	445	docs/metadata_depth_conventions.md	filled		combined collection-depth provenance
Church2025:YPM-IZ-111547	collection_depth_basis	curator_assigned_surface	curator_scoring	docs/metadata_depth_conventions.md	Church2025:YPM-IZ-111547	User instruction, 2026-10-04	Physalia without an explicit depth record scored 0 m by user instruction; this does not establish beach collection.	data/sources/metadata_enrichment/physalia_depth_scoring.tsv	446		filled		all usable candidates agree
Church2025:YPM-IZ-111839	depth_m	0	curator_scoring	docs/metadata_depth_conventions.md	Church2025:YPM-IZ-111839	User instruction, 2026-10-04	Physalia without an explicit depth record scored 0 m by user instruction; this does not establish beach collection.	data/sources/metadata_enrichment/physalia_depth_scoring.tsv	447		filled		all usable candidates agree
Church2025:YPM-IZ-111839	collection_depth_source	docs/metadata_depth_conventions.md	curator_scoring	docs/metadata_depth_conventions.md	Church2025:YPM-IZ-111839	User instruction, 2026-10-04	Physalia without an explicit depth record scored 0 m by user instruction; this does not establish beach collection.	data/sources/metadata_enrichment/physalia_depth_scoring.tsv	448	docs/metadata_depth_conventions.md	filled		combined collection-depth provenance
Church2025:YPM-IZ-111839	collection_depth_basis	curator_assigned_surface	curator_scoring	docs/metadata_depth_conventions.md	Church2025:YPM-IZ-111839	User instruction, 2026-10-04	Physalia without an explicit depth record scored 0 m by user instruction; this does not establish beach collection.	data/sources/metadata_enrichment/physalia_depth_scoring.tsv	449		filled		all usable candidates agree
Church2025:YPM-IZ-111840	depth_m	0	curator_scoring	docs/metadata_depth_conventions.md	Church2025:YPM-IZ-111840	User instruction, 2026-10-04	Physalia without an explicit depth record scored 0 m by user instruction; this does not establish beach collection.	data/sources/metadata_enrichment/physalia_depth_scoring.tsv	450		filled		all usable candidates agree
Church2025:YPM-IZ-111840	collection_depth_source	docs/metadata_depth_conventions.md	curator_scoring	docs/metadata_depth_conventions.md	Church2025:YPM-IZ-111840	User instruction, 2026-10-04	Physalia without an explicit depth record scored 0 m by user instruction; this does not establish beach collection.	data/sources/metadata_enrichment/physalia_depth_scoring.tsv	451	docs/metadata_depth_conventions.md	filled		combined collection-depth provenance
Church2025:YPM-IZ-111840	collection_depth_basis	curator_assigned_surface	curator_scoring	docs/metadata_depth_conventions.md	Church2025:YPM-IZ-111840	User instruction, 2026-10-04	Physalia without an explicit depth record scored 0 m by user instruction; this does not establish beach collection.	data/sources/metadata_enrichment/physalia_depth_scoring.tsv	452		filled		all usable candidates agree
Ahuja2024:CWD1	collection_depth_basis	source_record	curator_scoring	docs/metadata_depth_conventions.md	Ahuja2024:CWD1	User instruction, 2026-10-04	Basis annotation only; original depth values and sources retained.	data/sources/metadata_enrichment/physalia_depth_scoring.tsv	453		filled		all usable candidates agree
Ahuja2024:CWD101	collection_depth_basis	source_record	curator_scoring	docs/metadata_depth_conventions.md	Ahuja2024:CWD101	User instruction, 2026-10-04	Basis annotation only; original depth values and sources retained.	data/sources/metadata_enrichment/physalia_depth_scoring.tsv	454		filled		all usable candidates agree
Ahuja2024:CWD104	collection_depth_basis	source_record	curator_scoring	docs/metadata_depth_conventions.md	Ahuja2024:CWD104	User instruction, 2026-10-04	Basis annotation only; original depth values and sources retained.	data/sources/metadata_enrichment/physalia_depth_scoring.tsv	455		filled		all usable candidates agree
Ahuja2024:CWD11	collection_depth_basis	source_record	curator_scoring	docs/metadata_depth_conventions.md	Ahuja2024:CWD11	User instruction, 2026-10-04	Basis annotation only; original depth values and sources retained.	data/sources/metadata_enrichment/physalia_depth_scoring.tsv	456		filled		all usable candidates agree
Ahuja2024:CWD116	collection_depth_basis	source_record	curator_scoring	docs/metadata_depth_conventions.md	Ahuja2024:CWD116	User instruction, 2026-10-04	Basis annotation only; original depth values and sources retained.	data/sources/metadata_enrichment/physalia_depth_scoring.tsv	457		filled		all usable candidates agree
Ahuja2024:CWD117	collection_depth_basis	source_record	curator_scoring	docs/metadata_depth_conventions.md	Ahuja2024:CWD117	User instruction, 2026-10-04	Basis annotation only; original depth values and sources retained.	data/sources/metadata_enrichment/physalia_depth_scoring.tsv	458		filled		all usable candidates agree
Ahuja2024:CWD12	collection_depth_basis	source_record	curator_scoring	docs/metadata_depth_conventions.md	Ahuja2024:CWD12	User instruction, 2026-10-04	Basis annotation only; original depth values and sources retained.	data/sources/metadata_enrichment/physalia_depth_scoring.tsv	459		filled		all usable candidates agree
Ahuja2024:CWD121	collection_depth_basis	source_record	curator_scoring	docs/metadata_depth_conventions.md	Ahuja2024:CWD121	User instruction, 2026-10-04	Basis annotation only; original depth values and sources retained.	data/sources/metadata_enrichment/physalia_depth_scoring.tsv	460		filled		all usable candidates agree
Ahuja2024:CWD122	collection_depth_basis	source_record	curator_scoring	docs/metadata_depth_conventions.md	Ahuja2024:CWD122	User instruction, 2026-10-04	Basis annotation only; original depth values and sources retained.	data/sources/metadata_enrichment/physalia_depth_scoring.tsv	461		filled		all usable candidates agree
Ahuja2024:CWD131	collection_depth_basis	source_record	curator_scoring	docs/metadata_depth_conventions.md	Ahuja2024:CWD131	User instruction, 2026-10-04	Basis annotation only; original depth values and sources retained.	data/sources/metadata_enrichment/physalia_depth_scoring.tsv	462		filled		all usable candidates agree
Ahuja2024:CWD141	collection_depth_basis	source_record	curator_scoring	docs/metadata_depth_conventions.md	Ahuja2024:CWD141	User instruction, 2026-10-04	Basis annotation only; original depth values and sources retained.	data/sources/metadata_enrichment/physalia_depth_scoring.tsv	463		filled		all usable candidates agree
Ahuja2024:CWD144	collection_depth_basis	source_record	curator_scoring	docs/metadata_depth_conventions.md	Ahuja2024:CWD144	User instruction, 2026-10-04	Basis annotation only; original depth values and sources retained.	data/sources/metadata_enrichment/physalia_depth_scoring.tsv	464		filled		all usable candidates agree
Ahuja2024:CWD146	collection_depth_basis	source_record	curator_scoring	docs/metadata_depth_conventions.md	Ahuja2024:CWD146	User instruction, 2026-10-04	Basis annotation only; original depth values and sources retained.	data/sources/metadata_enrichment/physalia_depth_scoring.tsv	465		filled		all usable candidates agree
Ahuja2024:CWD16	collection_depth_basis	source_record	curator_scoring	docs/metadata_depth_conventions.md	Ahuja2024:CWD16	User instruction, 2026-10-04	Basis annotation only; original depth values and sources retained.	data/sources/metadata_enrichment/physalia_depth_scoring.tsv	466		filled		all usable candidates agree
Ahuja2024:CWD17	collection_depth_basis	source_record	curator_scoring	docs/metadata_depth_conventions.md	Ahuja2024:CWD17	User instruction, 2026-10-04	Basis annotation only; original depth values and sources retained.	data/sources/metadata_enrichment/physalia_depth_scoring.tsv	467		filled		all usable candidates agree
Ahuja2024:CWD19	collection_depth_basis	source_record	curator_scoring	docs/metadata_depth_conventions.md	Ahuja2024:CWD19	User instruction, 2026-10-04	Basis annotation only; original depth values and sources retained.	data/sources/metadata_enrichment/physalia_depth_scoring.tsv	468		filled		all usable candidates agree
Ahuja2024:CWD2	collection_depth_basis	source_record	curator_scoring	docs/metadata_depth_conventions.md	Ahuja2024:CWD2	User instruction, 2026-10-04	Basis annotation only; original depth values and sources retained.	data/sources/metadata_enrichment/physalia_depth_scoring.tsv	469		filled		all usable candidates agree
Ahuja2024:CWD20	collection_depth_basis	source_record	curator_scoring	docs/metadata_depth_conventions.md	Ahuja2024:CWD20	User instruction, 2026-10-04	Basis annotation only; original depth values and sources retained.	data/sources/metadata_enrichment/physalia_depth_scoring.tsv	470		filled		all usable candidates agree
Ahuja2024:CWD21	collection_depth_basis	source_record	curator_scoring	docs/metadata_depth_conventions.md	Ahuja2024:CWD21	User instruction, 2026-10-04	Basis annotation only; original depth values and sources retained.	data/sources/metadata_enrichment/physalia_depth_scoring.tsv	471		filled		all usable candidates agree
Ahuja2024:CWD3	collection_depth_basis	source_record	curator_scoring	docs/metadata_depth_conventions.md	Ahuja2024:CWD3	User instruction, 2026-10-04	Basis annotation only; original depth values and sources retained.	data/sources/metadata_enrichment/physalia_depth_scoring.tsv	472		filled		all usable candidates agree
Ahuja2024:CWD6	collection_depth_basis	source_record	curator_scoring	docs/metadata_depth_conventions.md	Ahuja2024:CWD6	User instruction, 2026-10-04	Basis annotation only; original depth values and sources retained.	data/sources/metadata_enrichment/physalia_depth_scoring.tsv	473		filled		all usable candidates agree
Ahuja2024:CWD7	collection_depth_basis	source_record	curator_scoring	docs/metadata_depth_conventions.md	Ahuja2024:CWD7	User instruction, 2026-10-04	Basis annotation only; original depth values and sources retained.	data/sources/metadata_enrichment/physalia_depth_scoring.tsv	474		filled		all usable candidates agree
Ahuja2024:NA1	collection_depth_basis	source_record	curator_scoring	docs/metadata_depth_conventions.md	Ahuja2024:NA1	User instruction, 2026-10-04	Basis annotation only; original depth values and sources retained.	data/sources/metadata_enrichment/physalia_depth_scoring.tsv	475		filled		all usable candidates agree
Ahuja2024:NA10	collection_depth_basis	source_record	curator_scoring	docs/metadata_depth_conventions.md	Ahuja2024:NA10	User instruction, 2026-10-04	Basis annotation only; original depth values and sources retained.	data/sources/metadata_enrichment/physalia_depth_scoring.tsv	476		filled		all usable candidates agree
Ahuja2024:NA11	collection_depth_basis	source_record	curator_scoring	docs/metadata_depth_conventions.md	Ahuja2024:NA11	User instruction, 2026-10-04	Basis annotation only; original depth values and sources retained.	data/sources/metadata_enrichment/physalia_depth_scoring.tsv	477		filled		all usable candidates agree
Ahuja2024:NA2	collection_depth_basis	source_record	curator_scoring	docs/metadata_depth_conventions.md	Ahuja2024:NA2	User instruction, 2026-10-04	Basis annotation only; original depth values and sources retained.	data/sources/metadata_enrichment/physalia_depth_scoring.tsv	478		filled		all usable candidates agree
Ahuja2024:NA3	collection_depth_basis	source_record	curator_scoring	docs/metadata_depth_conventions.md	Ahuja2024:NA3	User instruction, 2026-10-04	Basis annotation only; original depth values and sources retained.	data/sources/metadata_enrichment/physalia_depth_scoring.tsv	479		filled		all usable candidates agree
Ahuja2024:NA4	collection_depth_basis	source_record	curator_scoring	docs/metadata_depth_conventions.md	Ahuja2024:NA4	User instruction, 2026-10-04	Basis annotation only; original depth values and sources retained.	data/sources/metadata_enrichment/physalia_depth_scoring.tsv	480		filled		all usable candidates agree
Ahuja2024:NA5	collection_depth_basis	source_record	curator_scoring	docs/metadata_depth_conventions.md	Ahuja2024:NA5	User instruction, 2026-10-04	Basis annotation only; original depth values and sources retained.	data/sources/metadata_enrichment/physalia_depth_scoring.tsv	481		filled		all usable candidates agree
Ahuja2024:NA6	collection_depth_basis	source_record	curator_scoring	docs/metadata_depth_conventions.md	Ahuja2024:NA6	User instruction, 2026-10-04	Basis annotation only; original depth values and sources retained.	data/sources/metadata_enrichment/physalia_depth_scoring.tsv	482		filled		all usable candidates agree
Ahuja2024:NA7	collection_depth_basis	source_record	curator_scoring	docs/metadata_depth_conventions.md	Ahuja2024:NA7	User instruction, 2026-10-04	Basis annotation only; original depth values and sources retained.	data/sources/metadata_enrichment/physalia_depth_scoring.tsv	483		filled		all usable candidates agree
Ahuja2024:NA8	collection_depth_basis	source_record	curator_scoring	docs/metadata_depth_conventions.md	Ahuja2024:NA8	User instruction, 2026-10-04	Basis annotation only; original depth values and sources retained.	data/sources/metadata_enrichment/physalia_depth_scoring.tsv	484		filled		all usable candidates agree
Ahuja2024:NA9	collection_depth_basis	source_record	curator_scoring	docs/metadata_depth_conventions.md	Ahuja2024:NA9	User instruction, 2026-10-04	Basis annotation only; original depth values and sources retained.	data/sources/metadata_enrichment/physalia_depth_scoring.tsv	485		filled		all usable candidates agree
Ahuja2026:NA28	collection_depth_basis	source_record	curator_scoring	docs/metadata_depth_conventions.md	Ahuja2026:NA28	User instruction, 2026-10-04	Basis annotation only; original depth values and sources retained.	data/sources/metadata_enrichment/physalia_depth_scoring.tsv	486		filled		all usable candidates agree
Ahuja2026:NA29	collection_depth_basis	source_record	curator_scoring	docs/metadata_depth_conventions.md	Ahuja2026:NA29	User instruction, 2026-10-04	Basis annotation only; original depth values and sources retained.	data/sources/metadata_enrichment/physalia_depth_scoring.tsv	487		filled		all usable candidates agree
Ahuja2026:NA30	collection_depth_basis	source_record	curator_scoring	docs/metadata_depth_conventions.md	Ahuja2026:NA30	User instruction, 2026-10-04	Basis annotation only; original depth values and sources retained.	data/sources/metadata_enrichment/physalia_depth_scoring.tsv	488		filled		all usable candidates agree
Ahuja2026:NA31	collection_depth_basis	source_record	curator_scoring	docs/metadata_depth_conventions.md	Ahuja2026:NA31	User instruction, 2026-10-04	Basis annotation only; original depth values and sources retained.	data/sources/metadata_enrichment/physalia_depth_scoring.tsv	489		filled		all usable candidates agree
Ahuja2026:NA32	collection_depth_basis	source_record	curator_scoring	docs/metadata_depth_conventions.md	Ahuja2026:NA32	User instruction, 2026-10-04	Basis annotation only; original depth values and sources retained.	data/sources/metadata_enrichment/physalia_depth_scoring.tsv	490		filled		all usable candidates agree
Ahuja2026:NA33	collection_depth_basis	source_record	curator_scoring	docs/metadata_depth_conventions.md	Ahuja2026:NA33	User instruction, 2026-10-04	Basis annotation only; original depth values and sources retained.	data/sources/metadata_enrichment/physalia_depth_scoring.tsv	491		filled		all usable candidates agree
Ahuja2026:NA34	collection_depth_basis	source_record	curator_scoring	docs/metadata_depth_conventions.md	Ahuja2026:NA34	User instruction, 2026-10-04	Basis annotation only; original depth values and sources retained.	data/sources/metadata_enrichment/physalia_depth_scoring.tsv	492		filled		all usable candidates agree
Ahuja2026:NA35	collection_depth_basis	source_record	curator_scoring	docs/metadata_depth_conventions.md	Ahuja2026:NA35	User instruction, 2026-10-04	Basis annotation only; original depth values and sources retained.	data/sources/metadata_enrichment/physalia_depth_scoring.tsv	493		filled		all usable candidates agree
Ahuja2026:NA36	collection_depth_basis	source_record	curator_scoring	docs/metadata_depth_conventions.md	Ahuja2026:NA36	User instruction, 2026-10-04	Basis annotation only; original depth values and sources retained.	data/sources/metadata_enrichment/physalia_depth_scoring.tsv	494		filled		all usable candidates agree
Ahuja2026:NA37	collection_depth_basis	source_record	curator_scoring	docs/metadata_depth_conventions.md	Ahuja2026:NA37	User instruction, 2026-10-04	Basis annotation only; original depth values and sources retained.	data/sources/metadata_enrichment/physalia_depth_scoring.tsv	495		filled		all usable candidates agree
Ahuja2026:NA38	collection_depth_basis	source_record	curator_scoring	docs/metadata_depth_conventions.md	Ahuja2026:NA38	User instruction, 2026-10-04	Basis annotation only; original depth values and sources retained.	data/sources/metadata_enrichment/physalia_depth_scoring.tsv	496		filled		all usable candidates agree
Ahuja2026:WS10	collection_depth_basis	source_record	curator_scoring	docs/metadata_depth_conventions.md	Ahuja2026:WS10	User instruction, 2026-10-04	Basis annotation only; original depth values and sources retained.	data/sources/metadata_enrichment/physalia_depth_scoring.tsv	497		filled		all usable candidates agree
Ahuja2026:WS2	collection_depth_basis	source_record	curator_scoring	docs/metadata_depth_conventions.md	Ahuja2026:WS2	User instruction, 2026-10-04	Basis annotation only; original depth values and sources retained.	data/sources/metadata_enrichment/physalia_depth_scoring.tsv	498		filled		all usable candidates agree
Ahuja2026:WS3	collection_depth_basis	source_record	curator_scoring	docs/metadata_depth_conventions.md	Ahuja2026:WS3	User instruction, 2026-10-04	Basis annotation only; original depth values and sources retained.	data/sources/metadata_enrichment/physalia_depth_scoring.tsv	499		filled		all usable candidates agree
Ahuja2026:WS4	collection_depth_basis	source_record	curator_scoring	docs/metadata_depth_conventions.md	Ahuja2026:WS4	User instruction, 2026-10-04	Basis annotation only; original depth values and sources retained.	data/sources/metadata_enrichment/physalia_depth_scoring.tsv	500		filled		all usable candidates agree
Ahuja2026:WS7	collection_depth_basis	source_record	curator_scoring	docs/metadata_depth_conventions.md	Ahuja2026:WS7	User instruction, 2026-10-04	Basis annotation only; original depth values and sources retained.	data/sources/metadata_enrichment/physalia_depth_scoring.tsv	501		filled		all usable candidates agree
Ahuja2026:WS8	collection_depth_basis	source_record	curator_scoring	docs/metadata_depth_conventions.md	Ahuja2026:WS8	User instruction, 2026-10-04	Basis annotation only; original depth values and sources retained.	data/sources/metadata_enrichment/physalia_depth_scoring.tsv	502		filled		all usable candidates agree
Ahuja2026:WS9	collection_depth_basis	source_record	curator_scoring	docs/metadata_depth_conventions.md	Ahuja2026:WS9	User instruction, 2026-10-04	Basis annotation only; original depth values and sources retained.	data/sources/metadata_enrichment/physalia_depth_scoring.tsv	503		filled		all usable candidates agree
