sample_id	host	target_id	display_group	taxonomy
Ahuja2024__CWD101	Apolemia sp. 3 CWD-2005	BAC00164	Remaining bacteria	d__Bacteria;p__Pseudomonadota;c__Alphaproteobacteria;o__Rhodobacterales;f__Rhodobacteraceae;g__Amylibacter;s__Amylibacter sp905182285
Ahuja2024__CWD116	Agalma elegans	BAC00162	Remaining bacteria	d__Bacteria;p__Pseudomonadota;c__Alphaproteobacteria;o__Rhodobacterales;f__Rhodobacteraceae;g__Amylibacter;s__Amylibacter sp000153745
Ahuja2024__NA1	Chuniphyes multidentata	BAC00360	Remaining bacteria	d__Bacteria;p__Pseudomonadota;c__Gammaproteobacteria;o__GCF-002020875;f__GCF-002020875;g__;s__
Ahuja2024__NA10	Resomia ornicephala	BAC00019	Cutibacterium	d__Bacteria;p__Actinomycetota;c__Actinomycetes;o__Propionibacteriales;f__Propionibacteriaceae;g__Cutibacterium;s__Cutibacterium acnes
Ahuja2024__NA10	Resomia ornicephala	BAC00030	Metamycoplasmataceae	d__Bacteria;p__Bacillota_I;c__Bacilli_A;o__Mycoplasmatales;f__Metamycoplasmataceae;g__DT-68;s__
Ahuja2024__NA10	Resomia ornicephala	BAC00199	Remaining bacteria	d__Bacteria;p__Pseudomonadota;c__Alphaproteobacteria;o__Sphingomonadales;f__Sphingomonadaceae;g__Blastomonas;s__Blastomonas delafieldii_A
Ahuja2024__NA10	Resomia ornicephala	BAC00200	Remaining bacteria	d__Bacteria;p__Pseudomonadota;c__Alphaproteobacteria;o__Sphingomonadales;f__Sphingomonadaceae;g__Blastomonas;s__Blastomonas ursincola
Ahuja2024__NA10	Resomia ornicephala	BAC00207	Remaining bacteria	d__Bacteria;p__Pseudomonadota;c__Alphaproteobacteria;o__Sphingomonadales;f__Sphingomonadaceae;g__Sphingobium;s__Sphingobium limneticum
Ahuja2024__NA10	Resomia ornicephala	BAC00208	Remaining bacteria	d__Bacteria;p__Pseudomonadota;c__Alphaproteobacteria;o__Sphingomonadales;f__Sphingomonadaceae;g__Sphingobium;s__Sphingobium xenophagum
Ahuja2024__NA10	Resomia ornicephala	BAC00209	Remaining bacteria	d__Bacteria;p__Pseudomonadota;c__Alphaproteobacteria;o__Sphingomonadales;f__Sphingomonadaceae;g__Sphingobium;s__Sphingobium yanoikuyae_A
Ahuja2024__NA10	Resomia ornicephala	BAC00210	Remaining bacteria	d__Bacteria;p__Pseudomonadota;c__Alphaproteobacteria;o__Sphingomonadales;f__Sphingomonadaceae;g__Sphingomonas;s__Sphingomonas ginsenosidimutans
Ahuja2024__NA10	Resomia ornicephala	BAC00213	Remaining bacteria	d__Bacteria;p__Pseudomonadota;c__Gammaproteobacteria;o__Burkholderiales;f__Burkholderiaceae;g__Acidovorax;s__Acidovorax temperans
Ahuja2024__NA10	Resomia ornicephala	BAC00214	Remaining bacteria	d__Bacteria;p__Pseudomonadota;c__Gammaproteobacteria;o__Burkholderiales;f__Burkholderiaceae;g__Aquabacterium;s__Aquabacterium parvum
Ahuja2024__NA10	Resomia ornicephala	BAC00215	Remaining bacteria	d__Bacteria;p__Pseudomonadota;c__Gammaproteobacteria;o__Burkholderiales;f__Burkholderiaceae;g__Aquabacterium;s__Aquabacterium sp017989885
Ahuja2024__NA10	Resomia ornicephala	BAC00219	Remaining bacteria	d__Bacteria;p__Pseudomonadota;c__Gammaproteobacteria;o__Burkholderiales;f__Methylophilaceae;g__Methylophilus;s__Methylophilus sp008015755
Ahuja2024__NA10	Resomia ornicephala	BAC00220	Remaining bacteria	d__Bacteria;p__Pseudomonadota;c__Gammaproteobacteria;o__Burkholderiales;f__Rhodocyclaceae;g__Azonexus;s__Azonexus sp946477505
Ahuja2024__NA10	Resomia ornicephala	BAC00221	Remaining bacteria	d__Bacteria;p__Pseudomonadota;c__Gammaproteobacteria;o__Burkholderiales;f__Rhodocyclaceae;g__Methyloversatilis;s__Methyloversatilis sp016791045
Ahuja2024__NA10	Resomia ornicephala	BAC00407	Remaining bacteria	d__Bacteria;p__Pseudomonadota;c__Gammaproteobacteria;o__Pseudomonadales;f__Moraxellaceae;g__Perlucidibaca;s__Perlucidibaca sp018066805
Ahuja2024__NA11	Resomia ornicephala	BAC00030	Metamycoplasmataceae	d__Bacteria;p__Bacillota_I;c__Bacilli_A;o__Mycoplasmatales;f__Metamycoplasmataceae;g__DT-68;s__
Ahuja2024__NA11	Resomia ornicephala	BAC00378	CAKMZU01	d__Bacteria;p__Pseudomonadota;c__Gammaproteobacteria;o__Pseudomonadales;f__DT-91;g__CAKMZU01;s__
Ahuja2024__NA6	Craseoa lathetica	BAC00158	Remaining bacteria	d__Bacteria;p__Pseudomonadota;c__Alphaproteobacteria;o__Rhizobiales;f__Xanthobacteraceae;g__Afipia;s__Afipia broomeae
Ahuja2024__NA7	Lilyopsis fluoracantha	BAC00019	Cutibacterium	d__Bacteria;p__Actinomycetota;c__Actinomycetes;o__Propionibacteriales;f__Propionibacteriaceae;g__Cutibacterium;s__Cutibacterium acnes
Ahuja2024__NA7	Lilyopsis fluoracantha	BAC00158	Remaining bacteria	d__Bacteria;p__Pseudomonadota;c__Alphaproteobacteria;o__Rhizobiales;f__Xanthobacteraceae;g__Afipia;s__Afipia broomeae
Ahuja2026__NA19	Nanomia septata	BAC00030	Metamycoplasmataceae	d__Bacteria;p__Bacillota_I;c__Bacilli_A;o__Mycoplasmatales;f__Metamycoplasmataceae;g__DT-68;s__
Ahuja2026__NA19	Nanomia septata	BAC00163	Remaining bacteria	d__Bacteria;p__Pseudomonadota;c__Alphaproteobacteria;o__Rhodobacterales;f__Rhodobacteraceae;g__Amylibacter;s__Amylibacter sp900197625
Ahuja2026__NA29	Nanomia sp.	BAC00017	Remaining bacteria	d__Bacteria;p__Actinomycetota;c__Actinomycetes;o__Mycobacteriales;f__Mycobacteriaceae;g__Lawsonella;s__Lawsonella clevelandensis_A
Ahuja2026__NA29	Nanomia sp.	BAC00019	Cutibacterium	d__Bacteria;p__Actinomycetota;c__Actinomycetes;o__Propionibacteriales;f__Propionibacteriaceae;g__Cutibacterium;s__Cutibacterium acnes
Ahuja2026__NA29	Nanomia sp.	BAC00150	Remaining bacteria	d__Bacteria;p__Pseudomonadota;c__Alphaproteobacteria;o__Rhizobiales;f__Beijerinckiaceae;g__Methylobacterium;s__Methylobacterium sp001424705
Ahuja2026__NA31	Nanomia bijuga	BAC00017	Remaining bacteria	d__Bacteria;p__Actinomycetota;c__Actinomycetes;o__Mycobacteriales;f__Mycobacteriaceae;g__Lawsonella;s__Lawsonella clevelandensis_A
Ahuja2026__NA31	Nanomia bijuga	BAC00019	Cutibacterium	d__Bacteria;p__Actinomycetota;c__Actinomycetes;o__Propionibacteriales;f__Propionibacteriaceae;g__Cutibacterium;s__Cutibacterium acnes
Ahuja2026__NA31	Nanomia bijuga	BAC00027	Metamycoplasmataceae	d__Bacteria;p__Bacillota_I;c__Bacilli_A;o__Mycoplasmatales;f__Metamycoplasmataceae;g__;s__
Ahuja2026__NA31	Nanomia bijuga	BAC00031	Metamycoplasmataceae	d__Bacteria;p__Bacillota_I;c__Bacilli_A;o__Mycoplasmatales;f__Metamycoplasmataceae;g__Mycoplasma_K;s__
Ahuja2026__NA31	Nanomia bijuga	BAC00052	Remaining bacteria	d__Bacteria;p__Bacteroidota;c__Bacteroidia;o__Flavobacteriales;f__Flavobacteriaceae;g__Flagellimonas;s__Flagellimonas sp013407935
Ahuja2026__NA31	Nanomia bijuga	BAC00054	Remaining bacteria	d__Bacteria;p__Bacteroidota;c__Bacteroidia;o__Flavobacteriales;f__Flavobacteriaceae;g__Gilvibacter;s__Gilvibacter sp002163875
Ahuja2026__NA31	Nanomia bijuga	BAC00069	Remaining bacteria	d__Bacteria;p__Bacteroidota;c__Bacteroidia;o__Flavobacteriales;f__Flavobacteriaceae;g__Muricauda_A;s__Muricauda_A lutaonensis
Ahuja2026__NA31	Nanomia bijuga	BAC00090	Remaining bacteria	d__Bacteria;p__Bacteroidota;c__Bacteroidia;o__Flavobacteriales;f__Flavobacteriaceae;g__Winogradskyella;s__Winogradskyella sp002682935
Ahuja2026__NA31	Nanomia bijuga	BAC00108	Remaining bacteria	d__Bacteria;p__Bdellovibrionota;c__Bacteriovoracia;o__Bacteriovoracales;f__Bacteriovoracaceae;g__UBA845;s__UBA845 sp913053615
Ahuja2026__NA31	Nanomia bijuga	BAC00118	Remaining bacteria	d__Bacteria;p__Cyanobacteriota;c__Cyanobacteriia;o__PCC-6307;f__Cyanobiaceae;g__Parasynechococcus;s__Parasynechococcus sp002724845
Ahuja2026__NA31	Nanomia bijuga	BAC00168	Cognatishimia	d__Bacteria;p__Pseudomonadota;c__Alphaproteobacteria;o__Rhodobacterales;f__Rhodobacteraceae;g__Cognatishimia;s__
Ahuja2026__NA31	Nanomia bijuga	BAC00181	Remaining bacteria	d__Bacteria;p__Pseudomonadota;c__Alphaproteobacteria;o__Rhodobacterales;f__Rhodobacteraceae;g__Phaeobacter;s__Phaeobacter italicus
Ahuja2026__NA31	Nanomia bijuga	BAC00188	Remaining bacteria	d__Bacteria;p__Pseudomonadota;c__Alphaproteobacteria;o__Rhodobacterales;f__Rhodobacteraceae;g__Shimia;s__Shimia marina_A
Ahuja2026__NA31	Nanomia bijuga	BAC00223	Alteromonas	d__Bacteria;p__Pseudomonadota;c__Gammaproteobacteria;o__Enterobacterales;f__Alteromonadaceae;g__Alteromonas;s__Alteromonas abrolhosensis
Ahuja2026__NA31	Nanomia bijuga	BAC00375	CAKMZU01	d__Bacteria;p__Pseudomonadota;c__Gammaproteobacteria;o__Pseudomonadales;f__DT-91;g__CAKMZU01;s__
Ahuja2026__NA31	Nanomia bijuga	BAC00376	CAKMZU01	d__Bacteria;p__Pseudomonadota;c__Gammaproteobacteria;o__Pseudomonadales;f__DT-91;g__CAKMZU01;s__
Ahuja2026__NA31	Nanomia bijuga	BAC00377	CAKMZU01	d__Bacteria;p__Pseudomonadota;c__Gammaproteobacteria;o__Pseudomonadales;f__DT-91;g__CAKMZU01;s__
Ahuja2026__NA31	Nanomia bijuga	BAC00378	CAKMZU01	d__Bacteria;p__Pseudomonadota;c__Gammaproteobacteria;o__Pseudomonadales;f__DT-91;g__CAKMZU01;s__
Ahuja2026__NA31	Nanomia bijuga	BAC00429	Remaining bacteria	d__Bacteria;p__Pseudomonadota;c__Gammaproteobacteria;o__Pseudomonadales;f__Pseudomonadaceae;g__Pseudomonas_E;s__Pseudomonas_E shirazensis
Ahuja2026__NA33	Nanomia bijuga	BAC00118	Remaining bacteria	d__Bacteria;p__Cyanobacteriota;c__Cyanobacteriia;o__PCC-6307;f__Cyanobiaceae;g__Parasynechococcus;s__Parasynechococcus sp002724845
Ahuja2026__NA33	Nanomia bijuga	BAC00168	Cognatishimia	d__Bacteria;p__Pseudomonadota;c__Alphaproteobacteria;o__Rhodobacterales;f__Rhodobacteraceae;g__Cognatishimia;s__
Ahuja2026__NA33	Nanomia bijuga	BAC00223	Alteromonas	d__Bacteria;p__Pseudomonadota;c__Gammaproteobacteria;o__Enterobacterales;f__Alteromonadaceae;g__Alteromonas;s__Alteromonas abrolhosensis
Ahuja2026__NA33	Nanomia bijuga	BAC00227	Alteromonas	d__Bacteria;p__Pseudomonadota;c__Gammaproteobacteria;o__Enterobacterales;f__Alteromonadaceae;g__Alteromonas;s__Alteromonas macleodii
Ahuja2026__NA33	Nanomia bijuga	BAC00233	Alteromonas	d__Bacteria;p__Pseudomonadota;c__Gammaproteobacteria;o__Enterobacterales;f__Alteromonadaceae;g__Alteromonas;s__Alteromonas sp009811495
Ahuja2026__NA33	Nanomia bijuga	BAC00319	Vibrio	d__Bacteria;p__Pseudomonadota;c__Gammaproteobacteria;o__Enterobacterales;f__Vibrionaceae;g__Vibrio;s__Vibrio coralliilyticus
Ahuja2026__NA33	Nanomia bijuga	BAC00376	CAKMZU01	d__Bacteria;p__Pseudomonadota;c__Gammaproteobacteria;o__Pseudomonadales;f__DT-91;g__CAKMZU01;s__
Ahuja2026__NA33	Nanomia bijuga	BAC00377	CAKMZU01	d__Bacteria;p__Pseudomonadota;c__Gammaproteobacteria;o__Pseudomonadales;f__DT-91;g__CAKMZU01;s__
Ahuja2026__NA33	Nanomia bijuga	BAC00378	CAKMZU01	d__Bacteria;p__Pseudomonadota;c__Gammaproteobacteria;o__Pseudomonadales;f__DT-91;g__CAKMZU01;s__
Ahuja2026__NA35	Nanomia septata	BAC00163	Remaining bacteria	d__Bacteria;p__Pseudomonadota;c__Alphaproteobacteria;o__Rhodobacterales;f__Rhodobacteraceae;g__Amylibacter;s__Amylibacter sp900197625
Ahuja2026__NA35	Nanomia septata	BAC00216	Remaining bacteria	d__Bacteria;p__Pseudomonadota;c__Gammaproteobacteria;o__Burkholderiales;f__Burkholderiaceae;g__Pelomonas;s__Pelomonas sp003963075
Ahuja2026__NA35	Nanomia septata	BAC00236	Remaining bacteria	d__Bacteria;p__Pseudomonadota;c__Gammaproteobacteria;o__Enterobacterales;f__Alteromonadaceae;g__Cognaticolwellia;s__Cognaticolwellia sp913058395
Ahuja2026__NA35	Nanomia septata	BAC00246	Pseudoalteromonas	d__Bacteria;p__Pseudomonadota;c__Gammaproteobacteria;o__Enterobacterales;f__Alteromonadaceae;g__Pseudoalteromonas;s__Pseudoalteromonas atlantica
Ahuja2026__NA35	Nanomia septata	BAC00265	Pseudoalteromonas	d__Bacteria;p__Pseudomonadota;c__Gammaproteobacteria;o__Enterobacterales;f__Alteromonadaceae;g__Pseudoalteromonas;s__Pseudoalteromonas sp001468485
Ahuja2026__NA37	Nanomia sp.	BAC00006	Archaea	d__Archaea;p__Thermoproteota;c__JANJXX01;o__JAMOTR01;f__;g__;s__
Ahuja2026__NA37	Nanomia sp.	BAC00019	Cutibacterium	d__Bacteria;p__Actinomycetota;c__Actinomycetes;o__Propionibacteriales;f__Propionibacteriaceae;g__Cutibacterium;s__Cutibacterium acnes
Ahuja2026__NA37	Nanomia sp.	BAC00227	Alteromonas	d__Bacteria;p__Pseudomonadota;c__Gammaproteobacteria;o__Enterobacterales;f__Alteromonadaceae;g__Alteromonas;s__Alteromonas macleodii
Ahuja2026__NA37	Nanomia sp.	BAC00246	Pseudoalteromonas	d__Bacteria;p__Pseudomonadota;c__Gammaproteobacteria;o__Enterobacterales;f__Alteromonadaceae;g__Pseudoalteromonas;s__Pseudoalteromonas atlantica
Ahuja2026__NA37	Nanomia sp.	BAC00253	Pseudoalteromonas	d__Bacteria;p__Pseudomonadota;c__Gammaproteobacteria;o__Enterobacterales;f__Alteromonadaceae;g__Pseudoalteromonas;s__Pseudoalteromonas gelatinilytica
Ahuja2026__NA37	Nanomia sp.	BAC00255	Pseudoalteromonas	d__Bacteria;p__Pseudomonadota;c__Gammaproteobacteria;o__Enterobacterales;f__Alteromonadaceae;g__Pseudoalteromonas;s__Pseudoalteromonas lipolytica_A
Ahuja2026__NA37	Nanomia sp.	BAC00258	Pseudoalteromonas	d__Bacteria;p__Pseudomonadota;c__Gammaproteobacteria;o__Enterobacterales;f__Alteromonadaceae;g__Pseudoalteromonas;s__Pseudoalteromonas phenolica
Ahuja2026__NA37	Nanomia sp.	BAC00268	Pseudoalteromonas	d__Bacteria;p__Pseudomonadota;c__Gammaproteobacteria;o__Enterobacterales;f__Alteromonadaceae;g__Pseudoalteromonas;s__Pseudoalteromonas sp002684115
Ahuja2026__NA37	Nanomia sp.	BAC00328	Vibrio	d__Bacteria;p__Pseudomonadota;c__Gammaproteobacteria;o__Enterobacterales;f__Vibrionaceae;g__Vibrio;s__Vibrio fortis_A
Ahuja2026__NA37	Nanomia sp.	BAC00399	Remaining bacteria	d__Bacteria;p__Pseudomonadota;c__Gammaproteobacteria;o__Pseudomonadales;f__Marinomonadaceae;g__Marinomonas;s__Marinomonas communis
Ahuja2026__NA37	Nanomia sp.	BAC00400	Remaining bacteria	d__Bacteria;p__Pseudomonadota;c__Gammaproteobacteria;o__Pseudomonadales;f__Marinomonadaceae;g__Marinomonas;s__Marinomonas pontica
Ahuja2026__NA38	Nanomia sp.	BAC00019	Cutibacterium	d__Bacteria;p__Actinomycetota;c__Actinomycetes;o__Propionibacteriales;f__Propionibacteriaceae;g__Cutibacterium;s__Cutibacterium acnes
Ahuja2026__NA38	Nanomia sp.	BAC00156	Remaining bacteria	d__Bacteria;p__Pseudomonadota;c__Alphaproteobacteria;o__Rhizobiales;f__Rhizobiaceae;g__Mesorhizobium;s__Mesorhizobium terrae
Ahuja2026__NA38	Nanomia sp.	BAC00159	Remaining bacteria	d__Bacteria;p__Pseudomonadota;c__Alphaproteobacteria;o__Rhizobiales;f__Xanthobacteraceae;g__Bradyrhizobium;s__Bradyrhizobium sp002831585
Ahuja2026__NA38	Nanomia sp.	BAC00216	Remaining bacteria	d__Bacteria;p__Pseudomonadota;c__Gammaproteobacteria;o__Burkholderiales;f__Burkholderiaceae;g__Pelomonas;s__Pelomonas sp003963075
Ahuja2026__NA38	Nanomia sp.	BAC00227	Alteromonas	d__Bacteria;p__Pseudomonadota;c__Gammaproteobacteria;o__Enterobacterales;f__Alteromonadaceae;g__Alteromonas;s__Alteromonas macleodii
Ahuja2026__NA38	Nanomia sp.	BAC00255	Pseudoalteromonas	d__Bacteria;p__Pseudomonadota;c__Gammaproteobacteria;o__Enterobacterales;f__Alteromonadaceae;g__Pseudoalteromonas;s__Pseudoalteromonas lipolytica_A
Ahuja2026__NA38	Nanomia sp.	BAC00268	Pseudoalteromonas	d__Bacteria;p__Pseudomonadota;c__Gammaproteobacteria;o__Enterobacterales;f__Alteromonadaceae;g__Pseudoalteromonas;s__Pseudoalteromonas sp002684115
Ahuja2026__NA38	Nanomia sp.	BAC00375	CAKMZU01	d__Bacteria;p__Pseudomonadota;c__Gammaproteobacteria;o__Pseudomonadales;f__DT-91;g__CAKMZU01;s__
Ahuja2026__NA38	Nanomia sp.	BAC00399	Remaining bacteria	d__Bacteria;p__Pseudomonadota;c__Gammaproteobacteria;o__Pseudomonadales;f__Marinomonadaceae;g__Marinomonas;s__Marinomonas communis
Ahuja2026__NA38	Nanomia sp.	BAC00424	Remaining bacteria	d__Bacteria;p__Pseudomonadota;c__Gammaproteobacteria;o__Pseudomonadales;f__Pseudomonadaceae;g__Pseudomonas;s__Pseudomonas aeruginosa
Ahuja2026__WS10	Nanomia septata	BAC00030	Metamycoplasmataceae	d__Bacteria;p__Bacillota_I;c__Bacilli_A;o__Mycoplasmatales;f__Metamycoplasmataceae;g__DT-68;s__
Ahuja2026__WS5	Nanomia septata	BAC00030	Metamycoplasmataceae	d__Bacteria;p__Bacillota_I;c__Bacilli_A;o__Mycoplasmatales;f__Metamycoplasmataceae;g__DT-68;s__
Ahuja2026__WS6	Nanomia septata	BAC00030	Metamycoplasmataceae	d__Bacteria;p__Bacillota_I;c__Bacilli_A;o__Mycoplasmatales;f__Metamycoplasmataceae;g__DT-68;s__
Ahuja2026__WS7	Nanomia septata	BAC00030	Metamycoplasmataceae	d__Bacteria;p__Bacillota_I;c__Bacilli_A;o__Mycoplasmatales;f__Metamycoplasmataceae;g__DT-68;s__
Ahuja2026__WS8	Nanomia septata	BAC00030	Metamycoplasmataceae	d__Bacteria;p__Bacillota_I;c__Bacilli_A;o__Mycoplasmatales;f__Metamycoplasmataceae;g__DT-68;s__
Ahuja2026__WS9	Nanomia septata	BAC00030	Metamycoplasmataceae	d__Bacteria;p__Bacillota_I;c__Bacilli_A;o__Mycoplasmatales;f__Metamycoplasmataceae;g__DT-68;s__
Church2025__FM-16644	Physalia physalis	BAC00166	Cognatishimia	d__Bacteria;p__Pseudomonadota;c__Alphaproteobacteria;o__Rhodobacterales;f__Rhodobacteraceae;g__Cognatishimia;s__
Church2025__FM-16644	Physalia physalis	BAC00317	Vibrio	d__Bacteria;p__Pseudomonadota;c__Gammaproteobacteria;o__Enterobacterales;f__Vibrionaceae;g__Vibrio;s__Vibrio chagasii_B
Church2025__FM-16644	Physalia physalis	BAC00352	Vibrio	d__Bacteria;p__Pseudomonadota;c__Gammaproteobacteria;o__Enterobacterales;f__Vibrionaceae;g__Vibrio;s__Vibrio sp030248535
Church2025__NIWA-173304	Physalia minuta	BAC00027	Metamycoplasmataceae	d__Bacteria;p__Bacillota_I;c__Bacilli_A;o__Mycoplasmatales;f__Metamycoplasmataceae;g__;s__
Church2025__NIWA-173304	Physalia minuta	BAC00147	Remaining bacteria	d__Bacteria;p__Pseudomonadota;c__Alphaproteobacteria;o__JABSOH01;f__JABSOH01;g__;s__
Church2025__NIWA-173304	Physalia minuta	BAC00362	Remaining bacteria	d__Bacteria;p__Pseudomonadota;c__Gammaproteobacteria;o__JABDGN01;f__JABDGN01;g__;s__
Church2025__NIWA-173304	Physalia minuta	BAC00370	Remaining bacteria	d__Bacteria;p__Pseudomonadota;c__Gammaproteobacteria;o__Pseudomonadales;f__Cellvibrionaceae;g__;s__
Church2025__NIWA-173305	Physalia minuta	BAC00006	Archaea	d__Archaea;p__Thermoproteota;c__JANJXX01;o__JAMOTR01;f__;g__;s__
Church2025__NIWA-173305	Physalia minuta	BAC00147	Remaining bacteria	d__Bacteria;p__Pseudomonadota;c__Alphaproteobacteria;o__JABSOH01;f__JABSOH01;g__;s__
Church2025__NIWA-173305	Physalia minuta	BAC00362	Remaining bacteria	d__Bacteria;p__Pseudomonadota;c__Gammaproteobacteria;o__JABDGN01;f__JABDGN01;g__;s__
Church2025__NIWA-173305	Physalia minuta	BAC00370	Remaining bacteria	d__Bacteria;p__Pseudomonadota;c__Gammaproteobacteria;o__Pseudomonadales;f__Cellvibrionaceae;g__;s__
Church2025__OA-190531-1	Physalia utriculus	BAC00026	Metamycoplasmataceae	d__Bacteria;p__Bacillota_I;c__Bacilli_A;o__Mycoplasmatales;f__Metamycoplasmataceae;g__;s__
Church2025__OA-190531-1	Physalia utriculus	BAC00027	Metamycoplasmataceae	d__Bacteria;p__Bacillota_I;c__Bacilli_A;o__Mycoplasmatales;f__Metamycoplasmataceae;g__;s__
Church2025__OA-190531-1	Physalia utriculus	BAC00045	Remaining bacteria	d__Bacteria;p__Bacteroidota;c__Bacteroidia;o__Flavobacteriales;f__Flavobacteriaceae;g__CAMZMA01;s__
Church2025__TMAG-K5632	Physalia megalista	BAC00006	Archaea	d__Archaea;p__Thermoproteota;c__JANJXX01;o__JAMOTR01;f__;g__;s__
Church2025__TMAG-K5632	Physalia megalista	BAC00025	Metamycoplasmataceae	d__Bacteria;p__Bacillota_I;c__Bacilli_A;o__Mycoplasmatales;f__Metamycoplasmataceae;g__;s__
Church2025__TMAG-K5632	Physalia megalista	BAC00026	Metamycoplasmataceae	d__Bacteria;p__Bacillota_I;c__Bacilli_A;o__Mycoplasmatales;f__Metamycoplasmataceae;g__;s__
Church2025__TMAG-K5632	Physalia megalista	BAC00027	Metamycoplasmataceae	d__Bacteria;p__Bacillota_I;c__Bacilli_A;o__Mycoplasmatales;f__Metamycoplasmataceae;g__;s__
Church2025__TMAG-K5632	Physalia megalista	BAC00183	Remaining bacteria	d__Bacteria;p__Pseudomonadota;c__Alphaproteobacteria;o__Rhodobacterales;f__Rhodobacteraceae;g__Planktomarina;s__
Church2025__TMAG-K5632	Physalia megalista	BAC00333	Vibrio	d__Bacteria;p__Pseudomonadota;c__Gammaproteobacteria;o__Enterobacterales;f__Vibrionaceae;g__Vibrio;s__Vibrio lentus
Church2025__TMAG-K5632	Physalia megalista	BAC00334	Vibrio	d__Bacteria;p__Pseudomonadota;c__Gammaproteobacteria;o__Enterobacterales;f__Vibrionaceae;g__Vibrio;s__Vibrio lentus_A
Church2025__TMAG-K5633	Physalia minuta	BAC00006	Archaea	d__Archaea;p__Thermoproteota;c__JANJXX01;o__JAMOTR01;f__;g__;s__
Church2025__TMAG-K5633	Physalia minuta	BAC00025	Metamycoplasmataceae	d__Bacteria;p__Bacillota_I;c__Bacilli_A;o__Mycoplasmatales;f__Metamycoplasmataceae;g__;s__
Church2025__TMAG-K5633	Physalia minuta	BAC00147	Remaining bacteria	d__Bacteria;p__Pseudomonadota;c__Alphaproteobacteria;o__JABSOH01;f__JABSOH01;g__;s__
Church2025__TMAG-K5633	Physalia minuta	BAC00183	Remaining bacteria	d__Bacteria;p__Pseudomonadota;c__Alphaproteobacteria;o__Rhodobacterales;f__Rhodobacteraceae;g__Planktomarina;s__
Church2025__TMAG-K5634	Physalia minuta	BAC00025	Metamycoplasmataceae	d__Bacteria;p__Bacillota_I;c__Bacilli_A;o__Mycoplasmatales;f__Metamycoplasmataceae;g__;s__
Church2025__TMAG-K5635	Physalia minuta	BAC00006	Archaea	d__Archaea;p__Thermoproteota;c__JANJXX01;o__JAMOTR01;f__;g__;s__
Church2025__TMAG-K5635	Physalia minuta	BAC00019	Cutibacterium	d__Bacteria;p__Actinomycetota;c__Actinomycetes;o__Propionibacteriales;f__Propionibacteriaceae;g__Cutibacterium;s__Cutibacterium acnes
Church2025__TMAG-K5635	Physalia minuta	BAC00025	Metamycoplasmataceae	d__Bacteria;p__Bacillota_I;c__Bacilli_A;o__Mycoplasmatales;f__Metamycoplasmataceae;g__;s__
Church2025__TMAG-K5635	Physalia minuta	BAC00026	Metamycoplasmataceae	d__Bacteria;p__Bacillota_I;c__Bacilli_A;o__Mycoplasmatales;f__Metamycoplasmataceae;g__;s__
Church2025__TMAG-K5635	Physalia minuta	BAC00027	Metamycoplasmataceae	d__Bacteria;p__Bacillota_I;c__Bacilli_A;o__Mycoplasmatales;f__Metamycoplasmataceae;g__;s__
Church2025__TMAG-K5635	Physalia minuta	BAC00183	Remaining bacteria	d__Bacteria;p__Pseudomonadota;c__Alphaproteobacteria;o__Rhodobacterales;f__Rhodobacteraceae;g__Planktomarina;s__
Church2025__TMAG-K5636	Physalia minuta	BAC00006	Archaea	d__Archaea;p__Thermoproteota;c__JANJXX01;o__JAMOTR01;f__;g__;s__
Church2025__TMAG-K5636	Physalia minuta	BAC00019	Cutibacterium	d__Bacteria;p__Actinomycetota;c__Actinomycetes;o__Propionibacteriales;f__Propionibacteriaceae;g__Cutibacterium;s__Cutibacterium acnes
Church2025__TMAG-K5636	Physalia minuta	BAC00025	Metamycoplasmataceae	d__Bacteria;p__Bacillota_I;c__Bacilli_A;o__Mycoplasmatales;f__Metamycoplasmataceae;g__;s__
Church2025__TMAG-K5636	Physalia minuta	BAC00027	Metamycoplasmataceae	d__Bacteria;p__Bacillota_I;c__Bacilli_A;o__Mycoplasmatales;f__Metamycoplasmataceae;g__;s__
Church2025__TMAG-K5636	Physalia minuta	BAC00183	Remaining bacteria	d__Bacteria;p__Pseudomonadota;c__Alphaproteobacteria;o__Rhodobacterales;f__Rhodobacteraceae;g__Planktomarina;s__
Church2025__WAM-Z88480	Physalia megalista	BAC00025	Metamycoplasmataceae	d__Bacteria;p__Bacillota_I;c__Bacilli_A;o__Mycoplasmatales;f__Metamycoplasmataceae;g__;s__
Church2025__WAM-Z88480	Physalia megalista	BAC00027	Metamycoplasmataceae	d__Bacteria;p__Bacillota_I;c__Bacilli_A;o__Mycoplasmatales;f__Metamycoplasmataceae;g__;s__
Church2025__WAM-Z88480	Physalia megalista	BAC00183	Remaining bacteria	d__Bacteria;p__Pseudomonadota;c__Alphaproteobacteria;o__Rhodobacterales;f__Rhodobacteraceae;g__Planktomarina;s__
Church2025__WAM-Z97900	Physalia megalista	BAC00025	Metamycoplasmataceae	d__Bacteria;p__Bacillota_I;c__Bacilli_A;o__Mycoplasmatales;f__Metamycoplasmataceae;g__;s__
Church2025__WAM-Z97900	Physalia megalista	BAC00183	Remaining bacteria	d__Bacteria;p__Pseudomonadota;c__Alphaproteobacteria;o__Rhodobacterales;f__Rhodobacteraceae;g__Planktomarina;s__
Church2025__WAM-Z97901	Physalia megalista	BAC00006	Archaea	d__Archaea;p__Thermoproteota;c__JANJXX01;o__JAMOTR01;f__;g__;s__
Church2025__WAM-Z97901	Physalia megalista	BAC00025	Metamycoplasmataceae	d__Bacteria;p__Bacillota_I;c__Bacilli_A;o__Mycoplasmatales;f__Metamycoplasmataceae;g__;s__
Church2025__WAM-Z97901	Physalia megalista	BAC00027	Metamycoplasmataceae	d__Bacteria;p__Bacillota_I;c__Bacilli_A;o__Mycoplasmatales;f__Metamycoplasmataceae;g__;s__
Church2025__WAM-Z97902	Physalia utriculus	BAC00019	Cutibacterium	d__Bacteria;p__Actinomycetota;c__Actinomycetes;o__Propionibacteriales;f__Propionibacteriaceae;g__Cutibacterium;s__Cutibacterium acnes
Church2025__WAM-Z97902	Physalia utriculus	BAC00025	Metamycoplasmataceae	d__Bacteria;p__Bacillota_I;c__Bacilli_A;o__Mycoplasmatales;f__Metamycoplasmataceae;g__;s__
Church2025__WAM-Z97902	Physalia utriculus	BAC00026	Metamycoplasmataceae	d__Bacteria;p__Bacillota_I;c__Bacilli_A;o__Mycoplasmatales;f__Metamycoplasmataceae;g__;s__
Church2025__WAM-Z97902	Physalia utriculus	BAC00027	Metamycoplasmataceae	d__Bacteria;p__Bacillota_I;c__Bacilli_A;o__Mycoplasmatales;f__Metamycoplasmataceae;g__;s__
Church2025__WAM-Z97902	Physalia utriculus	BAC00046	Remaining bacteria	d__Bacteria;p__Bacteroidota;c__Bacteroidia;o__Flavobacteriales;f__Flavobacteriaceae;g__Cellulophaga;s__Cellulophaga lytica
Church2025__WAM-Z97902	Physalia utriculus	BAC00051	Remaining bacteria	d__Bacteria;p__Bacteroidota;c__Bacteroidia;o__Flavobacteriales;f__Flavobacteriaceae;g__Dokdonia;s__Dokdonia sp947496725
Church2025__WAM-Z97902	Physalia utriculus	BAC00228	Alteromonas	d__Bacteria;p__Pseudomonadota;c__Gammaproteobacteria;o__Enterobacterales;f__Alteromonadaceae;g__Alteromonas;s__Alteromonas macleodii_A
Church2025__WAM-Z97902	Physalia utriculus	BAC00246	Pseudoalteromonas	d__Bacteria;p__Pseudomonadota;c__Gammaproteobacteria;o__Enterobacterales;f__Alteromonadaceae;g__Pseudoalteromonas;s__Pseudoalteromonas atlantica
Church2025__WAM-Z97902	Physalia utriculus	BAC00250	Pseudoalteromonas	d__Bacteria;p__Pseudomonadota;c__Gammaproteobacteria;o__Enterobacterales;f__Alteromonadaceae;g__Pseudoalteromonas;s__Pseudoalteromonas espejiana
Church2025__WAM-Z97902	Physalia utriculus	BAC00276	Pseudoalteromonas	d__Bacteria;p__Pseudomonadota;c__Gammaproteobacteria;o__Enterobacterales;f__Alteromonadaceae;g__Pseudoalteromonas;s__Pseudoalteromonas sp030296835
Church2025__WAM-Z97902	Physalia utriculus	BAC00291	Remaining bacteria	d__Bacteria;p__Pseudomonadota;c__Gammaproteobacteria;o__Enterobacterales;f__Psychromonadaceae;g__Psychromonas;s__Psychromonas sp003318165
Church2025__WAM-Z97902	Physalia utriculus	BAC00342	Vibrio	d__Bacteria;p__Pseudomonadota;c__Gammaproteobacteria;o__Enterobacterales;f__Vibrionaceae;g__Vibrio;s__Vibrio pomeroyi
Church2025__WAM-Z97902	Physalia utriculus	BAC00384	Remaining bacteria	d__Bacteria;p__Pseudomonadota;c__Gammaproteobacteria;o__Pseudomonadales;f__Halomonadaceae;g__Cobetia;s__Cobetia amphilecti
Church2025__WAM-Z97902	Physalia utriculus	BAC00386	Remaining bacteria	d__Bacteria;p__Pseudomonadota;c__Gammaproteobacteria;o__Pseudomonadales;f__Halomonadaceae;g__Cobetia;s__Cobetia sp016495405
Church2025__WAM-Z97903	Physalia megalista	BAC00025	Metamycoplasmataceae	d__Bacteria;p__Bacillota_I;c__Bacilli_A;o__Mycoplasmatales;f__Metamycoplasmataceae;g__;s__
Church2025__WAM-Z97903	Physalia megalista	BAC00027	Metamycoplasmataceae	d__Bacteria;p__Bacillota_I;c__Bacilli_A;o__Mycoplasmatales;f__Metamycoplasmataceae;g__;s__
Church2025__WAM-Z97903	Physalia megalista	BAC00316	Vibrio	d__Bacteria;p__Pseudomonadota;c__Gammaproteobacteria;o__Enterobacterales;f__Vibrionaceae;g__Vibrio;s__Vibrio chagasii_A
Church2025__WAM-Z97903	Physalia megalista	BAC00351	Vibrio	d__Bacteria;p__Pseudomonadota;c__Gammaproteobacteria;o__Enterobacterales;f__Vibrionaceae;g__Vibrio;s__Vibrio sp022398115
Church2025__WAM-Z97906	Physalia megalista	BAC00027	Metamycoplasmataceae	d__Bacteria;p__Bacillota_I;c__Bacilli_A;o__Mycoplasmatales;f__Metamycoplasmataceae;g__;s__
Church2025__WAM-Z97907	Physalia utriculus	BAC00025	Metamycoplasmataceae	d__Bacteria;p__Bacillota_I;c__Bacilli_A;o__Mycoplasmatales;f__Metamycoplasmataceae;g__;s__
Church2025__WAM-Z97907	Physalia utriculus	BAC00026	Metamycoplasmataceae	d__Bacteria;p__Bacillota_I;c__Bacilli_A;o__Mycoplasmatales;f__Metamycoplasmataceae;g__;s__
Church2025__WAM-Z97907	Physalia utriculus	BAC00027	Metamycoplasmataceae	d__Bacteria;p__Bacillota_I;c__Bacilli_A;o__Mycoplasmatales;f__Metamycoplasmataceae;g__;s__
Church2025__WAM-Z97907	Physalia utriculus	BAC00029	Metamycoplasmataceae	d__Bacteria;p__Bacillota_I;c__Bacilli_A;o__Mycoplasmatales;f__Metamycoplasmataceae;g__;s__
Church2025__WAM-Z97907	Physalia utriculus	BAC00146	Remaining bacteria	d__Bacteria;p__Pseudomonadota;c__Alphaproteobacteria;o__JABSOH01;f__JABSOH01;g__;s__
Church2025__WAM-Z97907	Physalia utriculus	BAC00166	Cognatishimia	d__Bacteria;p__Pseudomonadota;c__Alphaproteobacteria;o__Rhodobacterales;f__Rhodobacteraceae;g__Cognatishimia;s__
Church2025__WAM-Z97908	Physalia utriculus	BAC00025	Metamycoplasmataceae	d__Bacteria;p__Bacillota_I;c__Bacilli_A;o__Mycoplasmatales;f__Metamycoplasmataceae;g__;s__
Church2025__WAM-Z97908	Physalia utriculus	BAC00027	Metamycoplasmataceae	d__Bacteria;p__Bacillota_I;c__Bacilli_A;o__Mycoplasmatales;f__Metamycoplasmataceae;g__;s__
Church2025__WAM-Z97908	Physalia utriculus	BAC00028	Metamycoplasmataceae	d__Bacteria;p__Bacillota_I;c__Bacilli_A;o__Mycoplasmatales;f__Metamycoplasmataceae;g__;s__
Church2025__WAM-Z97908	Physalia utriculus	BAC00029	Metamycoplasmataceae	d__Bacteria;p__Bacillota_I;c__Bacilli_A;o__Mycoplasmatales;f__Metamycoplasmataceae;g__;s__
Church2025__WAM-Z97908	Physalia utriculus	BAC00113	Remaining bacteria	d__Bacteria;p__Cyanobacteriota;c__Cyanobacteriia;o__Cyanobacteriales;f__Microcoleaceae;g__Trichodesmium;s__Trichodesmium erythraeum
Church2025__WAM-Z97908	Physalia utriculus	BAC00146	Remaining bacteria	d__Bacteria;p__Pseudomonadota;c__Alphaproteobacteria;o__JABSOH01;f__JABSOH01;g__;s__
Church2025__WAM-Z97910	Physalia utriculus	BAC00019	Cutibacterium	d__Bacteria;p__Actinomycetota;c__Actinomycetes;o__Propionibacteriales;f__Propionibacteriaceae;g__Cutibacterium;s__Cutibacterium acnes
Church2025__WAM-Z97910	Physalia utriculus	BAC00025	Metamycoplasmataceae	d__Bacteria;p__Bacillota_I;c__Bacilli_A;o__Mycoplasmatales;f__Metamycoplasmataceae;g__;s__
Church2025__WAM-Z97910	Physalia utriculus	BAC00029	Metamycoplasmataceae	d__Bacteria;p__Bacillota_I;c__Bacilli_A;o__Mycoplasmatales;f__Metamycoplasmataceae;g__;s__
Church2025__WAM-Z97910	Physalia utriculus	BAC00216	Remaining bacteria	d__Bacteria;p__Pseudomonadota;c__Gammaproteobacteria;o__Burkholderiales;f__Burkholderiaceae;g__Pelomonas;s__Pelomonas sp003963075
Church2025__WAM-Z97910	Physalia utriculus	BAC00250	Pseudoalteromonas	d__Bacteria;p__Pseudomonadota;c__Gammaproteobacteria;o__Enterobacterales;f__Alteromonadaceae;g__Pseudoalteromonas;s__Pseudoalteromonas espejiana
Church2025__WAM-Z97910	Physalia utriculus	BAC00384	Remaining bacteria	d__Bacteria;p__Pseudomonadota;c__Gammaproteobacteria;o__Pseudomonadales;f__Halomonadaceae;g__Cobetia;s__Cobetia amphilecti
Church2025__WAM-Z97910	Physalia utriculus	BAC00386	Remaining bacteria	d__Bacteria;p__Pseudomonadota;c__Gammaproteobacteria;o__Pseudomonadales;f__Halomonadaceae;g__Cobetia;s__Cobetia sp016495405
Church2025__WAM-Z97911	Physalia utriculus	BAC00025	Metamycoplasmataceae	d__Bacteria;p__Bacillota_I;c__Bacilli_A;o__Mycoplasmatales;f__Metamycoplasmataceae;g__;s__
Church2025__WAM-Z97911	Physalia utriculus	BAC00026	Metamycoplasmataceae	d__Bacteria;p__Bacillota_I;c__Bacilli_A;o__Mycoplasmatales;f__Metamycoplasmataceae;g__;s__
Church2025__WAM-Z97911	Physalia utriculus	BAC00027	Metamycoplasmataceae	d__Bacteria;p__Bacillota_I;c__Bacilli_A;o__Mycoplasmatales;f__Metamycoplasmataceae;g__;s__
Church2025__WAM-Z97911	Physalia utriculus	BAC00250	Pseudoalteromonas	d__Bacteria;p__Pseudomonadota;c__Gammaproteobacteria;o__Enterobacterales;f__Alteromonadaceae;g__Pseudoalteromonas;s__Pseudoalteromonas espejiana
Church2025__WAM-Z97911	Physalia utriculus	BAC00384	Remaining bacteria	d__Bacteria;p__Pseudomonadota;c__Gammaproteobacteria;o__Pseudomonadales;f__Halomonadaceae;g__Cobetia;s__Cobetia amphilecti
Church2025__WAM-Z97914	Physalia utriculus	BAC00025	Metamycoplasmataceae	d__Bacteria;p__Bacillota_I;c__Bacilli_A;o__Mycoplasmatales;f__Metamycoplasmataceae;g__;s__
Church2025__WAM-Z97914	Physalia utriculus	BAC00250	Pseudoalteromonas	d__Bacteria;p__Pseudomonadota;c__Gammaproteobacteria;o__Enterobacterales;f__Alteromonadaceae;g__Pseudoalteromonas;s__Pseudoalteromonas espejiana
Church2025__WAM-Z97916	Physalia utriculus	BAC00025	Metamycoplasmataceae	d__Bacteria;p__Bacillota_I;c__Bacilli_A;o__Mycoplasmatales;f__Metamycoplasmataceae;g__;s__
Church2025__WAM-Z97916	Physalia utriculus	BAC00026	Metamycoplasmataceae	d__Bacteria;p__Bacillota_I;c__Bacilli_A;o__Mycoplasmatales;f__Metamycoplasmataceae;g__;s__
Church2025__WAM-Z97916	Physalia utriculus	BAC00027	Metamycoplasmataceae	d__Bacteria;p__Bacillota_I;c__Bacilli_A;o__Mycoplasmatales;f__Metamycoplasmataceae;g__;s__
Church2025__WAM-Z97916	Physalia utriculus	BAC00146	Remaining bacteria	d__Bacteria;p__Pseudomonadota;c__Alphaproteobacteria;o__JABSOH01;f__JABSOH01;g__;s__
Church2025__WAM-Z97916	Physalia utriculus	BAC00166	Cognatishimia	d__Bacteria;p__Pseudomonadota;c__Alphaproteobacteria;o__Rhodobacterales;f__Rhodobacteraceae;g__Cognatishimia;s__
Church2025__WAM-Z97916	Physalia utriculus	BAC00250	Pseudoalteromonas	d__Bacteria;p__Pseudomonadota;c__Gammaproteobacteria;o__Enterobacterales;f__Alteromonadaceae;g__Pseudoalteromonas;s__Pseudoalteromonas espejiana
Church2025__WAM-Z97916	Physalia utriculus	BAC00384	Remaining bacteria	d__Bacteria;p__Pseudomonadota;c__Gammaproteobacteria;o__Pseudomonadales;f__Halomonadaceae;g__Cobetia;s__Cobetia amphilecti
Church2025__WAM-Z97917	Physalia utriculus	BAC00019	Cutibacterium	d__Bacteria;p__Actinomycetota;c__Actinomycetes;o__Propionibacteriales;f__Propionibacteriaceae;g__Cutibacterium;s__Cutibacterium acnes
Church2025__WAM-Z97917	Physalia utriculus	BAC00025	Metamycoplasmataceae	d__Bacteria;p__Bacillota_I;c__Bacilli_A;o__Mycoplasmatales;f__Metamycoplasmataceae;g__;s__
Church2025__WAM-Z97917	Physalia utriculus	BAC00026	Metamycoplasmataceae	d__Bacteria;p__Bacillota_I;c__Bacilli_A;o__Mycoplasmatales;f__Metamycoplasmataceae;g__;s__
Church2025__WAM-Z97917	Physalia utriculus	BAC00027	Metamycoplasmataceae	d__Bacteria;p__Bacillota_I;c__Bacilli_A;o__Mycoplasmatales;f__Metamycoplasmataceae;g__;s__
Church2025__WAM-Z97917	Physalia utriculus	BAC00028	Metamycoplasmataceae	d__Bacteria;p__Bacillota_I;c__Bacilli_A;o__Mycoplasmatales;f__Metamycoplasmataceae;g__;s__
Church2025__WAM-Z97917	Physalia utriculus	BAC00166	Cognatishimia	d__Bacteria;p__Pseudomonadota;c__Alphaproteobacteria;o__Rhodobacterales;f__Rhodobacteraceae;g__Cognatishimia;s__
Church2025__WAM-Z97920	Physalia megalista	BAC00025	Metamycoplasmataceae	d__Bacteria;p__Bacillota_I;c__Bacilli_A;o__Mycoplasmatales;f__Metamycoplasmataceae;g__;s__
Church2025__WAM-Z97920	Physalia megalista	BAC00026	Metamycoplasmataceae	d__Bacteria;p__Bacillota_I;c__Bacilli_A;o__Mycoplasmatales;f__Metamycoplasmataceae;g__;s__
Church2025__WAM-Z97920	Physalia megalista	BAC00027	Metamycoplasmataceae	d__Bacteria;p__Bacillota_I;c__Bacilli_A;o__Mycoplasmatales;f__Metamycoplasmataceae;g__;s__
Church2025__WAM-Z97921	Physalia utriculus	BAC00025	Metamycoplasmataceae	d__Bacteria;p__Bacillota_I;c__Bacilli_A;o__Mycoplasmatales;f__Metamycoplasmataceae;g__;s__
Church2025__WAM-Z97921	Physalia utriculus	BAC00026	Metamycoplasmataceae	d__Bacteria;p__Bacillota_I;c__Bacilli_A;o__Mycoplasmatales;f__Metamycoplasmataceae;g__;s__
Church2025__WAM-Z97921	Physalia utriculus	BAC00027	Metamycoplasmataceae	d__Bacteria;p__Bacillota_I;c__Bacilli_A;o__Mycoplasmatales;f__Metamycoplasmataceae;g__;s__
Church2025__WAM-Z97921	Physalia utriculus	BAC00028	Metamycoplasmataceae	d__Bacteria;p__Bacillota_I;c__Bacilli_A;o__Mycoplasmatales;f__Metamycoplasmataceae;g__;s__
Church2025__WAM-Z97921	Physalia utriculus	BAC00118	Remaining bacteria	d__Bacteria;p__Cyanobacteriota;c__Cyanobacteriia;o__PCC-6307;f__Cyanobiaceae;g__Parasynechococcus;s__Parasynechococcus sp002724845
Church2025__WAM-Z97921	Physalia utriculus	BAC00139	Remaining bacteria	d__Bacteria;p__Planctomycetota;c__UBA1135;o__UBA1135;f__GCA-002686595;g__GCA-2862085;s__
Church2025__WAM-Z97921	Physalia utriculus	BAC00146	Remaining bacteria	d__Bacteria;p__Pseudomonadota;c__Alphaproteobacteria;o__JABSOH01;f__JABSOH01;g__;s__
Church2025__WAM-Z97923	Physalia utriculus	BAC00025	Metamycoplasmataceae	d__Bacteria;p__Bacillota_I;c__Bacilli_A;o__Mycoplasmatales;f__Metamycoplasmataceae;g__;s__
Church2025__WAM-Z97923	Physalia utriculus	BAC00027	Metamycoplasmataceae	d__Bacteria;p__Bacillota_I;c__Bacilli_A;o__Mycoplasmatales;f__Metamycoplasmataceae;g__;s__
Church2025__YPM-IZ-104460	Physalia utriculus	BAC00289	Remaining bacteria	d__Bacteria;p__Pseudomonadota;c__Gammaproteobacteria;o__Enterobacterales;f__Enterobacteriaceae;g__Serratia;s__Serratia nevei
Church2025__YPM-IZ-104461	Physalia utriculus	BAC00146	Remaining bacteria	d__Bacteria;p__Pseudomonadota;c__Alphaproteobacteria;o__JABSOH01;f__JABSOH01;g__;s__
Church2025__YPM-IZ-104461	Physalia utriculus	BAC00166	Cognatishimia	d__Bacteria;p__Pseudomonadota;c__Alphaproteobacteria;o__Rhodobacterales;f__Rhodobacteraceae;g__Cognatishimia;s__
Church2025__YPM-IZ-104461	Physalia utriculus	BAC00289	Remaining bacteria	d__Bacteria;p__Pseudomonadota;c__Gammaproteobacteria;o__Enterobacterales;f__Enterobacteriaceae;g__Serratia;s__Serratia nevei
Church2025__YPM-IZ-104464	Physalia utriculus	BAC00146	Remaining bacteria	d__Bacteria;p__Pseudomonadota;c__Alphaproteobacteria;o__JABSOH01;f__JABSOH01;g__;s__
Church2025__YPM-IZ-104464	Physalia utriculus	BAC00166	Cognatishimia	d__Bacteria;p__Pseudomonadota;c__Alphaproteobacteria;o__Rhodobacterales;f__Rhodobacteraceae;g__Cognatishimia;s__
Church2025__YPM-IZ-104464	Physalia utriculus	BAC00167	Cognatishimia	d__Bacteria;p__Pseudomonadota;c__Alphaproteobacteria;o__Rhodobacterales;f__Rhodobacteraceae;g__Cognatishimia;s__
Church2025__YPM-IZ-104464	Physalia utriculus	BAC00289	Remaining bacteria	d__Bacteria;p__Pseudomonadota;c__Gammaproteobacteria;o__Enterobacterales;f__Enterobacteriaceae;g__Serratia;s__Serratia nevei
Church2025__YPM-IZ-104465	Physalia utriculus	BAC00146	Remaining bacteria	d__Bacteria;p__Pseudomonadota;c__Alphaproteobacteria;o__JABSOH01;f__JABSOH01;g__;s__
Church2025__YPM-IZ-104465	Physalia utriculus	BAC00167	Cognatishimia	d__Bacteria;p__Pseudomonadota;c__Alphaproteobacteria;o__Rhodobacterales;f__Rhodobacteraceae;g__Cognatishimia;s__
Church2025__YPM-IZ-104465	Physalia utriculus	BAC00289	Remaining bacteria	d__Bacteria;p__Pseudomonadota;c__Gammaproteobacteria;o__Enterobacterales;f__Enterobacteriaceae;g__Serratia;s__Serratia nevei
Church2025__YPM-IZ-106919	Physalia utriculus	BAC00146	Remaining bacteria	d__Bacteria;p__Pseudomonadota;c__Alphaproteobacteria;o__JABSOH01;f__JABSOH01;g__;s__
Church2025__YPM-IZ-106919	Physalia utriculus	BAC00166	Cognatishimia	d__Bacteria;p__Pseudomonadota;c__Alphaproteobacteria;o__Rhodobacterales;f__Rhodobacteraceae;g__Cognatishimia;s__
Church2025__YPM-IZ-106919	Physalia utriculus	BAC00375	CAKMZU01	d__Bacteria;p__Pseudomonadota;c__Gammaproteobacteria;o__Pseudomonadales;f__DT-91;g__CAKMZU01;s__
Church2025__YPM-IZ-106920	Physalia utriculus	BAC00146	Remaining bacteria	d__Bacteria;p__Pseudomonadota;c__Alphaproteobacteria;o__JABSOH01;f__JABSOH01;g__;s__
Church2025__YPM-IZ-106920	Physalia utriculus	BAC00375	CAKMZU01	d__Bacteria;p__Pseudomonadota;c__Gammaproteobacteria;o__Pseudomonadales;f__DT-91;g__CAKMZU01;s__
Church2025__YPM-IZ-106923	Physalia utriculus	BAC00028	Metamycoplasmataceae	d__Bacteria;p__Bacillota_I;c__Bacilli_A;o__Mycoplasmatales;f__Metamycoplasmataceae;g__;s__
Church2025__YPM-IZ-106923	Physalia utriculus	BAC00146	Remaining bacteria	d__Bacteria;p__Pseudomonadota;c__Alphaproteobacteria;o__JABSOH01;f__JABSOH01;g__;s__
Church2025__YPM-IZ-106923	Physalia utriculus	BAC00166	Cognatishimia	d__Bacteria;p__Pseudomonadota;c__Alphaproteobacteria;o__Rhodobacterales;f__Rhodobacteraceae;g__Cognatishimia;s__
Church2025__YPM-IZ-106923	Physalia utriculus	BAC00167	Cognatishimia	d__Bacteria;p__Pseudomonadota;c__Alphaproteobacteria;o__Rhodobacterales;f__Rhodobacteraceae;g__Cognatishimia;s__
Church2025__YPM-IZ-106923	Physalia utriculus	BAC00307	Photobacterium	d__Bacteria;p__Pseudomonadota;c__Gammaproteobacteria;o__Enterobacterales;f__Vibrionaceae;g__Photobacterium;s__Photobacterium swingsii
Church2025__YPM-IZ-106923	Physalia utriculus	BAC00316	Vibrio	d__Bacteria;p__Pseudomonadota;c__Gammaproteobacteria;o__Enterobacterales;f__Vibrionaceae;g__Vibrio;s__Vibrio chagasii_A
Church2025__YPM-IZ-106923	Physalia utriculus	BAC00317	Vibrio	d__Bacteria;p__Pseudomonadota;c__Gammaproteobacteria;o__Enterobacterales;f__Vibrionaceae;g__Vibrio;s__Vibrio chagasii_B
Church2025__YPM-IZ-106923	Physalia utriculus	BAC00351	Vibrio	d__Bacteria;p__Pseudomonadota;c__Gammaproteobacteria;o__Enterobacterales;f__Vibrionaceae;g__Vibrio;s__Vibrio sp022398115
Church2025__YPM-IZ-106954	Physalia physalis	BAC00027	Metamycoplasmataceae	d__Bacteria;p__Bacillota_I;c__Bacilli_A;o__Mycoplasmatales;f__Metamycoplasmataceae;g__;s__
Church2025__YPM-IZ-110251	Physalia physalis	BAC00019	Cutibacterium	d__Bacteria;p__Actinomycetota;c__Actinomycetes;o__Propionibacteriales;f__Propionibacteriaceae;g__Cutibacterium;s__Cutibacterium acnes
Church2025__YPM-IZ-110254	Physalia physalis	BAC00019	Cutibacterium	d__Bacteria;p__Actinomycetota;c__Actinomycetes;o__Propionibacteriales;f__Propionibacteriaceae;g__Cutibacterium;s__Cutibacterium acnes
Church2025__YPM-IZ-110264	Physalia utriculus	BAC00019	Cutibacterium	d__Bacteria;p__Actinomycetota;c__Actinomycetes;o__Propionibacteriales;f__Propionibacteriaceae;g__Cutibacterium;s__Cutibacterium acnes
Church2025__YPM-IZ-110264	Physalia utriculus	BAC00166	Cognatishimia	d__Bacteria;p__Pseudomonadota;c__Alphaproteobacteria;o__Rhodobacterales;f__Rhodobacteraceae;g__Cognatishimia;s__
Church2025__YPM-IZ-110264	Physalia utriculus	BAC00167	Cognatishimia	d__Bacteria;p__Pseudomonadota;c__Alphaproteobacteria;o__Rhodobacterales;f__Rhodobacteraceae;g__Cognatishimia;s__
Church2025__YPM-IZ-110276	Physalia utriculus	BAC00166	Cognatishimia	d__Bacteria;p__Pseudomonadota;c__Alphaproteobacteria;o__Rhodobacterales;f__Rhodobacteraceae;g__Cognatishimia;s__
Church2025__YPM-IZ-110277	Physalia utriculus	BAC00166	Cognatishimia	d__Bacteria;p__Pseudomonadota;c__Alphaproteobacteria;o__Rhodobacterales;f__Rhodobacteraceae;g__Cognatishimia;s__
Church2025__YPM-IZ-110433	Physalia physalis	BAC00277	Pseudoalteromonas	d__Bacteria;p__Pseudomonadota;c__Gammaproteobacteria;o__Enterobacterales;f__Alteromonadaceae;g__Pseudoalteromonas;s__Pseudoalteromonas spongiae
Church2025__YPM-IZ-110433	Physalia physalis	BAC00304	Photobacterium	d__Bacteria;p__Pseudomonadota;c__Gammaproteobacteria;o__Enterobacterales;f__Vibrionaceae;g__Photobacterium;s__Photobacterium jeanii
Church2025__YPM-IZ-110433	Physalia physalis	BAC00308	Vibrio	d__Bacteria;p__Pseudomonadota;c__Gammaproteobacteria;o__Enterobacterales;f__Vibrionaceae;g__Vibrio;s__Vibrio alginolyticus
Church2025__YPM-IZ-110433	Physalia physalis	BAC00319	Vibrio	d__Bacteria;p__Pseudomonadota;c__Gammaproteobacteria;o__Enterobacterales;f__Vibrionaceae;g__Vibrio;s__Vibrio coralliilyticus
Church2025__YPM-IZ-110433	Physalia physalis	BAC00324	Vibrio	d__Bacteria;p__Pseudomonadota;c__Gammaproteobacteria;o__Enterobacterales;f__Vibrionaceae;g__Vibrio;s__Vibrio diabolicus
Church2025__YPM-IZ-110433	Physalia physalis	BAC00326	Vibrio	d__Bacteria;p__Pseudomonadota;c__Gammaproteobacteria;o__Enterobacterales;f__Vibrionaceae;g__Vibrio;s__Vibrio europaeus
Church2025__YPM-IZ-110433	Physalia physalis	BAC00328	Vibrio	d__Bacteria;p__Pseudomonadota;c__Gammaproteobacteria;o__Enterobacterales;f__Vibrionaceae;g__Vibrio;s__Vibrio fortis_A
Church2025__YPM-IZ-110433	Physalia physalis	BAC00331	Vibrio	d__Bacteria;p__Pseudomonadota;c__Gammaproteobacteria;o__Enterobacterales;f__Vibrionaceae;g__Vibrio;s__Vibrio harveyi
Church2025__YPM-IZ-110433	Physalia physalis	BAC00337	Vibrio	d__Bacteria;p__Pseudomonadota;c__Gammaproteobacteria;o__Enterobacterales;f__Vibrionaceae;g__Vibrio;s__Vibrio neptunius
Church2025__YPM-IZ-110433	Physalia physalis	BAC00339	Vibrio	d__Bacteria;p__Pseudomonadota;c__Gammaproteobacteria;o__Enterobacterales;f__Vibrionaceae;g__Vibrio;s__Vibrio owensii
Church2025__YPM-IZ-110433	Physalia physalis	BAC00341	Vibrio	d__Bacteria;p__Pseudomonadota;c__Gammaproteobacteria;o__Enterobacterales;f__Vibrionaceae;g__Vibrio;s__Vibrio pelagius
Church2025__YPM-IZ-110433	Physalia physalis	BAC00343	Vibrio	d__Bacteria;p__Pseudomonadota;c__Gammaproteobacteria;o__Enterobacterales;f__Vibrionaceae;g__Vibrio;s__Vibrio rotiferianus
Church2025__YPM-IZ-110433	Physalia physalis	BAC00357	Vibrio	d__Bacteria;p__Pseudomonadota;c__Gammaproteobacteria;o__Enterobacterales;f__Vibrionaceae;g__Vibrio;s__Vibrio tubiashii_B
Church2025__YPM-IZ-110434	Physalia physalis	BAC00337	Vibrio	d__Bacteria;p__Pseudomonadota;c__Gammaproteobacteria;o__Enterobacterales;f__Vibrionaceae;g__Vibrio;s__Vibrio neptunius
Church2025__YPM-IZ-110434	Physalia physalis	BAC00341	Vibrio	d__Bacteria;p__Pseudomonadota;c__Gammaproteobacteria;o__Enterobacterales;f__Vibrionaceae;g__Vibrio;s__Vibrio pelagius
Church2025__YPM-IZ-110436	Physalia physalis	BAC00027	Metamycoplasmataceae	d__Bacteria;p__Bacillota_I;c__Bacilli_A;o__Mycoplasmatales;f__Metamycoplasmataceae;g__;s__
Church2025__YPM-IZ-110467	Physalia minuta	BAC00027	Metamycoplasmataceae	d__Bacteria;p__Bacillota_I;c__Bacilli_A;o__Mycoplasmatales;f__Metamycoplasmataceae;g__;s__
Church2025__YPM-IZ-110467	Physalia minuta	BAC00362	Remaining bacteria	d__Bacteria;p__Pseudomonadota;c__Gammaproteobacteria;o__JABDGN01;f__JABDGN01;g__;s__
Church2025__YPM-IZ-110468	Physalia minuta	BAC00025	Metamycoplasmataceae	d__Bacteria;p__Bacillota_I;c__Bacilli_A;o__Mycoplasmatales;f__Metamycoplasmataceae;g__;s__
Church2025__YPM-IZ-110468	Physalia minuta	BAC00362	Remaining bacteria	d__Bacteria;p__Pseudomonadota;c__Gammaproteobacteria;o__JABDGN01;f__JABDGN01;g__;s__
Church2025__YPM-IZ-110469	Physalia minuta	BAC00006	Archaea	d__Archaea;p__Thermoproteota;c__JANJXX01;o__JAMOTR01;f__;g__;s__
Church2025__YPM-IZ-110469	Physalia minuta	BAC00025	Metamycoplasmataceae	d__Bacteria;p__Bacillota_I;c__Bacilli_A;o__Mycoplasmatales;f__Metamycoplasmataceae;g__;s__
Church2025__YPM-IZ-110469	Physalia minuta	BAC00042	Remaining bacteria	d__Bacteria;p__Bacteroidota;c__Bacteroidia;o__Flavobacteriales;f__Flavobacteriaceae;g__Aquimarina;s__Aquimarina amphilecti
Church2025__YPM-IZ-110469	Physalia minuta	BAC00155	Remaining bacteria	d__Bacteria;p__Pseudomonadota;c__Alphaproteobacteria;o__Rhizobiales;f__Rhizobiaceae;g__JAALLB01;s__JAALLB01 sp011087745
Church2025__YPM-IZ-110469	Physalia minuta	BAC00362	Remaining bacteria	d__Bacteria;p__Pseudomonadota;c__Gammaproteobacteria;o__JABDGN01;f__JABDGN01;g__;s__
Church2025__YPM-IZ-110473	Physalia utriculus	BAC00027	Metamycoplasmataceae	d__Bacteria;p__Bacillota_I;c__Bacilli_A;o__Mycoplasmatales;f__Metamycoplasmataceae;g__;s__
Church2025__YPM-IZ-110515	Physalia utriculus	BAC00025	Metamycoplasmataceae	d__Bacteria;p__Bacillota_I;c__Bacilli_A;o__Mycoplasmatales;f__Metamycoplasmataceae;g__;s__
Church2025__YPM-IZ-110515	Physalia utriculus	BAC00026	Metamycoplasmataceae	d__Bacteria;p__Bacillota_I;c__Bacilli_A;o__Mycoplasmatales;f__Metamycoplasmataceae;g__;s__
Church2025__YPM-IZ-110515	Physalia utriculus	BAC00027	Metamycoplasmataceae	d__Bacteria;p__Bacillota_I;c__Bacilli_A;o__Mycoplasmatales;f__Metamycoplasmataceae;g__;s__
Church2025__YPM-IZ-110515	Physalia utriculus	BAC00028	Metamycoplasmataceae	d__Bacteria;p__Bacillota_I;c__Bacilli_A;o__Mycoplasmatales;f__Metamycoplasmataceae;g__;s__
Church2025__YPM-IZ-110520	Physalia utriculus	BAC00026	Metamycoplasmataceae	d__Bacteria;p__Bacillota_I;c__Bacilli_A;o__Mycoplasmatales;f__Metamycoplasmataceae;g__;s__
Church2025__YPM-IZ-110520	Physalia utriculus	BAC00027	Metamycoplasmataceae	d__Bacteria;p__Bacillota_I;c__Bacilli_A;o__Mycoplasmatales;f__Metamycoplasmataceae;g__;s__
Church2025__YPM-IZ-110520	Physalia utriculus	BAC00028	Metamycoplasmataceae	d__Bacteria;p__Bacillota_I;c__Bacilli_A;o__Mycoplasmatales;f__Metamycoplasmataceae;g__;s__
Church2025__YPM-IZ-110556	Physalia minuta	BAC00025	Metamycoplasmataceae	d__Bacteria;p__Bacillota_I;c__Bacilli_A;o__Mycoplasmatales;f__Metamycoplasmataceae;g__;s__
Church2025__YPM-IZ-110557	Physalia minuta	BAC00025	Metamycoplasmataceae	d__Bacteria;p__Bacillota_I;c__Bacilli_A;o__Mycoplasmatales;f__Metamycoplasmataceae;g__;s__
Church2025__YPM-IZ-110558	Physalia minuta	BAC00025	Metamycoplasmataceae	d__Bacteria;p__Bacillota_I;c__Bacilli_A;o__Mycoplasmatales;f__Metamycoplasmataceae;g__;s__
Church2025__YPM-IZ-110566	Physalia utriculus	BAC00025	Metamycoplasmataceae	d__Bacteria;p__Bacillota_I;c__Bacilli_A;o__Mycoplasmatales;f__Metamycoplasmataceae;g__;s__
Church2025__YPM-IZ-110566	Physalia utriculus	BAC00027	Metamycoplasmataceae	d__Bacteria;p__Bacillota_I;c__Bacilli_A;o__Mycoplasmatales;f__Metamycoplasmataceae;g__;s__
Church2025__YPM-IZ-110569	Physalia utriculus	BAC00025	Metamycoplasmataceae	d__Bacteria;p__Bacillota_I;c__Bacilli_A;o__Mycoplasmatales;f__Metamycoplasmataceae;g__;s__
Church2025__YPM-IZ-110569	Physalia utriculus	BAC00027	Metamycoplasmataceae	d__Bacteria;p__Bacillota_I;c__Bacilli_A;o__Mycoplasmatales;f__Metamycoplasmataceae;g__;s__
Church2025__YPM-IZ-110569	Physalia utriculus	BAC00114	Remaining bacteria	d__Bacteria;p__Cyanobacteriota;c__Cyanobacteriia;o__Cyanobacteriales;f__Xenococcaceae;g__JASJCP01;s__JASJCP01 sp030064915
Church2025__YPM-IZ-110569	Physalia utriculus	BAC00116	Remaining bacteria	d__Bacteria;p__Cyanobacteriota;c__Cyanobacteriia;o__Cyanobacteriales;f__Xenococcaceae;g__Xenococcus;s__
Church2025__YPM-IZ-110569	Physalia utriculus	BAC00146	Remaining bacteria	d__Bacteria;p__Pseudomonadota;c__Alphaproteobacteria;o__JABSOH01;f__JABSOH01;g__;s__
Church2025__YPM-IZ-110569	Physalia utriculus	BAC00167	Cognatishimia	d__Bacteria;p__Pseudomonadota;c__Alphaproteobacteria;o__Rhodobacterales;f__Rhodobacteraceae;g__Cognatishimia;s__
Church2025__YPM-IZ-110600	Physalia utriculus	BAC00166	Cognatishimia	d__Bacteria;p__Pseudomonadota;c__Alphaproteobacteria;o__Rhodobacterales;f__Rhodobacteraceae;g__Cognatishimia;s__
Church2025__YPM-IZ-110600	Physalia utriculus	BAC00319	Vibrio	d__Bacteria;p__Pseudomonadota;c__Gammaproteobacteria;o__Enterobacterales;f__Vibrionaceae;g__Vibrio;s__Vibrio coralliilyticus
Church2025__YPM-IZ-110600	Physalia utriculus	BAC00331	Vibrio	d__Bacteria;p__Pseudomonadota;c__Gammaproteobacteria;o__Enterobacterales;f__Vibrionaceae;g__Vibrio;s__Vibrio harveyi
Church2025__YPM-IZ-110600	Physalia utriculus	BAC00337	Vibrio	d__Bacteria;p__Pseudomonadota;c__Gammaproteobacteria;o__Enterobacterales;f__Vibrionaceae;g__Vibrio;s__Vibrio neptunius
Church2025__YPM-IZ-110602	Physalia utriculus	BAC00027	Metamycoplasmataceae	d__Bacteria;p__Bacillota_I;c__Bacilli_A;o__Mycoplasmatales;f__Metamycoplasmataceae;g__;s__
Church2025__YPM-IZ-110602	Physalia utriculus	BAC00308	Vibrio	d__Bacteria;p__Pseudomonadota;c__Gammaproteobacteria;o__Enterobacterales;f__Vibrionaceae;g__Vibrio;s__Vibrio alginolyticus
Church2025__YPM-IZ-110605	Physalia utriculus	BAC00025	Metamycoplasmataceae	d__Bacteria;p__Bacillota_I;c__Bacilli_A;o__Mycoplasmatales;f__Metamycoplasmataceae;g__;s__
Church2025__YPM-IZ-110605	Physalia utriculus	BAC00166	Cognatishimia	d__Bacteria;p__Pseudomonadota;c__Alphaproteobacteria;o__Rhodobacterales;f__Rhodobacteraceae;g__Cognatishimia;s__
Church2025__YPM-IZ-110612	Physalia utriculus	BAC00166	Cognatishimia	d__Bacteria;p__Pseudomonadota;c__Alphaproteobacteria;o__Rhodobacterales;f__Rhodobacteraceae;g__Cognatishimia;s__
Church2025__YPM-IZ-110613	Physalia utriculus	BAC00025	Metamycoplasmataceae	d__Bacteria;p__Bacillota_I;c__Bacilli_A;o__Mycoplasmatales;f__Metamycoplasmataceae;g__;s__
Church2025__YPM-IZ-110613	Physalia utriculus	BAC00026	Metamycoplasmataceae	d__Bacteria;p__Bacillota_I;c__Bacilli_A;o__Mycoplasmatales;f__Metamycoplasmataceae;g__;s__
Church2025__YPM-IZ-110613	Physalia utriculus	BAC00027	Metamycoplasmataceae	d__Bacteria;p__Bacillota_I;c__Bacilli_A;o__Mycoplasmatales;f__Metamycoplasmataceae;g__;s__
Church2025__YPM-IZ-110613	Physalia utriculus	BAC00028	Metamycoplasmataceae	d__Bacteria;p__Bacillota_I;c__Bacilli_A;o__Mycoplasmatales;f__Metamycoplasmataceae;g__;s__
Church2025__YPM-IZ-110616	Physalia utriculus	BAC00146	Remaining bacteria	d__Bacteria;p__Pseudomonadota;c__Alphaproteobacteria;o__JABSOH01;f__JABSOH01;g__;s__
Church2025__YPM-IZ-110616	Physalia utriculus	BAC00302	Photobacterium	d__Bacteria;p__Pseudomonadota;c__Gammaproteobacteria;o__Enterobacterales;f__Vibrionaceae;g__Photobacterium;s__Photobacterium angustum
Church2025__YPM-IZ-110616	Physalia utriculus	BAC00303	Photobacterium	d__Bacteria;p__Pseudomonadota;c__Gammaproteobacteria;o__Enterobacterales;f__Vibrionaceae;g__Photobacterium;s__Photobacterium damselae
Church2025__YPM-IZ-110616	Physalia utriculus	BAC00305	Photobacterium	d__Bacteria;p__Pseudomonadota;c__Gammaproteobacteria;o__Enterobacterales;f__Vibrionaceae;g__Photobacterium;s__Photobacterium leiognathi
Church2025__YPM-IZ-110616	Physalia utriculus	BAC00308	Vibrio	d__Bacteria;p__Pseudomonadota;c__Gammaproteobacteria;o__Enterobacterales;f__Vibrionaceae;g__Vibrio;s__Vibrio alginolyticus
Church2025__YPM-IZ-110616	Physalia utriculus	BAC00313	Vibrio	d__Bacteria;p__Pseudomonadota;c__Gammaproteobacteria;o__Enterobacterales;f__Vibrionaceae;g__Vibrio;s__Vibrio campbellii
Church2025__YPM-IZ-110616	Physalia utriculus	BAC00316	Vibrio	d__Bacteria;p__Pseudomonadota;c__Gammaproteobacteria;o__Enterobacterales;f__Vibrionaceae;g__Vibrio;s__Vibrio chagasii_A
Church2025__YPM-IZ-110616	Physalia utriculus	BAC00331	Vibrio	d__Bacteria;p__Pseudomonadota;c__Gammaproteobacteria;o__Enterobacterales;f__Vibrionaceae;g__Vibrio;s__Vibrio harveyi
Church2025__YPM-IZ-110616	Physalia utriculus	BAC00339	Vibrio	d__Bacteria;p__Pseudomonadota;c__Gammaproteobacteria;o__Enterobacterales;f__Vibrionaceae;g__Vibrio;s__Vibrio owensii
Church2025__YPM-IZ-110631	Physalia physalis	BAC00225	Alteromonas	d__Bacteria;p__Pseudomonadota;c__Gammaproteobacteria;o__Enterobacterales;f__Alteromonadaceae;g__Alteromonas;s__Alteromonas gracilis
Church2025__YPM-IZ-110631	Physalia physalis	BAC00227	Alteromonas	d__Bacteria;p__Pseudomonadota;c__Gammaproteobacteria;o__Enterobacterales;f__Alteromonadaceae;g__Alteromonas;s__Alteromonas macleodii
Church2025__YPM-IZ-110631	Physalia physalis	BAC00246	Pseudoalteromonas	d__Bacteria;p__Pseudomonadota;c__Gammaproteobacteria;o__Enterobacterales;f__Alteromonadaceae;g__Pseudoalteromonas;s__Pseudoalteromonas atlantica
Church2025__YPM-IZ-110631	Physalia physalis	BAC00272	Pseudoalteromonas	d__Bacteria;p__Pseudomonadota;c__Gammaproteobacteria;o__Enterobacterales;f__Alteromonadaceae;g__Pseudoalteromonas;s__Pseudoalteromonas sp004208945
Church2025__YPM-IZ-110631	Physalia physalis	BAC00307	Photobacterium	d__Bacteria;p__Pseudomonadota;c__Gammaproteobacteria;o__Enterobacterales;f__Vibrionaceae;g__Photobacterium;s__Photobacterium swingsii
Church2025__YPM-IZ-110631	Physalia physalis	BAC00308	Vibrio	d__Bacteria;p__Pseudomonadota;c__Gammaproteobacteria;o__Enterobacterales;f__Vibrionaceae;g__Vibrio;s__Vibrio alginolyticus
Church2025__YPM-IZ-110631	Physalia physalis	BAC00310	Vibrio	d__Bacteria;p__Pseudomonadota;c__Gammaproteobacteria;o__Enterobacterales;f__Vibrionaceae;g__Vibrio;s__Vibrio atypicus
Church2025__YPM-IZ-110631	Physalia physalis	BAC00316	Vibrio	d__Bacteria;p__Pseudomonadota;c__Gammaproteobacteria;o__Enterobacterales;f__Vibrionaceae;g__Vibrio;s__Vibrio chagasii_A
Church2025__YPM-IZ-110631	Physalia physalis	BAC00317	Vibrio	d__Bacteria;p__Pseudomonadota;c__Gammaproteobacteria;o__Enterobacterales;f__Vibrionaceae;g__Vibrio;s__Vibrio chagasii_B
Church2025__YPM-IZ-110631	Physalia physalis	BAC00321	Vibrio	d__Bacteria;p__Pseudomonadota;c__Gammaproteobacteria;o__Enterobacterales;f__Vibrionaceae;g__Vibrio;s__Vibrio crassostreae
Church2025__YPM-IZ-110631	Physalia physalis	BAC00322	Vibrio	d__Bacteria;p__Pseudomonadota;c__Gammaproteobacteria;o__Enterobacterales;f__Vibrionaceae;g__Vibrio;s__Vibrio crassostreae_C
Church2025__YPM-IZ-110631	Physalia physalis	BAC00323	Vibrio	d__Bacteria;p__Pseudomonadota;c__Gammaproteobacteria;o__Enterobacterales;f__Vibrionaceae;g__Vibrio;s__Vibrio cyclitrophicus
Church2025__YPM-IZ-110631	Physalia physalis	BAC00328	Vibrio	d__Bacteria;p__Pseudomonadota;c__Gammaproteobacteria;o__Enterobacterales;f__Vibrionaceae;g__Vibrio;s__Vibrio fortis_A
Church2025__YPM-IZ-110631	Physalia physalis	BAC00331	Vibrio	d__Bacteria;p__Pseudomonadota;c__Gammaproteobacteria;o__Enterobacterales;f__Vibrionaceae;g__Vibrio;s__Vibrio harveyi
Church2025__YPM-IZ-110631	Physalia physalis	BAC00332	Vibrio	d__Bacteria;p__Pseudomonadota;c__Gammaproteobacteria;o__Enterobacterales;f__Vibrionaceae;g__Vibrio;s__Vibrio jasicida
Church2025__YPM-IZ-110631	Physalia physalis	BAC00337	Vibrio	d__Bacteria;p__Pseudomonadota;c__Gammaproteobacteria;o__Enterobacterales;f__Vibrionaceae;g__Vibrio;s__Vibrio neptunius
Church2025__YPM-IZ-110631	Physalia physalis	BAC00339	Vibrio	d__Bacteria;p__Pseudomonadota;c__Gammaproteobacteria;o__Enterobacterales;f__Vibrionaceae;g__Vibrio;s__Vibrio owensii
Church2025__YPM-IZ-110631	Physalia physalis	BAC00341	Vibrio	d__Bacteria;p__Pseudomonadota;c__Gammaproteobacteria;o__Enterobacterales;f__Vibrionaceae;g__Vibrio;s__Vibrio pelagius
Church2025__YPM-IZ-110631	Physalia physalis	BAC00346	Vibrio	d__Bacteria;p__Pseudomonadota;c__Gammaproteobacteria;o__Enterobacterales;f__Vibrionaceae;g__Vibrio;s__Vibrio sp000169995
Church2025__YPM-IZ-110631	Physalia physalis	BAC00351	Vibrio	d__Bacteria;p__Pseudomonadota;c__Gammaproteobacteria;o__Enterobacterales;f__Vibrionaceae;g__Vibrio;s__Vibrio sp022398115
Church2025__YPM-IZ-110631	Physalia physalis	BAC00384	Remaining bacteria	d__Bacteria;p__Pseudomonadota;c__Gammaproteobacteria;o__Pseudomonadales;f__Halomonadaceae;g__Cobetia;s__Cobetia amphilecti
Church2025__YPM-IZ-110631	Physalia physalis	BAC00385	Remaining bacteria	d__Bacteria;p__Pseudomonadota;c__Gammaproteobacteria;o__Pseudomonadales;f__Halomonadaceae;g__Cobetia;s__Cobetia marina
Church2025__YPM-IZ-110633	Physalia physalis	BAC00166	Cognatishimia	d__Bacteria;p__Pseudomonadota;c__Alphaproteobacteria;o__Rhodobacterales;f__Rhodobacteraceae;g__Cognatishimia;s__
Church2025__YPM-IZ-110633	Physalia physalis	BAC00307	Photobacterium	d__Bacteria;p__Pseudomonadota;c__Gammaproteobacteria;o__Enterobacterales;f__Vibrionaceae;g__Photobacterium;s__Photobacterium swingsii
Church2025__YPM-IZ-110633	Physalia physalis	BAC00308	Vibrio	d__Bacteria;p__Pseudomonadota;c__Gammaproteobacteria;o__Enterobacterales;f__Vibrionaceae;g__Vibrio;s__Vibrio alginolyticus
Church2025__YPM-IZ-110633	Physalia physalis	BAC00310	Vibrio	d__Bacteria;p__Pseudomonadota;c__Gammaproteobacteria;o__Enterobacterales;f__Vibrionaceae;g__Vibrio;s__Vibrio atypicus
Church2025__YPM-IZ-110633	Physalia physalis	BAC00316	Vibrio	d__Bacteria;p__Pseudomonadota;c__Gammaproteobacteria;o__Enterobacterales;f__Vibrionaceae;g__Vibrio;s__Vibrio chagasii_A
Church2025__YPM-IZ-110633	Physalia physalis	BAC00317	Vibrio	d__Bacteria;p__Pseudomonadota;c__Gammaproteobacteria;o__Enterobacterales;f__Vibrionaceae;g__Vibrio;s__Vibrio chagasii_B
Church2025__YPM-IZ-110633	Physalia physalis	BAC00322	Vibrio	d__Bacteria;p__Pseudomonadota;c__Gammaproteobacteria;o__Enterobacterales;f__Vibrionaceae;g__Vibrio;s__Vibrio crassostreae_C
Church2025__YPM-IZ-110633	Physalia physalis	BAC00327	Vibrio	d__Bacteria;p__Pseudomonadota;c__Gammaproteobacteria;o__Enterobacterales;f__Vibrionaceae;g__Vibrio;s__Vibrio fortis
Church2025__YPM-IZ-110633	Physalia physalis	BAC00328	Vibrio	d__Bacteria;p__Pseudomonadota;c__Gammaproteobacteria;o__Enterobacterales;f__Vibrionaceae;g__Vibrio;s__Vibrio fortis_A
Church2025__YPM-IZ-110633	Physalia physalis	BAC00331	Vibrio	d__Bacteria;p__Pseudomonadota;c__Gammaproteobacteria;o__Enterobacterales;f__Vibrionaceae;g__Vibrio;s__Vibrio harveyi
Church2025__YPM-IZ-110633	Physalia physalis	BAC00332	Vibrio	d__Bacteria;p__Pseudomonadota;c__Gammaproteobacteria;o__Enterobacterales;f__Vibrionaceae;g__Vibrio;s__Vibrio jasicida
Church2025__YPM-IZ-110633	Physalia physalis	BAC00341	Vibrio	d__Bacteria;p__Pseudomonadota;c__Gammaproteobacteria;o__Enterobacterales;f__Vibrionaceae;g__Vibrio;s__Vibrio pelagius
Church2025__YPM-IZ-110633	Physalia physalis	BAC00342	Vibrio	d__Bacteria;p__Pseudomonadota;c__Gammaproteobacteria;o__Enterobacterales;f__Vibrionaceae;g__Vibrio;s__Vibrio pomeroyi
Church2025__YPM-IZ-110633	Physalia physalis	BAC00346	Vibrio	d__Bacteria;p__Pseudomonadota;c__Gammaproteobacteria;o__Enterobacterales;f__Vibrionaceae;g__Vibrio;s__Vibrio sp000169995
Church2025__YPM-IZ-110633	Physalia physalis	BAC00347	Vibrio	d__Bacteria;p__Pseudomonadota;c__Gammaproteobacteria;o__Enterobacterales;f__Vibrionaceae;g__Vibrio;s__Vibrio sp000316985
Church2025__YPM-IZ-110633	Physalia physalis	BAC00351	Vibrio	d__Bacteria;p__Pseudomonadota;c__Gammaproteobacteria;o__Enterobacterales;f__Vibrionaceae;g__Vibrio;s__Vibrio sp022398115
Church2025__YPM-IZ-110667	Physalia physalis	BAC00316	Vibrio	d__Bacteria;p__Pseudomonadota;c__Gammaproteobacteria;o__Enterobacterales;f__Vibrionaceae;g__Vibrio;s__Vibrio chagasii_A
Church2025__YPM-IZ-110667	Physalia physalis	BAC00317	Vibrio	d__Bacteria;p__Pseudomonadota;c__Gammaproteobacteria;o__Enterobacterales;f__Vibrionaceae;g__Vibrio;s__Vibrio chagasii_B
Church2025__YPM-IZ-110667	Physalia physalis	BAC00328	Vibrio	d__Bacteria;p__Pseudomonadota;c__Gammaproteobacteria;o__Enterobacterales;f__Vibrionaceae;g__Vibrio;s__Vibrio fortis_A
Church2025__YPM-IZ-110667	Physalia physalis	BAC00346	Vibrio	d__Bacteria;p__Pseudomonadota;c__Gammaproteobacteria;o__Enterobacterales;f__Vibrionaceae;g__Vibrio;s__Vibrio sp000169995
Church2025__YPM-IZ-110667	Physalia physalis	BAC00351	Vibrio	d__Bacteria;p__Pseudomonadota;c__Gammaproteobacteria;o__Enterobacterales;f__Vibrionaceae;g__Vibrio;s__Vibrio sp022398115
Church2025__YPM-IZ-110694	Physalia physalis	BAC00027	Metamycoplasmataceae	d__Bacteria;p__Bacillota_I;c__Bacilli_A;o__Mycoplasmatales;f__Metamycoplasmataceae;g__;s__
Church2025__YPM-IZ-110738	Physalia physalis	BAC00306	Photobacterium	d__Bacteria;p__Pseudomonadota;c__Gammaproteobacteria;o__Enterobacterales;f__Vibrionaceae;g__Photobacterium;s__Photobacterium sanguinicancri
Church2025__YPM-IZ-110738	Physalia physalis	BAC00309	Vibrio	d__Bacteria;p__Pseudomonadota;c__Gammaproteobacteria;o__Enterobacterales;f__Vibrionaceae;g__Vibrio;s__Vibrio atlanticus
Church2025__YPM-IZ-110738	Physalia physalis	BAC00315	Vibrio	d__Bacteria;p__Pseudomonadota;c__Gammaproteobacteria;o__Enterobacterales;f__Vibrionaceae;g__Vibrio;s__Vibrio celticus
Church2025__YPM-IZ-110738	Physalia physalis	BAC00320	Vibrio	d__Bacteria;p__Pseudomonadota;c__Gammaproteobacteria;o__Enterobacterales;f__Vibrionaceae;g__Vibrio;s__Vibrio coralliirubri
Church2025__YPM-IZ-110738	Physalia physalis	BAC00322	Vibrio	d__Bacteria;p__Pseudomonadota;c__Gammaproteobacteria;o__Enterobacterales;f__Vibrionaceae;g__Vibrio;s__Vibrio crassostreae_C
Church2025__YPM-IZ-110738	Physalia physalis	BAC00329	Vibrio	d__Bacteria;p__Pseudomonadota;c__Gammaproteobacteria;o__Enterobacterales;f__Vibrionaceae;g__Vibrio;s__Vibrio gallaecicus
Church2025__YPM-IZ-110738	Physalia physalis	BAC00353	Vibrio	d__Bacteria;p__Pseudomonadota;c__Gammaproteobacteria;o__Enterobacterales;f__Vibrionaceae;g__Vibrio;s__Vibrio splendidus
Church2025__YPM-IZ-110780	Physalia utriculus	BAC00026	Metamycoplasmataceae	d__Bacteria;p__Bacillota_I;c__Bacilli_A;o__Mycoplasmatales;f__Metamycoplasmataceae;g__;s__
Church2025__YPM-IZ-110780	Physalia utriculus	BAC00166	Cognatishimia	d__Bacteria;p__Pseudomonadota;c__Alphaproteobacteria;o__Rhodobacterales;f__Rhodobacteraceae;g__Cognatishimia;s__
Church2025__YPM-IZ-110785	Physalia utriculus	BAC00006	Archaea	d__Archaea;p__Thermoproteota;c__JANJXX01;o__JAMOTR01;f__;g__;s__
Church2025__YPM-IZ-110785	Physalia utriculus	BAC00146	Remaining bacteria	d__Bacteria;p__Pseudomonadota;c__Alphaproteobacteria;o__JABSOH01;f__JABSOH01;g__;s__
Church2025__YPM-IZ-110785	Physalia utriculus	BAC00166	Cognatishimia	d__Bacteria;p__Pseudomonadota;c__Alphaproteobacteria;o__Rhodobacterales;f__Rhodobacteraceae;g__Cognatishimia;s__
Church2025__YPM-IZ-110785	Physalia utriculus	BAC00314	Vibrio	d__Bacteria;p__Pseudomonadota;c__Gammaproteobacteria;o__Enterobacterales;f__Vibrionaceae;g__Vibrio;s__Vibrio caribbeanicus
Church2025__YPM-IZ-110786	Physalia utriculus	BAC00167	Cognatishimia	d__Bacteria;p__Pseudomonadota;c__Alphaproteobacteria;o__Rhodobacterales;f__Rhodobacteraceae;g__Cognatishimia;s__
Church2025__YPM-IZ-110786	Physalia utriculus	BAC00181	Remaining bacteria	d__Bacteria;p__Pseudomonadota;c__Alphaproteobacteria;o__Rhodobacterales;f__Rhodobacteraceae;g__Phaeobacter;s__Phaeobacter italicus
Church2025__YPM-IZ-110786	Physalia utriculus	BAC00308	Vibrio	d__Bacteria;p__Pseudomonadota;c__Gammaproteobacteria;o__Enterobacterales;f__Vibrionaceae;g__Vibrio;s__Vibrio alginolyticus
Church2025__YPM-IZ-110828	Physalia megalista	BAC00187	Remaining bacteria	d__Bacteria;p__Pseudomonadota;c__Alphaproteobacteria;o__Rhodobacterales;f__Rhodobacteraceae;g__Sediminimonas;s__Sediminimonas sp011389955
Church2025__YPM-IZ-110828	Physalia megalista	BAC00241	Remaining bacteria	d__Bacteria;p__Pseudomonadota;c__Gammaproteobacteria;o__Enterobacterales;f__Alteromonadaceae;g__Paraglaciecola;s__Paraglaciecola mesophila
Church2025__YPM-IZ-110828	Physalia megalista	BAC00246	Pseudoalteromonas	d__Bacteria;p__Pseudomonadota;c__Gammaproteobacteria;o__Enterobacterales;f__Alteromonadaceae;g__Pseudoalteromonas;s__Pseudoalteromonas atlantica
Church2025__YPM-IZ-110828	Physalia megalista	BAC00248	Pseudoalteromonas	d__Bacteria;p__Pseudomonadota;c__Gammaproteobacteria;o__Enterobacterales;f__Alteromonadaceae;g__Pseudoalteromonas;s__Pseudoalteromonas carrageenovora
Church2025__YPM-IZ-110828	Physalia megalista	BAC00250	Pseudoalteromonas	d__Bacteria;p__Pseudomonadota;c__Gammaproteobacteria;o__Enterobacterales;f__Alteromonadaceae;g__Pseudoalteromonas;s__Pseudoalteromonas espejiana
Church2025__YPM-IZ-110828	Physalia megalista	BAC00274	Pseudoalteromonas	d__Bacteria;p__Pseudomonadota;c__Gammaproteobacteria;o__Enterobacterales;f__Alteromonadaceae;g__Pseudoalteromonas;s__Pseudoalteromonas sp018100985
Church2025__YPM-IZ-110828	Physalia megalista	BAC00279	Pseudoalteromonas	d__Bacteria;p__Pseudomonadota;c__Gammaproteobacteria;o__Enterobacterales;f__Alteromonadaceae;g__Pseudoalteromonas;s__Pseudoalteromonas undina
Church2025__YPM-IZ-110828	Physalia megalista	BAC00280	Remaining bacteria	d__Bacteria;p__Pseudomonadota;c__Gammaproteobacteria;o__Enterobacterales;f__Alteromonadaceae;g__Pseudocolwellia;s__Pseudocolwellia agarivorans
Church2025__YPM-IZ-110828	Physalia megalista	BAC00293	Remaining bacteria	d__Bacteria;p__Pseudomonadota;c__Gammaproteobacteria;o__Enterobacterales;f__Shewanellaceae;g__Shewanella;s__Shewanella algicola
Church2025__YPM-IZ-110828	Physalia megalista	BAC00323	Vibrio	d__Bacteria;p__Pseudomonadota;c__Gammaproteobacteria;o__Enterobacterales;f__Vibrionaceae;g__Vibrio;s__Vibrio cyclitrophicus
Church2025__YPM-IZ-110828	Physalia megalista	BAC00356	Vibrio	d__Bacteria;p__Pseudomonadota;c__Gammaproteobacteria;o__Enterobacterales;f__Vibrionaceae;g__Vibrio;s__Vibrio toranzoniae
Church2025__YPM-IZ-110828	Physalia megalista	BAC00363	Remaining bacteria	d__Bacteria;p__Pseudomonadota;c__Gammaproteobacteria;o__Nevskiales;f__Salinisphaeraceae;g__;s__
Church2025__YPM-IZ-110828	Physalia megalista	BAC00384	Remaining bacteria	d__Bacteria;p__Pseudomonadota;c__Gammaproteobacteria;o__Pseudomonadales;f__Halomonadaceae;g__Cobetia;s__Cobetia amphilecti
Church2025__YPM-IZ-110828	Physalia megalista	BAC00387	Remaining bacteria	d__Bacteria;p__Pseudomonadota;c__Gammaproteobacteria;o__Pseudomonadales;f__Halomonadaceae;g__Halomonas;s__Halomonas borealis
Church2025__YPM-IZ-110828	Physalia megalista	BAC00389	Remaining bacteria	d__Bacteria;p__Pseudomonadota;c__Gammaproteobacteria;o__Pseudomonadales;f__Halomonadaceae;g__Halomonas;s__Halomonas saccharevitans
Church2025__YPM-IZ-110828	Physalia megalista	BAC00390	Remaining bacteria	d__Bacteria;p__Pseudomonadota;c__Gammaproteobacteria;o__Pseudomonadales;f__Halomonadaceae;g__Halomonas;s__Halomonas sp947490095
Church2025__YPM-IZ-110828	Physalia megalista	BAC00417	Remaining bacteria	d__Bacteria;p__Pseudomonadota;c__Gammaproteobacteria;o__Pseudomonadales;f__Oleiphilaceae;g__Marinobacter;s__Marinobacter salarius
Church2025__YPM-IZ-110828	Physalia megalista	BAC00421	Remaining bacteria	d__Bacteria;p__Pseudomonadota;c__Gammaproteobacteria;o__Pseudomonadales;f__Oleiphilaceae;g__Marinobacter;s__Marinobacter sp913057975
Church2025__YPM-IZ-110828	Physalia megalista	BAC00423	Remaining bacteria	d__Bacteria;p__Pseudomonadota;c__Gammaproteobacteria;o__Pseudomonadales;f__Oleiphilaceae;g__Marinobacter_A;s__Marinobacter_A sp002717955
Church2025__YPM-IZ-110829	Physalia megalista	BAC00047	Remaining bacteria	d__Bacteria;p__Bacteroidota;c__Bacteroidia;o__Flavobacteriales;f__Flavobacteriaceae;g__Cellulophaga;s__Cellulophaga sp002813425
Church2025__YPM-IZ-110829	Physalia megalista	BAC00095	Remaining bacteria	d__Bacteria;p__Bacteroidota;c__Bacteroidia;o__Flavobacteriales;f__Flavobacteriaceae;g__Zobellia;s__Zobellia uliginosa_B
Church2025__YPM-IZ-110829	Physalia megalista	BAC00241	Remaining bacteria	d__Bacteria;p__Pseudomonadota;c__Gammaproteobacteria;o__Enterobacterales;f__Alteromonadaceae;g__Paraglaciecola;s__Paraglaciecola mesophila
Church2025__YPM-IZ-110829	Physalia megalista	BAC00246	Pseudoalteromonas	d__Bacteria;p__Pseudomonadota;c__Gammaproteobacteria;o__Enterobacterales;f__Alteromonadaceae;g__Pseudoalteromonas;s__Pseudoalteromonas atlantica
Church2025__YPM-IZ-110829	Physalia megalista	BAC00248	Pseudoalteromonas	d__Bacteria;p__Pseudomonadota;c__Gammaproteobacteria;o__Enterobacterales;f__Alteromonadaceae;g__Pseudoalteromonas;s__Pseudoalteromonas carrageenovora
Church2025__YPM-IZ-110829	Physalia megalista	BAC00250	Pseudoalteromonas	d__Bacteria;p__Pseudomonadota;c__Gammaproteobacteria;o__Enterobacterales;f__Alteromonadaceae;g__Pseudoalteromonas;s__Pseudoalteromonas espejiana
Church2025__YPM-IZ-110829	Physalia megalista	BAC00274	Pseudoalteromonas	d__Bacteria;p__Pseudomonadota;c__Gammaproteobacteria;o__Enterobacterales;f__Alteromonadaceae;g__Pseudoalteromonas;s__Pseudoalteromonas sp018100985
Church2025__YPM-IZ-110829	Physalia megalista	BAC00323	Vibrio	d__Bacteria;p__Pseudomonadota;c__Gammaproteobacteria;o__Enterobacterales;f__Vibrionaceae;g__Vibrio;s__Vibrio cyclitrophicus
Church2025__YPM-IZ-110829	Physalia megalista	BAC00384	Remaining bacteria	d__Bacteria;p__Pseudomonadota;c__Gammaproteobacteria;o__Pseudomonadales;f__Halomonadaceae;g__Cobetia;s__Cobetia amphilecti
Church2025__YPM-IZ-110829	Physalia megalista	BAC00386	Remaining bacteria	d__Bacteria;p__Pseudomonadota;c__Gammaproteobacteria;o__Pseudomonadales;f__Halomonadaceae;g__Cobetia;s__Cobetia sp016495405
Church2025__YPM-IZ-110829	Physalia megalista	BAC00435	Remaining bacteria	d__Bacteria;p__Pseudomonadota;c__Gammaproteobacteria;o__Thiotrichales;f__Thiotrichaceae;g__Cocleimonas;s__Cocleimonas flava
Church2025__YPM-IZ-110829	Physalia megalista	BAC00436	Remaining bacteria	d__Bacteria;p__Pseudomonadota;c__Gammaproteobacteria;o__UBA9214;f__UBA9214;g__UBA9214;s__UBA9214 sp013041945
Church2025__YPM-IZ-110830	Physalia utriculus	BAC00025	Metamycoplasmataceae	d__Bacteria;p__Bacillota_I;c__Bacilli_A;o__Mycoplasmatales;f__Metamycoplasmataceae;g__;s__
Church2025__YPM-IZ-110830	Physalia utriculus	BAC00166	Cognatishimia	d__Bacteria;p__Pseudomonadota;c__Alphaproteobacteria;o__Rhodobacterales;f__Rhodobacteraceae;g__Cognatishimia;s__
Church2025__YPM-IZ-110842	Physalia physalis	BAC00027	Metamycoplasmataceae	d__Bacteria;p__Bacillota_I;c__Bacilli_A;o__Mycoplasmatales;f__Metamycoplasmataceae;g__;s__
Church2025__YPM-IZ-110842	Physalia physalis	BAC00166	Cognatishimia	d__Bacteria;p__Pseudomonadota;c__Alphaproteobacteria;o__Rhodobacterales;f__Rhodobacteraceae;g__Cognatishimia;s__
Church2025__YPM-IZ-110844	Physalia physalis	BAC00027	Metamycoplasmataceae	d__Bacteria;p__Bacillota_I;c__Bacilli_A;o__Mycoplasmatales;f__Metamycoplasmataceae;g__;s__
Church2025__YPM-IZ-110846	Physalia physalis	BAC00166	Cognatishimia	d__Bacteria;p__Pseudomonadota;c__Alphaproteobacteria;o__Rhodobacterales;f__Rhodobacteraceae;g__Cognatishimia;s__
Church2025__YPM-IZ-110847	Physalia physalis	BAC00234	Alteromonas	d__Bacteria;p__Pseudomonadota;c__Gammaproteobacteria;o__Enterobacterales;f__Alteromonadaceae;g__Alteromonas;s__Alteromonas sp018619335
Church2025__YPM-IZ-110877	Physalia sp1	BAC00167	Cognatishimia	d__Bacteria;p__Pseudomonadota;c__Alphaproteobacteria;o__Rhodobacterales;f__Rhodobacteraceae;g__Cognatishimia;s__
Church2025__YPM-IZ-110878	Physalia sp1	BAC00167	Cognatishimia	d__Bacteria;p__Pseudomonadota;c__Alphaproteobacteria;o__Rhodobacterales;f__Rhodobacteraceae;g__Cognatishimia;s__
Church2025__YPM-IZ-110878	Physalia sp1	BAC00301	Photobacterium	d__Bacteria;p__Pseudomonadota;c__Gammaproteobacteria;o__Enterobacterales;f__Vibrionaceae;g__Photobacterium;s__Photobacterium alginatilyticum
Church2025__YPM-IZ-110878	Physalia sp1	BAC00308	Vibrio	d__Bacteria;p__Pseudomonadota;c__Gammaproteobacteria;o__Enterobacterales;f__Vibrionaceae;g__Vibrio;s__Vibrio alginolyticus
Church2025__YPM-IZ-110878	Physalia sp1	BAC00312	Vibrio	d__Bacteria;p__Pseudomonadota;c__Gammaproteobacteria;o__Enterobacterales;f__Vibrionaceae;g__Vibrio;s__Vibrio brasiliensis
Church2025__YPM-IZ-110878	Physalia sp1	BAC00313	Vibrio	d__Bacteria;p__Pseudomonadota;c__Gammaproteobacteria;o__Enterobacterales;f__Vibrionaceae;g__Vibrio;s__Vibrio campbellii
Church2025__YPM-IZ-110878	Physalia sp1	BAC00316	Vibrio	d__Bacteria;p__Pseudomonadota;c__Gammaproteobacteria;o__Enterobacterales;f__Vibrionaceae;g__Vibrio;s__Vibrio chagasii_A
Church2025__YPM-IZ-110878	Physalia sp1	BAC00327	Vibrio	d__Bacteria;p__Pseudomonadota;c__Gammaproteobacteria;o__Enterobacterales;f__Vibrionaceae;g__Vibrio;s__Vibrio fortis
Church2025__YPM-IZ-110878	Physalia sp1	BAC00328	Vibrio	d__Bacteria;p__Pseudomonadota;c__Gammaproteobacteria;o__Enterobacterales;f__Vibrionaceae;g__Vibrio;s__Vibrio fortis_A
Church2025__YPM-IZ-110878	Physalia sp1	BAC00331	Vibrio	d__Bacteria;p__Pseudomonadota;c__Gammaproteobacteria;o__Enterobacterales;f__Vibrionaceae;g__Vibrio;s__Vibrio harveyi
Church2025__YPM-IZ-110878	Physalia sp1	BAC00339	Vibrio	d__Bacteria;p__Pseudomonadota;c__Gammaproteobacteria;o__Enterobacterales;f__Vibrionaceae;g__Vibrio;s__Vibrio owensii
Church2025__YPM-IZ-110878	Physalia sp1	BAC00343	Vibrio	d__Bacteria;p__Pseudomonadota;c__Gammaproteobacteria;o__Enterobacterales;f__Vibrionaceae;g__Vibrio;s__Vibrio rotiferianus
Church2025__YPM-IZ-110878	Physalia sp1	BAC00351	Vibrio	d__Bacteria;p__Pseudomonadota;c__Gammaproteobacteria;o__Enterobacterales;f__Vibrionaceae;g__Vibrio;s__Vibrio sp022398115
Church2025__YPM-IZ-110880	Physalia physalis	BAC00166	Cognatishimia	d__Bacteria;p__Pseudomonadota;c__Alphaproteobacteria;o__Rhodobacterales;f__Rhodobacteraceae;g__Cognatishimia;s__
Church2025__YPM-IZ-110881	Physalia utriculus	BAC00197	Remaining bacteria	d__Bacteria;p__Pseudomonadota;c__Alphaproteobacteria;o__Rickettsiales;f__Rickettsiaceae;g__GCA-2402195;s__
Church2025__YPM-IZ-110881	Physalia utriculus	BAC00216	Remaining bacteria	d__Bacteria;p__Pseudomonadota;c__Gammaproteobacteria;o__Burkholderiales;f__Burkholderiaceae;g__Pelomonas;s__Pelomonas sp003963075
Church2025__YPM-IZ-110882	Physalia utriculus	BAC00166	Cognatishimia	d__Bacteria;p__Pseudomonadota;c__Alphaproteobacteria;o__Rhodobacterales;f__Rhodobacteraceae;g__Cognatishimia;s__
Church2025__YPM-IZ-110883	Physalia utriculus	BAC00166	Cognatishimia	d__Bacteria;p__Pseudomonadota;c__Alphaproteobacteria;o__Rhodobacterales;f__Rhodobacteraceae;g__Cognatishimia;s__
Church2025__YPM-IZ-110883	Physalia utriculus	BAC00216	Remaining bacteria	d__Bacteria;p__Pseudomonadota;c__Gammaproteobacteria;o__Burkholderiales;f__Burkholderiaceae;g__Pelomonas;s__Pelomonas sp003963075
Church2025__YPM-IZ-110906	Physalia utriculus	BAC00166	Cognatishimia	d__Bacteria;p__Pseudomonadota;c__Alphaproteobacteria;o__Rhodobacterales;f__Rhodobacteraceae;g__Cognatishimia;s__
Church2025__YPM-IZ-110907	Physalia utriculus	BAC00146	Remaining bacteria	d__Bacteria;p__Pseudomonadota;c__Alphaproteobacteria;o__JABSOH01;f__JABSOH01;g__;s__
Church2025__YPM-IZ-110907	Physalia utriculus	BAC00289	Remaining bacteria	d__Bacteria;p__Pseudomonadota;c__Gammaproteobacteria;o__Enterobacterales;f__Enterobacteriaceae;g__Serratia;s__Serratia nevei
Church2025__YPM-IZ-110925	Physalia utriculus	BAC00375	CAKMZU01	d__Bacteria;p__Pseudomonadota;c__Gammaproteobacteria;o__Pseudomonadales;f__DT-91;g__CAKMZU01;s__
Church2025__YPM-IZ-110926	Physalia utriculus	BAC00307	Photobacterium	d__Bacteria;p__Pseudomonadota;c__Gammaproteobacteria;o__Enterobacterales;f__Vibrionaceae;g__Photobacterium;s__Photobacterium swingsii
Church2025__YPM-IZ-110930	Physalia utriculus	BAC00027	Metamycoplasmataceae	d__Bacteria;p__Bacillota_I;c__Bacilli_A;o__Mycoplasmatales;f__Metamycoplasmataceae;g__;s__
Church2025__YPM-IZ-110930	Physalia utriculus	BAC00028	Metamycoplasmataceae	d__Bacteria;p__Bacillota_I;c__Bacilli_A;o__Mycoplasmatales;f__Metamycoplasmataceae;g__;s__
Church2025__YPM-IZ-110931	Physalia sp1	BAC00025	Metamycoplasmataceae	d__Bacteria;p__Bacillota_I;c__Bacilli_A;o__Mycoplasmatales;f__Metamycoplasmataceae;g__;s__
Church2025__YPM-IZ-110931	Physalia sp1	BAC00027	Metamycoplasmataceae	d__Bacteria;p__Bacillota_I;c__Bacilli_A;o__Mycoplasmatales;f__Metamycoplasmataceae;g__;s__
Church2025__YPM-IZ-110931	Physalia sp1	BAC00028	Metamycoplasmataceae	d__Bacteria;p__Bacillota_I;c__Bacilli_A;o__Mycoplasmatales;f__Metamycoplasmataceae;g__;s__
Church2025__YPM-IZ-110931	Physalia sp1	BAC00045	Remaining bacteria	d__Bacteria;p__Bacteroidota;c__Bacteroidia;o__Flavobacteriales;f__Flavobacteriaceae;g__CAMZMA01;s__
Church2025__YPM-IZ-110931	Physalia sp1	BAC00166	Cognatishimia	d__Bacteria;p__Pseudomonadota;c__Alphaproteobacteria;o__Rhodobacterales;f__Rhodobacteraceae;g__Cognatishimia;s__
Church2025__YPM-IZ-110931	Physalia sp1	BAC00167	Cognatishimia	d__Bacteria;p__Pseudomonadota;c__Alphaproteobacteria;o__Rhodobacterales;f__Rhodobacteraceae;g__Cognatishimia;s__
Church2025__YPM-IZ-110931	Physalia sp1	BAC00307	Photobacterium	d__Bacteria;p__Pseudomonadota;c__Gammaproteobacteria;o__Enterobacterales;f__Vibrionaceae;g__Photobacterium;s__Photobacterium swingsii
Church2025__YPM-IZ-110938	Physalia utriculus	BAC00026	Metamycoplasmataceae	d__Bacteria;p__Bacillota_I;c__Bacilli_A;o__Mycoplasmatales;f__Metamycoplasmataceae;g__;s__
Church2025__YPM-IZ-110938	Physalia utriculus	BAC00027	Metamycoplasmataceae	d__Bacteria;p__Bacillota_I;c__Bacilli_A;o__Mycoplasmatales;f__Metamycoplasmataceae;g__;s__
Church2025__YPM-IZ-110943	Physalia sp1	BAC00027	Metamycoplasmataceae	d__Bacteria;p__Bacillota_I;c__Bacilli_A;o__Mycoplasmatales;f__Metamycoplasmataceae;g__;s__
Church2025__YPM-IZ-110972	Physalia physalis	BAC00235	Remaining bacteria	d__Bacteria;p__Pseudomonadota;c__Gammaproteobacteria;o__Enterobacterales;f__Alteromonadaceae;g__Cognaticolwellia;s__Cognaticolwellia aestuarii
Church2025__YPM-IZ-110972	Physalia physalis	BAC00245	Pseudoalteromonas	d__Bacteria;p__Pseudomonadota;c__Gammaproteobacteria;o__Enterobacterales;f__Alteromonadaceae;g__Pseudoalteromonas;s__Pseudoalteromonas aliena
Church2025__YPM-IZ-110972	Physalia physalis	BAC00248	Pseudoalteromonas	d__Bacteria;p__Pseudomonadota;c__Gammaproteobacteria;o__Enterobacterales;f__Alteromonadaceae;g__Pseudoalteromonas;s__Pseudoalteromonas carrageenovora
Church2025__YPM-IZ-110972	Physalia physalis	BAC00249	Pseudoalteromonas	d__Bacteria;p__Pseudomonadota;c__Gammaproteobacteria;o__Enterobacterales;f__Alteromonadaceae;g__Pseudoalteromonas;s__Pseudoalteromonas distincta
Church2025__YPM-IZ-110972	Physalia physalis	BAC00251	Pseudoalteromonas	d__Bacteria;p__Pseudomonadota;c__Gammaproteobacteria;o__Enterobacterales;f__Alteromonadaceae;g__Pseudoalteromonas;s__Pseudoalteromonas fuliginea
Church2025__YPM-IZ-110972	Physalia physalis	BAC00257	Pseudoalteromonas	d__Bacteria;p__Pseudomonadota;c__Gammaproteobacteria;o__Enterobacterales;f__Alteromonadaceae;g__Pseudoalteromonas;s__Pseudoalteromonas marina
Church2025__YPM-IZ-110972	Physalia physalis	BAC00263	Pseudoalteromonas	d__Bacteria;p__Pseudomonadota;c__Gammaproteobacteria;o__Enterobacterales;f__Alteromonadaceae;g__Pseudoalteromonas;s__Pseudoalteromonas sp000498095
Church2025__YPM-IZ-110972	Physalia physalis	BAC00267	Pseudoalteromonas	d__Bacteria;p__Pseudomonadota;c__Gammaproteobacteria;o__Enterobacterales;f__Alteromonadaceae;g__Pseudoalteromonas;s__Pseudoalteromonas sp002165575
Church2025__YPM-IZ-110972	Physalia physalis	BAC00273	Pseudoalteromonas	d__Bacteria;p__Pseudomonadota;c__Gammaproteobacteria;o__Enterobacterales;f__Alteromonadaceae;g__Pseudoalteromonas;s__Pseudoalteromonas sp008370255
Church2025__YPM-IZ-110972	Physalia physalis	BAC00274	Pseudoalteromonas	d__Bacteria;p__Pseudomonadota;c__Gammaproteobacteria;o__Enterobacterales;f__Alteromonadaceae;g__Pseudoalteromonas;s__Pseudoalteromonas sp018100985
Church2025__YPM-IZ-110972	Physalia physalis	BAC00296	Remaining bacteria	d__Bacteria;p__Pseudomonadota;c__Gammaproteobacteria;o__Enterobacterales;f__Shewanellaceae;g__Shewanella;s__Shewanella sp014163735
Church2025__YPM-IZ-110972	Physalia physalis	BAC00297	Remaining bacteria	d__Bacteria;p__Pseudomonadota;c__Gammaproteobacteria;o__Enterobacterales;f__Shewanellaceae;g__Shewanella;s__Shewanella sp025398315
Church2025__YPM-IZ-110972	Physalia physalis	BAC00298	Remaining bacteria	d__Bacteria;p__Pseudomonadota;c__Gammaproteobacteria;o__Enterobacterales;f__Shewanellaceae;g__Shewanella;s__Shewanella ulleungensis
Church2025__YPM-IZ-110972	Physalia physalis	BAC00306	Photobacterium	d__Bacteria;p__Pseudomonadota;c__Gammaproteobacteria;o__Enterobacterales;f__Vibrionaceae;g__Photobacterium;s__Photobacterium sanguinicancri
Church2025__YPM-IZ-110972	Physalia physalis	BAC00309	Vibrio	d__Bacteria;p__Pseudomonadota;c__Gammaproteobacteria;o__Enterobacterales;f__Vibrionaceae;g__Vibrio;s__Vibrio atlanticus
Church2025__YPM-IZ-110972	Physalia physalis	BAC00315	Vibrio	d__Bacteria;p__Pseudomonadota;c__Gammaproteobacteria;o__Enterobacterales;f__Vibrionaceae;g__Vibrio;s__Vibrio celticus
Church2025__YPM-IZ-110972	Physalia physalis	BAC00320	Vibrio	d__Bacteria;p__Pseudomonadota;c__Gammaproteobacteria;o__Enterobacterales;f__Vibrionaceae;g__Vibrio;s__Vibrio coralliirubri
Church2025__YPM-IZ-110972	Physalia physalis	BAC00322	Vibrio	d__Bacteria;p__Pseudomonadota;c__Gammaproteobacteria;o__Enterobacterales;f__Vibrionaceae;g__Vibrio;s__Vibrio crassostreae_C
Church2025__YPM-IZ-110972	Physalia physalis	BAC00323	Vibrio	d__Bacteria;p__Pseudomonadota;c__Gammaproteobacteria;o__Enterobacterales;f__Vibrionaceae;g__Vibrio;s__Vibrio cyclitrophicus
Church2025__YPM-IZ-110972	Physalia physalis	BAC00325	Vibrio	d__Bacteria;p__Pseudomonadota;c__Gammaproteobacteria;o__Enterobacterales;f__Vibrionaceae;g__Vibrio;s__Vibrio echinoideorum
Church2025__YPM-IZ-110972	Physalia physalis	BAC00329	Vibrio	d__Bacteria;p__Pseudomonadota;c__Gammaproteobacteria;o__Enterobacterales;f__Vibrionaceae;g__Vibrio;s__Vibrio gallaecicus
Church2025__YPM-IZ-110972	Physalia physalis	BAC00333	Vibrio	d__Bacteria;p__Pseudomonadota;c__Gammaproteobacteria;o__Enterobacterales;f__Vibrionaceae;g__Vibrio;s__Vibrio lentus
Church2025__YPM-IZ-110972	Physalia physalis	BAC00334	Vibrio	d__Bacteria;p__Pseudomonadota;c__Gammaproteobacteria;o__Enterobacterales;f__Vibrionaceae;g__Vibrio;s__Vibrio lentus_A
Church2025__YPM-IZ-110972	Physalia physalis	BAC00353	Vibrio	d__Bacteria;p__Pseudomonadota;c__Gammaproteobacteria;o__Enterobacterales;f__Vibrionaceae;g__Vibrio;s__Vibrio splendidus
Church2025__YPM-IZ-110972	Physalia physalis	BAC00354	Vibrio	d__Bacteria;p__Pseudomonadota;c__Gammaproteobacteria;o__Enterobacterales;f__Vibrionaceae;g__Vibrio;s__Vibrio splendidus_J
Church2025__YPM-IZ-110972	Physalia physalis	BAC00355	Vibrio	d__Bacteria;p__Pseudomonadota;c__Gammaproteobacteria;o__Enterobacterales;f__Vibrionaceae;g__Vibrio;s__Vibrio splendidus_K
Church2025__YPM-IZ-111006	Physalia utriculus	BAC00025	Metamycoplasmataceae	d__Bacteria;p__Bacillota_I;c__Bacilli_A;o__Mycoplasmatales;f__Metamycoplasmataceae;g__;s__
Church2025__YPM-IZ-111006	Physalia utriculus	BAC00027	Metamycoplasmataceae	d__Bacteria;p__Bacillota_I;c__Bacilli_A;o__Mycoplasmatales;f__Metamycoplasmataceae;g__;s__
Church2025__YPM-IZ-111007	Physalia utriculus	BAC00025	Metamycoplasmataceae	d__Bacteria;p__Bacillota_I;c__Bacilli_A;o__Mycoplasmatales;f__Metamycoplasmataceae;g__;s__
Church2025__YPM-IZ-111007	Physalia utriculus	BAC00026	Metamycoplasmataceae	d__Bacteria;p__Bacillota_I;c__Bacilli_A;o__Mycoplasmatales;f__Metamycoplasmataceae;g__;s__
Church2025__YPM-IZ-111007	Physalia utriculus	BAC00027	Metamycoplasmataceae	d__Bacteria;p__Bacillota_I;c__Bacilli_A;o__Mycoplasmatales;f__Metamycoplasmataceae;g__;s__
Church2025__YPM-IZ-111007	Physalia utriculus	BAC00146	Remaining bacteria	d__Bacteria;p__Pseudomonadota;c__Alphaproteobacteria;o__JABSOH01;f__JABSOH01;g__;s__
Church2025__YPM-IZ-111008	Physalia utriculus	BAC00025	Metamycoplasmataceae	d__Bacteria;p__Bacillota_I;c__Bacilli_A;o__Mycoplasmatales;f__Metamycoplasmataceae;g__;s__
Church2025__YPM-IZ-111008	Physalia utriculus	BAC00026	Metamycoplasmataceae	d__Bacteria;p__Bacillota_I;c__Bacilli_A;o__Mycoplasmatales;f__Metamycoplasmataceae;g__;s__
Church2025__YPM-IZ-111008	Physalia utriculus	BAC00027	Metamycoplasmataceae	d__Bacteria;p__Bacillota_I;c__Bacilli_A;o__Mycoplasmatales;f__Metamycoplasmataceae;g__;s__
Church2025__YPM-IZ-111008	Physalia utriculus	BAC00045	Remaining bacteria	d__Bacteria;p__Bacteroidota;c__Bacteroidia;o__Flavobacteriales;f__Flavobacteriaceae;g__CAMZMA01;s__
Church2025__YPM-IZ-111009	Physalia utriculus	BAC00006	Archaea	d__Archaea;p__Thermoproteota;c__JANJXX01;o__JAMOTR01;f__;g__;s__
Church2025__YPM-IZ-111009	Physalia utriculus	BAC00025	Metamycoplasmataceae	d__Bacteria;p__Bacillota_I;c__Bacilli_A;o__Mycoplasmatales;f__Metamycoplasmataceae;g__;s__
Church2025__YPM-IZ-111009	Physalia utriculus	BAC00027	Metamycoplasmataceae	d__Bacteria;p__Bacillota_I;c__Bacilli_A;o__Mycoplasmatales;f__Metamycoplasmataceae;g__;s__
Church2025__YPM-IZ-111009	Physalia utriculus	BAC00146	Remaining bacteria	d__Bacteria;p__Pseudomonadota;c__Alphaproteobacteria;o__JABSOH01;f__JABSOH01;g__;s__
Church2025__YPM-IZ-111010	Physalia megalista	BAC00027	Metamycoplasmataceae	d__Bacteria;p__Bacillota_I;c__Bacilli_A;o__Mycoplasmatales;f__Metamycoplasmataceae;g__;s__
Church2025__YPM-IZ-111010	Physalia megalista	BAC00045	Remaining bacteria	d__Bacteria;p__Bacteroidota;c__Bacteroidia;o__Flavobacteriales;f__Flavobacteriaceae;g__CAMZMA01;s__
Church2025__YPM-IZ-111016	Physalia physalis	BAC00166	Cognatishimia	d__Bacteria;p__Pseudomonadota;c__Alphaproteobacteria;o__Rhodobacterales;f__Rhodobacteraceae;g__Cognatishimia;s__
Church2025__YPM-IZ-111017	Physalia physalis	BAC00166	Cognatishimia	d__Bacteria;p__Pseudomonadota;c__Alphaproteobacteria;o__Rhodobacterales;f__Rhodobacteraceae;g__Cognatishimia;s__
Church2025__YPM-IZ-111156	Physalia megalista	BAC00025	Metamycoplasmataceae	d__Bacteria;p__Bacillota_I;c__Bacilli_A;o__Mycoplasmatales;f__Metamycoplasmataceae;g__;s__
Church2025__YPM-IZ-111156	Physalia megalista	BAC00026	Metamycoplasmataceae	d__Bacteria;p__Bacillota_I;c__Bacilli_A;o__Mycoplasmatales;f__Metamycoplasmataceae;g__;s__
Church2025__YPM-IZ-111156	Physalia megalista	BAC00027	Metamycoplasmataceae	d__Bacteria;p__Bacillota_I;c__Bacilli_A;o__Mycoplasmatales;f__Metamycoplasmataceae;g__;s__
Church2025__YPM-IZ-111157	Physalia megalista	BAC00025	Metamycoplasmataceae	d__Bacteria;p__Bacillota_I;c__Bacilli_A;o__Mycoplasmatales;f__Metamycoplasmataceae;g__;s__
Church2025__YPM-IZ-111157	Physalia megalista	BAC00026	Metamycoplasmataceae	d__Bacteria;p__Bacillota_I;c__Bacilli_A;o__Mycoplasmatales;f__Metamycoplasmataceae;g__;s__
Church2025__YPM-IZ-111157	Physalia megalista	BAC00027	Metamycoplasmataceae	d__Bacteria;p__Bacillota_I;c__Bacilli_A;o__Mycoplasmatales;f__Metamycoplasmataceae;g__;s__
Church2025__YPM-IZ-111157	Physalia megalista	BAC00362	Remaining bacteria	d__Bacteria;p__Pseudomonadota;c__Gammaproteobacteria;o__JABDGN01;f__JABDGN01;g__;s__
Church2025__YPM-IZ-111158	Physalia megalista	BAC00026	Metamycoplasmataceae	d__Bacteria;p__Bacillota_I;c__Bacilli_A;o__Mycoplasmatales;f__Metamycoplasmataceae;g__;s__
Church2025__YPM-IZ-111158	Physalia megalista	BAC00027	Metamycoplasmataceae	d__Bacteria;p__Bacillota_I;c__Bacilli_A;o__Mycoplasmatales;f__Metamycoplasmataceae;g__;s__
Church2025__YPM-IZ-111159	Physalia megalista	BAC00025	Metamycoplasmataceae	d__Bacteria;p__Bacillota_I;c__Bacilli_A;o__Mycoplasmatales;f__Metamycoplasmataceae;g__;s__
Church2025__YPM-IZ-111159	Physalia megalista	BAC00026	Metamycoplasmataceae	d__Bacteria;p__Bacillota_I;c__Bacilli_A;o__Mycoplasmatales;f__Metamycoplasmataceae;g__;s__
Church2025__YPM-IZ-111159	Physalia megalista	BAC00027	Metamycoplasmataceae	d__Bacteria;p__Bacillota_I;c__Bacilli_A;o__Mycoplasmatales;f__Metamycoplasmataceae;g__;s__
Church2025__YPM-IZ-111160	Physalia megalista	BAC00025	Metamycoplasmataceae	d__Bacteria;p__Bacillota_I;c__Bacilli_A;o__Mycoplasmatales;f__Metamycoplasmataceae;g__;s__
Church2025__YPM-IZ-111160	Physalia megalista	BAC00027	Metamycoplasmataceae	d__Bacteria;p__Bacillota_I;c__Bacilli_A;o__Mycoplasmatales;f__Metamycoplasmataceae;g__;s__
Church2025__YPM-IZ-111163	Physalia utriculus	BAC00026	Metamycoplasmataceae	d__Bacteria;p__Bacillota_I;c__Bacilli_A;o__Mycoplasmatales;f__Metamycoplasmataceae;g__;s__
Church2025__YPM-IZ-111163	Physalia utriculus	BAC00027	Metamycoplasmataceae	d__Bacteria;p__Bacillota_I;c__Bacilli_A;o__Mycoplasmatales;f__Metamycoplasmataceae;g__;s__
Church2025__YPM-IZ-111163	Physalia utriculus	BAC00223	Alteromonas	d__Bacteria;p__Pseudomonadota;c__Gammaproteobacteria;o__Enterobacterales;f__Alteromonadaceae;g__Alteromonas;s__Alteromonas abrolhosensis
Church2025__YPM-IZ-111163	Physalia utriculus	BAC00227	Alteromonas	d__Bacteria;p__Pseudomonadota;c__Gammaproteobacteria;o__Enterobacterales;f__Alteromonadaceae;g__Alteromonas;s__Alteromonas macleodii
Church2025__YPM-IZ-111163	Physalia utriculus	BAC00308	Vibrio	d__Bacteria;p__Pseudomonadota;c__Gammaproteobacteria;o__Enterobacterales;f__Vibrionaceae;g__Vibrio;s__Vibrio alginolyticus
Church2025__YPM-IZ-111163	Physalia utriculus	BAC00331	Vibrio	d__Bacteria;p__Pseudomonadota;c__Gammaproteobacteria;o__Enterobacterales;f__Vibrionaceae;g__Vibrio;s__Vibrio harveyi
Church2025__YPM-IZ-111163	Physalia utriculus	BAC00394	Remaining bacteria	d__Bacteria;p__Pseudomonadota;c__Gammaproteobacteria;o__Pseudomonadales;f__Halomonadaceae;g__Vreelandella;s__Vreelandella aquamarina
Church2025__YPM-IZ-111163	Physalia utriculus	BAC00422	Remaining bacteria	d__Bacteria;p__Pseudomonadota;c__Gammaproteobacteria;o__Pseudomonadales;f__Oleiphilaceae;g__Marinobacter;s__Marinobacter vinifirmus
Church2025__YPM-IZ-111207	Physalia minuta	BAC00006	Archaea	d__Archaea;p__Thermoproteota;c__JANJXX01;o__JAMOTR01;f__;g__;s__
Church2025__YPM-IZ-111207	Physalia minuta	BAC00027	Metamycoplasmataceae	d__Bacteria;p__Bacillota_I;c__Bacilli_A;o__Mycoplasmatales;f__Metamycoplasmataceae;g__;s__
Church2025__YPM-IZ-111207	Physalia minuta	BAC00147	Remaining bacteria	d__Bacteria;p__Pseudomonadota;c__Alphaproteobacteria;o__JABSOH01;f__JABSOH01;g__;s__
Church2025__YPM-IZ-111207	Physalia minuta	BAC00290	Remaining bacteria	d__Bacteria;p__Pseudomonadota;c__Gammaproteobacteria;o__Enterobacterales;f__Psychrobiaceae;g__Psychrobium;s__
Church2025__YPM-IZ-111207	Physalia minuta	BAC00362	Remaining bacteria	d__Bacteria;p__Pseudomonadota;c__Gammaproteobacteria;o__JABDGN01;f__JABDGN01;g__;s__
Church2025__YPM-IZ-111207	Physalia minuta	BAC00370	Remaining bacteria	d__Bacteria;p__Pseudomonadota;c__Gammaproteobacteria;o__Pseudomonadales;f__Cellvibrionaceae;g__;s__
Church2025__YPM-IZ-111208	Physalia minuta	BAC00006	Archaea	d__Archaea;p__Thermoproteota;c__JANJXX01;o__JAMOTR01;f__;g__;s__
Church2025__YPM-IZ-111208	Physalia minuta	BAC00027	Metamycoplasmataceae	d__Bacteria;p__Bacillota_I;c__Bacilli_A;o__Mycoplasmatales;f__Metamycoplasmataceae;g__;s__
Church2025__YPM-IZ-111208	Physalia minuta	BAC00124	Remaining bacteria	d__Bacteria;p__Cyanobacteriota;c__Cyanobacteriia;o__PCC-6307;f__Cyanobiaceae;g__Synechococcus_C;s__Synechococcus_C sp000230675
Church2025__YPM-IZ-111208	Physalia minuta	BAC00130	Remaining bacteria	d__Bacteria;p__Patescibacteria;c__JAEDAM01;o__BD1-5;f__UBA6164;g__CAJXJP01;s__CAJXJP01 sp913055215
Church2025__YPM-IZ-111208	Physalia minuta	BAC00142	Remaining bacteria	d__Bacteria;p__Planctomycetota;c__UBA8108;o__UBA1146;f__UBA1146;g__UBA12191;s__UBA12191 sp002691835
Church2025__YPM-IZ-111208	Physalia minuta	BAC00147	Remaining bacteria	d__Bacteria;p__Pseudomonadota;c__Alphaproteobacteria;o__JABSOH01;f__JABSOH01;g__;s__
Church2025__YPM-IZ-111208	Physalia minuta	BAC00290	Remaining bacteria	d__Bacteria;p__Pseudomonadota;c__Gammaproteobacteria;o__Enterobacterales;f__Psychrobiaceae;g__Psychrobium;s__
Church2025__YPM-IZ-111208	Physalia minuta	BAC00321	Vibrio	d__Bacteria;p__Pseudomonadota;c__Gammaproteobacteria;o__Enterobacterales;f__Vibrionaceae;g__Vibrio;s__Vibrio crassostreae
Church2025__YPM-IZ-111208	Physalia minuta	BAC00327	Vibrio	d__Bacteria;p__Pseudomonadota;c__Gammaproteobacteria;o__Enterobacterales;f__Vibrionaceae;g__Vibrio;s__Vibrio fortis
Church2025__YPM-IZ-111208	Physalia minuta	BAC00362	Remaining bacteria	d__Bacteria;p__Pseudomonadota;c__Gammaproteobacteria;o__JABDGN01;f__JABDGN01;g__;s__
Church2025__YPM-IZ-111208	Physalia minuta	BAC00370	Remaining bacteria	d__Bacteria;p__Pseudomonadota;c__Gammaproteobacteria;o__Pseudomonadales;f__Cellvibrionaceae;g__;s__
Church2025__YPM-IZ-111209	Physalia minuta	BAC00006	Archaea	d__Archaea;p__Thermoproteota;c__JANJXX01;o__JAMOTR01;f__;g__;s__
Church2025__YPM-IZ-111209	Physalia minuta	BAC00027	Metamycoplasmataceae	d__Bacteria;p__Bacillota_I;c__Bacilli_A;o__Mycoplasmatales;f__Metamycoplasmataceae;g__;s__
Church2025__YPM-IZ-111209	Physalia minuta	BAC00147	Remaining bacteria	d__Bacteria;p__Pseudomonadota;c__Alphaproteobacteria;o__JABSOH01;f__JABSOH01;g__;s__
Church2025__YPM-IZ-111209	Physalia minuta	BAC00362	Remaining bacteria	d__Bacteria;p__Pseudomonadota;c__Gammaproteobacteria;o__JABDGN01;f__JABDGN01;g__;s__
Church2025__YPM-IZ-111209	Physalia minuta	BAC00370	Remaining bacteria	d__Bacteria;p__Pseudomonadota;c__Gammaproteobacteria;o__Pseudomonadales;f__Cellvibrionaceae;g__;s__
Church2025__YPM-IZ-111210	Physalia minuta	BAC00006	Archaea	d__Archaea;p__Thermoproteota;c__JANJXX01;o__JAMOTR01;f__;g__;s__
Church2025__YPM-IZ-111210	Physalia minuta	BAC00025	Metamycoplasmataceae	d__Bacteria;p__Bacillota_I;c__Bacilli_A;o__Mycoplasmatales;f__Metamycoplasmataceae;g__;s__
Church2025__YPM-IZ-111210	Physalia minuta	BAC00027	Metamycoplasmataceae	d__Bacteria;p__Bacillota_I;c__Bacilli_A;o__Mycoplasmatales;f__Metamycoplasmataceae;g__;s__
Church2025__YPM-IZ-111210	Physalia minuta	BAC00036	Remaining bacteria	d__Bacteria;p__Bacteroidota;c__Bacteroidia;o__Flavobacteriales;f__Crocinitomicaceae;g__Crocinitomix;s__
Church2025__YPM-IZ-111210	Physalia minuta	BAC00147	Remaining bacteria	d__Bacteria;p__Pseudomonadota;c__Alphaproteobacteria;o__JABSOH01;f__JABSOH01;g__;s__
Church2025__YPM-IZ-111210	Physalia minuta	BAC00189	Remaining bacteria	d__Bacteria;p__Pseudomonadota;c__Alphaproteobacteria;o__Rhodobacterales;f__Rhodobacteraceae;g__Shimia;s__Shimia sp024224295
Church2025__YPM-IZ-111210	Physalia minuta	BAC00244	Pseudoalteromonas	d__Bacteria;p__Pseudomonadota;c__Gammaproteobacteria;o__Enterobacterales;f__Alteromonadaceae;g__Pseudoalteromonas;s__
Church2025__YPM-IZ-111210	Physalia minuta	BAC00290	Remaining bacteria	d__Bacteria;p__Pseudomonadota;c__Gammaproteobacteria;o__Enterobacterales;f__Psychrobiaceae;g__Psychrobium;s__
Church2025__YPM-IZ-111210	Physalia minuta	BAC00362	Remaining bacteria	d__Bacteria;p__Pseudomonadota;c__Gammaproteobacteria;o__JABDGN01;f__JABDGN01;g__;s__
Church2025__YPM-IZ-111210	Physalia minuta	BAC00370	Remaining bacteria	d__Bacteria;p__Pseudomonadota;c__Gammaproteobacteria;o__Pseudomonadales;f__Cellvibrionaceae;g__;s__
Church2025__YPM-IZ-111241	Physalia minuta	BAC00025	Metamycoplasmataceae	d__Bacteria;p__Bacillota_I;c__Bacilli_A;o__Mycoplasmatales;f__Metamycoplasmataceae;g__;s__
Church2025__YPM-IZ-111241	Physalia minuta	BAC00027	Metamycoplasmataceae	d__Bacteria;p__Bacillota_I;c__Bacilli_A;o__Mycoplasmatales;f__Metamycoplasmataceae;g__;s__
Church2025__YPM-IZ-111241	Physalia minuta	BAC00147	Remaining bacteria	d__Bacteria;p__Pseudomonadota;c__Alphaproteobacteria;o__JABSOH01;f__JABSOH01;g__;s__
Church2025__YPM-IZ-111241	Physalia minuta	BAC00362	Remaining bacteria	d__Bacteria;p__Pseudomonadota;c__Gammaproteobacteria;o__JABDGN01;f__JABDGN01;g__;s__
Church2025__YPM-IZ-111243	Physalia minuta	BAC00025	Metamycoplasmataceae	d__Bacteria;p__Bacillota_I;c__Bacilli_A;o__Mycoplasmatales;f__Metamycoplasmataceae;g__;s__
Church2025__YPM-IZ-111243	Physalia minuta	BAC00359	Remaining bacteria	d__Bacteria;p__Pseudomonadota;c__Gammaproteobacteria;o__Francisellales;f__Francisellaceae;g__Francisella_A;s__
Church2025__YPM-IZ-111243	Physalia minuta	BAC00362	Remaining bacteria	d__Bacteria;p__Pseudomonadota;c__Gammaproteobacteria;o__JABDGN01;f__JABDGN01;g__;s__
Church2025__YPM-IZ-111513	Physalia megalista	BAC00375	CAKMZU01	d__Bacteria;p__Pseudomonadota;c__Gammaproteobacteria;o__Pseudomonadales;f__DT-91;g__CAKMZU01;s__
Church2025__YPM-IZ-111514	Physalia megalista	BAC00375	CAKMZU01	d__Bacteria;p__Pseudomonadota;c__Gammaproteobacteria;o__Pseudomonadales;f__DT-91;g__CAKMZU01;s__
Church2025__YPM-IZ-111517	Physalia megalista	BAC00375	CAKMZU01	d__Bacteria;p__Pseudomonadota;c__Gammaproteobacteria;o__Pseudomonadales;f__DT-91;g__CAKMZU01;s__
Church2025__YPM-IZ-111518	Physalia megalista	BAC00375	CAKMZU01	d__Bacteria;p__Pseudomonadota;c__Gammaproteobacteria;o__Pseudomonadales;f__DT-91;g__CAKMZU01;s__
Church2025__YPM-IZ-111518	Physalia megalista	BAC00381	Remaining bacteria	d__Bacteria;p__Pseudomonadota;c__Gammaproteobacteria;o__Pseudomonadales;f__Halieaceae;g__Halioglobus;s__Halioglobus sp905480565
Church2025__YPM-IZ-111520	Physalia megalista	BAC00375	CAKMZU01	d__Bacteria;p__Pseudomonadota;c__Gammaproteobacteria;o__Pseudomonadales;f__DT-91;g__CAKMZU01;s__
Church2025__YPM-IZ-111520	Physalia megalista	BAC00381	Remaining bacteria	d__Bacteria;p__Pseudomonadota;c__Gammaproteobacteria;o__Pseudomonadales;f__Halieaceae;g__Halioglobus;s__Halioglobus sp905480565
Church2025__YPM-IZ-111521	Physalia megalista	BAC00375	CAKMZU01	d__Bacteria;p__Pseudomonadota;c__Gammaproteobacteria;o__Pseudomonadales;f__DT-91;g__CAKMZU01;s__
Church2025__YPM-IZ-111521	Physalia megalista	BAC00381	Remaining bacteria	d__Bacteria;p__Pseudomonadota;c__Gammaproteobacteria;o__Pseudomonadales;f__Halieaceae;g__Halioglobus;s__Halioglobus sp905480565
Church2025__YPM-IZ-111530	Physalia megalista	BAC00375	CAKMZU01	d__Bacteria;p__Pseudomonadota;c__Gammaproteobacteria;o__Pseudomonadales;f__DT-91;g__CAKMZU01;s__
Church2025__YPM-IZ-111539	Physalia megalista	BAC00375	CAKMZU01	d__Bacteria;p__Pseudomonadota;c__Gammaproteobacteria;o__Pseudomonadales;f__DT-91;g__CAKMZU01;s__
Church2025__YPM-IZ-111547	Physalia utriculus	BAC00146	Remaining bacteria	d__Bacteria;p__Pseudomonadota;c__Alphaproteobacteria;o__JABSOH01;f__JABSOH01;g__;s__
Church2025__YPM-IZ-111839	Physalia sp1	BAC00025	Metamycoplasmataceae	d__Bacteria;p__Bacillota_I;c__Bacilli_A;o__Mycoplasmatales;f__Metamycoplasmataceae;g__;s__
Church2025__YPM-IZ-111839	Physalia sp1	BAC00071	Remaining bacteria	d__Bacteria;p__Bacteroidota;c__Bacteroidia;o__Flavobacteriales;f__Flavobacteriaceae;g__Nonlabens;s__Nonlabens tegetincola
Church2025__YPM-IZ-111839	Physalia sp1	BAC00120	Remaining bacteria	d__Bacteria;p__Cyanobacteriota;c__Cyanobacteriia;o__PCC-6307;f__Cyanobiaceae;g__Prochlorococcus_A;s__Prochlorococcus_A sp003280965
Church2025__YPM-IZ-111839	Physalia sp1	BAC00123	Remaining bacteria	d__Bacteria;p__Cyanobacteriota;c__Cyanobacteriia;o__PCC-6307;f__Cyanobiaceae;g__Prochlorococcus_A;s__Prochlorococcus_A sp902627325
Church2025__YPM-IZ-111839	Physalia sp1	BAC00190	Remaining bacteria	d__Bacteria;p__Pseudomonadota;c__Alphaproteobacteria;o__Rhodobacterales;f__Rhodobacteraceae;g__Sulfitobacter;s__Sulfitobacter faviae
Church2025__YPM-IZ-111839	Physalia sp1	BAC00192	Remaining bacteria	d__Bacteria;p__Pseudomonadota;c__Alphaproteobacteria;o__Rhodobacterales;f__Rhodobacteraceae;g__Sulfitobacter;s__Sulfitobacter pontiacus
Church2025__YPM-IZ-111839	Physalia sp1	BAC00193	Remaining bacteria	d__Bacteria;p__Pseudomonadota;c__Alphaproteobacteria;o__Rhodobacterales;f__Rhodobacteraceae;g__Sulfitobacter;s__Sulfitobacter sp002703405
Church2025__YPM-IZ-111839	Physalia sp1	BAC00198	Remaining bacteria	d__Bacteria;p__Pseudomonadota;c__Alphaproteobacteria;o__Rickettsiales;f__Rickettsiaceae;g__GCA-2402195;s__
Church2025__YPM-IZ-111839	Physalia sp1	BAC00201	Remaining bacteria	d__Bacteria;p__Pseudomonadota;c__Alphaproteobacteria;o__Sphingomonadales;f__Sphingomonadaceae;g__CAJXSN01;s__CAJXSN01 sp027941995
Church2025__YPM-IZ-111839	Physalia sp1	BAC00202	Remaining bacteria	d__Bacteria;p__Pseudomonadota;c__Alphaproteobacteria;o__Sphingomonadales;f__Sphingomonadaceae;g__Qipengyuania;s__Qipengyuania citrea
Church2025__YPM-IZ-111839	Physalia sp1	BAC00223	Alteromonas	d__Bacteria;p__Pseudomonadota;c__Gammaproteobacteria;o__Enterobacterales;f__Alteromonadaceae;g__Alteromonas;s__Alteromonas abrolhosensis
Church2025__YPM-IZ-111839	Physalia sp1	BAC00227	Alteromonas	d__Bacteria;p__Pseudomonadota;c__Gammaproteobacteria;o__Enterobacterales;f__Alteromonadaceae;g__Alteromonas;s__Alteromonas macleodii
Church2025__YPM-IZ-111839	Physalia sp1	BAC00277	Pseudoalteromonas	d__Bacteria;p__Pseudomonadota;c__Gammaproteobacteria;o__Enterobacterales;f__Alteromonadaceae;g__Pseudoalteromonas;s__Pseudoalteromonas spongiae
Church2025__YPM-IZ-111839	Physalia sp1	BAC00289	Remaining bacteria	d__Bacteria;p__Pseudomonadota;c__Gammaproteobacteria;o__Enterobacterales;f__Enterobacteriaceae;g__Serratia;s__Serratia nevei
Church2025__YPM-IZ-111839	Physalia sp1	BAC00308	Vibrio	d__Bacteria;p__Pseudomonadota;c__Gammaproteobacteria;o__Enterobacterales;f__Vibrionaceae;g__Vibrio;s__Vibrio alginolyticus
Church2025__YPM-IZ-111839	Physalia sp1	BAC00367	Remaining bacteria	d__Bacteria;p__Pseudomonadota;c__Gammaproteobacteria;o__Pseudomonadales;f__Alcanivoracaceae;g__Alcanivorax;s__Alcanivorax sp900107995
Church2025__YPM-IZ-111839	Physalia sp1	BAC00395	Remaining bacteria	d__Bacteria;p__Pseudomonadota;c__Gammaproteobacteria;o__Pseudomonadales;f__Halomonadaceae;g__Vreelandella;s__Vreelandella piezotolerans
Church2025__YPM-IZ-111839	Physalia sp1	BAC00409	Remaining bacteria	d__Bacteria;p__Pseudomonadota;c__Gammaproteobacteria;o__Pseudomonadales;f__Moraxellaceae;g__Psychrobacter;s__Psychrobacter sp000511655
Church2025__YPM-IZ-111840	Physalia utriculus	BAC00409	Remaining bacteria	d__Bacteria;p__Pseudomonadota;c__Gammaproteobacteria;o__Pseudomonadales;f__Moraxellaceae;g__Psychrobacter;s__Psychrobacter sp000511655
