library_id,specimen_id,study,study_memberships,original_label,also_in_studies,provenance,species_current,species_as_published,host_reference,collection_id,ocean_region,locality,latitude,longitude,lat_long_raw,collection_date,depth_m,sra_run,bioproject,sequencing_batches,raw_path_mccleary,r1_paths,r2_paths,n_lanes,read_pairs,depth_source,include_primary,exclusion_reason,notes,depth_min_m,depth_max_m,depth_original,collection_depth_source,biosample,collection_method,tissue,life_stage,country,specimen_voucher
Church2025:FM-16644,FM-16644,Church2025,Church2025,FM-16644,,Church et al. 2025,Physalia physalis,Physalia physalis,P_physalis,FM-16644,NE Atlantic,Canary Islands,28.59194,-17.92091,28.591940 N 17.920910 W,2023-05-14,,SRR28498736,PRJNA1092115,LH00309:40:22CMVKLT3:L004,/gpfs/ycga/work/dunn/sequences/illumina/physalia_novaseq5_2023/Sample_FM16644_153_040,/gpfs/ycga/work/dunn/sequences/illumina/physalia_novaseq5_2023/Sample_FM16644_153_040/FM16644_153_040_S7_L004_R1_001.fastq.gz,/gpfs/ycga/work/dunn/sequences/illumina/physalia_novaseq5_2023/Sample_FM16644_153_040/FM16644_153_040_S7_L004_R2_001.fastq.gz,1,143590741,SRA_spots,true,,cluster=A,,,,,SAMN40621277,,tentacle,,Spain,
Church2025:NIWA-173304,NIWA-173304,Church2025,Church2025,NIWA-173304,,Church et al. 2025,Physalia minuta,Physalia minuta,P_physalis,NIWA-173304,SW Pacific,New Zealand,-36.89515,174.443889,36.895150 S 174.443889 E,2024-03-15,,SRR29478749,PRJNA1092115,LH00309:191:227L7FLT4:L002;LH00309:195:227FKVLT4:L005,/gpfs/ycga/work/dunn/sequences/illumina/physalia_novaseq8_2023/Sample_CWD_NZ35_122_071;/gpfs/ycga/work/dunn/sequences/illumina/physalia_novaseq8_2023/Sample_CWD_NZ35_122_071_essdhc,/gpfs/ycga/work/dunn/sequences/illumina/physalia_novaseq8_2023/Sample_CWD_NZ35_122_071/CWD_NZ35_122_071_S67_L002_R1_001.fastq.gz;/gpfs/ycga/work/dunn/sequences/illumina/physalia_novaseq8_2023/Sample_CWD_NZ35_122_071_essdhc/CWD_NZ35_122_071_S122_L005_R1_001.fastq.gz,/gpfs/ycga/work/dunn/sequences/illumina/physalia_novaseq8_2023/Sample_CWD_NZ35_122_071/CWD_NZ35_122_071_S67_L002_R2_001.fastq.gz;/gpfs/ycga/work/dunn/sequences/illumina/physalia_novaseq8_2023/Sample_CWD_NZ35_122_071_essdhc/CWD_NZ35_122_071_S122_L005_R2_001.fastq.gz,2,98500887,SRA_spots,true,,cluster=C2,,,,,SAMN41900828,,tentacle,,New Zealand,
Church2025:NIWA-173305,NIWA-173305,Church2025,Church2025,NIWA-173305,,Church et al. 2025,Physalia minuta,Physalia minuta,P_physalis,NIWA-173305,SW Pacific,New Zealand,-36.89515,174.443889,36.895150 S 174.443889 E,2024-03-15,,SRR29478748,PRJNA1092115,LH00309:204:227MGJLT4:L003,/gpfs/ycga/work/dunn/sequences/illumina/physalia_novaseq8_2023/Sample_CWD_NZ36_170_023,/gpfs/ycga/work/dunn/sequences/illumina/physalia_novaseq8_2023/Sample_CWD_NZ36_170_023/CWD_NZ36_170_023_S85_L003_R1_001.fastq.gz,/gpfs/ycga/work/dunn/sequences/illumina/physalia_novaseq8_2023/Sample_CWD_NZ36_170_023/CWD_NZ36_170_023_S85_L003_R2_001.fastq.gz,1,109283910,SRA_spots,true,,cluster=C2,,,,,SAMN41900829,,tentacle,,New Zealand,
Church2025:OA-190531-1,OA-190531-1,Church2025,Church2025,OA-190531-1,,Church et al. 2025,Physalia utriculus,Physalia utriculus,P_physalis,OA-190531-1,SW Pacific,New South Wales,-33.8915,151.2767,,2019-12-15,,,PRJNA1092115,ST-E00199:415:HYGF2CCXY:L001;ST-E00199:415:HYGF2CCXY:L002;ST-E00199:415:HYGF2CCXY:L003,/gpfs/ycga/work/dunn/sequences/illumina/physalia_novaseq2_2023/Sample_190531_FD09253810,/gpfs/ycga/work/dunn/sequences/illumina/physalia_novaseq2_2023/Sample_190531_FD09253810/HYGF2CCXY_1_190531_FD09253810_Other__R_190530_SAMROS_DNA_M001_R1.fastq.gz;/gpfs/ycga/work/dunn/sequences/illumina/physalia_novaseq2_2023/Sample_190531_FD09253810/HYGF2CCXY_2_190531_FD09253810_Other__R_190530_SAMROS_DNA_M001_R1.fastq.gz;/gpfs/ycga/work/dunn/sequences/illumina/physalia_novaseq2_2023/Sample_190531_FD09253810/HYGF2CCXY_3_190531_FD09253810_Other__R_190530_SAMROS_DNA_M001_R1.fastq.gz,/gpfs/ycga/work/dunn/sequences/illumina/physalia_novaseq2_2023/Sample_190531_FD09253810/HYGF2CCXY_1_190531_FD09253810_Other__R_190530_SAMROS_DNA_M001_R2.fastq.gz;/gpfs/ycga/work/dunn/sequences/illumina/physalia_novaseq2_2023/Sample_190531_FD09253810/HYGF2CCXY_2_190531_FD09253810_Other__R_190530_SAMROS_DNA_M001_R2.fastq.gz;/gpfs/ycga/work/dunn/sequences/illumina/physalia_novaseq2_2023/Sample_190531_FD09253810/HYGF2CCXY_3_190531_FD09253810_Other__R_190530_SAMROS_DNA_M001_R2.fastq.gz,3,1184426675,counted,true,,"cluster=B1; submitted to PRJNA1092115, not yet released by NCBI",,,,,,,,,,
Church2025:OA-Bluebottle,OA-Bluebottle,Church2025,Church2025,OA-Bluebottle,,Church et al. 2025,Physalia utriculus,Physalia utriculus,P_physalis,OA-Bluebottle,SW Pacific,New South Wales,-33.9203,151.2581,,2022-01-01,,,PRJNA1092115,A00152:671:HKTT5DRX2:L001,/vast/palmer/pi/dunn/sc2962/physalia_genome_assemblies/2023_physalia_pacfic_genome/GON10891/GON10891A1,/vast/palmer/pi/dunn/sc2962/physalia_genome_assemblies/2023_physalia_pacfic_genome/GON10891/GON10891A1/BluebottleDNA_S1_L001_R1_001.fastq.gz,/vast/palmer/pi/dunn/sc2962/physalia_genome_assemblies/2023_physalia_pacfic_genome/GON10891/GON10891A1/BluebottleDNA_S1_L001_R2_001.fastq.gz,1,393864449,counted,true,,"cluster=B1; submitted to PRJNA1092115, not yet released by NCBI",,,,,,,,,,
Church2025:TMAG-K5632,TMAG-K5632,Church2025,Church2025,TMAG-K5632,,Church et al. 2025,Physalia megalista,Physalia megalista,P_physalis,TMAG-K5632,SW Pacific,Tasmania,-41.8639,148.2865,41.863900 S 148.286500 E,2023-01-14,,SRR28498728,PRJNA1092115,A00124:638:H5N7GDSX7:L003;A01519:389:HMGLFDSX7:L001,/gpfs/ycga/work/dunn/sequences/illumina/physalia_novaseq2_2023/Sample_KM5632_138_055;/gpfs/ycga/work/dunn/sequences/illumina/physalia_novaseq5_2023/Sample_KM5632_138_055,/gpfs/ycga/work/dunn/sequences/illumina/physalia_novaseq2_2023/Sample_KM5632_138_055/KM5632_138_055_S65_L003_R1_001.fastq.gz;/gpfs/ycga/work/dunn/sequences/illumina/physalia_novaseq5_2023/Sample_KM5632_138_055/KM5632_138_055_S1_L001_R1_001.fastq.gz,/gpfs/ycga/work/dunn/sequences/illumina/physalia_novaseq2_2023/Sample_KM5632_138_055/KM5632_138_055_S65_L003_R2_001.fastq.gz;/gpfs/ycga/work/dunn/sequences/illumina/physalia_novaseq5_2023/Sample_KM5632_138_055/KM5632_138_055_S1_L001_R2_001.fastq.gz,2,255466214,SRA_spots,true,,cluster=C1,,,,,SAMN40621278,,tentacle,,Australia,
Church2025:TMAG-K5633,TMAG-K5633,Church2025,Church2025,TMAG-K5633,,Church et al. 2025,Physalia minuta,Physalia minuta,P_physalis,TMAG-K5633,SW Pacific,Tasmania,-41.8639,148.2865,41.863900 S 148.286500 E,2023-01-14,,SRR28498727,PRJNA1092115,A00124:638:H5N7GDSX7:L003;A01519:389:HMGLFDSX7:L001,/gpfs/ycga/work/dunn/sequences/illumina/physalia_novaseq2_2023/Sample_KM5633_150_043;/gpfs/ycga/work/dunn/sequences/illumina/physalia_novaseq5_2023/Sample_KM5633_150_043,/gpfs/ycga/work/dunn/sequences/illumina/physalia_novaseq2_2023/Sample_KM5633_150_043/KM5633_150_043_S66_L003_R1_001.fastq.gz;/gpfs/ycga/work/dunn/sequences/illumina/physalia_novaseq5_2023/Sample_KM5633_150_043/KM5633_150_043_S2_L001_R1_001.fastq.gz,/gpfs/ycga/work/dunn/sequences/illumina/physalia_novaseq2_2023/Sample_KM5633_150_043/KM5633_150_043_S66_L003_R2_001.fastq.gz;/gpfs/ycga/work/dunn/sequences/illumina/physalia_novaseq5_2023/Sample_KM5633_150_043/KM5633_150_043_S2_L001_R2_001.fastq.gz,2,353846682,SRA_spots,true,,cluster=C2,,,,,SAMN40621279,,tentacle,,Australia,
Church2025:TMAG-K5634,TMAG-K5634,Church2025,Church2025,TMAG-K5634,,Church et al. 2025,Physalia minuta,Physalia minuta,P_physalis,TMAG-K5634,SW Pacific,Tasmania,-41.8639,148.2865,41.863900 S 148.286500 E,2023-01-14,,SRR28498726,PRJNA1092115,A00124:638:H5N7GDSX7:L003,/gpfs/ycga/work/dunn/sequences/illumina/physalia_novaseq2_2023/Sample_KM5634_126_067,/gpfs/ycga/work/dunn/sequences/illumina/physalia_novaseq2_2023/Sample_KM5634_126_067/KM5634_126_067_S67_L003_R1_001.fastq.gz,/gpfs/ycga/work/dunn/sequences/illumina/physalia_novaseq2_2023/Sample_KM5634_126_067/KM5634_126_067_S67_L003_R2_001.fastq.gz,1,52936896,SRA_spots,true,,cluster=C2,,,,,SAMN40621280,,tentacle,,Australia,
Church2025:TMAG-K5635,TMAG-K5635,Church2025,Church2025,TMAG-K5635,,Church et al. 2025,Physalia minuta,Physalia minuta,P_physalis,TMAG-K5635,SW Pacific,Tasmania,-41.8639,148.2865,41.863900 S 148.286500 E,2023-01-14,,SRR28498785,PRJNA1092115,A00124:673:HFG3JDSX7:L003,/gpfs/ycga/work/dunn/sequences/illumina/physalia_novaseq3_2023/Sample_KM5635_128_065,/gpfs/ycga/work/dunn/sequences/illumina/physalia_novaseq3_2023/Sample_KM5635_128_065/KM5635_128_065_S5_L003_R1_001.fastq.gz,/gpfs/ycga/work/dunn/sequences/illumina/physalia_novaseq3_2023/Sample_KM5635_128_065/KM5635_128_065_S5_L003_R2_001.fastq.gz,1,152149795,SRA_spots,true,,cluster=C2,,,,,SAMN40621281,,tentacle,,Australia,
Church2025:TMAG-K5636,TMAG-K5636,Church2025,Church2025,TMAG-K5636,,Church et al. 2025,Physalia minuta,Physalia minuta,P_physalis,TMAG-K5636,SW Pacific,Tasmania,-41.8639,148.2865,41.863900 S 148.286500 E,2023-01-14,,SRR28498784,PRJNA1092115,A00124:673:HFG3JDSX7:L003,/gpfs/ycga/work/dunn/sequences/illumina/physalia_novaseq3_2023/Sample_KM5636_116_077,/gpfs/ycga/work/dunn/sequences/illumina/physalia_novaseq3_2023/Sample_KM5636_116_077/KM5636_116_077_S6_L003_R1_001.fastq.gz,/gpfs/ycga/work/dunn/sequences/illumina/physalia_novaseq3_2023/Sample_KM5636_116_077/KM5636_116_077_S6_L003_R2_001.fastq.gz,1,129828346,SRA_spots,true,,cluster=C2,,,,,SAMN40621282,,tentacle,,Australia,
Church2025:WAM-Z88480,WAM-Z88480,Church2025,Church2025,WAM-Z88480,,Church et al. 2025,Physalia megalista,Physalia megalista,P_physalis,WAM-Z88480,E Indian,Western Australia,-31.908144,115.754811,31.908144 S 115.754811 E,2018-08-03,,SRR28498838,PRJNA1092115,LH00309:19:2273H5LT3:L002;LH00309:46:22F2CTLT3:L006,/gpfs/ycga/work/dunn/sequences/illumina/physalia_novaseq4_2023/Sample_Z88480_170_023;/gpfs/ycga/work/dunn/sequences/illumina/physalia_novaseq5_2023/Sample_Z88480_170_023,/gpfs/ycga/work/dunn/sequences/illumina/physalia_novaseq4_2023/Sample_Z88480_170_023/Z88480_170_023_S23_L002_R1_001.fastq.gz;/gpfs/ycga/work/dunn/sequences/illumina/physalia_novaseq5_2023/Sample_Z88480_170_023/Z88480_170_023_S8_L006_R1_001.fastq.gz,/gpfs/ycga/work/dunn/sequences/illumina/physalia_novaseq4_2023/Sample_Z88480_170_023/Z88480_170_023_S23_L002_R2_001.fastq.gz;/gpfs/ycga/work/dunn/sequences/illumina/physalia_novaseq5_2023/Sample_Z88480_170_023/Z88480_170_023_S8_L006_R2_001.fastq.gz,2,500675101,SRA_spots,true,,cluster=C1,,,,,SAMN40621283,,,,Australia,
Church2025:WAM-Z97900,WAM-Z97900,Church2025,Church2025,WAM-Z97900,,Church et al. 2025,Physalia megalista,Physalia megalista,P_physalis,WAM-Z97900,E Indian,Western Australia,-31.855786,115.751741,31.855786 S 115.751741 E,2019-04-19,,SRR28498837,PRJNA1092115,LH00309:19:2273H5LT3:L002,/gpfs/ycga/work/dunn/sequences/illumina/physalia_novaseq4_2023/Sample_Z97900_158_035,/gpfs/ycga/work/dunn/sequences/illumina/physalia_novaseq4_2023/Sample_Z97900_158_035/Z97900_158_035_S24_L002_R1_001.fastq.gz,/gpfs/ycga/work/dunn/sequences/illumina/physalia_novaseq4_2023/Sample_Z97900_158_035/Z97900_158_035_S24_L002_R2_001.fastq.gz,1,128153778,SRA_spots,true,,cluster=C1,,,,,SAMN40621284,,,,Australia,
Church2025:WAM-Z97901,WAM-Z97901,Church2025,Church2025,WAM-Z97901,,Church et al. 2025,Physalia megalista,Physalia megalista,P_physalis,WAM-Z97901,E Indian,Western Australia,-31.855786,115.751741,31.855786 S 115.751741 E,2019-04-19,,SRR28498836,PRJNA1092115,LH00309:19:2273H5LT3:L002,/gpfs/ycga/work/dunn/sequences/illumina/physalia_novaseq4_2023/Sample_Z97901_146_047,/gpfs/ycga/work/dunn/sequences/illumina/physalia_novaseq4_2023/Sample_Z97901_146_047/Z97901_146_047_S25_L002_R1_001.fastq.gz,/gpfs/ycga/work/dunn/sequences/illumina/physalia_novaseq4_2023/Sample_Z97901_146_047/Z97901_146_047_S25_L002_R2_001.fastq.gz,1,147160985,SRA_spots,true,,cluster=C1,,,,,SAMN40621285,,,,Australia,
Church2025:WAM-Z97902,WAM-Z97902,Church2025,Church2025,WAM-Z97902,,Church et al. 2025,Physalia utriculus,Physalia utriculus,P_physalis,WAM-Z97902,E Indian,Western Australia,-31.855786,115.751741,31.855786 S 115.751741 E,2019-04-19,,SRR28498835,PRJNA1092115,LH00309:43:22CYW2LT3:L001;LH00309:43:22CYW2LT3:L002;LH00309:55:22F5W5LT3:L001,/gpfs/ycga/work/dunn/sequences/illumina/physalia_novaseq5_2023/Sample_Z97902_152_041;/gpfs/ycga/work/dunn/sequences/illumina/physalia_novaseq5_2023/Sample_Z97902_152_041_czytbx,/gpfs/ycga/work/dunn/sequences/illumina/physalia_novaseq5_2023/Sample_Z97902_152_041/Z97902_152_041_S1_L001_R1_001.fastq.gz;/gpfs/ycga/work/dunn/sequences/illumina/physalia_novaseq5_2023/Sample_Z97902_152_041/Z97902_152_041_S1_L002_R1_001.fastq.gz;/gpfs/ycga/work/dunn/sequences/illumina/physalia_novaseq5_2023/Sample_Z97902_152_041_czytbx/Z97902_152_041_S1_L001_R1_001.fastq.gz,/gpfs/ycga/work/dunn/sequences/illumina/physalia_novaseq5_2023/Sample_Z97902_152_041/Z97902_152_041_S1_L001_R2_001.fastq.gz;/gpfs/ycga/work/dunn/sequences/illumina/physalia_novaseq5_2023/Sample_Z97902_152_041/Z97902_152_041_S1_L002_R2_001.fastq.gz;/gpfs/ycga/work/dunn/sequences/illumina/physalia_novaseq5_2023/Sample_Z97902_152_041_czytbx/Z97902_152_041_S1_L001_R2_001.fastq.gz,3,143437107,SRA_spots,true,,cluster=B1,,,,,SAMN40621286,,,,Australia,
Church2025:WAM-Z97903,WAM-Z97903,Church2025,Church2025,WAM-Z97903,,Church et al. 2025,Physalia megalista,Physalia megalista,P_physalis,WAM-Z97903,E Indian,Western Australia,-31.855786,115.751741,31.855786 S 115.751741 E,2019-04-19,,SRR28498834,PRJNA1092115,LH00309:19:2273H5LT3:L002,/gpfs/ycga/work/dunn/sequences/illumina/physalia_novaseq4_2023/Sample_Z97903_134_059,/gpfs/ycga/work/dunn/sequences/illumina/physalia_novaseq4_2023/Sample_Z97903_134_059/Z97903_134_059_S26_L002_R1_001.fastq.gz,/gpfs/ycga/work/dunn/sequences/illumina/physalia_novaseq4_2023/Sample_Z97903_134_059/Z97903_134_059_S26_L002_R2_001.fastq.gz,1,128680152,SRA_spots,true,,cluster=C1,,,,,SAMN40621287,,,,Australia,
Church2025:WAM-Z97906,WAM-Z97906,Church2025,Church2025,WAM-Z97906,,Church et al. 2025,Physalia megalista,Physalia megalista,P_physalis,WAM-Z97906,E Indian,Western Australia,-31.855786,115.751741,31.855786 S 115.751741 E,2019-04-19,,SRR28498833,PRJNA1092115,LH00309:19:2273H5LT3:L002,/gpfs/ycga/work/dunn/sequences/illumina/physalia_novaseq4_2023/Sample_Z97906_122_071,/gpfs/ycga/work/dunn/sequences/illumina/physalia_novaseq4_2023/Sample_Z97906_122_071/Z97906_122_071_S27_L002_R1_001.fastq.gz,/gpfs/ycga/work/dunn/sequences/illumina/physalia_novaseq4_2023/Sample_Z97906_122_071/Z97906_122_071_S27_L002_R2_001.fastq.gz,1,134733881,SRA_spots,true,,cluster=C1,,,,,SAMN40621288,,,,Australia,
Church2025:WAM-Z97907,WAM-Z97907,Church2025,Church2025,WAM-Z97907,,Church et al. 2025,Physalia utriculus,Physalia utriculus,P_physalis,WAM-Z97907,E Indian,Western Australia,-31.855786,115.751741,31.855786 S 115.751741 E,2019-04-19,,SRR28498832,PRJNA1092115,LH00309:43:22CYW2LT3:L001;LH00309:43:22CYW2LT3:L002;LH00309:55:22F5W5LT3:L001,/gpfs/ycga/work/dunn/sequences/illumina/physalia_novaseq5_2023/Sample_Z97907_140_053;/gpfs/ycga/work/dunn/sequences/illumina/physalia_novaseq5_2023/Sample_Z97907_140_053_nnhrjn,/gpfs/ycga/work/dunn/sequences/illumina/physalia_novaseq5_2023/Sample_Z97907_140_053/Z97907_140_053_S2_L001_R1_001.fastq.gz;/gpfs/ycga/work/dunn/sequences/illumina/physalia_novaseq5_2023/Sample_Z97907_140_053/Z97907_140_053_S2_L002_R1_001.fastq.gz;/gpfs/ycga/work/dunn/sequences/illumina/physalia_novaseq5_2023/Sample_Z97907_140_053_nnhrjn/Z97907_140_053_S2_L001_R1_001.fastq.gz,/gpfs/ycga/work/dunn/sequences/illumina/physalia_novaseq5_2023/Sample_Z97907_140_053/Z97907_140_053_S2_L001_R2_001.fastq.gz;/gpfs/ycga/work/dunn/sequences/illumina/physalia_novaseq5_2023/Sample_Z97907_140_053/Z97907_140_053_S2_L002_R2_001.fastq.gz;/gpfs/ycga/work/dunn/sequences/illumina/physalia_novaseq5_2023/Sample_Z97907_140_053_nnhrjn/Z97907_140_053_S2_L001_R2_001.fastq.gz,3,125367064,SRA_spots,true,,cluster=B1,,,,,SAMN40621289,,,,Australia,
Church2025:WAM-Z97908,WAM-Z97908,Church2025,Church2025,WAM-Z97908,,Church et al. 2025,Physalia utriculus,Physalia utriculus,P_physalis,WAM-Z97908,E Indian,Western Australia,-31.855786,115.751741,31.855786 S 115.751741 E,2019-04-19,,SRR28498831,PRJNA1092115,LH00309:43:22CYW2LT3:L001;LH00309:43:22CYW2LT3:L002;LH00309:55:22F5W5LT3:L001,/gpfs/ycga/work/dunn/sequences/illumina/physalia_novaseq5_2023/Sample_Z97908_128_065;/gpfs/ycga/work/dunn/sequences/illumina/physalia_novaseq5_2023/Sample_Z97908_128_065_vtsjul,/gpfs/ycga/work/dunn/sequences/illumina/physalia_novaseq5_2023/Sample_Z97908_128_065/Z97908_128_065_S3_L001_R1_001.fastq.gz;/gpfs/ycga/work/dunn/sequences/illumina/physalia_novaseq5_2023/Sample_Z97908_128_065/Z97908_128_065_S3_L002_R1_001.fastq.gz;/gpfs/ycga/work/dunn/sequences/illumina/physalia_novaseq5_2023/Sample_Z97908_128_065_vtsjul/Z97908_128_065_S3_L001_R1_001.fastq.gz,/gpfs/ycga/work/dunn/sequences/illumina/physalia_novaseq5_2023/Sample_Z97908_128_065/Z97908_128_065_S3_L001_R2_001.fastq.gz;/gpfs/ycga/work/dunn/sequences/illumina/physalia_novaseq5_2023/Sample_Z97908_128_065/Z97908_128_065_S3_L002_R2_001.fastq.gz;/gpfs/ycga/work/dunn/sequences/illumina/physalia_novaseq5_2023/Sample_Z97908_128_065_vtsjul/Z97908_128_065_S3_L001_R2_001.fastq.gz,3,140252505,SRA_spots,true,,cluster=B1,,,,,SAMN40621290,,,,Australia,
Church2025:WAM-Z97910,WAM-Z97910,Church2025,Church2025,WAM-Z97910,,Church et al. 2025,Physalia utriculus,Physalia utriculus,P_physalis,WAM-Z97910,E Indian,Western Australia,-31.855786,115.751741,31.855786 S 115.751741 E,2019-04-19,,SRR28498829,PRJNA1092115,LH00309:43:22CYW2LT3:L001;LH00309:43:22CYW2LT3:L002;LH00309:55:22F5W5LT3:L001,/gpfs/ycga/work/dunn/sequences/illumina/physalia_novaseq5_2023/Sample_Z97910_116_077;/gpfs/ycga/work/dunn/sequences/illumina/physalia_novaseq5_2023/Sample_Z97910_116_077_upodxm,/gpfs/ycga/work/dunn/sequences/illumina/physalia_novaseq5_2023/Sample_Z97910_116_077/Z97910_116_077_S4_L001_R1_001.fastq.gz;/gpfs/ycga/work/dunn/sequences/illumina/physalia_novaseq5_2023/Sample_Z97910_116_077/Z97910_116_077_S4_L002_R1_001.fastq.gz;/gpfs/ycga/work/dunn/sequences/illumina/physalia_novaseq5_2023/Sample_Z97910_116_077_upodxm/Z97910_116_077_S4_L001_R1_001.fastq.gz,/gpfs/ycga/work/dunn/sequences/illumina/physalia_novaseq5_2023/Sample_Z97910_116_077/Z97910_116_077_S4_L001_R2_001.fastq.gz;/gpfs/ycga/work/dunn/sequences/illumina/physalia_novaseq5_2023/Sample_Z97910_116_077/Z97910_116_077_S4_L002_R2_001.fastq.gz;/gpfs/ycga/work/dunn/sequences/illumina/physalia_novaseq5_2023/Sample_Z97910_116_077_upodxm/Z97910_116_077_S4_L001_R2_001.fastq.gz,3,119292343,SRA_spots,true,,cluster=B1,,,,,SAMN40621291,,,,Australia,
Church2025:WAM-Z97911,WAM-Z97911,Church2025,Church2025,WAM-Z97911,,Church et al. 2025,Physalia utriculus,Physalia utriculus,P_physalis,WAM-Z97911,E Indian,Western Australia,-31.855786,115.751741,31.855786 S 115.751741 E,2019-04-19,,SRR28498828,PRJNA1092115,LH00309:43:22CYW2LT3:L001;LH00309:43:22CYW2LT3:L002;LH00309:55:22F5W5LT3:L001,/gpfs/ycga/work/dunn/sequences/illumina/physalia_novaseq5_2023/Sample_Z97911_104_089;/gpfs/ycga/work/dunn/sequences/illumina/physalia_novaseq5_2023/Sample_Z97911_104_089_ccoero,/gpfs/ycga/work/dunn/sequences/illumina/physalia_novaseq5_2023/Sample_Z97911_104_089/Z97911_104_089_S5_L001_R1_001.fastq.gz;/gpfs/ycga/work/dunn/sequences/illumina/physalia_novaseq5_2023/Sample_Z97911_104_089/Z97911_104_089_S5_L002_R1_001.fastq.gz;/gpfs/ycga/work/dunn/sequences/illumina/physalia_novaseq5_2023/Sample_Z97911_104_089_ccoero/Z97911_104_089_S5_L001_R1_001.fastq.gz,/gpfs/ycga/work/dunn/sequences/illumina/physalia_novaseq5_2023/Sample_Z97911_104_089/Z97911_104_089_S5_L001_R2_001.fastq.gz;/gpfs/ycga/work/dunn/sequences/illumina/physalia_novaseq5_2023/Sample_Z97911_104_089/Z97911_104_089_S5_L002_R2_001.fastq.gz;/gpfs/ycga/work/dunn/sequences/illumina/physalia_novaseq5_2023/Sample_Z97911_104_089_ccoero/Z97911_104_089_S5_L001_R2_001.fastq.gz,3,134756668,SRA_spots,true,,cluster=B1,,,,,SAMN40621292,,,,Australia,
Church2025:WAM-Z97914,WAM-Z97914,Church2025,Church2025,WAM-Z97914,,Church et al. 2025,Physalia utriculus,Physalia utriculus,P_physalis,WAM-Z97914,E Indian,Western Australia,-31.855786,115.751741,31.855786 S 115.751741 E,2019-04-19,,SRR28498827,PRJNA1092115,LH00309:43:22CYW2LT3:L003;LH00309:43:22CYW2LT3:L004;LH00309:55:22F5W5LT3:L001,/gpfs/ycga/work/dunn/sequences/illumina/physalia_novaseq5_2023/Sample_Z97914_187_006;/gpfs/ycga/work/dunn/sequences/illumina/physalia_novaseq5_2023/Sample_Z97914_187_006_vfmfop,/gpfs/ycga/work/dunn/sequences/illumina/physalia_novaseq5_2023/Sample_Z97914_187_006/Z97914_187_006_S6_L003_R1_001.fastq.gz;/gpfs/ycga/work/dunn/sequences/illumina/physalia_novaseq5_2023/Sample_Z97914_187_006/Z97914_187_006_S6_L004_R1_001.fastq.gz;/gpfs/ycga/work/dunn/sequences/illumina/physalia_novaseq5_2023/Sample_Z97914_187_006_vfmfop/Z97914_187_006_S6_L001_R1_001.fastq.gz,/gpfs/ycga/work/dunn/sequences/illumina/physalia_novaseq5_2023/Sample_Z97914_187_006/Z97914_187_006_S6_L003_R2_001.fastq.gz;/gpfs/ycga/work/dunn/sequences/illumina/physalia_novaseq5_2023/Sample_Z97914_187_006/Z97914_187_006_S6_L004_R2_001.fastq.gz;/gpfs/ycga/work/dunn/sequences/illumina/physalia_novaseq5_2023/Sample_Z97914_187_006_vfmfop/Z97914_187_006_S6_L001_R2_001.fastq.gz,3,131236887,SRA_spots,true,,cluster=B1,,,,,SAMN40621293,,,,Australia,
Church2025:WAM-Z97916,WAM-Z97916,Church2025,Church2025,WAM-Z97916,,Church et al. 2025,Physalia utriculus,Physalia utriculus,P_physalis,WAM-Z97916,E Indian,Western Australia,-31.855786,115.751741,31.855786 S 115.751741 E,2019-04-19,,SRR28498826,PRJNA1092115,LH00309:43:22CYW2LT3:L003;LH00309:43:22CYW2LT3:L004;LH00309:55:22F5W5LT3:L001,/gpfs/ycga/work/dunn/sequences/illumina/physalia_novaseq5_2023/RELABEL_Sample_Z97916,/gpfs/ycga/work/dunn/sequences/illumina/physalia_novaseq5_2023/RELABEL_Sample_Z97916/Z97916_L001_R1_001.fastq.gz;/gpfs/ycga/work/dunn/sequences/illumina/physalia_novaseq5_2023/RELABEL_Sample_Z97916/Z97916_L003_R1_001.fastq.gz;/gpfs/ycga/work/dunn/sequences/illumina/physalia_novaseq5_2023/RELABEL_Sample_Z97916/Z97916_L004_R1_001.fastq.gz,/gpfs/ycga/work/dunn/sequences/illumina/physalia_novaseq5_2023/RELABEL_Sample_Z97916/Z97916_L001_R2_001.fastq.gz;/gpfs/ycga/work/dunn/sequences/illumina/physalia_novaseq5_2023/RELABEL_Sample_Z97916/Z97916_L003_R2_001.fastq.gz;/gpfs/ycga/work/dunn/sequences/illumina/physalia_novaseq5_2023/RELABEL_Sample_Z97916/Z97916_L004_R2_001.fastq.gz,3,125969020,SRA_spots,true,,cluster=B1,,,,,SAMN40621294,,,,Australia,
Church2025:WAM-Z97917,WAM-Z97917,Church2025,Church2025,WAM-Z97917,,Church et al. 2025,Physalia utriculus,Physalia utriculus,P_physalis,WAM-Z97917,SW Pacific,New South Wales,-33.787002,151.288609,33.787002 S 151.288609 E,2019-01-18,,SRR28498825,PRJNA1092115,LH00309:40:22CMVKLT3:L004,/gpfs/ycga/work/dunn/sequences/illumina/physalia_novaseq5_2023/Sample_Z97917_188_005,/gpfs/ycga/work/dunn/sequences/illumina/physalia_novaseq5_2023/Sample_Z97917_188_005/Z97917_188_005_S12_L004_R1_001.fastq.gz,/gpfs/ycga/work/dunn/sequences/illumina/physalia_novaseq5_2023/Sample_Z97917_188_005/Z97917_188_005_S12_L004_R2_001.fastq.gz,1,197086730,SRA_spots,true,,cluster=B1,,,,,SAMN40621295,,,,Australia,
Church2025:WAM-Z97920,WAM-Z97920,Church2025,Church2025,WAM-Z97920,,Church et al. 2025,Physalia megalista,Physalia megalista,P_physalis,WAM-Z97920,SW Pacific,New South Wales,-33.987424,151.231329,33.987424 S 151.231329 E,2018-02-05,,SRR28498824,PRJNA1092115,LH00309:19:2273H5LT3:L003,/gpfs/ycga/work/dunn/sequences/illumina/physalia_novaseq4_2023/Sample_Z97920_110_083,/gpfs/ycga/work/dunn/sequences/illumina/physalia_novaseq4_2023/Sample_Z97920_110_083/Z97920_110_083_S28_L003_R1_001.fastq.gz,/gpfs/ycga/work/dunn/sequences/illumina/physalia_novaseq4_2023/Sample_Z97920_110_083/Z97920_110_083_S28_L003_R2_001.fastq.gz,1,190158822,SRA_spots,true,,cluster=C1,,,,,SAMN40621296,,,,Australia,
Church2025:WAM-Z97921,WAM-Z97921,Church2025,Church2025,WAM-Z97921,,Church et al. 2025,Physalia utriculus,Physalia utriculus,P_physalis,WAM-Z97921,SW Pacific,Queensland,-26.784003,153.140596,26.784003 S 153.140596 E,2019-01-19,,SRR28498823,PRJNA1092115,LH00309:19:2273H5LT3:L003,/gpfs/ycga/work/dunn/sequences/illumina/physalia_novaseq4_2023/Sample_Z97921_098_095,/gpfs/ycga/work/dunn/sequences/illumina/physalia_novaseq4_2023/Sample_Z97921_098_095/Z97921_098_095_S29_L003_R1_001.fastq.gz,/gpfs/ycga/work/dunn/sequences/illumina/physalia_novaseq4_2023/Sample_Z97921_098_095/Z97921_098_095_S29_L003_R2_001.fastq.gz,1,179893462,SRA_spots,true,,cluster=B1,,,,,SAMN40621297,,,,Australia,
Church2025:WAM-Z97923,WAM-Z97923,Church2025,Church2025,WAM-Z97923,,Church et al. 2025,Physalia utriculus,Physalia utriculus,P_physalis,WAM-Z97923,SW Pacific,Queensland,-26.784003,153.140596,26.784003 S 153.140596 E,2019-01-19,,SRR28498822,PRJNA1092115,LH00309:43:22CYW2LT3:L003;LH00309:43:22CYW2LT3:L004;LH00309:55:22F5W5LT3:L001,/gpfs/ycga/work/dunn/sequences/illumina/physalia_novaseq5_2023/RELABEL_Sample_Z97923,/gpfs/ycga/work/dunn/sequences/illumina/physalia_novaseq5_2023/RELABEL_Sample_Z97923/Z97923_L001_R1_001.fastq.gz;/gpfs/ycga/work/dunn/sequences/illumina/physalia_novaseq5_2023/RELABEL_Sample_Z97923/Z97923_L003_R1_001.fastq.gz;/gpfs/ycga/work/dunn/sequences/illumina/physalia_novaseq5_2023/RELABEL_Sample_Z97923/Z97923_L004_R1_001.fastq.gz,/gpfs/ycga/work/dunn/sequences/illumina/physalia_novaseq5_2023/RELABEL_Sample_Z97923/Z97923_L001_R2_001.fastq.gz;/gpfs/ycga/work/dunn/sequences/illumina/physalia_novaseq5_2023/RELABEL_Sample_Z97923/Z97923_L003_R2_001.fastq.gz;/gpfs/ycga/work/dunn/sequences/illumina/physalia_novaseq5_2023/RELABEL_Sample_Z97923/Z97923_L004_R2_001.fastq.gz,3,149012411,SRA_spots,true,,cluster=B1,,,,,SAMN40621298,,,,Australia,
Church2025:YPM-IZ-104460,YPM:IZ:104460,Church2025,Church2025,YPM-IZ-104460,,Church et al. 2025,Physalia utriculus,Physalia utriculus,P_physalis,YPM-IZ-104460,NW Pacific,Guam,13.427861,144.798518,13.427861 N 144.798518 E,2018-11-23,,SRR28498735,PRJNA1092115,A01519:271:HWW7GDSX5:L001,/gpfs/ycga/work/dunn/sequences/illumina/physalia_novaseq2_2023/Sample_G104460_208_369,/gpfs/ycga/work/dunn/sequences/illumina/physalia_novaseq2_2023/Sample_G104460_208_369/G104460_208_369_S8_L001_R1_001.fastq.gz,/gpfs/ycga/work/dunn/sequences/illumina/physalia_novaseq2_2023/Sample_G104460_208_369/G104460_208_369_S8_L001_R2_001.fastq.gz,1,71868159,SRA_spots,true,,cluster=B1,,,,,SAMN40621299,,tentacle,,Guam,
Church2025:YPM-IZ-104461,YPM:IZ:104461,Church2025,Church2025,YPM-IZ-104461,,Church et al. 2025,Physalia utriculus,Physalia utriculus,P_physalis,YPM-IZ-104461,NW Pacific,Guam,13.427861,144.798518,13.427861 N 144.798518 E,2018-11-23,,SRR28498734,PRJNA1092115,A01519:271:HWW7GDSX5:L001,/gpfs/ycga/work/dunn/sequences/illumina/physalia_novaseq2_2023/Sample_G104461_196_381,/gpfs/ycga/work/dunn/sequences/illumina/physalia_novaseq2_2023/Sample_G104461_196_381/G104461_196_381_S9_L001_R1_001.fastq.gz,/gpfs/ycga/work/dunn/sequences/illumina/physalia_novaseq2_2023/Sample_G104461_196_381/G104461_196_381_S9_L001_R2_001.fastq.gz,1,51036101,SRA_spots,true,,cluster=B1,,,,,SAMN40621300,,tentacle,,Guam,
Church2025:YPM-IZ-104464,YPM:IZ:104464,Church2025,Church2025,YPM-IZ-104464,,Church et al. 2025,Physalia utriculus,Physalia utriculus,P_physalis,YPM-IZ-104464,NW Pacific,Guam,13.427861,144.798518,13.427861 N 144.798518 E,2018-11-23,,SRR28498783,PRJNA1092115,A01519:212:HHKVKDSX5:L002,/gpfs/ycga/work/dunn/sequences/illumina/Novaseq_siphgenomes/Sample_NA24_164_029,/gpfs/ycga/work/dunn/sequences/illumina/Novaseq_siphgenomes/Sample_NA24_164_029/NA24_164_029_S8_L002_R1_001.fastq.gz,/gpfs/ycga/work/dunn/sequences/illumina/Novaseq_siphgenomes/Sample_NA24_164_029/NA24_164_029_S8_L002_R2_001.fastq.gz,1,286006759,SRA_spots,true,,cluster=B1,,,,,SAMN40621301,,tentacle,,Guam,
Church2025:YPM-IZ-104465,YPM:IZ:104465,Church2025,Church2025;Ahuja2024,YPM-IZ-104465,Ahuja2024,Ahuja et al. 2024;Church et al. 2025,Physalia utriculus,Physalia utriculus,P_physalis,YPM-IZ-104465,NW Pacific,Guam,13.427861,144.798518,,2018-11-23,0,SRR23143271,PRJNA1092115;PRJNA925656,A01519:212:HHKVKDSX5:L002,/gpfs/ycga/work/dunn/sequences/illumina/Novaseq_siphgenomes/Sample_NA22_176_017,/gpfs/ycga/work/dunn/sequences/illumina/Novaseq_siphgenomes/Sample_NA22_176_017/NA22_176_017_S7_L002_R1_001.fastq.gz,/gpfs/ycga/work/dunn/sequences/illumina/Novaseq_siphgenomes/Sample_NA22_176_017/NA22_176_017_S7_L002_R2_001.fastq.gz,1,670929213,SRA_spots,true,,"cluster=B1; submitted to PRJNA1092115, not yet released by NCBI; also Ahuja2024:NA22",,,0 meters,data/sources/Ahuja2024_Supplementary_Table_1.xlsx#Invertebrate.1.0!P38 | https://www.ncbi.nlm.nih.gov/biosample/SAMN32803051,SAMN32803051,,corm,,,YPM:IZ:104465
Church2025:YPM-IZ-106919,YPM:IZ:106919,Church2025,Church2025,YPM-IZ-106919,,Church et al. 2025,Physalia utriculus,Physalia utriculus,P_physalis,YPM-IZ-106919,NW Pacific,Japan,35.30739,139.480651,35.307390 N 139.480651 E,2020-11-19,,SRR28498747,PRJNA1092115,A01519:271:HWW7GDSX5:L001,/gpfs/ycga/work/dunn/sequences/illumina/physalia_novaseq2_2023/Sample_2gDNA_279_298,/gpfs/ycga/work/dunn/sequences/illumina/physalia_novaseq2_2023/Sample_2gDNA_279_298/2gDNA_279_298_S10_L001_R1_001.fastq.gz,/gpfs/ycga/work/dunn/sequences/illumina/physalia_novaseq2_2023/Sample_2gDNA_279_298/2gDNA_279_298_S10_L001_R2_001.fastq.gz,1,81700526,SRA_spots,true,,cluster=B1,,,,,SAMN40621302,,tentacle,,Japan,
Church2025:YPM-IZ-106920,YPM:IZ:106920,Church2025,Church2025,YPM-IZ-106920,,Church et al. 2025,Physalia utriculus,Physalia utriculus,P_physalis,YPM-IZ-106920,NW Pacific,Japan,35.30739,139.480651,35.307390 N 139.480651 E,2020-11-19,,SRR28498746,PRJNA1092115,A00124:569:HCTNWDSX5:L004,/gpfs/ycga/work/dunn/sequences/illumina/physalia_novaseq_2023/Sample_3_Japan_138_055,/gpfs/ycga/work/dunn/sequences/illumina/physalia_novaseq_2023/Sample_3_Japan_138_055/3gDNA_138_055_S32_L004_R1_001.fastq.gz,/gpfs/ycga/work/dunn/sequences/illumina/physalia_novaseq_2023/Sample_3_Japan_138_055/3gDNA_138_055_S32_L004_R2_001.fastq.gz,1,252221313,SRA_spots,true,,cluster=B1,,,,,SAMN40621303,,tentacle,,Japan,
Church2025:YPM-IZ-106923,YPM:IZ:106923,Church2025,Church2025,YPM-IZ-106923,,Church et al. 2025,Physalia utriculus,Physalia utriculus,P_physalis,YPM-IZ-106923,NW Pacific,Japan,35.30739,139.480651,35.307390 N 139.480651 E,2020-11-19,,SRR28498740,PRJNA1092115,A00124:569:HCTNWDSX5:L004,/gpfs/ycga/work/dunn/sequences/illumina/physalia_novaseq_2023/Sample_6_Japan_126_067,/gpfs/ycga/work/dunn/sequences/illumina/physalia_novaseq_2023/Sample_6_Japan_126_067/6gDNA_126_067_S33_L004_R1_001.fastq.gz,/gpfs/ycga/work/dunn/sequences/illumina/physalia_novaseq_2023/Sample_6_Japan_126_067/6gDNA_126_067_S33_L004_R2_001.fastq.gz,1,248533295,SRA_spots,true,,cluster=B1,,,,,SAMN40621304,,tentacle,,Japan,
Church2025:YPM-IZ-106935,YPM:IZ:106935,Church2025,Church2025,YPM-IZ-106935,,Church et al. 2025,Physalia physalis,Physalia physalis,P_physalis,YPM-IZ-106935,Gulf of Mexico,Texas,29.19532,-94.8429383,29.19532 N 94.8429383 W,2016-03-02,,SRR28498749,PRJNA1092115,A01519:271:HWW7GDSX5:L001,/gpfs/ycga/work/dunn/sequences/illumina/physalia_novaseq2_2023/Sample_13TX_280_297,/gpfs/ycga/work/dunn/sequences/illumina/physalia_novaseq2_2023/Sample_13TX_280_297/13TX_280_297_S1_L001_R1_001.fastq.gz,/gpfs/ycga/work/dunn/sequences/illumina/physalia_novaseq2_2023/Sample_13TX_280_297/13TX_280_297_S1_L001_R2_001.fastq.gz,1,87054300,SRA_spots,true,,cluster=A,,,,,SAMN40621305,,tentacle,,USA,
Church2025:YPM-IZ-106936,YPM:IZ:106936,Church2025,Church2025,YPM-IZ-106936,,Church et al. 2025,Physalia physalis,Physalia physalis,P_physalis,YPM-IZ-106936,Gulf of Mexico,Texas,29.19532,-94.8429383,29.19532 N 94.8429383 W,2016-03-03,,SRR28498745,PRJNA1092115,A01519:271:HWW7GDSX5:L001,/gpfs/ycga/work/dunn/sequences/illumina/physalia_novaseq2_2023/Sample_42TX_268_309,/gpfs/ycga/work/dunn/sequences/illumina/physalia_novaseq2_2023/Sample_42TX_268_309/42TX_268_309_S2_L001_R1_001.fastq.gz,/gpfs/ycga/work/dunn/sequences/illumina/physalia_novaseq2_2023/Sample_42TX_268_309/42TX_268_309_S2_L001_R2_001.fastq.gz,1,83195363,SRA_spots,true,,cluster=A,,,,,SAMN40621306,,tentacle,,USA,
Church2025:YPM-IZ-106937,YPM:IZ:106937,Church2025,Church2025,YPM-IZ-106937,,Church et al. 2025,Physalia physalis,Physalia physalis,P_physalis,YPM-IZ-106937,Gulf of Mexico,Texas,29.19532,-94.8429383,29.19532 N 94.8429383 W,2016-03-03,,SRR28498743,PRJNA1092115,A01519:271:HWW7GDSX5:L001,/gpfs/ycga/work/dunn/sequences/illumina/physalia_novaseq2_2023/Sample_59TX_256_321,/gpfs/ycga/work/dunn/sequences/illumina/physalia_novaseq2_2023/Sample_59TX_256_321/59TX_256_321_S3_L001_R1_001.fastq.gz,/gpfs/ycga/work/dunn/sequences/illumina/physalia_novaseq2_2023/Sample_59TX_256_321/59TX_256_321_S3_L001_R2_001.fastq.gz,1,81902636,SRA_spots,true,,cluster=A,,,,,SAMN40621307,,tentacle,,USA,
Church2025:YPM-IZ-106941,YPM:IZ:106941,Church2025,Church2025,YPM-IZ-106941,,Church et al. 2025,Physalia physalis,Physalia physalis,P_physalis,YPM-IZ-106941,NW Atlantic,Bermuda,32.323333,-64.6563,32.323333 N 64.656300 W,2019-05-18,,SRR28498742,PRJNA1092115,A01519:271:HWW7GDSX5:L001,/gpfs/ycga/work/dunn/sequences/illumina/physalia_novaseq2_2023/Sample_63_232_345,/gpfs/ycga/work/dunn/sequences/illumina/physalia_novaseq2_2023/Sample_63_232_345/63_232_345_S6_L001_R1_001.fastq.gz,/gpfs/ycga/work/dunn/sequences/illumina/physalia_novaseq2_2023/Sample_63_232_345/63_232_345_S6_L001_R2_001.fastq.gz,1,68760656,SRA_spots,true,,cluster=A,,,,,SAMN40621308,,tentacle,,Bermuda,
Church2025:YPM-IZ-106943,YPM:IZ:106943,Church2025,Church2025,YPM-IZ-106943,,Church et al. 2025,Physalia physalis,Physalia physalis,P_physalis,YPM-IZ-106943,NW Atlantic,Bermuda,32.341117,-64.669133,32.341117 N 64.669133 W,2019-05-18,,SRR28498741,PRJNA1092115,A00124:569:HCTNWDSX5:L004,/gpfs/ycga/work/dunn/sequences/illumina/physalia_novaseq_2023/Sample_Bermuda_67_162_031,/gpfs/ycga/work/dunn/sequences/illumina/physalia_novaseq_2023/Sample_Bermuda_67_162_031/67_162_031_S30_L004_R1_001.fastq.gz,/gpfs/ycga/work/dunn/sequences/illumina/physalia_novaseq_2023/Sample_Bermuda_67_162_031/67_162_031_S30_L004_R2_001.fastq.gz,1,270656924,SRA_spots,true,,cluster=A,,,,,SAMN40621309,,tentacle,,Bermuda,
Church2025:YPM-IZ-106954,YPM:IZ:106954,Church2025,Church2025,YPM-IZ-106954,,Church et al. 2025,Physalia physalis,Physalia physalis,P_physalis,YPM-IZ-106954,NW Atlantic,Bermuda,32.367233,-64.71455,32.367233 N 64.714550 W,2019-05-20,,SRR28498738,PRJNA1092115,A00124:569:HCTNWDSX5:L004,/gpfs/ycga/work/dunn/sequences/illumina/physalia_novaseq_2023/Sample_Bermuda_94_150_043,/gpfs/ycga/work/dunn/sequences/illumina/physalia_novaseq_2023/Sample_Bermuda_94_150_043/94_150_043_S31_L004_R1_001.fastq.gz,/gpfs/ycga/work/dunn/sequences/illumina/physalia_novaseq_2023/Sample_Bermuda_94_150_043/94_150_043_S31_L004_R2_001.fastq.gz,1,344905418,SRA_spots,true,,cluster=A,,,,,SAMN40621310,,tentacle,,Bermuda,
Church2025:YPM-IZ-106958,YPM:IZ:106958,Church2025,Church2025,YPM-IZ-106958,,Church et al. 2025,Physalia physalis,Physalia physalis,P_physalis,YPM-IZ-106958,Gulf of Mexico,Texas,29.19532,-94.842938,29.195320 N 94.842938 W,2017-03-18,,SRR28498739,PRJNA1092115,A01519:271:HWW7GDSX5:L001,/gpfs/ycga/work/dunn/sequences/illumina/physalia_novaseq2_2023/Sample_8TX_244_333,/gpfs/ycga/work/dunn/sequences/illumina/physalia_novaseq2_2023/Sample_8TX_244_333/8TX_244_333_S5_L001_R1_001.fastq.gz,/gpfs/ycga/work/dunn/sequences/illumina/physalia_novaseq2_2023/Sample_8TX_244_333/8TX_244_333_S5_L001_R2_001.fastq.gz,1,69835975,SRA_spots,true,,cluster=A,,,,,SAMN40621311,,tentacle,,USA,
Church2025:YPM-IZ-110251,YPM:IZ:110251,Church2025,Church2025,YPM-IZ-110251,,Church et al. 2025,Physalia physalis,Physalia physalis,P_physalis,YPM-IZ-110251,NW Atlantic,Florida,25.73706,-80.15279,25.737060 N 80.152790 W,2022-12-22,,SRR28498840,PRJNA1092115,A00124:569:HCTNWDSX5:L004,/gpfs/ycga/work/dunn/sequences/illumina/physalia_novaseq_2023/Sample_YPM110251_114_079,/gpfs/ycga/work/dunn/sequences/illumina/physalia_novaseq_2023/Sample_YPM110251_114_079/YDM110251_114_079_S34_L004_R1_001.fastq.gz,/gpfs/ycga/work/dunn/sequences/illumina/physalia_novaseq_2023/Sample_YPM110251_114_079/YDM110251_114_079_S34_L004_R2_001.fastq.gz,1,278556070,SRA_spots,true,,cluster=A,,,,,SAMN40621312,,tentacle,,USA,
Church2025:YPM-IZ-110254,YPM:IZ:110254,Church2025,Church2025,YPM-IZ-110254,,Church et al. 2025,Physalia physalis,Physalia physalis,P_physalis,YPM-IZ-110254,NW Atlantic,Florida,25.73647,-80.1535,25.736470 N 80.153500 W,2022-12-22,,SRR28498839,PRJNA1092115,A00124:569:HCTNWDSX5:L004,/gpfs/ycga/work/dunn/sequences/illumina/physalia_novaseq_2023/Sample_YPM110254_102_091,/gpfs/ycga/work/dunn/sequences/illumina/physalia_novaseq_2023/Sample_YPM110254_102_091/YDM110254_102_091_S35_L004_R1_001.fastq.gz,/gpfs/ycga/work/dunn/sequences/illumina/physalia_novaseq_2023/Sample_YPM110254_102_091/YDM110254_102_091_S35_L004_R2_001.fastq.gz,1,321316617,SRA_spots,true,,cluster=A,,,,,SAMN40621313,,tentacle,,USA,
Church2025:YPM-IZ-110264,YPM:IZ:110264,Church2025,Church2025,YPM-IZ-110264,,Church et al. 2025,Physalia utriculus,Physalia utriculus,P_physalis,YPM-IZ-110264,Central Pacific,Hawai'i,22.069018,-159.316685,22.069018 N 159.316685 W,2022-10-31,,SRR28498843,PRJNA1092115,A01519:271:HWW7GDSX5:L001,/gpfs/ycga/work/dunn/sequences/illumina/physalia_novaseq2_2023/Sample_110264_267_310,/gpfs/ycga/work/dunn/sequences/illumina/physalia_novaseq2_2023/Sample_110264_267_310/110264_267_310_S11_L001_R1_001.fastq.gz,/gpfs/ycga/work/dunn/sequences/illumina/physalia_novaseq2_2023/Sample_110264_267_310/110264_267_310_S11_L001_R2_001.fastq.gz,1,83198814,SRA_spots,true,,cluster=B1,,,,,SAMN40621314,,tentacle,,USA,
Church2025:YPM-IZ-110268,YPM:IZ:110268,Church2025,Church2025,YPM-IZ-110268,,Church et al. 2025,Physalia utriculus,Physalia utriculus,P_physalis,YPM-IZ-110268,Central Pacific,Hawai'i,22.069018,-159.316685,22.069018 N 159.316685 W,2022-11-04,,SRR28498842,PRJNA1092115,A01519:271:HWW7GDSX5:L001,/gpfs/ycga/work/dunn/sequences/illumina/physalia_novaseq2_2023/Sample_110268_255_322,/gpfs/ycga/work/dunn/sequences/illumina/physalia_novaseq2_2023/Sample_110268_255_322/110268_255_322_S12_L001_R1_001.fastq.gz,/gpfs/ycga/work/dunn/sequences/illumina/physalia_novaseq2_2023/Sample_110268_255_322/110268_255_322_S12_L001_R2_001.fastq.gz,1,77167007,SRA_spots,true,,cluster=B1,,,,,SAMN40621315,,tentacle,,USA,
Church2025:YPM-IZ-110269,YPM:IZ:110269,Church2025,Church2025,YPM-IZ-110269,,Church et al. 2025,Physalia utriculus,Physalia utriculus,P_physalis,YPM-IZ-110269,Central Pacific,Hawai'i,22.069018,-159.316685,22.069018 N 159.316685 W,2022-11-04,,SRR28498813,PRJNA1092115,A01519:271:HWW7GDSX5:L001;A01519:311:H7FM5DSX7:L004,/gpfs/ycga/work/dunn/sequences/illumina/physalia_novaseq2_2023/Sample_110269_243_334,/gpfs/ycga/work/dunn/sequences/illumina/physalia_novaseq2_2023/Sample_110269_243_334/110269_243_334_S102_L004_R1_001.fastq.gz;/gpfs/ycga/work/dunn/sequences/illumina/physalia_novaseq2_2023/Sample_110269_243_334/110269_243_334_S13_L001_R1_001.fastq.gz,/gpfs/ycga/work/dunn/sequences/illumina/physalia_novaseq2_2023/Sample_110269_243_334/110269_243_334_S102_L004_R2_001.fastq.gz;/gpfs/ycga/work/dunn/sequences/illumina/physalia_novaseq2_2023/Sample_110269_243_334/110269_243_334_S13_L001_R2_001.fastq.gz,2,504360146,SRA_spots,true,,cluster=B1,,,,,SAMN40621316,,tentacle,,USA,
Church2025:YPM-IZ-110276,YPM:IZ:110276,Church2025,Church2025,YPM-IZ-110276,,Church et al. 2025,Physalia utriculus,Physalia utriculus,P_physalis,YPM-IZ-110276,Central Pacific,Hawai'i,20.9225222,-156.4926917,20.9225222 N 156.4926917 W,2022-11-19,,SRR28498802,PRJNA1092115,A01519:271:HWW7GDSX5:L001,/gpfs/ycga/work/dunn/sequences/illumina/physalia_novaseq2_2023/Sample_110276_231_346,/gpfs/ycga/work/dunn/sequences/illumina/physalia_novaseq2_2023/Sample_110276_231_346/110276_231_346_S14_L001_R1_001.fastq.gz,/gpfs/ycga/work/dunn/sequences/illumina/physalia_novaseq2_2023/Sample_110276_231_346/110276_231_346_S14_L001_R2_001.fastq.gz,1,83776156,SRA_spots,true,,cluster=B1,,,,,SAMN40621317,,tentacle,,USA,
Church2025:YPM-IZ-110277,YPM:IZ:110277,Church2025,Church2025,YPM-IZ-110277,,Church et al. 2025,Physalia utriculus,Physalia utriculus,P_physalis,YPM-IZ-110277,Central Pacific,Hawai'i,20.9225222,-156.4926917,20.9225222 N 156.4926917 W,2022-11-19,,SRR28498791,PRJNA1092115,A01519:271:HWW7GDSX5:L001,/gpfs/ycga/work/dunn/sequences/illumina/physalia_novaseq2_2023/Sample_110277_219_358,/gpfs/ycga/work/dunn/sequences/illumina/physalia_novaseq2_2023/Sample_110277_219_358/110277_219_358_S15_L001_R1_001.fastq.gz,/gpfs/ycga/work/dunn/sequences/illumina/physalia_novaseq2_2023/Sample_110277_219_358/110277_219_358_S15_L001_R2_001.fastq.gz,1,78222031,SRA_spots,true,,cluster=B1,,,,,SAMN40621318,,tentacle,,USA,
Church2025:YPM-IZ-110278,YPM:IZ:110278,Church2025,Church2025,YPM-IZ-110278,,Church et al. 2025,Physalia utriculus,Physalia utriculus,P_physalis,YPM-IZ-110278,Central Pacific,Hawai'i,20.9225222,-156.4926917,20.9225222 N 156.4926917 W,2022-11-19,,SRR28498777,PRJNA1092115,A01519:271:HWW7GDSX5:L001,/gpfs/ycga/work/dunn/sequences/illumina/physalia_novaseq2_2023/Sample_110278_207_370,/gpfs/ycga/work/dunn/sequences/illumina/physalia_novaseq2_2023/Sample_110278_207_370/110278_207_370_S16_L001_R1_001.fastq.gz,/gpfs/ycga/work/dunn/sequences/illumina/physalia_novaseq2_2023/Sample_110278_207_370/110278_207_370_S16_L001_R2_001.fastq.gz,1,71073555,SRA_spots,true,,cluster=B1,,,,,SAMN40621319,,tentacle,,USA,
Church2025:YPM-IZ-110433,YPM:IZ:110433,Church2025,Church2025,YPM-IZ-110433,,Church et al. 2025,Physalia physalis,Physalia physalis,P_physalis,YPM-IZ-110433,NW Atlantic,Florida,25.74163,-80.175194,25.741630 N 80.175194 W,2023-03-14,,SRR28498766,PRJNA1092115,A00124:624:HWVLCDSX5:L002,/gpfs/ycga/work/dunn/sequences/illumina/physalia_novaseq2_2023/Sample_110433_168_025,/gpfs/ycga/work/dunn/sequences/illumina/physalia_novaseq2_2023/Sample_110433_168_025/110433_168_025_S2_L002_R1_001.fastq.gz,/gpfs/ycga/work/dunn/sequences/illumina/physalia_novaseq2_2023/Sample_110433_168_025/110433_168_025_S2_L002_R2_001.fastq.gz,1,76049548,SRA_spots,true,,cluster=A,,,,,SAMN40621320,,tentacle,,USA,
Church2025:YPM-IZ-110434,YPM:IZ:110434,Church2025,Church2025,YPM-IZ-110434,,Church et al. 2025,Physalia physalis,Physalia physalis,P_physalis,YPM-IZ-110434,NW Atlantic,Florida,25.74163,-80.175194,,2023-03-14,,,PRJNA1092115,LH00309:212:22CMLKLT3:L001,/gpfs/ycga/work/dunn/sequences/illumina/S2_assorted_samples_skimming_2024/Sample_YPM-IZ-110434_102_091,/gpfs/ycga/work/dunn/sequences/illumina/S2_assorted_samples_skimming_2024/Sample_YPM-IZ-110434_102_091/YPM-IZ-110434_102_091_S110_L001_R1_001.fastq.gz,/gpfs/ycga/work/dunn/sequences/illumina/S2_assorted_samples_skimming_2024/Sample_YPM-IZ-110434_102_091/YPM-IZ-110434_102_091_S110_L001_R2_001.fastq.gz,1,437442538,counted,true,,"cluster=A; submitted to PRJNA1092115, not yet released by NCBI",,,,,,,,,,
Church2025:YPM-IZ-110436,YPM:IZ:110436,Church2025,Church2025,YPM-IZ-110436,,Church et al. 2025,Physalia physalis,Physalia physalis,P_physalis,YPM-IZ-110436,NW Atlantic,Florida,25.70536,-80.15281,,2023-03-16,,,PRJNA1092115,LH00309:212:22CMLKLT3:L001,/gpfs/ycga/work/dunn/sequences/illumina/S2_assorted_samples_skimming_2024/Sample_YPM-IZ-110436_185_008,/gpfs/ycga/work/dunn/sequences/illumina/S2_assorted_samples_skimming_2024/Sample_YPM-IZ-110436_185_008/YPM-IZ-110436_185_008_S111_L001_R1_001.fastq.gz,/gpfs/ycga/work/dunn/sequences/illumina/S2_assorted_samples_skimming_2024/Sample_YPM-IZ-110436_185_008/YPM-IZ-110436_185_008_S111_L001_R2_001.fastq.gz,1,319874984,counted,true,,"cluster=A; submitted to PRJNA1092115, not yet released by NCBI",,,,,,,,,,
Church2025:YPM-IZ-110438,YPM:IZ:110438,Church2025,Church2025,YPM-IZ-110438,,Church et al. 2025,Physalia physalis,Physalia physalis,P_physalis,YPM-IZ-110438,Gulf of Mexico,Texas,28.989194,-95.237778,28.989194 N 95.237778 W,2023-03-24,,SRR28498755,PRJNA1092115,A00124:624:HWVLCDSX5:L002,/gpfs/ycga/work/dunn/sequences/illumina/physalia_novaseq2_2023/Sample_110438_156_037,/gpfs/ycga/work/dunn/sequences/illumina/physalia_novaseq2_2023/Sample_110438_156_037/110438_156_037_S3_L002_R1_001.fastq.gz,/gpfs/ycga/work/dunn/sequences/illumina/physalia_novaseq2_2023/Sample_110438_156_037/110438_156_037_S3_L002_R2_001.fastq.gz,1,62342188,SRA_spots,true,,cluster=A,,,,,SAMN40621321,,tentacle,,USA,
Church2025:YPM-IZ-110443,YPM:IZ:110443,Church2025,Church2025,YPM-IZ-110443,,Church et al. 2025,Physalia physalis,Physalia physalis,P_physalis,YPM-IZ-110443,Gulf of Mexico,Texas,28.951778,-95.283167,28.951778 N 95.283167 W,2023-03-24,,SRR28498744,PRJNA1092115,A00124:624:HWVLCDSX5:L002,/gpfs/ycga/work/dunn/sequences/illumina/physalia_novaseq2_2023/Sample_110443_144_049,/gpfs/ycga/work/dunn/sequences/illumina/physalia_novaseq2_2023/Sample_110443_144_049/110443_144_049_S4_L002_R1_001.fastq.gz,/gpfs/ycga/work/dunn/sequences/illumina/physalia_novaseq2_2023/Sample_110443_144_049/110443_144_049_S4_L002_R2_001.fastq.gz,1,48458911,SRA_spots,true,,cluster=A,,,,,SAMN40621322,,tentacle,,USA,
Church2025:YPM-IZ-110460,YPM:IZ:110460,Church2025,Church2025,YPM-IZ-110460,,Church et al. 2025,Physalia utriculus,Physalia utriculus,P_physalis,YPM-IZ-110460,Central Pacific,Hawai'i,21.40079,-157.7345,21.400790 N 157.734500 W,2022-11-14,,SRR28498733,PRJNA1092115,A00124:672:HGYTLDSX7:L001,/gpfs/ycga/work/dunn/sequences/illumina/physalia_novaseq3_2023/Sample_110460_118_075,/gpfs/ycga/work/dunn/sequences/illumina/physalia_novaseq3_2023/Sample_110460_118_075/110460_118_075_S1_L001_R1_001.fastq.gz,/gpfs/ycga/work/dunn/sequences/illumina/physalia_novaseq3_2023/Sample_110460_118_075/110460_118_075_S1_L001_R2_001.fastq.gz,1,121108532,SRA_spots,true,,cluster=B1,,,,,SAMN40621323,,tentacle,,USA,
Church2025:YPM-IZ-110467,YPM:IZ:110467,Church2025,Church2025,YPM-IZ-110467,,Church et al. 2025,Physalia minuta,Physalia minuta,P_physalis,YPM-IZ-110467,SW Pacific,New Zealand,-41.330278,174.831944,41.330278 S 174.831944 E,2023-02-16,,SRR28498841,PRJNA1092115,A00124:624:HWVLCDSX5:L002,/gpfs/ycga/work/dunn/sequences/illumina/physalia_novaseq2_2023/Sample_110467_132_061,/gpfs/ycga/work/dunn/sequences/illumina/physalia_novaseq2_2023/Sample_110467_132_061/110467_132_061_S5_L002_R1_001.fastq.gz,/gpfs/ycga/work/dunn/sequences/illumina/physalia_novaseq2_2023/Sample_110467_132_061/110467_132_061_S5_L002_R2_001.fastq.gz,1,63747309,SRA_spots,true,,cluster=C2,,,,,SAMN40621324,,tentacle,,New Zealand,
Church2025:YPM-IZ-110468,YPM:IZ:110468,Church2025,Church2025,YPM-IZ-110468,,Church et al. 2025,Physalia minuta,Physalia minuta,P_physalis,YPM-IZ-110468,SW Pacific,New Zealand,-41.33,174.833056,41.330000 S 174.833056 E,2023-02-16,,SRR28498830,PRJNA1092115,A00124:624:HWVLCDSX5:L002,/gpfs/ycga/work/dunn/sequences/illumina/physalia_novaseq2_2023/Sample_110468_120_073,/gpfs/ycga/work/dunn/sequences/illumina/physalia_novaseq2_2023/Sample_110468_120_073/110468_120_073_S6_L002_R1_001.fastq.gz,/gpfs/ycga/work/dunn/sequences/illumina/physalia_novaseq2_2023/Sample_110468_120_073/110468_120_073_S6_L002_R2_001.fastq.gz,1,60435790,SRA_spots,true,,cluster=C2,,,,,SAMN40621325,,tentacle,,New Zealand,
Church2025:YPM-IZ-110469,YPM:IZ:110469,Church2025,Church2025,YPM-IZ-110469,,Church et al. 2025,Physalia minuta,Physalia minuta,P_physalis,YPM-IZ-110469,SW Pacific,New Zealand,-41.33,174.833056,41.330000 S 174.833056 E,2023-02-16,,SRR28498821,PRJNA1092115,A00124:624:HWVLCDSX5:L002;A01519:311:H7FM5DSX7:L004,/gpfs/ycga/work/dunn/sequences/illumina/physalia_novaseq2_2023/Sample_110469_108_085,/gpfs/ycga/work/dunn/sequences/illumina/physalia_novaseq2_2023/Sample_110469_108_085/110469_108_085_S103_L004_R1_001.fastq.gz;/gpfs/ycga/work/dunn/sequences/illumina/physalia_novaseq2_2023/Sample_110469_108_085/110469_108_085_S7_L002_R1_001.fastq.gz,/gpfs/ycga/work/dunn/sequences/illumina/physalia_novaseq2_2023/Sample_110469_108_085/110469_108_085_S103_L004_R2_001.fastq.gz;/gpfs/ycga/work/dunn/sequences/illumina/physalia_novaseq2_2023/Sample_110469_108_085/110469_108_085_S7_L002_R2_001.fastq.gz,2,523873937,SRA_spots,true,,cluster=C2,,,,,SAMN40621326,,tentacle,,New Zealand,
Church2025:YPM-IZ-110470,YPM:IZ:110470,Church2025,Church2025,YPM-IZ-110470,,Church et al. 2025,Physalia minuta,Physalia minuta,P_physalis,YPM-IZ-110470,SW Pacific,New Zealand,-41.33,174.833056,41.330000 S 174.833056 E,2023-02-16,,SRR28498820,PRJNA1092115,A00124:672:HGYTLDSX7:L001,/gpfs/ycga/work/dunn/sequences/illumina/physalia_novaseq3_2023/Sample_110470_106_087,/gpfs/ycga/work/dunn/sequences/illumina/physalia_novaseq3_2023/Sample_110470_106_087/110470_106_087_S2_L001_R1_001.fastq.gz,/gpfs/ycga/work/dunn/sequences/illumina/physalia_novaseq3_2023/Sample_110470_106_087/110470_106_087_S2_L001_R2_001.fastq.gz,1,128832589,SRA_spots,true,,cluster=C2,,,,,SAMN40621327,,zooid,,New Zealand,
Church2025:YPM-IZ-110471,YPM:IZ:110471,Church2025,Church2025,YPM-IZ-110471,,Church et al. 2025,Physalia utriculus,Physalia utriculus,P_physalis,YPM-IZ-110471,Central Pacific,Hawai'i,21.40079,-157.7345,21.400790 N 157.734500 W,2023-04-09,,SRR28498819,PRJNA1092115,A00124:624:HWVLCDSX5:L002,/gpfs/ycga/work/dunn/sequences/illumina/physalia_novaseq2_2023/Sample_110471_191_002,/gpfs/ycga/work/dunn/sequences/illumina/physalia_novaseq2_2023/Sample_110471_191_002/110471_191_002_S8_L002_R1_001.fastq.gz,/gpfs/ycga/work/dunn/sequences/illumina/physalia_novaseq2_2023/Sample_110471_191_002/110471_191_002_S8_L002_R2_001.fastq.gz,1,68067007,SRA_spots,true,,cluster=B1,,,,,SAMN40621328,,tentacle,,USA,
Church2025:YPM-IZ-110473,YPM:IZ:110473,Church2025,Church2025,YPM-IZ-110473,,Church et al. 2025,Physalia utriculus,Physalia utriculus,P_physalis,YPM-IZ-110473,Central Pacific,Hawai'i,21.40079,-157.7345,21.400790 N 157.734500 W,2023-04-09,,SRR28498818,PRJNA1092115,A00124:673:HFG3JDSX7:L003,/gpfs/ycga/work/dunn/sequences/illumina/physalia_novaseq3_2023/Sample_110473_104_089,/gpfs/ycga/work/dunn/sequences/illumina/physalia_novaseq3_2023/Sample_110473_104_089/110473_104_089_S7_L003_R1_001.fastq.gz,/gpfs/ycga/work/dunn/sequences/illumina/physalia_novaseq3_2023/Sample_110473_104_089/110473_104_089_S7_L003_R2_001.fastq.gz,1,126934990,SRA_spots,true,,cluster=B1,,,,,SAMN40621329,,tentacle,,USA,
Church2025:YPM-IZ-110474,YPM:IZ:110474,Church2025,Church2025,YPM-IZ-110474,,Church et al. 2025,Physalia utriculus,Physalia utriculus,P_physalis,YPM-IZ-110474,Central Pacific,Hawai'i,21.4546,-157.7485,21.454600 N 157.748500 W,2023-04-04,,SRR28498817,PRJNA1092115,A00124:624:HWVLCDSX5:L002,/gpfs/ycga/work/dunn/sequences/illumina/physalia_novaseq2_2023/Sample_110474_179_014,/gpfs/ycga/work/dunn/sequences/illumina/physalia_novaseq2_2023/Sample_110474_179_014/110474_179_014_S9_L002_R1_001.fastq.gz,/gpfs/ycga/work/dunn/sequences/illumina/physalia_novaseq2_2023/Sample_110474_179_014/110474_179_014_S9_L002_R2_001.fastq.gz,1,56382015,SRA_spots,true,,cluster=B1,,,,,SAMN40621330,,tentacle,,USA,
Church2025:YPM-IZ-110480,YPM:IZ:110480,Church2025,Church2025,YPM-IZ-110480,,Church et al. 2025,Physalia utriculus,Physalia utriculus,P_physalis,YPM-IZ-110480,Central Pacific,Hawai'i,21.4546,-157.7485,21.454600 N 157.748500 W,2023-04-06,,SRR28498816,PRJNA1092115,A00124:624:HWVLCDSX5:L002,/gpfs/ycga/work/dunn/sequences/illumina/physalia_novaseq2_2023/Sample_110480_167_026,/gpfs/ycga/work/dunn/sequences/illumina/physalia_novaseq2_2023/Sample_110480_167_026/110480_167_026_S10_L002_R1_001.fastq.gz,/gpfs/ycga/work/dunn/sequences/illumina/physalia_novaseq2_2023/Sample_110480_167_026/110480_167_026_S10_L002_R2_001.fastq.gz,1,70060995,SRA_spots,true,,cluster=B1,,,,,SAMN40621331,,tentacle,,USA,
Church2025:YPM-IZ-110515,YPM:IZ:110515,Church2025,Church2025,YPM-IZ-110515,,Church et al. 2025,Physalia utriculus,Physalia utriculus,P_physalis,YPM-IZ-110515,SW Pacific,New South Wales,-33.9475,151.257361,33.947500 S 151.257361 E,2023-02-09,,SRR28498815,PRJNA1092115,A00124:672:HGYTLDSX7:L001,/gpfs/ycga/work/dunn/sequences/illumina/physalia_novaseq3_2023/Sample_110515_189_004,/gpfs/ycga/work/dunn/sequences/illumina/physalia_novaseq3_2023/Sample_110515_189_004/110515_189_004_S3_L001_R1_001.fastq.gz,/gpfs/ycga/work/dunn/sequences/illumina/physalia_novaseq3_2023/Sample_110515_189_004/110515_189_004_S3_L001_R2_001.fastq.gz,1,186409183,SRA_spots,true,,cluster=B1,,,,,SAMN40621332,,tentacle,,Australia,
Church2025:YPM-IZ-110520,YPM:IZ:110520,Church2025,Church2025,YPM-IZ-110520,,Church et al. 2025,Physalia utriculus,Physalia utriculus,P_physalis,YPM-IZ-110520,SW Pacific,New South Wales,-33.9475,151.257361,33.947500 S 151.257361 E,2023-02-19,,SRR28498814,PRJNA1092115,A00124:672:HGYTLDSX7:L001,/gpfs/ycga/work/dunn/sequences/illumina/physalia_novaseq3_2023/Sample_110520_177_016,/gpfs/ycga/work/dunn/sequences/illumina/physalia_novaseq3_2023/Sample_110520_177_016/110520_177_016_S4_L001_R1_001.fastq.gz,/gpfs/ycga/work/dunn/sequences/illumina/physalia_novaseq3_2023/Sample_110520_177_016/110520_177_016_S4_L001_R2_001.fastq.gz,1,161040173,SRA_spots,true,,cluster=B1,,,,,SAMN40621333,,tentacle,,Australia,
Church2025:YPM-IZ-110526,YPM:IZ:110526,Church2025,Church2025,YPM-IZ-110526,,Church et al. 2025,Physalia utriculus,Physalia utriculus,P_physalis,YPM-IZ-110526,SW Pacific,New South Wales,-33.9475,151.257361,33.947500 S 151.257361 E,2023-04-23,,SRR28498812,PRJNA1092115,A00124:672:HGYTLDSX7:L001,/gpfs/ycga/work/dunn/sequences/illumina/physalia_novaseq3_2023/Sample_110526_165_028,/gpfs/ycga/work/dunn/sequences/illumina/physalia_novaseq3_2023/Sample_110526_165_028/110526_165_028_S5_L001_R1_001.fastq.gz,/gpfs/ycga/work/dunn/sequences/illumina/physalia_novaseq3_2023/Sample_110526_165_028/110526_165_028_S5_L001_R2_001.fastq.gz,1,116706599,SRA_spots,true,,cluster=B1,,,,,SAMN40621334,,tentacle,,Australia,
Church2025:YPM-IZ-110556,YPM:IZ:110556,Church2025,Church2025,YPM-IZ-110556,,Church et al. 2025,Physalia minuta,Physalia minuta,P_physalis,YPM-IZ-110556,SW Pacific,Tasmania,-41.996839,148.284729,41.996839 S 148.284729 E,2022-12-25,,SRR28498811,PRJNA1092115,A00124:672:HGYTLDSX7:L001;A01519:389:HMGLFDSX7:L001,/gpfs/ycga/work/dunn/sequences/illumina/physalia_novaseq3_2023/Sample_110556_153_040;/gpfs/ycga/work/dunn/sequences/illumina/physalia_novaseq5_2023/Sample_110556_153_040,/gpfs/ycga/work/dunn/sequences/illumina/physalia_novaseq3_2023/Sample_110556_153_040/110556_153_040_S6_L001_R1_001.fastq.gz;/gpfs/ycga/work/dunn/sequences/illumina/physalia_novaseq5_2023/Sample_110556_153_040/110556_153_040_S3_L001_R1_001.fastq.gz,/gpfs/ycga/work/dunn/sequences/illumina/physalia_novaseq3_2023/Sample_110556_153_040/110556_153_040_S6_L001_R2_001.fastq.gz;/gpfs/ycga/work/dunn/sequences/illumina/physalia_novaseq5_2023/Sample_110556_153_040/110556_153_040_S3_L001_R2_001.fastq.gz,2,337317962,SRA_spots,true,,cluster=C2,,,,,SAMN40621335,,tentacle,,Australia,
Church2025:YPM-IZ-110557,YPM:IZ:110557,Church2025,Church2025,YPM-IZ-110557,,Church et al. 2025,Physalia minuta,Physalia minuta,P_physalis,YPM-IZ-110557,SW Pacific,Tasmania,-41.996839,148.284729,41.996839 S 148.284729 E,2022-12-25,,SRR28498810,PRJNA1092115,A00124:672:HGYTLDSX7:L001,/gpfs/ycga/work/dunn/sequences/illumina/physalia_novaseq3_2023/Sample_110557_141_052,/gpfs/ycga/work/dunn/sequences/illumina/physalia_novaseq3_2023/Sample_110557_141_052/110557_141_052_S7_L001_R1_001.fastq.gz,/gpfs/ycga/work/dunn/sequences/illumina/physalia_novaseq3_2023/Sample_110557_141_052/110557_141_052_S7_L001_R2_001.fastq.gz,1,143079407,SRA_spots,true,,cluster=C2,,,,,SAMN40621336,,tentacle,,Australia,
Church2025:YPM-IZ-110558,YPM:IZ:110558,Church2025,Church2025,YPM-IZ-110558,,Church et al. 2025,Physalia minuta,Physalia minuta,P_physalis,YPM-IZ-110558,SW Pacific,Tasmania,-41.996839,148.284729,41.996839 S 148.284729 E,2022-12-25,,SRR28498809,PRJNA1092115,A00124:672:HGYTLDSX7:L001,/gpfs/ycga/work/dunn/sequences/illumina/physalia_novaseq3_2023/Sample_110558_129_064,/gpfs/ycga/work/dunn/sequences/illumina/physalia_novaseq3_2023/Sample_110558_129_064/110558_129_064_S8_L001_R1_001.fastq.gz,/gpfs/ycga/work/dunn/sequences/illumina/physalia_novaseq3_2023/Sample_110558_129_064/110558_129_064_S8_L001_R2_001.fastq.gz,1,102359020,SRA_spots,true,,cluster=C2,,,,,SAMN40621337,,tentacle,,Australia,
Church2025:YPM-IZ-110566,YPM:IZ:110566,Church2025,Church2025,YPM-IZ-110566,,Church et al. 2025,Physalia utriculus,Physalia utriculus,P_physalis,YPM-IZ-110566,NW Pacific,Guam,13.605463,144.907196,13.605463 N 144.907196 E,2022-01-24,,SRR28498808,PRJNA1092115,A00124:672:HGYTLDSX7:L001,/gpfs/ycga/work/dunn/sequences/illumina/physalia_novaseq3_2023/Sample_110566_117_076,/gpfs/ycga/work/dunn/sequences/illumina/physalia_novaseq3_2023/Sample_110566_117_076/110566_117_076_S9_L001_R1_001.fastq.gz,/gpfs/ycga/work/dunn/sequences/illumina/physalia_novaseq3_2023/Sample_110566_117_076/110566_117_076_S9_L001_R2_001.fastq.gz,1,106712136,SRA_spots,true,,cluster=B1,,,,,SAMN40621338,,tentacle,,Guam,
Church2025:YPM-IZ-110569,YPM:IZ:110569,Church2025,Church2025,YPM-IZ-110569,,Church et al. 2025,Physalia utriculus,Physalia utriculus,P_physalis,YPM-IZ-110569,NW Pacific,Guam,13.427664,144.801336,13.427664 N 144.801336 E,2022-01-27,,SRR28498807,PRJNA1092115,A00124:673:HFG3JDSX7:L003,/gpfs/ycga/work/dunn/sequences/illumina/physalia_novaseq3_2023/Sample_110569_187_006,/gpfs/ycga/work/dunn/sequences/illumina/physalia_novaseq3_2023/Sample_110569_187_006/110569_187_006_S8_L003_R1_001.fastq.gz,/gpfs/ycga/work/dunn/sequences/illumina/physalia_novaseq3_2023/Sample_110569_187_006/110569_187_006_S8_L003_R2_001.fastq.gz,1,164638811,SRA_spots,true,,cluster=B1,,,,,SAMN40621339,,tentacle,,Guam,
Church2025:YPM-IZ-110600,YPM:IZ:110600,Church2025,Church2025,YPM-IZ-110600,,Church et al. 2025,Physalia utriculus,Physalia utriculus,P_physalis,YPM-IZ-110600,NW Pacific,Guam,13.372435,144.773357,13.372435 N 144.773357 E,2023-04-27,,SRR28498806,PRJNA1092115,A00124:673:HFG3JDSX7:L003,/gpfs/ycga/work/dunn/sequences/illumina/physalia_novaseq3_2023/Sample_110600_163_030,/gpfs/ycga/work/dunn/sequences/illumina/physalia_novaseq3_2023/Sample_110600_163_030/110600_163_030_S10_L003_R1_001.fastq.gz,/gpfs/ycga/work/dunn/sequences/illumina/physalia_novaseq3_2023/Sample_110600_163_030/110600_163_030_S10_L003_R2_001.fastq.gz,1,136012902,SRA_spots,true,,cluster=B1,,,,,SAMN40621340,,tentacle,,Guam,
Church2025:YPM-IZ-110602,YPM:IZ:110602,Church2025,Church2025,YPM-IZ-110602,,Church et al. 2025,Physalia utriculus,Physalia utriculus,P_physalis,YPM-IZ-110602,NW Pacific,Guam,13.372435,144.773357,13.372435 N 144.773357 E,2023-04-27,,SRR28498805,PRJNA1092115,A00124:672:HGYTLDSX7:L001,/gpfs/ycga/work/dunn/sequences/illumina/physalia_novaseq3_2023/Sample_110602_105_088,/gpfs/ycga/work/dunn/sequences/illumina/physalia_novaseq3_2023/Sample_110602_105_088/110602_105_088_S10_L001_R1_001.fastq.gz,/gpfs/ycga/work/dunn/sequences/illumina/physalia_novaseq3_2023/Sample_110602_105_088/110602_105_088_S10_L001_R2_001.fastq.gz,1,122536905,SRA_spots,true,,cluster=B1,,,,,SAMN40621341,,tentacle,,Guam,
Church2025:YPM-IZ-110605,YPM:IZ:110605,Church2025,Church2025,YPM-IZ-110605,,Church et al. 2025,Physalia utriculus,Physalia utriculus,P_physalis,YPM-IZ-110605,SW Pacific,Queensland,-28.089089,153.453921,28.089089 S 153.453921 E,2023-02-03,,SRR28498804,PRJNA1092115,A00124:672:HGYTLDSX7:L004,/gpfs/ycga/work/dunn/sequences/illumina/physalia_novaseq3_2023/Sample_110605_139_054,/gpfs/ycga/work/dunn/sequences/illumina/physalia_novaseq3_2023/Sample_110605_139_054/110605_139_054_S22_L004_R1_001.fastq.gz,/gpfs/ycga/work/dunn/sequences/illumina/physalia_novaseq3_2023/Sample_110605_139_054/110605_139_054_S22_L004_R2_001.fastq.gz,1,128365246,SRA_spots,true,,cluster=B1,,,,,SAMN40621342,,tentacle,,Australia,
Church2025:YPM-IZ-110612,YPM:IZ:110612,Church2025,Church2025,YPM-IZ-110612,,Church et al. 2025,Physalia utriculus,Physalia utriculus,P_physalis,YPM-IZ-110612,SW Pacific,New South Wales,-30.745087,152.995494,30.745087 S 152.995494 E,2023-03-26,,SRR28498803,PRJNA1092115,A00124:672:HGYTLDSX7:L004,/gpfs/ycga/work/dunn/sequences/illumina/physalia_novaseq3_2023/Sample_110612_127_066,/gpfs/ycga/work/dunn/sequences/illumina/physalia_novaseq3_2023/Sample_110612_127_066/110612_127_066_S23_L004_R1_001.fastq.gz,/gpfs/ycga/work/dunn/sequences/illumina/physalia_novaseq3_2023/Sample_110612_127_066/110612_127_066_S23_L004_R2_001.fastq.gz,1,95986812,SRA_spots,true,,cluster=B1,,,,,SAMN40621343,,tentacle,,Australia,
Church2025:YPM-IZ-110613,YPM:IZ:110613,Church2025,Church2025,YPM-IZ-110613,,Church et al. 2025,Physalia utriculus,Physalia utriculus,P_physalis,YPM-IZ-110613,SW Pacific,New South Wales,-30.745087,152.995494,30.745087 S 152.995494 E,2023-03-26,,SRR28498801,PRJNA1092115,A00124:672:HGYTLDSX7:L004,/gpfs/ycga/work/dunn/sequences/illumina/physalia_novaseq3_2023/Sample_110613_115_078,/gpfs/ycga/work/dunn/sequences/illumina/physalia_novaseq3_2023/Sample_110613_115_078/110613_115_078_S24_L004_R1_001.fastq.gz,/gpfs/ycga/work/dunn/sequences/illumina/physalia_novaseq3_2023/Sample_110613_115_078/110613_115_078_S24_L004_R2_001.fastq.gz,1,104702609,SRA_spots,true,,cluster=B1,,,,,SAMN40621344,,tentacle,,Australia,
Church2025:YPM-IZ-110616,YPM:IZ:110616,Church2025,Church2025,YPM-IZ-110616,,Church et al. 2025,Physalia utriculus,Physalia utriculus,P_physalis,YPM-IZ-110616,SW Pacific,New South Wales,-30.881192,153.035604,30.881192 S 153.035604 E,2023-03-26,,SRR28498800,PRJNA1092115,A00124:672:HGYTLDSX7:L004,/gpfs/ycga/work/dunn/sequences/illumina/physalia_novaseq3_2023/Sample_110616_103_090,/gpfs/ycga/work/dunn/sequences/illumina/physalia_novaseq3_2023/Sample_110616_103_090/110616_103_090_S25_L004_R1_001.fastq.gz,/gpfs/ycga/work/dunn/sequences/illumina/physalia_novaseq3_2023/Sample_110616_103_090/110616_103_090_S25_L004_R2_001.fastq.gz,1,107842809,SRA_spots,true,,cluster=B1,,,,,SAMN40621345,,tentacle,,Australia,
Church2025:YPM-IZ-110631,YPM:IZ:110631,Church2025,Church2025,YPM-IZ-110631,,Church et al. 2025,Physalia physalis,Physalia physalis,P_physalis,YPM-IZ-110631,NW Atlantic,Northeast US,41.34625,-71.67831,41.346250 N 71.678310 W,2023-07-14,,SRR28498799,PRJNA1092115,LH00309:19:2273H5LT3:L005,/gpfs/ycga/work/dunn/sequences/illumina/physalia_novaseq4_2023/Sample_110631_114_079,/gpfs/ycga/work/dunn/sequences/illumina/physalia_novaseq4_2023/Sample_110631_114_079/110631_114_079_S2_L005_R1_001.fastq.gz,/gpfs/ycga/work/dunn/sequences/illumina/physalia_novaseq4_2023/Sample_110631_114_079/110631_114_079_S2_L005_R2_001.fastq.gz,1,131097055,SRA_spots,true,,cluster=A,,,,,SAMN40621346,,tentacle,,USA,
Church2025:YPM-IZ-110633,YPM:IZ:110633,Church2025,Church2025,YPM-IZ-110633,,Church et al. 2025,Physalia physalis,Physalia physalis,P_physalis,YPM-IZ-110633,NW Atlantic,Northeast US,41.37702,-71.52782,41.377020 N 71.527820 W,2023-07-15,,SRR28498798,PRJNA1092115,LH00309:19:2273H5LT3:L005,/gpfs/ycga/work/dunn/sequences/illumina/physalia_novaseq4_2023/Sample_110633_161_032,/gpfs/ycga/work/dunn/sequences/illumina/physalia_novaseq4_2023/Sample_110633_161_032/110633_161_032_S6_L005_R1_001.fastq.gz,/gpfs/ycga/work/dunn/sequences/illumina/physalia_novaseq4_2023/Sample_110633_161_032/110633_161_032_S6_L005_R2_001.fastq.gz,1,128163679,SRA_spots,true,,cluster=A,,,,,SAMN40621347,,tentacle,,USA,
Church2025:YPM-IZ-110667,YPM:IZ:110667,Church2025,Church2025,YPM-IZ-110667,,Church et al. 2025,Physalia physalis,Physalia physalis,P_physalis,YPM-IZ-110667,NW Atlantic,Northeast US,40.85742,-71.77992,40.857420 N 71.779920 W,2023-07-20,,SRR28498797,PRJNA1092115,LH00309:19:2273H5LT3:L005,/gpfs/ycga/work/dunn/sequences/illumina/physalia_novaseq4_2023/Sample_110667_126_067,/gpfs/ycga/work/dunn/sequences/illumina/physalia_novaseq4_2023/Sample_110667_126_067/110667_126_067_S1_L005_R1_001.fastq.gz,/gpfs/ycga/work/dunn/sequences/illumina/physalia_novaseq4_2023/Sample_110667_126_067/110667_126_067_S1_L005_R2_001.fastq.gz,1,180291625,SRA_spots,true,,cluster=A,,,,,SAMN40621348,,tentacle,,USA,
Church2025:YPM-IZ-110694,YPM:IZ:110694,Church2025,Church2025,YPM-IZ-110694,,Church et al. 2025,Physalia physalis,Physalia physalis,P_physalis,YPM-IZ-110694,NW Atlantic,Northeast US,41.34499,-70.836797,41.344990 N 70.836797 W,2023-07-26,,SRR28498796,PRJNA1092115,LH00309:40:22CMVKLT3:L004,/gpfs/ycga/work/dunn/sequences/illumina/physalia_novaseq5_2023/Sample_110694_105_088,/gpfs/ycga/work/dunn/sequences/illumina/physalia_novaseq5_2023/Sample_110694_105_088/110694_105_088_S11_L004_R1_001.fastq.gz,/gpfs/ycga/work/dunn/sequences/illumina/physalia_novaseq5_2023/Sample_110694_105_088/110694_105_088_S11_L004_R2_001.fastq.gz,1,154663510,SRA_spots,true,,cluster=A,,,,,SAMN40621349,,tentacle,,USA,
Church2025:YPM-IZ-110716,YPM:IZ:110716,Church2025,Church2025,YPM-IZ-110716,,Church et al. 2025,Physalia physalis,Physalia physalis,P_physalis,YPM-IZ-110716,NE Atlantic,Spain,36.45809,-6.25268,36.458090 N 6.252680 W,2013-04-02,,SRR28498795,PRJNA1092115,LH00309:19:2273H5LT3:L004,/gpfs/ycga/work/dunn/sequences/illumina/physalia_novaseq4_2023/Sample_110716_148_045,/gpfs/ycga/work/dunn/sequences/illumina/physalia_novaseq4_2023/Sample_110716_148_045/110716_148_045_S16_L004_R1_001.fastq.gz,/gpfs/ycga/work/dunn/sequences/illumina/physalia_novaseq4_2023/Sample_110716_148_045/110716_148_045_S16_L004_R2_001.fastq.gz,1,186794478,SRA_spots,true,,cluster=A,,,,,SAMN40621350,,tentacle,,Spain,
Church2025:YPM-IZ-110726,YPM:IZ:110726,Church2025,Church2025,YPM-IZ-110726,,Church et al. 2025,Physalia physalis,Physalia physalis,P_physalis,YPM-IZ-110726,NE Atlantic,Spain,36.45809,-6.25268,36.458090 N 6.252680 W,2013-04-02,,SRR28498794,PRJNA1092115,LH00309:19:2273H5LT3:L004,/gpfs/ycga/work/dunn/sequences/illumina/physalia_novaseq4_2023/Sample_110726_136_057,/gpfs/ycga/work/dunn/sequences/illumina/physalia_novaseq4_2023/Sample_110726_136_057/110726_136_057_S17_L004_R1_001.fastq.gz,/gpfs/ycga/work/dunn/sequences/illumina/physalia_novaseq4_2023/Sample_110726_136_057/110726_136_057_S17_L004_R2_001.fastq.gz,1,142654142,SRA_spots,true,,cluster=A,,,,,SAMN40621351,,tentacle,,Spain,
Church2025:YPM-IZ-110738,YPM:IZ:110738,Church2025,Church2025,YPM-IZ-110738,,Church et al. 2025,Physalia physalis,Physalia physalis,P_physalis,YPM-IZ-110738,NE Atlantic,Spain,36.45809,-6.25268,36.458090 N 6.252680 W,2013-04-02,,SRR28498793,PRJNA1092115,LH00309:19:2273H5LT3:L004;LH00309:46:22F2CTLT3:L006,/gpfs/ycga/work/dunn/sequences/illumina/physalia_novaseq4_2023/Sample_110738_124_069;/gpfs/ycga/work/dunn/sequences/illumina/physalia_novaseq5_2023/Sample_110738_124_069,/gpfs/ycga/work/dunn/sequences/illumina/physalia_novaseq4_2023/Sample_110738_124_069/110738_124_069_S18_L004_R1_001.fastq.gz;/gpfs/ycga/work/dunn/sequences/illumina/physalia_novaseq5_2023/Sample_110738_124_069/110738_124_069_S9_L006_R1_001.fastq.gz,/gpfs/ycga/work/dunn/sequences/illumina/physalia_novaseq4_2023/Sample_110738_124_069/110738_124_069_S18_L004_R2_001.fastq.gz;/gpfs/ycga/work/dunn/sequences/illumina/physalia_novaseq5_2023/Sample_110738_124_069/110738_124_069_S9_L006_R2_001.fastq.gz,2,455993309,SRA_spots,true,,cluster=A,,,,,SAMN40621352,,tentacle,,Spain,
Church2025:YPM-IZ-110777,YPM:IZ:110777,Church2025,Church2025,YPM-IZ-110777,,Church et al. 2025,Physalia utriculus,Physalia utriculus,P_physalis,YPM-IZ-110777,Central Pacific,Hawai'i,21.40079,-157.7345,21.400790 N 157.734500 W,2023-07-19,,SRR28498792,PRJNA1092115,LH00309:19:2273H5LT3:L004,/gpfs/ycga/work/dunn/sequences/illumina/physalia_novaseq4_2023/Sample_110777_112_081,/gpfs/ycga/work/dunn/sequences/illumina/physalia_novaseq4_2023/Sample_110777_112_081/110777_112_081_S19_L004_R1_001.fastq.gz,/gpfs/ycga/work/dunn/sequences/illumina/physalia_novaseq4_2023/Sample_110777_112_081/110777_112_081_S19_L004_R2_001.fastq.gz,1,183416077,SRA_spots,true,,cluster=B1,,,,,SAMN40621353,,tentacle,,USA,
Church2025:YPM-IZ-110780,YPM:IZ:110780,Church2025,Church2025,YPM-IZ-110780,,Church et al. 2025,Physalia utriculus,Physalia utriculus,P_physalis,YPM-IZ-110780,Central Pacific,Hawai'i,21.40079,-157.7345,21.400790 N 157.734500 W,2023-07-19,,SRR28498790,PRJNA1092115,LH00309:19:2273H5LT3:L005,/gpfs/ycga/work/dunn/sequences/illumina/physalia_novaseq4_2023/Sample_110780_100_093,/gpfs/ycga/work/dunn/sequences/illumina/physalia_novaseq4_2023/Sample_110780_100_093/110780_100_093_S20_L005_R1_001.fastq.gz,/gpfs/ycga/work/dunn/sequences/illumina/physalia_novaseq4_2023/Sample_110780_100_093/110780_100_093_S20_L005_R2_001.fastq.gz,1,161420127,SRA_spots,true,,cluster=B1,,,,,SAMN40621354,,tentacle,,USA,
Church2025:YPM-IZ-110785,YPM:IZ:110785,Church2025,Church2025,YPM-IZ-110785,,Church et al. 2025,Physalia utriculus,Physalia utriculus,P_physalis,YPM-IZ-110785,Central Pacific,Hawai'i,21.40079,-157.7345,21.400790 N 157.734500 W,2023-07-21,,SRR28498789,PRJNA1092115,LH00309:22:22CMVLLT3:L002,/gpfs/ycga/work/dunn/sequences/illumina/physalia_novaseq4_2023/Sample_110785_183_010,/gpfs/ycga/work/dunn/sequences/illumina/physalia_novaseq4_2023/Sample_110785_183_010/110785_183_010_S9_L002_R1_001.fastq.gz,/gpfs/ycga/work/dunn/sequences/illumina/physalia_novaseq4_2023/Sample_110785_183_010/110785_183_010_S9_L002_R2_001.fastq.gz,1,126612568,SRA_spots,true,,cluster=B1,,,,,SAMN40621355,,tentacle,,USA,
Church2025:YPM-IZ-110786,YPM:IZ:110786,Church2025,Church2025,YPM-IZ-110786,,Church et al. 2025,Physalia utriculus,Physalia utriculus,P_physalis,YPM-IZ-110786,Central Pacific,Hawai'i,21.40079,-157.7345,21.400790 N 157.734500 W,2023-07-28,,SRR28498788,PRJNA1092115,LH00309:22:22CMVLLT3:L002,/gpfs/ycga/work/dunn/sequences/illumina/physalia_novaseq4_2023/Sample_110786_171_022,/gpfs/ycga/work/dunn/sequences/illumina/physalia_novaseq4_2023/Sample_110786_171_022/110786_171_022_S10_L002_R1_001.fastq.gz,/gpfs/ycga/work/dunn/sequences/illumina/physalia_novaseq4_2023/Sample_110786_171_022/110786_171_022_S10_L002_R2_001.fastq.gz,1,185027179,SRA_spots,true,,cluster=B1,,,,,SAMN40621356,,tentacle,,USA,
Church2025:YPM-IZ-110828,YPM:IZ:110828,Church2025,Church2025,YPM-IZ-110828,,Church et al. 2025,Physalia megalista,Physalia megalista,P_physalis,YPM-IZ-110828,SE Pacific,Chile,-29.9727,-71.3609,29.972700 S 71.360900 W,2023-07-12,,SRR28498787,PRJNA1092115,LH00309:22:22CMVLLT3:L002;LH00309:46:22F2CTLT3:L006,/gpfs/ycga/work/dunn/sequences/illumina/physalia_novaseq4_2023/Sample_110828_159_034;/gpfs/ycga/work/dunn/sequences/illumina/physalia_novaseq5_2023/Sample_110828_159_034,/gpfs/ycga/work/dunn/sequences/illumina/physalia_novaseq4_2023/Sample_110828_159_034/110828_159_034_S11_L002_R1_001.fastq.gz;/gpfs/ycga/work/dunn/sequences/illumina/physalia_novaseq5_2023/Sample_110828_159_034/110828_159_034_S10_L006_R1_001.fastq.gz,/gpfs/ycga/work/dunn/sequences/illumina/physalia_novaseq4_2023/Sample_110828_159_034/110828_159_034_S11_L002_R2_001.fastq.gz;/gpfs/ycga/work/dunn/sequences/illumina/physalia_novaseq5_2023/Sample_110828_159_034/110828_159_034_S10_L006_R2_001.fastq.gz,2,484852803,SRA_spots,true,,cluster=C1,,,,,SAMN40621357,,tentacle,,Chile,
Church2025:YPM-IZ-110829,YPM:IZ:110829,Church2025,Church2025,YPM-IZ-110829,,Church et al. 2025,Physalia megalista,Physalia megalista,P_physalis,YPM-IZ-110829,SE Pacific,Chile,-29.9727,-71.3609,29.972700 S 71.360900 W,2023-07-13,,SRR28498786,PRJNA1092115,LH00309:40:22CMVKLT3:L003,/gpfs/ycga/work/dunn/sequences/illumina/physalia_novaseq5_2023/Sample_110829_177_016,/gpfs/ycga/work/dunn/sequences/illumina/physalia_novaseq5_2023/Sample_110829_177_016/110829_177_016_S5_L003_R1_001.fastq.gz,/gpfs/ycga/work/dunn/sequences/illumina/physalia_novaseq5_2023/Sample_110829_177_016/110829_177_016_S5_L003_R2_001.fastq.gz,1,167270365,SRA_spots,true,,cluster=C1,,,,,SAMN40621358,,tentacle,,Chile,
Church2025:YPM-IZ-110830,YPM:IZ:110830,Church2025,Church2025,YPM-IZ-110830,,Church et al. 2025,Physalia utriculus,Physalia utriculus,P_physalis,YPM-IZ-110830,SW Atlantic,Uruguay,-33.7516,-53.3801,33.751600 S 53.380100 W,2014-02-28,,SRR28498782,PRJNA1092115,LH00309:40:22CMVKLT3:L003,/gpfs/ycga/work/dunn/sequences/illumina/physalia_novaseq5_2023/Sample_110830_165_028,/gpfs/ycga/work/dunn/sequences/illumina/physalia_novaseq5_2023/Sample_110830_165_028/110830_165_028_S6_L003_R1_001.fastq.gz,/gpfs/ycga/work/dunn/sequences/illumina/physalia_novaseq5_2023/Sample_110830_165_028/110830_165_028_S6_L003_R2_001.fastq.gz,1,169544103,SRA_spots,true,,cluster=B1,,,,,SAMN40621359,,tentacle,,Uruguay,
Church2025:YPM-IZ-110842,YPM:IZ:110842,Church2025,Church2025,YPM-IZ-110842,,Church et al. 2025,Physalia physalis,Physalia physalis,P_physalis,YPM-IZ-110842,NE Atlantic,Azores,38.524769,-28.625946,38.524769 N 28.625946 W,2019-07-18,,SRR28498781,PRJNA1092115,LH00309:22:22CMVLLT3:L002;LH00309:46:22F2CTLT3:L006,/gpfs/ycga/work/dunn/sequences/illumina/physalia_novaseq4_2023/Sample_110842_147_046;/gpfs/ycga/work/dunn/sequences/illumina/physalia_novaseq5_2023/Sample_110842_147_046,/gpfs/ycga/work/dunn/sequences/illumina/physalia_novaseq4_2023/Sample_110842_147_046/110842_147_046_S12_L002_R1_001.fastq.gz;/gpfs/ycga/work/dunn/sequences/illumina/physalia_novaseq5_2023/Sample_110842_147_046/110842_147_046_S11_L006_R1_001.fastq.gz,/gpfs/ycga/work/dunn/sequences/illumina/physalia_novaseq4_2023/Sample_110842_147_046/110842_147_046_S12_L002_R2_001.fastq.gz;/gpfs/ycga/work/dunn/sequences/illumina/physalia_novaseq5_2023/Sample_110842_147_046/110842_147_046_S11_L006_R2_001.fastq.gz,2,322215642,SRA_spots,true,,cluster=A,,,,,SAMN40621360,,tentacle,,Portugal,
Church2025:YPM-IZ-110843,YPM:IZ:110843,Church2025,Church2025,YPM-IZ-110843,,Church et al. 2025,Physalia physalis,Physalia physalis,P_physalis,YPM-IZ-110843,NE Atlantic,Azores,37.818604,-25.543635,37.818604 N 25.543635 W,2020-05-22,,SRR28498780,PRJNA1092115,LH00309:22:22CMVLLT3:L002,/gpfs/ycga/work/dunn/sequences/illumina/physalia_novaseq4_2023/Sample_110843_135_058,/gpfs/ycga/work/dunn/sequences/illumina/physalia_novaseq4_2023/Sample_110843_135_058/110843_135_058_S13_L002_R1_001.fastq.gz,/gpfs/ycga/work/dunn/sequences/illumina/physalia_novaseq4_2023/Sample_110843_135_058/110843_135_058_S13_L002_R2_001.fastq.gz,1,194289265,SRA_spots,true,,cluster=A,,,,,SAMN40621361,,tentacle,,Portugal,
Church2025:YPM-IZ-110844,YPM:IZ:110844,Church2025,Church2025,YPM-IZ-110844,,Church et al. 2025,Physalia physalis,Physalia physalis,P_physalis,YPM-IZ-110844,NE Atlantic,Azores,38.524769,-28.625946,38.524769 N 28.625946 W,2019-11-29,,SRR28498779,PRJNA1092115,LH00309:22:22CMVLLT3:L002,/gpfs/ycga/work/dunn/sequences/illumina/physalia_novaseq4_2023/Sample_110844_123_070,/gpfs/ycga/work/dunn/sequences/illumina/physalia_novaseq4_2023/Sample_110844_123_070/110844_123_070_S14_L002_R1_001.fastq.gz,/gpfs/ycga/work/dunn/sequences/illumina/physalia_novaseq4_2023/Sample_110844_123_070/110844_123_070_S14_L002_R2_001.fastq.gz,1,166481102,SRA_spots,true,,cluster=A,,,,,SAMN40621362,,tentacle,,Portugal,
Church2025:YPM-IZ-110845,YPM:IZ:110845,Church2025,Church2025,YPM-IZ-110845,,Church et al. 2025,Physalia physalis,Physalia physalis,P_physalis,YPM-IZ-110845,NE Atlantic,Azores,37.750488,-25.624447,37.750488 N 25.624447 W,2020-08-17,,SRR28498778,PRJNA1092115,LH00309:22:22CMVLLT3:L002,/gpfs/ycga/work/dunn/sequences/illumina/physalia_novaseq4_2023/Sample_110845_111_082,/gpfs/ycga/work/dunn/sequences/illumina/physalia_novaseq4_2023/Sample_110845_111_082/110845_111_082_S15_L002_R1_001.fastq.gz,/gpfs/ycga/work/dunn/sequences/illumina/physalia_novaseq4_2023/Sample_110845_111_082/110845_111_082_S15_L002_R2_001.fastq.gz,1,139336399,SRA_spots,true,,cluster=A,,,,,SAMN40621363,,tentacle,,Portugal,
Church2025:YPM-IZ-110846,YPM:IZ:110846,Church2025,Church2025,YPM-IZ-110846,,Church et al. 2025,Physalia physalis,Physalia physalis,P_physalis,YPM-IZ-110846,NE Atlantic,Azores,38.523756,-28.623767,38.523756 N 28.623767 W,2020-07-10,,SRR28498776,PRJNA1092115,LH00309:19:2273H5LT3:L002,/gpfs/ycga/work/dunn/sequences/illumina/physalia_novaseq4_2023/Sample_110846_099_094,/gpfs/ycga/work/dunn/sequences/illumina/physalia_novaseq4_2023/Sample_110846_099_094/110846_099_094_S21_L002_R1_001.fastq.gz,/gpfs/ycga/work/dunn/sequences/illumina/physalia_novaseq4_2023/Sample_110846_099_094/110846_099_094_S21_L002_R2_001.fastq.gz,1,220731617,SRA_spots,true,,cluster=A,,,,,SAMN40621364,,tentacle,,Portugal,
Church2025:YPM-IZ-110847,YPM:IZ:110847,Church2025,Church2025,YPM-IZ-110847,,Church et al. 2025,Physalia physalis,Physalia physalis,P_physalis,YPM-IZ-110847,NE Atlantic,Azores,38.542865,-28.618676,38.542865 N 28.618676 W,2020-07-15,,SRR28498775,PRJNA1092115,LH00309:19:2273H5LT3:L002,/gpfs/ycga/work/dunn/sequences/illumina/physalia_novaseq4_2023/Sample_110847_182_011,/gpfs/ycga/work/dunn/sequences/illumina/physalia_novaseq4_2023/Sample_110847_182_011/110847_182_011_S22_L002_R1_001.fastq.gz,/gpfs/ycga/work/dunn/sequences/illumina/physalia_novaseq4_2023/Sample_110847_182_011/110847_182_011_S22_L002_R2_001.fastq.gz,1,164307174,SRA_spots,true,,cluster=A,,,,,SAMN40621365,,tentacle,,Portugal,
Church2025:YPM-IZ-110876,YPM:IZ:110876,Church2025,Church2025,YPM-IZ-110876,,Church et al. 2025,Physalia physalis,Physalia physalis,P_physalis,YPM-IZ-110876,Gulf of Mexico,Texas,29.26,-94.84,29.260000 N 94.840000 W,2017-03-19,,SRR28498748,PRJNA1092115,A01519:271:HWW7GDSX5:L001,/gpfs/ycga/work/dunn/sequences/illumina/physalia_novaseq2_2023/Sample_16TX_278_299,/gpfs/ycga/work/dunn/sequences/illumina/physalia_novaseq2_2023/Sample_16TX_278_299/16TX_278_299_S4_L001_R1_001.fastq.gz,/gpfs/ycga/work/dunn/sequences/illumina/physalia_novaseq2_2023/Sample_16TX_278_299/16TX_278_299_S4_L001_R2_001.fastq.gz,1,63395814,SRA_spots,true,,cluster=A,,,,,SAMN40621366,,tentacle,,USA,
Church2025:YPM-IZ-110877,YPM:IZ:110877,Church2025,Church2025,YPM-IZ-110877,,Church et al. 2025,Physalia sp1,Physalia sp1,P_physalis,YPM-IZ-110877,Gulf of California,Mexico,27.245,-111.5,27.245000 N 111.500000 W,2007-06-06,,SRR28498774,PRJNA1092115,A01519:271:HWW7GDSX5:L001;A01519:311:H7FM5DSX7:L004,/gpfs/ycga/work/dunn/sequences/illumina/physalia_novaseq2_2023/Sample_GoCJUN6_195_382,/gpfs/ycga/work/dunn/sequences/illumina/physalia_novaseq2_2023/Sample_GoCJUN6_195_382/GoCJUN6_195_382_S104_L004_R1_001.fastq.gz;/gpfs/ycga/work/dunn/sequences/illumina/physalia_novaseq2_2023/Sample_GoCJUN6_195_382/GoCJUN6_195_382_S17_L001_R1_001.fastq.gz,/gpfs/ycga/work/dunn/sequences/illumina/physalia_novaseq2_2023/Sample_GoCJUN6_195_382/GoCJUN6_195_382_S104_L004_R2_001.fastq.gz;/gpfs/ycga/work/dunn/sequences/illumina/physalia_novaseq2_2023/Sample_GoCJUN6_195_382/GoCJUN6_195_382_S17_L001_R2_001.fastq.gz,2,399257582,SRA_spots,true,,cluster=B2,,,,,SAMN40621367,,tentacle,,Mexico,
Church2025:YPM-IZ-110878,YPM:IZ:110878,Church2025,Church2025,YPM-IZ-110878,,Church et al. 2025,Physalia sp1,Physalia sp1,P_physalis,YPM-IZ-110878,Gulf of California,Mexico,27.326667,-111.48,27.326667 N 111.480000 W,2006-06-09,,SRR28498732,PRJNA1092115,LH00309:40:22CMVKLT3:L004,/gpfs/ycga/work/dunn/sequences/illumina/physalia_novaseq5_2023/Sample_GoCBW1_141_052,/gpfs/ycga/work/dunn/sequences/illumina/physalia_novaseq5_2023/Sample_GoCBW1_141_052/GoCBW1_141_052_S8_L004_R1_001.fastq.gz,/gpfs/ycga/work/dunn/sequences/illumina/physalia_novaseq5_2023/Sample_GoCBW1_141_052/GoCBW1_141_052_S8_L004_R2_001.fastq.gz,1,158402847,SRA_spots,true,,cluster=B2,,,,,SAMN40621368,,tentacle,,Mexico,
Church2025:YPM-IZ-110880,YPM:IZ:110880,Church2025,Church2025,YPM-IZ-110880,,Church et al. 2025,Physalia physalis,Physalia physalis,P_physalis,YPM-IZ-110880,NW Atlantic,Northeast US,41.14929,-71.48114,41.149290 N 71.481140 W,2023-08-23,,SRR28498737,PRJNA1092115,LH00309:40:22CMVKLT3:L004,/gpfs/ycga/work/dunn/sequences/illumina/physalia_novaseq5_2023/Sample_CWD-BI1-1_117_076,/gpfs/ycga/work/dunn/sequences/illumina/physalia_novaseq5_2023/Sample_CWD-BI1-1_117_076/CWD-BI1-1_117_076_S10_L004_R1_001.fastq.gz,/gpfs/ycga/work/dunn/sequences/illumina/physalia_novaseq5_2023/Sample_CWD-BI1-1_117_076/CWD-BI1-1_117_076_S10_L004_R2_001.fastq.gz,1,174801674,SRA_spots,true,,cluster=A,,,,,SAMN40621369,,tentacle,,USA,
Church2025:YPM-IZ-110881,YPM:IZ:110881,Church2025,Church2025,YPM-IZ-110881,,Church et al. 2025,Physalia utriculus,Physalia utriculus,P_physalis,YPM-IZ-110881,Central Pacific,Hawai'i,19.666667,-156.083333,19.666667 N 156.083333 W,2023-04-10,,SRR28498731,PRJNA1092115,LH00309:19:2273H5LT3:L005,/gpfs/ycga/work/dunn/sequences/illumina/physalia_novaseq4_2023/Sample_HI23BW1-16_185_008,/gpfs/ycga/work/dunn/sequences/illumina/physalia_novaseq4_2023/Sample_HI23BW1-16_185_008/HI23BW1-16_185_008_S4_L005_R1_001.fastq.gz,/gpfs/ycga/work/dunn/sequences/illumina/physalia_novaseq4_2023/Sample_HI23BW1-16_185_008/HI23BW1-16_185_008_S4_L005_R2_001.fastq.gz,1,112810930,SRA_spots,true,,cluster=B1,,,,,SAMN40621370,,whole body,juvenile,USA,
Church2025:YPM-IZ-110882,YPM:IZ:110882,Church2025,Church2025,YPM-IZ-110882,,Church et al. 2025,Physalia utriculus,Physalia utriculus,P_physalis,YPM-IZ-110882,Central Pacific,Hawai'i,19.666667,-156.083333,19.666667 N 156.083333 W,2023-04-10,,SRR28498730,PRJNA1092115,A00124:672:HGYTLDSX7:L001,/gpfs/ycga/work/dunn/sequences/illumina/physalia_novaseq3_2023/Sample_HI23BW5-1_188_005,/gpfs/ycga/work/dunn/sequences/illumina/physalia_novaseq3_2023/Sample_HI23BW5-1_188_005/HI23BW5-1_188_005_S11_L001_R1_001.fastq.gz,/gpfs/ycga/work/dunn/sequences/illumina/physalia_novaseq3_2023/Sample_HI23BW5-1_188_005/HI23BW5-1_188_005_S11_L001_R2_001.fastq.gz,1,120298479,SRA_spots,true,,cluster=B1,,,,,SAMN40621371,,whole body,juvenile,USA,
Church2025:YPM-IZ-110883,YPM:IZ:110883,Church2025,Church2025,YPM-IZ-110883,,Church et al. 2025,Physalia utriculus,Physalia utriculus,P_physalis,YPM-IZ-110883,Central Pacific,Hawai'i,19.666667,-156.083333,19.666667 N 156.083333 W,2023-04-10,,SRR28498729,PRJNA1092115,LH00309:19:2273H5LT3:L005,/gpfs/ycga/work/dunn/sequences/illumina/physalia_novaseq4_2023/Sample_HI23BW5-2_173_020,/gpfs/ycga/work/dunn/sequences/illumina/physalia_novaseq4_2023/Sample_HI23BW5-2_173_020/HI23BW5-2_173_020_S5_L005_R1_001.fastq.gz,/gpfs/ycga/work/dunn/sequences/illumina/physalia_novaseq4_2023/Sample_HI23BW5-2_173_020/HI23BW5-2_173_020_S5_L005_R2_001.fastq.gz,1,113913469,SRA_spots,true,,cluster=B1,,,,,SAMN40621372,,whole body,juvenile,USA,
Church2025:YPM-IZ-110906,YPM:IZ:110906,Church2025,Church2025,YPM-IZ-110906,,Church et al. 2025,Physalia utriculus,Physalia utriculus,P_physalis,YPM-IZ-110906,Central Pacific,NW Hawaiian Islands,26.723056,-164.766667,26.723056 N 164.766667 W,2023-08-23,,SRR28498773,PRJNA1092115,LH00309:43:22CYW2LT3:L003;LH00309:43:22CYW2LT3:L004;LH00309:55:22F5W5LT3:L001,/gpfs/ycga/work/dunn/sequences/illumina/physalia_novaseq5_2023/RELABEL_Sample_110906,/gpfs/ycga/work/dunn/sequences/illumina/physalia_novaseq5_2023/RELABEL_Sample_110906/110906_L001_R1_001.fastq.gz;/gpfs/ycga/work/dunn/sequences/illumina/physalia_novaseq5_2023/RELABEL_Sample_110906/110906_L003_R1_001.fastq.gz;/gpfs/ycga/work/dunn/sequences/illumina/physalia_novaseq5_2023/RELABEL_Sample_110906/110906_L004_R1_001.fastq.gz,/gpfs/ycga/work/dunn/sequences/illumina/physalia_novaseq5_2023/RELABEL_Sample_110906/110906_L001_R2_001.fastq.gz;/gpfs/ycga/work/dunn/sequences/illumina/physalia_novaseq5_2023/RELABEL_Sample_110906/110906_L003_R2_001.fastq.gz;/gpfs/ycga/work/dunn/sequences/illumina/physalia_novaseq5_2023/RELABEL_Sample_110906/110906_L004_R2_001.fastq.gz,3,137246800,SRA_spots,true,,cluster=B1,,,,,SAMN40621373,,zooid,juvenile,,
Church2025:YPM-IZ-110907,YPM:IZ:110907,Church2025,Church2025,YPM-IZ-110907,,Church et al. 2025,Physalia utriculus,Physalia utriculus,P_physalis,YPM-IZ-110907,Central Pacific,NW Hawaiian Islands,26.08,-176.47,26.080000 N 176.470000 W,2023-08-22,,SRR28498772,PRJNA1092115,LH00309:43:22CYW2LT3:L003;LH00309:43:22CYW2LT3:L004;LH00309:55:22F5W5LT3:L001,/gpfs/ycga/work/dunn/sequences/illumina/physalia_novaseq5_2023/RELABEL_Sample_110907,/gpfs/ycga/work/dunn/sequences/illumina/physalia_novaseq5_2023/RELABEL_Sample_110907/110907_L001_R1_001.fastq.gz;/gpfs/ycga/work/dunn/sequences/illumina/physalia_novaseq5_2023/RELABEL_Sample_110907/110907_L003_R1_001.fastq.gz;/gpfs/ycga/work/dunn/sequences/illumina/physalia_novaseq5_2023/RELABEL_Sample_110907/110907_L004_R1_001.fastq.gz,/gpfs/ycga/work/dunn/sequences/illumina/physalia_novaseq5_2023/RELABEL_Sample_110907/110907_L001_R2_001.fastq.gz;/gpfs/ycga/work/dunn/sequences/illumina/physalia_novaseq5_2023/RELABEL_Sample_110907/110907_L003_R2_001.fastq.gz;/gpfs/ycga/work/dunn/sequences/illumina/physalia_novaseq5_2023/RELABEL_Sample_110907/110907_L004_R2_001.fastq.gz,3,146443421,SRA_spots,true,,cluster=B1,,,,,SAMN40621374,,zooid,juvenile,,
Church2025:YPM-IZ-110925,YPM:IZ:110925,Church2025,Church2025,YPM-IZ-110925,,Church et al. 2025,Physalia utriculus,Physalia utriculus,P_physalis,YPM-IZ-110925,NW Pacific,Japan,28.40478,129.454826,28.404780 N 129.454826 E,2023-02-04,,SRR28498771,PRJNA1092115,LH00309:109:22CJLFLT3:L004,/gpfs/ycga/work/dunn/sequences/illumina/physalia_novaseq7_2023/Sample_110925_179_014,/gpfs/ycga/work/dunn/sequences/illumina/physalia_novaseq7_2023/Sample_110925_179_014/110925_179_014_S52_L004_R1_001.fastq.gz,/gpfs/ycga/work/dunn/sequences/illumina/physalia_novaseq7_2023/Sample_110925_179_014/110925_179_014_S52_L004_R2_001.fastq.gz,1,52835261,SRA_spots,true,,cluster=B1,,,,,SAMN40621375,,tentacle,,Japan,
Church2025:YPM-IZ-110926,YPM:IZ:110926,Church2025,Church2025,YPM-IZ-110926,,Church et al. 2025,Physalia utriculus,Physalia utriculus,P_physalis,YPM-IZ-110926,NW Pacific,Japan,35.309561,139.47882,35.309561 N 139.478820 E,2023-04-10,,SRR28498770,PRJNA1092115,LH00309:109:22CJLFLT3:L004,/gpfs/ycga/work/dunn/sequences/illumina/physalia_novaseq7_2023/Sample_110926_119_074,/gpfs/ycga/work/dunn/sequences/illumina/physalia_novaseq7_2023/Sample_110926_119_074/110926_119_074_S53_L004_R1_001.fastq.gz,/gpfs/ycga/work/dunn/sequences/illumina/physalia_novaseq7_2023/Sample_110926_119_074/110926_119_074_S53_L004_R2_001.fastq.gz,1,31522905,SRA_spots,true,,cluster=B1,,,,,SAMN40621376,,tentacle,,Japan,
Church2025:YPM-IZ-110930,YPM:IZ:110930,Church2025,Church2025,YPM-IZ-110930,,Church et al. 2025,Physalia utriculus,Physalia utriculus,P_physalis,YPM-IZ-110930,NW Pacific,Japan,35.309561,139.47882,35.309561 N 139.478820 E,2023-04-30,,SRR28498769,PRJNA1092115,LH00309:109:22CJLFLT3:L004,/gpfs/ycga/work/dunn/sequences/illumina/physalia_novaseq7_2023/Sample_110930_107_086,/gpfs/ycga/work/dunn/sequences/illumina/physalia_novaseq7_2023/Sample_110930_107_086/110930_107_086_S54_L004_R1_001.fastq.gz,/gpfs/ycga/work/dunn/sequences/illumina/physalia_novaseq7_2023/Sample_110930_107_086/110930_107_086_S54_L004_R2_001.fastq.gz,1,38411205,SRA_spots,true,,cluster=B1,,,,,SAMN40621377,,tentacle,,Japan,
Church2025:YPM-IZ-110931,YPM:IZ:110931,Church2025,Church2025,YPM-IZ-110931,,Church et al. 2025,Physalia sp1,Physalia sp1,P_physalis,YPM-IZ-110931,NW Pacific,Japan,35.309561,139.47882,35.309561 N 139.478820 E,2023-05-19,,SRR28498768,PRJNA1092115,A00124:710:HMFVWDSX7:L003,/gpfs/ycga/work/dunn/sequences/illumina/physalia_novaseq6_2023/Sample_110931_098_095,/gpfs/ycga/work/dunn/sequences/illumina/physalia_novaseq6_2023/Sample_110931_098_095/110931_098_095_S9_L003_R1_001.fastq.gz,/gpfs/ycga/work/dunn/sequences/illumina/physalia_novaseq6_2023/Sample_110931_098_095/110931_098_095_S9_L003_R2_001.fastq.gz,1,158283324,SRA_spots,true,,cluster=B2,,,,,SAMN40621378,,tentacle,,Japan,
Church2025:YPM-IZ-110933,YPM:IZ:110933,Church2025,Church2025,YPM-IZ-110933,,Church et al. 2025,Physalia utriculus,Physalia utriculus,P_physalis,YPM-IZ-110933,NW Pacific,Japan,35.309701,139.478831,35.309701 N 139.478831 E,2023-07-20,,SRR28498767,PRJNA1092115,LH00309:109:22CJLFLT3:L004,/gpfs/ycga/work/dunn/sequences/illumina/physalia_novaseq7_2023/Sample_110933_167_026,/gpfs/ycga/work/dunn/sequences/illumina/physalia_novaseq7_2023/Sample_110933_167_026/110933_167_026_S55_L004_R1_001.fastq.gz,/gpfs/ycga/work/dunn/sequences/illumina/physalia_novaseq7_2023/Sample_110933_167_026/110933_167_026_S55_L004_R2_001.fastq.gz,1,68910597,SRA_spots,true,,cluster=B1,,,,,SAMN40621379,,tentacle,,Japan,
Church2025:YPM-IZ-110937,YPM:IZ:110937,Church2025,Church2025,YPM-IZ-110937,,Church et al. 2025,Physalia utriculus,Physalia utriculus,P_physalis,YPM-IZ-110937,NW Pacific,Japan,35.309561,139.47882,35.309561 N 139.478820 E,2023-07-21,,SRR28498765,PRJNA1092115,A00124:710:HMFVWDSX7:L003,/gpfs/ycga/work/dunn/sequences/illumina/physalia_novaseq6_2023/Sample_110937_181_012,/gpfs/ycga/work/dunn/sequences/illumina/physalia_novaseq6_2023/Sample_110937_181_012/110937_181_012_S10_L003_R1_001.fastq.gz,/gpfs/ycga/work/dunn/sequences/illumina/physalia_novaseq6_2023/Sample_110937_181_012/110937_181_012_S10_L003_R2_001.fastq.gz,1,177771144,SRA_spots,true,,cluster=B1,,,,,SAMN40621380,,tentacle,,Japan,
Church2025:YPM-IZ-110938,YPM:IZ:110938,Church2025,Church2025,YPM-IZ-110938,,Church et al. 2025,Physalia utriculus,Physalia utriculus,P_physalis,YPM-IZ-110938,NW Pacific,Japan,35.309701,139.478831,35.309701 N 139.478831 E,2023-09-22,,SRR28498764,PRJNA1092115,LH00309:109:22CJLFLT3:L004,/gpfs/ycga/work/dunn/sequences/illumina/physalia_novaseq7_2023/Sample_110938_155_038,/gpfs/ycga/work/dunn/sequences/illumina/physalia_novaseq7_2023/Sample_110938_155_038/110938_155_038_S56_L004_R1_001.fastq.gz,/gpfs/ycga/work/dunn/sequences/illumina/physalia_novaseq7_2023/Sample_110938_155_038/110938_155_038_S56_L004_R2_001.fastq.gz,1,71929403,SRA_spots,true,,cluster=B1,,,,,SAMN40621381,,tentacle,,Japan,
Church2025:YPM-IZ-110943,YPM:IZ:110943,Church2025,Church2025,YPM-IZ-110943,,Church et al. 2025,Physalia sp1,Physalia sp1,P_physalis,YPM-IZ-110943,NW Pacific,Japan,35.134935,140.284606,35.134935 N 140.284606 E,2023-05-19,,SRR28498763,PRJNA1092115,LH00309:109:22CJLFLT3:L004,/gpfs/ycga/work/dunn/sequences/illumina/physalia_novaseq7_2023/Sample_110943_143_050,/gpfs/ycga/work/dunn/sequences/illumina/physalia_novaseq7_2023/Sample_110943_143_050/110943_143_050_S57_L004_R1_001.fastq.gz,/gpfs/ycga/work/dunn/sequences/illumina/physalia_novaseq7_2023/Sample_110943_143_050/110943_143_050_S57_L004_R2_001.fastq.gz,1,74462768,SRA_spots,true,,cluster=B2,,,,,SAMN40621382,,tentacle,,Japan,
Church2025:YPM-IZ-110972,YPM:IZ:110972,Church2025,Church2025,YPM-IZ-110972,,Church et al. 2025,Physalia physalis,Physalia physalis,P_physalis,YPM-IZ-110972,NE Atlantic,Ireland,51.83707,-10.19556,51.83707 N 10.19556 W,2023-10-08,,SRR28498762,PRJNA1092115,A00124:710:HMFVWDSX7:L003,/gpfs/ycga/work/dunn/sequences/illumina/physalia_novaseq6_2023/Sample_110972_169_024,/gpfs/ycga/work/dunn/sequences/illumina/physalia_novaseq6_2023/Sample_110972_169_024/110972_169_024_S11_L003_R1_001.fastq.gz,/gpfs/ycga/work/dunn/sequences/illumina/physalia_novaseq6_2023/Sample_110972_169_024/110972_169_024_S11_L003_R2_001.fastq.gz,1,153474343,SRA_spots,true,,cluster=A,,,,,SAMN40621383,,tentacle,,Ireland,
Church2025:YPM-IZ-111006,YPM:IZ:111006,Church2025,Church2025,YPM-IZ-111006,,Church et al. 2025,Physalia utriculus,Physalia utriculus,P_physalis,YPM-IZ-111006,W Indian,South Africa,-27.539919,32.67865,27.539919 S 32.678650 E,2023-08-08,,SRR28498761,PRJNA1092115,A00124:710:HMFVWDSX7:L003,/gpfs/ycga/work/dunn/sequences/illumina/physalia_novaseq6_2023/Sample_111006_145_048,/gpfs/ycga/work/dunn/sequences/illumina/physalia_novaseq6_2023/Sample_111006_145_048/111006_145_048_S13_L003_R1_001.fastq.gz,/gpfs/ycga/work/dunn/sequences/illumina/physalia_novaseq6_2023/Sample_111006_145_048/111006_145_048_S13_L003_R2_001.fastq.gz,1,165695988,SRA_spots,true,,cluster=B1,,,,,SAMN40621384,,tentacle,,South Africa,
Church2025:YPM-IZ-111007,YPM:IZ:111007,Church2025,Church2025,YPM-IZ-111007,,Church et al. 2025,Physalia utriculus,Physalia utriculus,P_physalis,YPM-IZ-111007,W Indian,South Africa,-27.539919,32.67865,27.539919 S 32.678650 E,2023-08-08,,SRR28498760,PRJNA1092115,A00124:710:HMFVWDSX7:L003,/gpfs/ycga/work/dunn/sequences/illumina/physalia_novaseq6_2023/Sample_111007_133_060,/gpfs/ycga/work/dunn/sequences/illumina/physalia_novaseq6_2023/Sample_111007_133_060/111007_133_060_S14_L003_R1_001.fastq.gz,/gpfs/ycga/work/dunn/sequences/illumina/physalia_novaseq6_2023/Sample_111007_133_060/111007_133_060_S14_L003_R2_001.fastq.gz,1,153711703,SRA_spots,true,,cluster=B1,,,,,SAMN40621385,,tentacle,,South Africa,
Church2025:YPM-IZ-111008,YPM:IZ:111008,Church2025,Church2025,YPM-IZ-111008,,Church et al. 2025,Physalia utriculus,Physalia utriculus,P_physalis,YPM-IZ-111008,W Indian,South Africa,-27.539919,32.67865,27.539919 S 32.678650 E,2023-08-08,,SRR28498759,PRJNA1092115,A00124:710:HMFVWDSX7:L003,/gpfs/ycga/work/dunn/sequences/illumina/physalia_novaseq6_2023/Sample_111008_121_072,/gpfs/ycga/work/dunn/sequences/illumina/physalia_novaseq6_2023/Sample_111008_121_072/111008_121_072_S15_L003_R1_001.fastq.gz,/gpfs/ycga/work/dunn/sequences/illumina/physalia_novaseq6_2023/Sample_111008_121_072/111008_121_072_S15_L003_R2_001.fastq.gz,1,180436649,SRA_spots,true,,cluster=B1,,,,,SAMN40621386,,tentacle,,South Africa,
Church2025:YPM-IZ-111009,YPM:IZ:111009,Church2025,Church2025,YPM-IZ-111009,,Church et al. 2025,Physalia utriculus,Physalia utriculus,P_physalis,YPM-IZ-111009,W Indian,South Africa,-27.539919,32.67865,27.539919 S 32.678650 E,2023-08-08,,SRR28498758,PRJNA1092115,A00124:710:HMFVWDSX7:L003,/gpfs/ycga/work/dunn/sequences/illumina/physalia_novaseq6_2023/Sample_111009_109_084,/gpfs/ycga/work/dunn/sequences/illumina/physalia_novaseq6_2023/Sample_111009_109_084/111009_109_084_S16_L003_R1_001.fastq.gz,/gpfs/ycga/work/dunn/sequences/illumina/physalia_novaseq6_2023/Sample_111009_109_084/111009_109_084_S16_L003_R2_001.fastq.gz,1,183559214,SRA_spots,true,,cluster=B1,,,,,SAMN40621387,,tentacle,,South Africa,
Church2025:YPM-IZ-111010,YPM:IZ:111010,Church2025,Church2025,YPM-IZ-111010,,Church et al. 2025,Physalia megalista,Physalia megalista,P_physalis,YPM-IZ-111010,W Indian,South Africa,-27.539919,32.67865,27.539919 S 32.678650 E,2023-08-08,,SRR28498757,PRJNA1092115,A00124:710:HMFVWDSX7:L003,/gpfs/ycga/work/dunn/sequences/illumina/physalia_novaseq6_2023/Sample_111010_097_096,/gpfs/ycga/work/dunn/sequences/illumina/physalia_novaseq6_2023/Sample_111010_097_096/111010_097_096_S17_L003_R1_001.fastq.gz,/gpfs/ycga/work/dunn/sequences/illumina/physalia_novaseq6_2023/Sample_111010_097_096/111010_097_096_S17_L003_R2_001.fastq.gz,1,107734869,SRA_spots,true,,cluster=C1,,,,,SAMN40621388,,tentacle,,South Africa,
Church2025:YPM-IZ-111012,YPM:IZ:111012,Church2025,Church2025,YPM-IZ-111012,,Church et al. 2025,Physalia physalis,Physalia physalis,P_physalis,YPM-IZ-111012,NW Atlantic,Bermuda,32.3078,-64.7505,,2022-03-08,,SRR28498756,PRJNA1092115,LH00309:109:22CJLFLT3:L004,/gpfs/ycga/work/dunn/sequences/illumina/physalia_novaseq7_2023/Sample_111012_192_001,/gpfs/ycga/work/dunn/sequences/illumina/physalia_novaseq7_2023/Sample_111012_192_001/111012_192_001_S44_L004_R1_001.fastq.gz,/gpfs/ycga/work/dunn/sequences/illumina/physalia_novaseq7_2023/Sample_111012_192_001/111012_192_001_S44_L004_R2_001.fastq.gz,1,115445013,SRA_spots,true,,cluster=A,,,,,SAMN40621389,,tentacle,,Bermuda,
Church2025:YPM-IZ-111013,YPM:IZ:111013,Church2025,Church2025,YPM-IZ-111013,,Church et al. 2025,Physalia physalis,Physalia physalis,P_physalis,YPM-IZ-111013,NW Atlantic,Bermuda,32.3078,-64.7505,,2022-03-08,,SRR28498754,PRJNA1092115,LH00309:109:22CJLFLT3:L004,/gpfs/ycga/work/dunn/sequences/illumina/physalia_novaseq7_2023/Sample_111013_180_013,/gpfs/ycga/work/dunn/sequences/illumina/physalia_novaseq7_2023/Sample_111013_180_013/111013_180_013_S45_L004_R1_001.fastq.gz,/gpfs/ycga/work/dunn/sequences/illumina/physalia_novaseq7_2023/Sample_111013_180_013/111013_180_013_S45_L004_R2_001.fastq.gz,1,61727922,SRA_spots,true,,cluster=A,,,,,SAMN40621390,,tentacle,,Bermuda,
Church2025:YPM-IZ-111014,YPM:IZ:111014,Church2025,Church2025,YPM-IZ-111014,,Church et al. 2025,Physalia physalis,Physalia physalis,P_physalis,YPM-IZ-111014,NW Atlantic,Bermuda,32.3078,-64.7505,,2022-03-09,,SRR28498753,PRJNA1092115,LH00309:109:22CJLFLT3:L004,/gpfs/ycga/work/dunn/sequences/illumina/physalia_novaseq7_2023/Sample_111014_168_025,/gpfs/ycga/work/dunn/sequences/illumina/physalia_novaseq7_2023/Sample_111014_168_025/111014_168_025_S46_L004_R1_001.fastq.gz,/gpfs/ycga/work/dunn/sequences/illumina/physalia_novaseq7_2023/Sample_111014_168_025/111014_168_025_S46_L004_R2_001.fastq.gz,1,61508995,SRA_spots,true,,cluster=A,,,,,SAMN40621391,,tentacle,,Bermuda,
Church2025:YPM-IZ-111016,YPM:IZ:111016,Church2025,Church2025,YPM-IZ-111016,,Church et al. 2025,Physalia physalis,Physalia physalis,P_physalis,YPM-IZ-111016,NW Atlantic,Bermuda,32.3078,-64.7505,,2022-03-09,,SRR28498752,PRJNA1092115,LH00309:109:22CJLFLT3:L004,/gpfs/ycga/work/dunn/sequences/illumina/physalia_novaseq7_2023/Sample_111016_144_049,/gpfs/ycga/work/dunn/sequences/illumina/physalia_novaseq7_2023/Sample_111016_144_049/111016_144_049_S48_L004_R1_001.fastq.gz,/gpfs/ycga/work/dunn/sequences/illumina/physalia_novaseq7_2023/Sample_111016_144_049/111016_144_049_S48_L004_R2_001.fastq.gz,1,81323568,SRA_spots,true,,cluster=A,,,,,SAMN40621392,,tentacle,,Bermuda,
Church2025:YPM-IZ-111017,YPM:IZ:111017,Church2025,Church2025,YPM-IZ-111017,,Church et al. 2025,Physalia physalis,Physalia physalis,P_physalis,YPM-IZ-111017,NW Atlantic,Bermuda,32.3078,-64.7505,,2022-03-09,,SRR28498751,PRJNA1092115,LH00309:109:22CJLFLT3:L004,/gpfs/ycga/work/dunn/sequences/illumina/physalia_novaseq7_2023/Sample_111017_132_061,/gpfs/ycga/work/dunn/sequences/illumina/physalia_novaseq7_2023/Sample_111017_132_061/111017_132_061_S49_L004_R1_001.fastq.gz,/gpfs/ycga/work/dunn/sequences/illumina/physalia_novaseq7_2023/Sample_111017_132_061/111017_132_061_S49_L004_R2_001.fastq.gz,1,89196610,SRA_spots,true,,cluster=A,,,,,SAMN40621393,,tentacle,,Bermuda,
Church2025:YPM-IZ-111018,YPM:IZ:111018,Church2025,Church2025,YPM-IZ-111018,,Church et al. 2025,Physalia physalis,Physalia physalis,P_physalis,YPM-IZ-111018,NW Atlantic,Bermuda,32.3078,-64.7505,,2022-03-09,,SRR28498750,PRJNA1092115,LH00309:109:22CJLFLT3:L004,/gpfs/ycga/work/dunn/sequences/illumina/physalia_novaseq7_2023/Sample_111018_120_073,/gpfs/ycga/work/dunn/sequences/illumina/physalia_novaseq7_2023/Sample_111018_120_073/111018_120_073_S50_L004_R1_001.fastq.gz,/gpfs/ycga/work/dunn/sequences/illumina/physalia_novaseq7_2023/Sample_111018_120_073/111018_120_073_S50_L004_R2_001.fastq.gz,1,76058516,SRA_spots,true,,cluster=A,,,,,SAMN40621394,,tentacle,,Bermuda,
Church2025:YPM-IZ-111156,YPM:IZ:111156,Church2025,Church2025,YPM-IZ-111156,,Church et al. 2025,Physalia megalista,Physalia megalista,P_physalis,YPM-IZ-111156,SW Pacific,Tasman Sea,-35.747,154.33,35.747000 S 154.330000 E,2023-10-16,,SRR29478751,PRJNA1092115,LH00309:204:227MGJLT4:L003,/gpfs/ycga/work/dunn/sequences/illumina/physalia_novaseq8_2023/Sample_111156_147_046,/gpfs/ycga/work/dunn/sequences/illumina/physalia_novaseq8_2023/Sample_111156_147_046/111156_147_046_S79_L003_R1_001.fastq.gz,/gpfs/ycga/work/dunn/sequences/illumina/physalia_novaseq8_2023/Sample_111156_147_046/111156_147_046_S79_L003_R2_001.fastq.gz,1,92301448,SRA_spots,true,,cluster=C1,,,,,SAMN41900818,,tentacle,,,
Church2025:YPM-IZ-111157,YPM:IZ:111157,Church2025,Church2025,YPM-IZ-111157,,Church et al. 2025,Physalia megalista,Physalia megalista,P_physalis,YPM-IZ-111157,SW Pacific,Tasman Sea,-35.747,154.33,35.747000 S 154.330000 E,2023-10-16,,SRR29478750,PRJNA1092115,LH00309:204:227MGJLT4:L003,/gpfs/ycga/work/dunn/sequences/illumina/physalia_novaseq8_2023/Sample_111157_135_058,/gpfs/ycga/work/dunn/sequences/illumina/physalia_novaseq8_2023/Sample_111157_135_058/111157_135_058_S80_L003_R1_001.fastq.gz,/gpfs/ycga/work/dunn/sequences/illumina/physalia_novaseq8_2023/Sample_111157_135_058/111157_135_058_S80_L003_R2_001.fastq.gz,1,153376841,SRA_spots,true,,cluster=C1,,,,,SAMN41900819,,tentacle,,,
Church2025:YPM-IZ-111158,YPM:IZ:111158,Church2025,Church2025,YPM-IZ-111158,,Church et al. 2025,Physalia megalista,Physalia megalista,P_physalis,YPM-IZ-111158,SW Pacific,Tasman Sea,-35.747,154.33,35.747000 S 154.330000 E,2023-10-16,,SRR29478747,PRJNA1092115,LH00309:204:227MGJLT4:L003,/gpfs/ycga/work/dunn/sequences/illumina/physalia_novaseq8_2023/Sample_111158_123_070,/gpfs/ycga/work/dunn/sequences/illumina/physalia_novaseq8_2023/Sample_111158_123_070/111158_123_070_S81_L003_R1_001.fastq.gz,/gpfs/ycga/work/dunn/sequences/illumina/physalia_novaseq8_2023/Sample_111158_123_070/111158_123_070_S81_L003_R2_001.fastq.gz,1,126229657,SRA_spots,true,,cluster=C1,,,,,SAMN41900820,,tentacle,,,
Church2025:YPM-IZ-111159,YPM:IZ:111159,Church2025,Church2025,YPM-IZ-111159,,Church et al. 2025,Physalia megalista,Physalia megalista,P_physalis,YPM-IZ-111159,SW Pacific,Tasman Sea,-35.747,154.33,35.747000 S 154.330000 E,2023-10-16,,SRR29478746,PRJNA1092115,LH00309:204:227MGJLT4:L003,/gpfs/ycga/work/dunn/sequences/illumina/physalia_novaseq8_2023/Sample_111159_111_082,/gpfs/ycga/work/dunn/sequences/illumina/physalia_novaseq8_2023/Sample_111159_111_082/111159_111_082_S82_L003_R1_001.fastq.gz,/gpfs/ycga/work/dunn/sequences/illumina/physalia_novaseq8_2023/Sample_111159_111_082/111159_111_082_S82_L003_R2_001.fastq.gz,1,131529677,SRA_spots,true,,cluster=C1,,,,,SAMN41900821,,tentacle,,,
Church2025:YPM-IZ-111160,YPM:IZ:111160,Church2025,Church2025,YPM-IZ-111160,,Church et al. 2025,Physalia megalista,Physalia megalista,P_physalis,YPM-IZ-111160,SW Pacific,Tasman Sea,-35.747,154.33,35.747000 S 154.330000 E,2023-10-16,,SRR29478745,PRJNA1092115,LH00309:204:227MGJLT4:L003,/gpfs/ycga/work/dunn/sequences/illumina/physalia_novaseq8_2023/Sample_111160_099_094,/gpfs/ycga/work/dunn/sequences/illumina/physalia_novaseq8_2023/Sample_111160_099_094/111160_099_094_S83_L003_R1_001.fastq.gz,/gpfs/ycga/work/dunn/sequences/illumina/physalia_novaseq8_2023/Sample_111160_099_094/111160_099_094_S83_L003_R2_001.fastq.gz,1,120162876,SRA_spots,true,,cluster=C1,,,,,SAMN41900822,,tentacle,,,
Church2025:YPM-IZ-111163,YPM:IZ:111163,Church2025,Church2025,YPM-IZ-111163,,Church et al. 2025,Physalia utriculus,Physalia utriculus,P_physalis,YPM-IZ-111163,SW Pacific,New South Wales,-33.9475,151.257361,33.947500 S 151.257361 E,2024-03-18,,SRR29478744,PRJNA1092115,LH00309:204:227MGJLT4:L003,/gpfs/ycga/work/dunn/sequences/illumina/physalia_novaseq8_2023/Sample_111163_159_034,/gpfs/ycga/work/dunn/sequences/illumina/physalia_novaseq8_2023/Sample_111163_159_034/111163_159_034_S78_L003_R1_001.fastq.gz,/gpfs/ycga/work/dunn/sequences/illumina/physalia_novaseq8_2023/Sample_111163_159_034/111163_159_034_S78_L003_R2_001.fastq.gz,1,155920906,SRA_spots,true,,cluster=B1,,,,,SAMN41900823,,tentacle,,Australia,
Church2025:YPM-IZ-111207,YPM:IZ:111207,Church2025,Church2025,YPM-IZ-111207,,Church et al. 2025,Physalia minuta,Physalia minuta,P_physalis,YPM-IZ-111207,SW Pacific,New Zealand,-36.89515,174.443889,36.895150 S 174.443889 E,2024-03-15,,SRR29478743,PRJNA1092115,LH00309:191:227L7FLT4:L002;LH00309:195:227FKVLT4:L005,/gpfs/ycga/work/dunn/sequences/illumina/physalia_novaseq8_2023/Sample_CWD_NZ31_158_035;/gpfs/ycga/work/dunn/sequences/illumina/physalia_novaseq8_2023/Sample_CWD_NZ31_158_035_idefko,/gpfs/ycga/work/dunn/sequences/illumina/physalia_novaseq8_2023/Sample_CWD_NZ31_158_035/CWD_NZ31_158_035_S64_L002_R1_001.fastq.gz;/gpfs/ycga/work/dunn/sequences/illumina/physalia_novaseq8_2023/Sample_CWD_NZ31_158_035_idefko/CWD_NZ31_158_035_S119_L005_R1_001.fastq.gz,/gpfs/ycga/work/dunn/sequences/illumina/physalia_novaseq8_2023/Sample_CWD_NZ31_158_035/CWD_NZ31_158_035_S64_L002_R2_001.fastq.gz;/gpfs/ycga/work/dunn/sequences/illumina/physalia_novaseq8_2023/Sample_CWD_NZ31_158_035_idefko/CWD_NZ31_158_035_S119_L005_R2_001.fastq.gz,2,85403082,SRA_spots,true,,cluster=C2,,,,,SAMN41900824,,tentacle,,New Zealand,
Church2025:YPM-IZ-111208,YPM:IZ:111208,Church2025,Church2025,YPM-IZ-111208,,Church et al. 2025,Physalia minuta,Physalia minuta,P_physalis,YPM-IZ-111208,SW Pacific,New Zealand,-36.89515,174.443889,36.895150 S 174.443889 E,2024-03-15,,SRR29478742,PRJNA1092115,LH00309:191:227L7FLT4:L002;LH00309:195:227FKVLT4:L005,/gpfs/ycga/work/dunn/sequences/illumina/physalia_novaseq8_2023/Sample_CWD_NZ32_146_047;/gpfs/ycga/work/dunn/sequences/illumina/physalia_novaseq8_2023/Sample_CWD_NZ32_146_047_ndxgok,/gpfs/ycga/work/dunn/sequences/illumina/physalia_novaseq8_2023/Sample_CWD_NZ32_146_047/CWD_NZ32_146_047_S65_L002_R1_001.fastq.gz;/gpfs/ycga/work/dunn/sequences/illumina/physalia_novaseq8_2023/Sample_CWD_NZ32_146_047_ndxgok/CWD_NZ32_146_047_S120_L005_R1_001.fastq.gz,/gpfs/ycga/work/dunn/sequences/illumina/physalia_novaseq8_2023/Sample_CWD_NZ32_146_047/CWD_NZ32_146_047_S65_L002_R2_001.fastq.gz;/gpfs/ycga/work/dunn/sequences/illumina/physalia_novaseq8_2023/Sample_CWD_NZ32_146_047_ndxgok/CWD_NZ32_146_047_S120_L005_R2_001.fastq.gz,2,99474641,SRA_spots,true,,cluster=C2,,,,,SAMN41900825,,tentacle,,New Zealand,
Church2025:YPM-IZ-111209,YPM:IZ:111209,Church2025,Church2025,YPM-IZ-111209,,Church et al. 2025,Physalia minuta,Physalia minuta,P_physalis,YPM-IZ-111209,SW Pacific,New Zealand,-36.89515,174.443889,36.895150 S 174.443889 E,2024-03-15,,SRR29478741,PRJNA1092115,LH00309:204:227MGJLT4:L003,/gpfs/ycga/work/dunn/sequences/illumina/physalia_novaseq8_2023/Sample_CWD_NZ33_182_011,/gpfs/ycga/work/dunn/sequences/illumina/physalia_novaseq8_2023/Sample_CWD_NZ33_182_011/CWD_NZ33_182_011_S84_L003_R1_001.fastq.gz,/gpfs/ycga/work/dunn/sequences/illumina/physalia_novaseq8_2023/Sample_CWD_NZ33_182_011/CWD_NZ33_182_011_S84_L003_R2_001.fastq.gz,1,112181688,SRA_spots,true,,cluster=C2,,,,,SAMN41900826,,tentacle,,New Zealand,
Church2025:YPM-IZ-111210,YPM:IZ:111210,Church2025,Church2025,YPM-IZ-111210,,Church et al. 2025,Physalia minuta,Physalia minuta,P_physalis,YPM-IZ-111210,SW Pacific,New Zealand,-36.89515,174.443889,36.895150 S 174.443889 E,2024-03-15,,SRR29478740,PRJNA1092115,LH00309:191:227L7FLT4:L002;LH00309:195:227FKVLT4:L005,/gpfs/ycga/work/dunn/sequences/illumina/physalia_novaseq8_2023/Sample_CWD_NZ34_134_059;/gpfs/ycga/work/dunn/sequences/illumina/physalia_novaseq8_2023/Sample_CWD_NZ34_134_059_xtagte,/gpfs/ycga/work/dunn/sequences/illumina/physalia_novaseq8_2023/Sample_CWD_NZ34_134_059/CWD_NZ34_134_059_S66_L002_R1_001.fastq.gz;/gpfs/ycga/work/dunn/sequences/illumina/physalia_novaseq8_2023/Sample_CWD_NZ34_134_059_xtagte/CWD_NZ34_134_059_S121_L005_R1_001.fastq.gz,/gpfs/ycga/work/dunn/sequences/illumina/physalia_novaseq8_2023/Sample_CWD_NZ34_134_059/CWD_NZ34_134_059_S66_L002_R2_001.fastq.gz;/gpfs/ycga/work/dunn/sequences/illumina/physalia_novaseq8_2023/Sample_CWD_NZ34_134_059_xtagte/CWD_NZ34_134_059_S121_L005_R2_001.fastq.gz,2,93906211,SRA_spots,true,,cluster=C2,,,,,SAMN41900827,,tentacle,,New Zealand,
Church2025:YPM-IZ-111241,YPM:IZ:111241,Church2025,Church2025,YPM-IZ-111241,,Church et al. 2025,Physalia minuta,Physalia minuta,P_physalis,YPM-IZ-111241,SW Pacific,New Zealand,-36.89515,174.443889,,2024-03-15,,,PRJNA1092115,LH00309:259:22CWK3LT4:L002;LH00309:266:22F23WLT3:L006,/gpfs/ycga/work/dunn/sequences/illumina/S2_additional_samples_skimming_2024/Sample_111241_129_064;/gpfs/ycga/work/dunn/sequences/illumina/S2_additional_samples_skimming_2024/Sample_111241_129_064_mzvihe,/gpfs/ycga/work/dunn/sequences/illumina/S2_additional_samples_skimming_2024/Sample_111241_129_064/111241_129_064_S12_L002_R1_001.fastq.gz;/gpfs/ycga/work/dunn/sequences/illumina/S2_additional_samples_skimming_2024/Sample_111241_129_064_mzvihe/111241_129_064_S20_L006_R1_001.fastq.gz,/gpfs/ycga/work/dunn/sequences/illumina/S2_additional_samples_skimming_2024/Sample_111241_129_064/111241_129_064_S12_L002_R2_001.fastq.gz;/gpfs/ycga/work/dunn/sequences/illumina/S2_additional_samples_skimming_2024/Sample_111241_129_064_mzvihe/111241_129_064_S20_L006_R2_001.fastq.gz,2,122340997,counted,true,,"cluster=C2; submitted to PRJNA1092115, not yet released by NCBI",,,,,,,,,,
Church2025:YPM-IZ-111243,YPM:IZ:111243,Church2025,Church2025,YPM-IZ-111243,,Church et al. 2025,Physalia minuta,Physalia minuta,P_physalis,YPM-IZ-111243,SW Pacific,New Zealand,-36.89515,174.443889,,2024-03-15,,,PRJNA1092115,LH00309:259:22CWK3LT4:L002;LH00309:266:22F23WLT3:L006,/gpfs/ycga/work/dunn/sequences/illumina/S2_additional_samples_skimming_2024/Sample_111243_153_040;/gpfs/ycga/work/dunn/sequences/illumina/S2_additional_samples_skimming_2024/Sample_111243_153_040_pzscdl,/gpfs/ycga/work/dunn/sequences/illumina/S2_additional_samples_skimming_2024/Sample_111243_153_040/111243_153_040_S10_L002_R1_001.fastq.gz;/gpfs/ycga/work/dunn/sequences/illumina/S2_additional_samples_skimming_2024/Sample_111243_153_040_pzscdl/111243_153_040_S19_L006_R1_001.fastq.gz,/gpfs/ycga/work/dunn/sequences/illumina/S2_additional_samples_skimming_2024/Sample_111243_153_040/111243_153_040_S10_L002_R2_001.fastq.gz;/gpfs/ycga/work/dunn/sequences/illumina/S2_additional_samples_skimming_2024/Sample_111243_153_040_pzscdl/111243_153_040_S19_L006_R2_001.fastq.gz,2,106774316,counted,true,,"cluster=C2; submitted to PRJNA1092115, not yet released by NCBI",,,,,,,,,,
Church2025:YPM-IZ-111495,YPM:IZ:111495,Church2025,Church2025,YPM-IZ-111495,,Church et al. 2025,Physalia megalista,Physalia megalista,P_physalis,YPM-IZ-111495,SW Pacific,New Zealand,-35.954891,173.744757,,2024-05-28,,,PRJNA1092115,LH00309:259:22CWK3LT4:L002;LH00309:266:22F23WLT3:L006,/gpfs/ycga/work/dunn/sequences/illumina/S2_additional_samples_skimming_2024/Sample_111495_165_028;/gpfs/ycga/work/dunn/sequences/illumina/S2_additional_samples_skimming_2024/Sample_111495_165_028_zfzhfg,/gpfs/ycga/work/dunn/sequences/illumina/S2_additional_samples_skimming_2024/Sample_111495_165_028/111495_165_028_S9_L002_R1_001.fastq.gz;/gpfs/ycga/work/dunn/sequences/illumina/S2_additional_samples_skimming_2024/Sample_111495_165_028_zfzhfg/111495_165_028_S18_L006_R1_001.fastq.gz,/gpfs/ycga/work/dunn/sequences/illumina/S2_additional_samples_skimming_2024/Sample_111495_165_028/111495_165_028_S9_L002_R2_001.fastq.gz;/gpfs/ycga/work/dunn/sequences/illumina/S2_additional_samples_skimming_2024/Sample_111495_165_028_zfzhfg/111495_165_028_S18_L006_R2_001.fastq.gz,2,102265133,counted,true,,"cluster=C1; submitted to PRJNA1092115, not yet released by NCBI",,,,,,,,,,
Church2025:YPM-IZ-111513,YPM:IZ:111513,Church2025,Church2025,YPM-IZ-111513,,Church et al. 2025,Physalia megalista,Physalia megalista,P_physalis,YPM-IZ-111513,SW Pacific,New Zealand,-36.082526,173.856312,,2024-05-29,,,PRJNA1092115,LH00309:259:22CWK3LT4:L002;LH00309:266:22F23WLT3:L006,/gpfs/ycga/work/dunn/sequences/illumina/S2_additional_samples_skimming_2024/Sample_111513_177_016;/gpfs/ycga/work/dunn/sequences/illumina/S2_additional_samples_skimming_2024/Sample_111513_177_016_davwdh,/gpfs/ycga/work/dunn/sequences/illumina/S2_additional_samples_skimming_2024/Sample_111513_177_016/111513_177_016_S8_L002_R1_001.fastq.gz;/gpfs/ycga/work/dunn/sequences/illumina/S2_additional_samples_skimming_2024/Sample_111513_177_016_davwdh/111513_177_016_S17_L006_R1_001.fastq.gz,/gpfs/ycga/work/dunn/sequences/illumina/S2_additional_samples_skimming_2024/Sample_111513_177_016/111513_177_016_S8_L002_R2_001.fastq.gz;/gpfs/ycga/work/dunn/sequences/illumina/S2_additional_samples_skimming_2024/Sample_111513_177_016_davwdh/111513_177_016_S17_L006_R2_001.fastq.gz,2,112719213,counted,true,,"cluster=C1; submitted to PRJNA1092115, not yet released by NCBI",,,,,,,,,,
Church2025:YPM-IZ-111514,YPM:IZ:111514,Church2025,Church2025,YPM-IZ-111514,,Church et al. 2025,Physalia megalista,Physalia megalista,P_physalis,YPM-IZ-111514,SW Pacific,New Zealand,-36.082526,173.856312,,2024-05-29,,,PRJNA1092115,LH00309:308:22GYWYLT4:L002;LH00309:314:22HW55LT4:L007,/gpfs/ycga/work/dunn/sequences/illumina/physalia_novaseq9_2023/Sample_111514_147_046;/gpfs/ycga/work/dunn/sequences/illumina/physalia_novaseq9_2023/Sample_111514_147_046_btgeyv,/gpfs/ycga/work/dunn/sequences/illumina/physalia_novaseq9_2023/Sample_111514_147_046/111514_147_046_S32_L002_R1_001.fastq.gz;/gpfs/ycga/work/dunn/sequences/illumina/physalia_novaseq9_2023/Sample_111514_147_046_btgeyv/111514_147_046_S92_L007_R1_001.fastq.gz,/gpfs/ycga/work/dunn/sequences/illumina/physalia_novaseq9_2023/Sample_111514_147_046/111514_147_046_S32_L002_R2_001.fastq.gz;/gpfs/ycga/work/dunn/sequences/illumina/physalia_novaseq9_2023/Sample_111514_147_046_btgeyv/111514_147_046_S92_L007_R2_001.fastq.gz,2,107316277,counted,true,,"cluster=C1; submitted to PRJNA1092115, not yet released by NCBI",,,,,,,,,,
Church2025:YPM-IZ-111517,YPM:IZ:111517,Church2025,Church2025,YPM-IZ-111517,,Church et al. 2025,Physalia megalista,Physalia megalista,P_physalis,YPM-IZ-111517,SW Pacific,New Zealand,-36.082526,173.856312,,2024-05-30,,,PRJNA1092115,LH00309:311:22GMLFLT4:L008,/gpfs/ycga/work/dunn/sequences/illumina/physalia_novaseq9_2023/Sample_YPM-IZ-111517_116_077,/gpfs/ycga/work/dunn/sequences/illumina/physalia_novaseq9_2023/Sample_YPM-IZ-111517_116_077/YPM-IZ-111517_116_077_S57_L008_R1_001.fastq.gz,/gpfs/ycga/work/dunn/sequences/illumina/physalia_novaseq9_2023/Sample_YPM-IZ-111517_116_077/YPM-IZ-111517_116_077_S57_L008_R2_001.fastq.gz,1,135884327,counted,true,,"cluster=C1; submitted to PRJNA1092115, not yet released by NCBI",,,,,,,,,,
Church2025:YPM-IZ-111518,YPM:IZ:111518,Church2025,Church2025,YPM-IZ-111518,,Church et al. 2025,Physalia megalista,Physalia megalista,P_physalis,YPM-IZ-111518,SW Pacific,New Zealand,-36.082526,173.856312,,2024-05-30,,,PRJNA1092115,LH00309:311:22GMLFLT4:L008,/gpfs/ycga/work/dunn/sequences/illumina/physalia_novaseq9_2023/Sample_YPM-IZ-111518_104_089,/gpfs/ycga/work/dunn/sequences/illumina/physalia_novaseq9_2023/Sample_YPM-IZ-111518_104_089/YPM-IZ-111518_104_089_S58_L008_R1_001.fastq.gz,/gpfs/ycga/work/dunn/sequences/illumina/physalia_novaseq9_2023/Sample_YPM-IZ-111518_104_089/YPM-IZ-111518_104_089_S58_L008_R2_001.fastq.gz,1,150076662,counted,true,,"cluster=C1; submitted to PRJNA1092115, not yet released by NCBI",,,,,,,,,,
Church2025:YPM-IZ-111519,YPM:IZ:111519,Church2025,Church2025,YPM-IZ-111519,,Church et al. 2025,Physalia megalista,Physalia megalista,P_physalis,YPM-IZ-111519,SW Pacific,New Zealand,-36.082526,173.856312,,2024-05-30,,,PRJNA1092115,LH00309:308:22GYWYLT4:L002,/gpfs/ycga/work/dunn/sequences/illumina/physalia_novaseq9_2023/Sample_111519_135_058,/gpfs/ycga/work/dunn/sequences/illumina/physalia_novaseq9_2023/Sample_111519_135_058/111519_135_058_S33_L002_R1_001.fastq.gz,/gpfs/ycga/work/dunn/sequences/illumina/physalia_novaseq9_2023/Sample_111519_135_058/111519_135_058_S33_L002_R2_001.fastq.gz,1,98239843,counted,true,,"cluster=C1; submitted to PRJNA1092115, not yet released by NCBI",,,,,,,,,,
Church2025:YPM-IZ-111520,YPM:IZ:111520,Church2025,Church2025,YPM-IZ-111520,,Church et al. 2025,Physalia megalista,Physalia megalista,P_physalis,YPM-IZ-111520,SW Pacific,New Zealand,-36.082526,173.856312,,2024-05-30,,,PRJNA1092115,LH00309:311:22GMLFLT4:L008,/gpfs/ycga/work/dunn/sequences/illumina/physalia_novaseq9_2023/Sample_YPM-IZ-111520_187_006,/gpfs/ycga/work/dunn/sequences/illumina/physalia_novaseq9_2023/Sample_YPM-IZ-111520_187_006/YPM-IZ-111520_187_006_S59_L008_R1_001.fastq.gz,/gpfs/ycga/work/dunn/sequences/illumina/physalia_novaseq9_2023/Sample_YPM-IZ-111520_187_006/YPM-IZ-111520_187_006_S59_L008_R2_001.fastq.gz,1,111281098,counted,true,,"cluster=C1; submitted to PRJNA1092115, not yet released by NCBI",,,,,,,,,,
Church2025:YPM-IZ-111521,YPM:IZ:111521,Church2025,Church2025,YPM-IZ-111521,,Church et al. 2025,Physalia megalista,Physalia megalista,P_physalis,YPM-IZ-111521,SW Pacific,New Zealand,-36.082526,173.856312,,2024-05-30,,,PRJNA1092115,LH00309:311:22GMLFLT4:L008,/gpfs/ycga/work/dunn/sequences/illumina/physalia_novaseq9_2023/Sample_YPM-IZ-111521_175_018,/gpfs/ycga/work/dunn/sequences/illumina/physalia_novaseq9_2023/Sample_YPM-IZ-111521_175_018/YPM-IZ-111521_175_018_S60_L008_R1_001.fastq.gz,/gpfs/ycga/work/dunn/sequences/illumina/physalia_novaseq9_2023/Sample_YPM-IZ-111521_175_018/YPM-IZ-111521_175_018_S60_L008_R2_001.fastq.gz,1,113985626,counted,true,,"cluster=C1; submitted to PRJNA1092115, not yet released by NCBI",,,,,,,,,,
Church2025:YPM-IZ-111529,YPM:IZ:111529,Church2025,Church2025,YPM-IZ-111529,,Church et al. 2025,Physalia megalista,Physalia megalista,P_physalis,YPM-IZ-111529,SW Pacific,New Zealand,-35.954891,173.744757,,2024-05-31,,,PRJNA1092115,LH00309:311:22GMLFLT4:L008,/gpfs/ycga/work/dunn/sequences/illumina/physalia_novaseq9_2023/Sample_YPM-IZ-111529_163_030,/gpfs/ycga/work/dunn/sequences/illumina/physalia_novaseq9_2023/Sample_YPM-IZ-111529_163_030/YPM-IZ-111529_163_030_S61_L008_R1_001.fastq.gz,/gpfs/ycga/work/dunn/sequences/illumina/physalia_novaseq9_2023/Sample_YPM-IZ-111529_163_030/YPM-IZ-111529_163_030_S61_L008_R2_001.fastq.gz,1,111190436,counted,true,,"cluster=C1; submitted to PRJNA1092115, not yet released by NCBI",,,,,,,,,,
Church2025:YPM-IZ-111530,YPM:IZ:111530,Church2025,Church2025,YPM-IZ-111530,,Church et al. 2025,Physalia megalista,Physalia megalista,P_physalis,YPM-IZ-111530,SW Pacific,New Zealand,-35.954891,173.744757,,2024-05-31,,,PRJNA1092115,LH00309:311:22GMLFLT4:L008,/gpfs/ycga/work/dunn/sequences/illumina/physalia_novaseq9_2023/Sample_YPM-IZ-111530_151_042,/gpfs/ycga/work/dunn/sequences/illumina/physalia_novaseq9_2023/Sample_YPM-IZ-111530_151_042/YPM-IZ-111530_151_042_S62_L008_R1_001.fastq.gz,/gpfs/ycga/work/dunn/sequences/illumina/physalia_novaseq9_2023/Sample_YPM-IZ-111530_151_042/YPM-IZ-111530_151_042_S62_L008_R2_001.fastq.gz,1,139233681,counted,true,,"cluster=C1; submitted to PRJNA1092115, not yet released by NCBI",,,,,,,,,,
Church2025:YPM-IZ-111539,YPM:IZ:111539,Church2025,Church2025,YPM-IZ-111539,,Church et al. 2025,Physalia megalista,Physalia megalista,P_physalis,YPM-IZ-111539,SW Pacific,New Zealand,-35.954891,173.744757,,2024-06-02,,,PRJNA1092115,LH00309:311:22GMLFLT4:L008,/gpfs/ycga/work/dunn/sequences/illumina/physalia_novaseq9_2023/Sample_YPM-IZ-111539_139_054,/gpfs/ycga/work/dunn/sequences/illumina/physalia_novaseq9_2023/Sample_YPM-IZ-111539_139_054/YPM-IZ-111539_139_054_S63_L008_R1_001.fastq.gz,/gpfs/ycga/work/dunn/sequences/illumina/physalia_novaseq9_2023/Sample_YPM-IZ-111539_139_054/YPM-IZ-111539_139_054_S63_L008_R2_001.fastq.gz,1,111635825,counted,true,,"cluster=C1; submitted to PRJNA1092115, not yet released by NCBI",,,,,,,,,,
Church2025:YPM-IZ-111547,YPM:IZ:111547,Church2025,Church2025,YPM-IZ-111547,,Church et al. 2025,Physalia utriculus,Physalia utriculus,P_physalis,YPM-IZ-111547,Central Pacific,Hawai'i,21.40079,-157.7345,,2024-04-05,,,PRJNA1092115,LH00309:259:22CWK3LT4:L002,/gpfs/ycga/work/dunn/sequences/illumina/S2_additional_samples_skimming_2024/Sample_111547_141_052,/gpfs/ycga/work/dunn/sequences/illumina/S2_additional_samples_skimming_2024/Sample_111547_141_052/111547_141_052_S11_L002_R1_001.fastq.gz,/gpfs/ycga/work/dunn/sequences/illumina/S2_additional_samples_skimming_2024/Sample_111547_141_052/111547_141_052_S11_L002_R2_001.fastq.gz,1,111987621,counted,true,,"cluster=B1; submitted to PRJNA1092115, not yet released by NCBI",,,,,,,,,,
Church2025:YPM-IZ-111839,YPM:IZ:111839,Church2025,Church2025,YPM-IZ-111839,,Church et al. 2025,Physalia sp1,Physalia sp1,P_physalis,YPM-IZ-111839,Central Pacific,Central Pacific,8.355,-156.89,,2011-11-24,,,PRJNA1092115,LH00309:325:22HLVMLT4:L008,/gpfs/ycga/work/dunn/sequences/illumina/physalia_novaseq9_2023/Sample_S238-015_102_091,/gpfs/ycga/work/dunn/sequences/illumina/physalia_novaseq9_2023/Sample_S238-015_102_091/S238-015_102_091_S2_L008_R1_001.fastq.gz,/gpfs/ycga/work/dunn/sequences/illumina/physalia_novaseq9_2023/Sample_S238-015_102_091/S238-015_102_091_S2_L008_R2_001.fastq.gz,1,310823762,counted,true,,"cluster=B2; submitted to PRJNA1092115, not yet released by NCBI",,,,,,,,,,
Church2025:YPM-IZ-111840,YPM:IZ:111840,Church2025,Church2025,YPM-IZ-111840,,Church et al. 2025,Physalia utriculus,Physalia utriculus,P_physalis,YPM-IZ-111840,Central Pacific,Central Pacific,9.5217,-157.425,,2011-11-23,,,PRJNA1092115,LH00309:325:22HLVMLT4:L008,/gpfs/ycga/work/dunn/sequences/illumina/physalia_novaseq9_2023/Sample_S238-013_114_079,/gpfs/ycga/work/dunn/sequences/illumina/physalia_novaseq9_2023/Sample_S238-013_114_079/S238-013_114_079_S1_L008_R1_001.fastq.gz,/gpfs/ycga/work/dunn/sequences/illumina/physalia_novaseq9_2023/Sample_S238-013_114_079/S238-013_114_079_S1_L008_R2_001.fastq.gz,1,193780382,counted,true,,"cluster=B1; submitted to PRJNA1092115, not yet released by NCBI",,,,,,,,,,
Ahuja2024:CWD1,YPM:IZ:35024,Ahuja2024,Ahuja2024,CWD1,,Ahuja et al. 2024,Agalma clausi,Agalma clausi,none,OC381-18-6,,Atlantic Ocean,37.43,-72.68,37.43 N 72.68 W,2002-09-22,10,SRR23143291,PRJNA925656,A00124:419:HFNHJDSX3:L001;A00124:432:HHGFNDSX3:L004,/gpfs/ycga/work/dunn/sequences/illumina/Novaseq_siphgenomes/Sample_CWD1_122_071,/gpfs/ycga/work/dunn/sequences/illumina/Novaseq_siphgenomes/Sample_CWD1_122_071/CWD1_122_071_S112_L004_R1_001.fastq.gz;/gpfs/ycga/work/dunn/sequences/illumina/Novaseq_siphgenomes/Sample_CWD1_122_071/CWD1_122_071_S2_L001_R1_001.fastq.gz,/gpfs/ycga/work/dunn/sequences/illumina/Novaseq_siphgenomes/Sample_CWD1_122_071/CWD1_122_071_S112_L004_R2_001.fastq.gz;/gpfs/ycga/work/dunn/sequences/illumina/Novaseq_siphgenomes/Sample_CWD1_122_071/CWD1_122_071_S2_L001_R2_001.fastq.gz,2,104516304,SRA_spots,true,,,,,10 meters,data/sources/Ahuja2024_Supplementary_Table_1.xlsx#Invertebrate.1.0!P15 | https://www.ncbi.nlm.nih.gov/biosample/SAMN32803028,SAMN32803028,,siphosome,,,YPM:IZ:35024
Ahuja2024:CWD101,YPM:IZ:35090,Ahuja2024,Ahuja2024,CWD101,,Ahuja et al. 2024,Apolemia sp. 3 CWD-2005,Apolemia sp. 3 CWD-2005,none,Tib595D1,,Pacific Ocean,36.23,-122.77,36.23 N 122.77 W,2003-07-18,387,SRR23143290,PRJNA925656,A00124:419:HFNHJDSX3:L001;A00124:432:HHGFNDSX3:L004,/gpfs/ycga/work/dunn/sequences/illumina/Novaseq_siphgenomes/Sample_CWD101_172_021,/gpfs/ycga/work/dunn/sequences/illumina/Novaseq_siphgenomes/Sample_CWD101_172_021/CWD101_172_021_S122_L004_R1_001.fastq.gz;/gpfs/ycga/work/dunn/sequences/illumina/Novaseq_siphgenomes/Sample_CWD101_172_021/CWD101_172_021_S12_L001_R1_001.fastq.gz,/gpfs/ycga/work/dunn/sequences/illumina/Novaseq_siphgenomes/Sample_CWD101_172_021/CWD101_172_021_S122_L004_R2_001.fastq.gz;/gpfs/ycga/work/dunn/sequences/illumina/Novaseq_siphgenomes/Sample_CWD101_172_021/CWD101_172_021_S12_L001_R2_001.fastq.gz,2,147433621,SRA_spots,true,,,,,387 meters,data/sources/Ahuja2024_Supplementary_Table_1.xlsx#Invertebrate.1.0!P20 | https://www.ncbi.nlm.nih.gov/biosample/SAMN32803033,SAMN32803033,,siphosome,,,YPM:IZ:35090
Ahuja2024:CWD104,Tib596SS12,Ahuja2024,Ahuja2024,CWD104,,Ahuja et al. 2024,Bargmannia elongata,Bargmannia elongata,none,Tib596SS12,,Pacific Ocean,36.22,-123.77,36.22 N 123.77 W,2003-07-19,877,SRR23143279,PRJNA925656,A01519:196:H53CJDSX5:L004,/gpfs/ycga/work/dunn/sequences/illumina/Novaseq_siphgenomes/Sample_CWD104_320_257,/gpfs/ycga/work/dunn/sequences/illumina/Novaseq_siphgenomes/Sample_CWD104_320_257/CWD104_320_257_S15_L004_R1_001.fastq.gz,/gpfs/ycga/work/dunn/sequences/illumina/Novaseq_siphgenomes/Sample_CWD104_320_257/CWD104_320_257_S15_L004_R2_001.fastq.gz,1,301237433,SRA_spots,true,,,,,877 meters,data/sources/Ahuja2024_Supplementary_Table_1.xlsx#Invertebrate.1.0!P21 | https://www.ncbi.nlm.nih.gov/biosample/SAMN32803034,SAMN32803034,,siphosome,,,
Ahuja2024:CWD11,YPM:IZ:35076,Ahuja2024,Ahuja2024,CWD11,,Ahuja et al. 2024,Stephanomia amphytridis,Stephanomia amphytridis,none,JSL3272D1,,Atlantic Ocean,40.31,-68.13,40.31 N 68.13 W,2002-07-03,800,SRR23143268,PRJNA925656,A00124:419:HFNHJDSX3:L001;A00124:432:HHGFNDSX3:L004;A01519:133:HM2L3DSX3:L002,/gpfs/ycga/work/dunn/sequences/illumina/Novaseq_siphgenomes/Sample_CWD11_146_047,/gpfs/ycga/work/dunn/sequences/illumina/Novaseq_siphgenomes/Sample_CWD11_146_047/CWD11_146_047_S117_L004_R1_001.fastq.gz;/gpfs/ycga/work/dunn/sequences/illumina/Novaseq_siphgenomes/Sample_CWD11_146_047/CWD11_146_047_S34_L002_R1_001.fastq.gz;/gpfs/ycga/work/dunn/sequences/illumina/Novaseq_siphgenomes/Sample_CWD11_146_047/CWD11_146_047_S7_L001_R1_001.fastq.gz,/gpfs/ycga/work/dunn/sequences/illumina/Novaseq_siphgenomes/Sample_CWD11_146_047/CWD11_146_047_S117_L004_R2_001.fastq.gz;/gpfs/ycga/work/dunn/sequences/illumina/Novaseq_siphgenomes/Sample_CWD11_146_047/CWD11_146_047_S34_L002_R2_001.fastq.gz;/gpfs/ycga/work/dunn/sequences/illumina/Novaseq_siphgenomes/Sample_CWD11_146_047/CWD11_146_047_S7_L001_R2_001.fastq.gz,3,172085483,SRA_spots,true,,,,,800 meters,data/sources/Ahuja2024_Supplementary_Table_1.xlsx#Invertebrate.1.0!P48 | https://www.ncbi.nlm.nih.gov/biosample/SAMN32803061,SAMN32803061,,siphosome,,,YPM:IZ:35076
Ahuja2024:CWD116,MBARI071903BW,Ahuja2024,Ahuja2024,CWD116,,Ahuja et al. 2024,Agalma elegans,Agalma elegans,none,MBARI071903BW,,Pacific Ocean,36.22,-123.77,36.22 N 123.77 W,2003-07-19,10,SRR25099392;SRR25099393;SRR25099394;SRR25099395;SRR25099396,PRJNA925656,A00124:419:HFNHJDSX3:L001;A00124:432:HHGFNDSX3:L004;A00124:506:HY3KCDSX3:L002;A00124:527:H355KDSX5:L004;A01519:133:HM2L3DSX3:L002,/gpfs/ycga/work/dunn/sequences/illumina/Novaseq_siphgenomes/Sample_CWD116_134_059,/gpfs/ycga/work/dunn/sequences/illumina/Novaseq_siphgenomes/Sample_CWD116_134_059/CWD116_134_059_S11_L004_R1_001.fastq.gz;/gpfs/ycga/work/dunn/sequences/illumina/Novaseq_siphgenomes/Sample_CWD116_134_059/CWD116_134_059_S123_L004_R1_001.fastq.gz;/gpfs/ycga/work/dunn/sequences/illumina/Novaseq_siphgenomes/Sample_CWD116_134_059/CWD116_134_059_S13_L001_R1_001.fastq.gz;/gpfs/ycga/work/dunn/sequences/illumina/Novaseq_siphgenomes/Sample_CWD116_134_059/CWD116_134_059_S37_L002_R1_001.fastq.gz;/gpfs/ycga/work/dunn/sequences/illumina/Novaseq_siphgenomes/Sample_CWD116_134_059/CWD116_134_059_S41_L002_R1_001.fastq.gz,/gpfs/ycga/work/dunn/sequences/illumina/Novaseq_siphgenomes/Sample_CWD116_134_059/CWD116_134_059_S11_L004_R2_001.fastq.gz;/gpfs/ycga/work/dunn/sequences/illumina/Novaseq_siphgenomes/Sample_CWD116_134_059/CWD116_134_059_S123_L004_R2_001.fastq.gz;/gpfs/ycga/work/dunn/sequences/illumina/Novaseq_siphgenomes/Sample_CWD116_134_059/CWD116_134_059_S13_L001_R2_001.fastq.gz;/gpfs/ycga/work/dunn/sequences/illumina/Novaseq_siphgenomes/Sample_CWD116_134_059/CWD116_134_059_S37_L002_R2_001.fastq.gz;/gpfs/ycga/work/dunn/sequences/illumina/Novaseq_siphgenomes/Sample_CWD116_134_059/CWD116_134_059_S41_L002_R2_001.fastq.gz,5,1036210467,SRA_spots,true,,,,,10 meters,data/sources/Ahuja2024_Supplementary_Table_1.xlsx#Invertebrate.1.0!P17 | https://www.ncbi.nlm.nih.gov/biosample/SAMN32803030,SAMN32803030,,siphosome,,,
Ahuja2024:CWD117,YPM:IZ:35045,Ahuja2024,Ahuja2024,CWD117,,Ahuja et al. 2024,Hippopodius hippopus,Hippopodius hippopus,none,OC394-5-4,,Atlantic Ocean,39.7,-70.92,39.70 N 70.92 W,1999-06-28,10,SRR23143261,PRJNA925656,A00124:419:HFNHJDSX3:L001;A00124:432:HHGFNDSX3:L004;A01519:133:HM2L3DSX3:L002,/gpfs/ycga/work/dunn/sequences/illumina/Novaseq_siphgenomes/Sample_CWD117_160_033,/gpfs/ycga/work/dunn/sequences/illumina/Novaseq_siphgenomes/Sample_CWD117_160_033/CWD117_160_033_S124_L004_R1_001.fastq.gz;/gpfs/ycga/work/dunn/sequences/illumina/Novaseq_siphgenomes/Sample_CWD117_160_033/CWD117_160_033_S14_L001_R1_001.fastq.gz;/gpfs/ycga/work/dunn/sequences/illumina/Novaseq_siphgenomes/Sample_CWD117_160_033/CWD117_160_033_S38_L002_R1_001.fastq.gz,/gpfs/ycga/work/dunn/sequences/illumina/Novaseq_siphgenomes/Sample_CWD117_160_033/CWD117_160_033_S124_L004_R2_001.fastq.gz;/gpfs/ycga/work/dunn/sequences/illumina/Novaseq_siphgenomes/Sample_CWD117_160_033/CWD117_160_033_S14_L001_R2_001.fastq.gz;/gpfs/ycga/work/dunn/sequences/illumina/Novaseq_siphgenomes/Sample_CWD117_160_033/CWD117_160_033_S38_L002_R2_001.fastq.gz,3,270605623,SRA_spots,true,,,,,10 meters,data/sources/Ahuja2024_Supplementary_Table_1.xlsx#Invertebrate.1.0!P34 | https://www.ncbi.nlm.nih.gov/biosample/SAMN32803047,SAMN32803047,,siphosome,,,YPM:IZ:35045
Ahuja2024:CWD12,YPM:IZ:35038,Ahuja2024,Ahuja2024,CWD12,,Ahuja et al. 2024,Halistemma rubrum,Halistemma rubrum,none,VF041603,,Mediterranean Sea,43.68,7.33,43.68 N 7.33 E,2003-04-16,10,SRR23143260,PRJNA925656,A00124:419:HFNHJDSX3:L001;A00124:432:HHGFNDSX3:L004,/gpfs/ycga/work/dunn/sequences/illumina/Novaseq_siphgenomes/Sample_CWD12_098_095,/gpfs/ycga/work/dunn/sequences/illumina/Novaseq_siphgenomes/Sample_CWD12_098_095/CWD12_098_095_S118_L004_R1_001.fastq.gz;/gpfs/ycga/work/dunn/sequences/illumina/Novaseq_siphgenomes/Sample_CWD12_098_095/CWD12_098_095_S8_L001_R1_001.fastq.gz,/gpfs/ycga/work/dunn/sequences/illumina/Novaseq_siphgenomes/Sample_CWD12_098_095/CWD12_098_095_S118_L004_R2_001.fastq.gz;/gpfs/ycga/work/dunn/sequences/illumina/Novaseq_siphgenomes/Sample_CWD12_098_095/CWD12_098_095_S8_L001_R2_001.fastq.gz,2,103993703,SRA_spots,true,,,,,10 meters,data/sources/Ahuja2024_Supplementary_Table_1.xlsx#Invertebrate.1.0!P32 | https://www.ncbi.nlm.nih.gov/biosample/SAMN32803045,SAMN32803045,,siphosome,,,YPM:IZ:35038
Ahuja2024:CWD121,YPM:IZ:35350,Ahuja2024,Ahuja2024,CWD121,,Ahuja et al. 2024,Abylopsis tetragona,Abylopsis tetragona,none,OC394-6-22,,Atlantic Ocean,39.75,-70.87,39.75 N 70.87 W,1999-06-28,10,SRR23143259,PRJNA925656,A00124:419:HFNHJDSX3:L001;A00124:432:HHGFNDSX3:L004,/gpfs/ycga/work/dunn/sequences/illumina/Novaseq_siphgenomes/Sample_CWD121_145_048,/gpfs/ycga/work/dunn/sequences/illumina/Novaseq_siphgenomes/Sample_CWD121_145_048/CWD121_145_048_S125_L004_R1_001.fastq.gz;/gpfs/ycga/work/dunn/sequences/illumina/Novaseq_siphgenomes/Sample_CWD121_145_048/CWD121_145_048_S15_L001_R1_001.fastq.gz,/gpfs/ycga/work/dunn/sequences/illumina/Novaseq_siphgenomes/Sample_CWD121_145_048/CWD121_145_048_S125_L004_R2_001.fastq.gz;/gpfs/ycga/work/dunn/sequences/illumina/Novaseq_siphgenomes/Sample_CWD121_145_048/CWD121_145_048_S15_L001_R2_001.fastq.gz,2,106460202,SRA_spots,true,,,,,10 meters,data/sources/Ahuja2024_Supplementary_Table_1.xlsx#Invertebrate.1.0!P14 | https://www.ncbi.nlm.nih.gov/biosample/SAMN32803027,SAMN32803027,,siphosome,,,YPM:IZ:35350
Ahuja2024:CWD122,YPM:IZ:35049,Ahuja2024,Ahuja2024,CWD122,,Ahuja et al. 2024,Chelophyes appendiculata,Chelophyes appendiculata,none,OC394-5-19,,Atlantic Ocean,39.7,-70.9,39.7 N 70.90 W,1999-06-28,10,SRR23143258,PRJNA925656,A00124:419:HFNHJDSX3:L001;A00124:432:HHGFNDSX3:L004;A00124:527:H355KDSX5:L004;A01519:133:HM2L3DSX3:L002,/gpfs/ycga/work/dunn/sequences/illumina/Novaseq_siphgenomes/Sample_CWD122_133_060,/gpfs/ycga/work/dunn/sequences/illumina/Novaseq_siphgenomes/Sample_CWD122_133_060/CWD122_133_060_S10_L004_R1_001.fastq.gz;/gpfs/ycga/work/dunn/sequences/illumina/Novaseq_siphgenomes/Sample_CWD122_133_060/CWD122_133_060_S126_L004_R1_001.fastq.gz;/gpfs/ycga/work/dunn/sequences/illumina/Novaseq_siphgenomes/Sample_CWD122_133_060/CWD122_133_060_S16_L001_R1_001.fastq.gz;/gpfs/ycga/work/dunn/sequences/illumina/Novaseq_siphgenomes/Sample_CWD122_133_060/CWD122_133_060_S39_L002_R1_001.fastq.gz,/gpfs/ycga/work/dunn/sequences/illumina/Novaseq_siphgenomes/Sample_CWD122_133_060/CWD122_133_060_S10_L004_R2_001.fastq.gz;/gpfs/ycga/work/dunn/sequences/illumina/Novaseq_siphgenomes/Sample_CWD122_133_060/CWD122_133_060_S126_L004_R2_001.fastq.gz;/gpfs/ycga/work/dunn/sequences/illumina/Novaseq_siphgenomes/Sample_CWD122_133_060/CWD122_133_060_S16_L001_R2_001.fastq.gz;/gpfs/ycga/work/dunn/sequences/illumina/Novaseq_siphgenomes/Sample_CWD122_133_060/CWD122_133_060_S39_L002_R2_001.fastq.gz,4,353402974,SRA_spots,true,,,,,10 meters,data/sources/Ahuja2024_Supplementary_Table_1.xlsx#Invertebrate.1.0!P23 | https://www.ncbi.nlm.nih.gov/biosample/SAMN32803036,SAMN32803036,,siphosome,,,YPM:IZ:35049
Ahuja2024:CWD131,YPM:IZ:35355,Ahuja2024,Ahuja2024,CWD131,,Ahuja et al. 2024,Rhizophysa eysenhardtii,Rhizophysa eysenhardtii,none,BW415May03GOC#59,,Pacific Ocean,24.32,-109.2,24.32 N 109.20 W,2003-03-15,10,SRR23143257,PRJNA925656,A00124:419:HFNHJDSX3:L001;A00124:432:HHGFNDSX3:L004;A01519:133:HM2L3DSX3:L002,/gpfs/ycga/work/dunn/sequences/illumina/Novaseq_siphgenomes/Sample_CWD131_148_045,/gpfs/ycga/work/dunn/sequences/illumina/Novaseq_siphgenomes/Sample_CWD131_148_045/CWD131_148_045_S127_L004_R1_001.fastq.gz;/gpfs/ycga/work/dunn/sequences/illumina/Novaseq_siphgenomes/Sample_CWD131_148_045/CWD131_148_045_S17_L001_R1_001.fastq.gz;/gpfs/ycga/work/dunn/sequences/illumina/Novaseq_siphgenomes/Sample_CWD131_148_045/CWD131_148_045_S40_L002_R1_001.fastq.gz,/gpfs/ycga/work/dunn/sequences/illumina/Novaseq_siphgenomes/Sample_CWD131_148_045/CWD131_148_045_S127_L004_R2_001.fastq.gz;/gpfs/ycga/work/dunn/sequences/illumina/Novaseq_siphgenomes/Sample_CWD131_148_045/CWD131_148_045_S17_L001_R2_001.fastq.gz;/gpfs/ycga/work/dunn/sequences/illumina/Novaseq_siphgenomes/Sample_CWD131_148_045/CWD131_148_045_S40_L002_R2_001.fastq.gz,3,239493185,SRA_spots,true,,,,,10 meters,data/sources/Ahuja2024_Supplementary_Table_1.xlsx#Invertebrate.1.0!P44 | https://www.ncbi.nlm.nih.gov/biosample/SAMN32803057,SAMN32803057,,siphosome,,,YPM:IZ:35355
Ahuja2024:CWD141,YPM:IZ:35358,Ahuja2024,Ahuja2024,CWD141,,Ahuja et al. 2024,Stephalia dilata,Stephalia dilata,none,26III03-GOC#188,,Pacific Ocean,24.31,-109.2,24.31 N 109.20 W,2003-03-26,1349,SRR23143289,PRJNA925656,A00124:419:HFNHJDSX3:L001;A00124:432:HHGFNDSX3:L004;A01519:133:HM2L3DSX3:L002,/gpfs/ycga/work/dunn/sequences/illumina/Novaseq_siphgenomes/Sample_CWD141_136_057,/gpfs/ycga/work/dunn/sequences/illumina/Novaseq_siphgenomes/Sample_CWD141_136_057/CWD141_136_057_S128_L004_R1_001.fastq.gz;/gpfs/ycga/work/dunn/sequences/illumina/Novaseq_siphgenomes/Sample_CWD141_136_057/CWD141_136_057_S18_L001_R1_001.fastq.gz;/gpfs/ycga/work/dunn/sequences/illumina/Novaseq_siphgenomes/Sample_CWD141_136_057/CWD141_136_057_S41_L002_R1_001.fastq.gz,/gpfs/ycga/work/dunn/sequences/illumina/Novaseq_siphgenomes/Sample_CWD141_136_057/CWD141_136_057_S128_L004_R2_001.fastq.gz;/gpfs/ycga/work/dunn/sequences/illumina/Novaseq_siphgenomes/Sample_CWD141_136_057/CWD141_136_057_S18_L001_R2_001.fastq.gz;/gpfs/ycga/work/dunn/sequences/illumina/Novaseq_siphgenomes/Sample_CWD141_136_057/CWD141_136_057_S41_L002_R2_001.fastq.gz,3,220953310,SRA_spots,true,,,,,1349 meters,data/sources/Ahuja2024_Supplementary_Table_1.xlsx#Invertebrate.1.0!P47 | https://www.ncbi.nlm.nih.gov/biosample/SAMN32803060,SAMN32803060,,siphosome,,,YPM:IZ:35358
Ahuja2024:CWD144,YPM:IZ:35360,Ahuja2024,Ahuja2024,CWD144,,Ahuja et al. 2024,Gymnopraia lapislazula,Gymnopraia lapislazula,none,Tib105SS8,,Pacific Ocean,36.7,-122.04,36.70 N 122.04 W,2000-01-13,420,SRR25099388;SRR25099389;SRR25099390;SRR25099391,PRJNA925656,A00124:419:HFNHJDSX3:L001;A00124:432:HHGFNDSX3:L004;A00124:531:H3FGVDSX5:L004;A01519:133:HM2L3DSX3:L002,/gpfs/ycga/work/dunn/sequences/illumina/Novaseq_siphgenomes/Sample_CWD144_124_069,/gpfs/ycga/work/dunn/sequences/illumina/Novaseq_siphgenomes/Sample_CWD144_124_069/CWD144_124_069_S129_L004_R1_001.fastq.gz;/gpfs/ycga/work/dunn/sequences/illumina/Novaseq_siphgenomes/Sample_CWD144_124_069/CWD144_124_069_S19_L001_R1_001.fastq.gz;/gpfs/ycga/work/dunn/sequences/illumina/Novaseq_siphgenomes/Sample_CWD144_124_069/CWD144_124_069_S42_L002_R1_001.fastq.gz;/gpfs/ycga/work/dunn/sequences/illumina/Novaseq_siphgenomes/Sample_CWD144_124_069/CWD144_124_069_S6_L004_R1_001.fastq.gz,/gpfs/ycga/work/dunn/sequences/illumina/Novaseq_siphgenomes/Sample_CWD144_124_069/CWD144_124_069_S129_L004_R2_001.fastq.gz;/gpfs/ycga/work/dunn/sequences/illumina/Novaseq_siphgenomes/Sample_CWD144_124_069/CWD144_124_069_S19_L001_R2_001.fastq.gz;/gpfs/ycga/work/dunn/sequences/illumina/Novaseq_siphgenomes/Sample_CWD144_124_069/CWD144_124_069_S42_L002_R2_001.fastq.gz;/gpfs/ycga/work/dunn/sequences/illumina/Novaseq_siphgenomes/Sample_CWD144_124_069/CWD144_124_069_S6_L004_R2_001.fastq.gz,4,881181011,SRA_spots,true,,,,,420 meters,data/sources/Ahuja2024_Supplementary_Table_1.xlsx#Invertebrate.1.0!P31 | https://www.ncbi.nlm.nih.gov/biosample/SAMN32803044,SAMN32803044,,siphosome,,,YPM:IZ:35360
Ahuja2024:CWD146,YPM:IZ:35362,Ahuja2024,Ahuja2024,CWD146,,Ahuja et al. 2024,Erenna sirena,Erenna sirena,none,531D3,,Pacific Ocean,24.32,-109.2,24.32 N 109.2 W,2003-03-13,910,SRR23143287,PRJNA925656,A00124:419:HFNHJDSX3:L001;A00124:432:HHGFNDSX3:L004;A01519:133:HM2L3DSX3:L002,/gpfs/ycga/work/dunn/sequences/illumina/Novaseq_siphgenomes/Sample_CWD146_112_081,/gpfs/ycga/work/dunn/sequences/illumina/Novaseq_siphgenomes/Sample_CWD146_112_081/CWD146_112_081_S130_L004_R1_001.fastq.gz;/gpfs/ycga/work/dunn/sequences/illumina/Novaseq_siphgenomes/Sample_CWD146_112_081/CWD146_112_081_S20_L001_R1_001.fastq.gz;/gpfs/ycga/work/dunn/sequences/illumina/Novaseq_siphgenomes/Sample_CWD146_112_081/CWD146_112_081_S43_L002_R1_001.fastq.gz,/gpfs/ycga/work/dunn/sequences/illumina/Novaseq_siphgenomes/Sample_CWD146_112_081/CWD146_112_081_S130_L004_R2_001.fastq.gz;/gpfs/ycga/work/dunn/sequences/illumina/Novaseq_siphgenomes/Sample_CWD146_112_081/CWD146_112_081_S20_L001_R2_001.fastq.gz;/gpfs/ycga/work/dunn/sequences/illumina/Novaseq_siphgenomes/Sample_CWD146_112_081/CWD146_112_081_S43_L002_R2_001.fastq.gz,3,335244845,SRA_spots,true,,,,,910 meters,data/sources/Ahuja2024_Supplementary_Table_1.xlsx#Invertebrate.1.0!P28 | https://www.ncbi.nlm.nih.gov/biosample/SAMN32803041,SAMN32803041,,siphosome,,,YPM:IZ:35362
Ahuja2024:CWD16,YPM:IZ:35039,Ahuja2024,Ahuja2024;Ahuja2026,CWD16,Ahuja2026,Ahuja et al. 2024,Nanomia bijuga,Nanomia bijuga,none,OC379-11-7,NW Atlantic,Atlantic Ocean,37.45,-74.016667,37.45 N 74.02 W,2002-06-08,10,SRR23143286,PRJNA925656,A01519:196:H53CJDSX5:L004,/gpfs/ycga/work/dunn/sequences/illumina/Novaseq_siphgenomes/Sample_CWD16_296_281,/gpfs/ycga/work/dunn/sequences/illumina/Novaseq_siphgenomes/Sample_CWD16_296_281/CWD16_296_281_S17_L004_R1_001.fastq.gz,/gpfs/ycga/work/dunn/sequences/illumina/Novaseq_siphgenomes/Sample_CWD16_296_281/CWD16_296_281_S17_L004_R2_001.fastq.gz,1,313143022,SRA_spots,true,,,0,20,,data/sources/Ahuja2024_Supplementary_Table_1.xlsx#Invertebrate.1.0!P37 | data/sources/Ahuja2026_journal.pone.0351247.s008.xlsx#Sheet1!I2 | https://www.ncbi.nlm.nih.gov/biosample/SAMN32803050,SAMN32803050,,siphosome,,,YPM:IZ:35039
Ahuja2024:CWD17,YPM:IZ:35040,Ahuja2024,Ahuja2024,CWD17,,Ahuja et al. 2024,Halistemma rubrum,Halistemma rubrum,none,OC381-3-20,,Atlantic Ocean,38.85,-72.45,38.85 N 72.45 W,2002-09-16,10,SRR23143285,PRJNA925656,A00124:419:HFNHJDSX3:L001;A00124:432:HHGFNDSX3:L004;A01519:133:HM2L3DSX3:L002,/gpfs/ycga/work/dunn/sequences/illumina/Novaseq_siphgenomes/Sample_CWD17_181_012,/gpfs/ycga/work/dunn/sequences/illumina/Novaseq_siphgenomes/Sample_CWD17_181_012/CWD17_181_012_S119_L004_R1_001.fastq.gz;/gpfs/ycga/work/dunn/sequences/illumina/Novaseq_siphgenomes/Sample_CWD17_181_012/CWD17_181_012_S35_L002_R1_001.fastq.gz;/gpfs/ycga/work/dunn/sequences/illumina/Novaseq_siphgenomes/Sample_CWD17_181_012/CWD17_181_012_S9_L001_R1_001.fastq.gz,/gpfs/ycga/work/dunn/sequences/illumina/Novaseq_siphgenomes/Sample_CWD17_181_012/CWD17_181_012_S119_L004_R2_001.fastq.gz;/gpfs/ycga/work/dunn/sequences/illumina/Novaseq_siphgenomes/Sample_CWD17_181_012/CWD17_181_012_S35_L002_R2_001.fastq.gz;/gpfs/ycga/work/dunn/sequences/illumina/Novaseq_siphgenomes/Sample_CWD17_181_012/CWD17_181_012_S9_L001_R2_001.fastq.gz,3,171500636,SRA_spots,true,,,,,10 meters,data/sources/Ahuja2024_Supplementary_Table_1.xlsx#Invertebrate.1.0!P33 | https://www.ncbi.nlm.nih.gov/biosample/SAMN32803046,SAMN32803046,,siphosome,,,YPM:IZ:35040
Ahuja2024:CWD19,YPM:IZ:35346,Ahuja2024,Ahuja2024,CWD19,,Ahuja et al. 2024,Praya dubia,Praya dubia,none,MBARI03129,,Pacific Ocean,36.71,-122.05,36.71 N 122.05 W,1999-03-12,298,SRR23143284,PRJNA925656,A01519:196:H53CJDSX5:L004,/gpfs/ycga/work/dunn/sequences/illumina/Novaseq_siphgenomes/Sample_CWD19_308_269,/gpfs/ycga/work/dunn/sequences/illumina/Novaseq_siphgenomes/Sample_CWD19_308_269/CWD19_308_269_S16_L004_R1_001.fastq.gz,/gpfs/ycga/work/dunn/sequences/illumina/Novaseq_siphgenomes/Sample_CWD19_308_269/CWD19_308_269_S16_L004_R2_001.fastq.gz,1,384583011,SRA_spots,true,,,,,298 meters,data/sources/Ahuja2024_Supplementary_Table_1.xlsx#Invertebrate.1.0!P41 | https://www.ncbi.nlm.nih.gov/biosample/SAMN32803054,SAMN32803054,,siphosome,,,YPM:IZ:35346
Ahuja2024:CWD2,YPM:IZ:35029,Ahuja2024,Ahuja2024,CWD2,,Ahuja et al. 2024,Agalma elegans,Agalma elegans,none,OC381-7-27,,Atlantic Ocean,37.63,-73.45,37.63 N 73.45 W,2002-09-18,10,SRR23143283,PRJNA925656,A00124:419:HFNHJDSX3:L001;A00124:432:HHGFNDSX3:L004,/gpfs/ycga/work/dunn/sequences/illumina/Novaseq_siphgenomes/Sample_CWD2_110_083,/gpfs/ycga/work/dunn/sequences/illumina/Novaseq_siphgenomes/Sample_CWD2_110_083/CWD2_110_083_S113_L004_R1_001.fastq.gz;/gpfs/ycga/work/dunn/sequences/illumina/Novaseq_siphgenomes/Sample_CWD2_110_083/CWD2_110_083_S3_L001_R1_001.fastq.gz,/gpfs/ycga/work/dunn/sequences/illumina/Novaseq_siphgenomes/Sample_CWD2_110_083/CWD2_110_083_S113_L004_R2_001.fastq.gz;/gpfs/ycga/work/dunn/sequences/illumina/Novaseq_siphgenomes/Sample_CWD2_110_083/CWD2_110_083_S3_L001_R2_001.fastq.gz,2,97168657,SRA_spots,true,,,,,10 meters,data/sources/Ahuja2024_Supplementary_Table_1.xlsx#Invertebrate.1.0!P16 | https://www.ncbi.nlm.nih.gov/biosample/SAMN32803029,SAMN32803029,,siphosome,,,YPM:IZ:35029
Ahuja2024:CWD20,YPM:IZ:35347,Ahuja2024,Ahuja2024,CWD20,,Ahuja et al. 2024,Rhizophysa filiformis,Rhizophysa filiformis,none,MBARI-OC,,Atlantic Ocean,40.31,-68.14,40.31 N 68.14 W,1999-07-20,10,SRR23143282,PRJNA925656,A00124:419:HFNHJDSX3:L001;A00124:432:HHGFNDSX3:L004;A01519:133:HM2L3DSX3:L002,/gpfs/ycga/work/dunn/sequences/illumina/Novaseq_siphgenomes/Sample_CWD20_169_024,/gpfs/ycga/work/dunn/sequences/illumina/Novaseq_siphgenomes/Sample_CWD20_169_024/CWD20_169_024_S10_L001_R1_001.fastq.gz;/gpfs/ycga/work/dunn/sequences/illumina/Novaseq_siphgenomes/Sample_CWD20_169_024/CWD20_169_024_S120_L004_R1_001.fastq.gz;/gpfs/ycga/work/dunn/sequences/illumina/Novaseq_siphgenomes/Sample_CWD20_169_024/CWD20_169_024_S36_L002_R1_001.fastq.gz,/gpfs/ycga/work/dunn/sequences/illumina/Novaseq_siphgenomes/Sample_CWD20_169_024/CWD20_169_024_S10_L001_R2_001.fastq.gz;/gpfs/ycga/work/dunn/sequences/illumina/Novaseq_siphgenomes/Sample_CWD20_169_024/CWD20_169_024_S120_L004_R2_001.fastq.gz;/gpfs/ycga/work/dunn/sequences/illumina/Novaseq_siphgenomes/Sample_CWD20_169_024/CWD20_169_024_S36_L002_R2_001.fastq.gz,3,159263913,SRA_spots,true,,,,,10 meters,data/sources/Ahuja2024_Supplementary_Table_1.xlsx#Invertebrate.1.0!P45 | https://www.ncbi.nlm.nih.gov/biosample/SAMN32803058,SAMN32803058,,siphosome,,,YPM:IZ:35347
Ahuja2024:CWD21,YPM:IZ:35041,Ahuja2024,Ahuja2024,CWD21,,Ahuja et al. 2024,Rosacea flaccida,Rosacea flaccida,none,OC381-22-18,,Atlantic Ocean,38.9,-70.27,38.9 N 70.27 W,2002-09-24,10,SRR23143281,PRJNA925656,A00124:419:HFNHJDSX3:L001;A00124:432:HHGFNDSX3:L004,/gpfs/ycga/work/dunn/sequences/illumina/Novaseq_siphgenomes/Sample_CWD21_157_036,/gpfs/ycga/work/dunn/sequences/illumina/Novaseq_siphgenomes/Sample_CWD21_157_036/CWD21_157_036_S11_L001_R1_001.fastq.gz;/gpfs/ycga/work/dunn/sequences/illumina/Novaseq_siphgenomes/Sample_CWD21_157_036/CWD21_157_036_S121_L004_R1_001.fastq.gz,/gpfs/ycga/work/dunn/sequences/illumina/Novaseq_siphgenomes/Sample_CWD21_157_036/CWD21_157_036_S11_L001_R2_001.fastq.gz;/gpfs/ycga/work/dunn/sequences/illumina/Novaseq_siphgenomes/Sample_CWD21_157_036/CWD21_157_036_S121_L004_R2_001.fastq.gz,2,101601341,SRA_spots,true,,,,,10 meters,data/sources/Ahuja2024_Supplementary_Table_1.xlsx#Invertebrate.1.0!P46 | https://www.ncbi.nlm.nih.gov/biosample/SAMN32803059,SAMN32803059,,siphosome,,,YPM:IZ:35041
Ahuja2024:CWD3,YPM:IZ:35030,Ahuja2024,Ahuja2024,CWD3,,Ahuja et al. 2024,Agalma okenii,Agalma okenii,none,OC381-5-5,,Atlantic Ocean,38.17,-72.98,38.17 N 72.98 W,2002-09-17,10,SRR23143280,PRJNA925656,A00124:419:HFNHJDSX3:L001;A00124:432:HHGFNDSX3:L004;A01519:133:HM2L3DSX3:L002,/gpfs/ycga/work/dunn/sequences/illumina/Novaseq_siphgenomes/Sample_CWD3_101_092,/gpfs/ycga/work/dunn/sequences/illumina/Novaseq_siphgenomes/Sample_CWD3_101_092/CWD3_101_092_S114_L004_R1_001.fastq.gz;/gpfs/ycga/work/dunn/sequences/illumina/Novaseq_siphgenomes/Sample_CWD3_101_092/CWD3_101_092_S32_L002_R1_001.fastq.gz;/gpfs/ycga/work/dunn/sequences/illumina/Novaseq_siphgenomes/Sample_CWD3_101_092/CWD3_101_092_S4_L001_R1_001.fastq.gz,/gpfs/ycga/work/dunn/sequences/illumina/Novaseq_siphgenomes/Sample_CWD3_101_092/CWD3_101_092_S114_L004_R2_001.fastq.gz;/gpfs/ycga/work/dunn/sequences/illumina/Novaseq_siphgenomes/Sample_CWD3_101_092/CWD3_101_092_S32_L002_R2_001.fastq.gz;/gpfs/ycga/work/dunn/sequences/illumina/Novaseq_siphgenomes/Sample_CWD3_101_092/CWD3_101_092_S4_L001_R2_001.fastq.gz,3,257005662,SRA_spots,true,,,,,10 meters,data/sources/Ahuja2024_Supplementary_Table_1.xlsx#Invertebrate.1.0!P18 | https://www.ncbi.nlm.nih.gov/biosample/SAMN32803031,SAMN32803031,,siphosome,,,YPM:IZ:35030
Ahuja2024:CWD6,YPM:IZ:35032,Ahuja2024,Ahuja2024,CWD6,,Ahuja et al. 2024,Cordagalma,Cordagalma,none,OC379-16-20,,Atlantic Ocean,37.68,-73.13,37.68 N 73.13 W,2002-06-11,10,SRR23143278,PRJNA925656,A00124:419:HFNHJDSX3:L001;A00124:432:HHGFNDSX3:L004,/gpfs/ycga/work/dunn/sequences/illumina/Novaseq_siphgenomes/Sample_CWD6_184_009,/gpfs/ycga/work/dunn/sequences/illumina/Novaseq_siphgenomes/Sample_CWD6_184_009/CWD6_184_009_S115_L004_R1_001.fastq.gz;/gpfs/ycga/work/dunn/sequences/illumina/Novaseq_siphgenomes/Sample_CWD6_184_009/CWD6_184_009_S5_L001_R1_001.fastq.gz,/gpfs/ycga/work/dunn/sequences/illumina/Novaseq_siphgenomes/Sample_CWD6_184_009/CWD6_184_009_S115_L004_R2_001.fastq.gz;/gpfs/ycga/work/dunn/sequences/illumina/Novaseq_siphgenomes/Sample_CWD6_184_009/CWD6_184_009_S5_L001_R2_001.fastq.gz,2,151311569,SRA_spots,true,,,,,10 meters,data/sources/Ahuja2024_Supplementary_Table_1.xlsx#Invertebrate.1.0!P25 | https://www.ncbi.nlm.nih.gov/biosample/SAMN32803038,SAMN32803038,,siphosome,,,YPM:IZ:35032
Ahuja2024:CWD7,YPM:IZ:35033,Ahuja2024,Ahuja2024,CWD7,,Ahuja et al. 2024,Diphyes dispar,Diphyes dispar,none,OC381-9-4,,Atlantic Ocean,36.98,-73.85,36.98 N 73.85 W,2002-09-19,10,SRR23143277,PRJNA925656,A00124:419:HFNHJDSX3:L001;A00124:432:HHGFNDSX3:L004;A01519:133:HM2L3DSX3:L002,/gpfs/ycga/work/dunn/sequences/illumina/Novaseq_siphgenomes/Sample_CWD7_158_035,/gpfs/ycga/work/dunn/sequences/illumina/Novaseq_siphgenomes/Sample_CWD7_158_035/CWD7_158_035_S116_L004_R1_001.fastq.gz;/gpfs/ycga/work/dunn/sequences/illumina/Novaseq_siphgenomes/Sample_CWD7_158_035/CWD7_158_035_S33_L002_R1_001.fastq.gz;/gpfs/ycga/work/dunn/sequences/illumina/Novaseq_siphgenomes/Sample_CWD7_158_035/CWD7_158_035_S6_L001_R1_001.fastq.gz,/gpfs/ycga/work/dunn/sequences/illumina/Novaseq_siphgenomes/Sample_CWD7_158_035/CWD7_158_035_S116_L004_R2_001.fastq.gz;/gpfs/ycga/work/dunn/sequences/illumina/Novaseq_siphgenomes/Sample_CWD7_158_035/CWD7_158_035_S33_L002_R2_001.fastq.gz;/gpfs/ycga/work/dunn/sequences/illumina/Novaseq_siphgenomes/Sample_CWD7_158_035/CWD7_158_035_S6_L001_R2_001.fastq.gz,3,199108254,SRA_spots,true,,,,,10 meters,data/sources/Ahuja2024_Supplementary_Table_1.xlsx#Invertebrate.1.0!P27 | https://www.ncbi.nlm.nih.gov/biosample/SAMN32803040,SAMN32803040,,siphosome,,,YPM:IZ:35033
Ahuja2024:NA1,YPM:IZ:110225,Ahuja2024,Ahuja2024,NA1,,Ahuja et al. 2024,Chuniphyes multidentata,Chuniphyes multidentata,none,D1398-SS8,,Pacific Ocean,36.224784,-123.14242,36.224784 N 123.14242 W,2021-10-29,964,SRR23143276,PRJNA925656,A00124:419:HFNHJDSX3:L001;A00124:432:HHGFNDSX3:L004;A01519:133:HM2L3DSX3:L002,/gpfs/ycga/work/dunn/sequences/illumina/Novaseq_siphgenomes/Sample_NA1_100_093,/gpfs/ycga/work/dunn/sequences/illumina/Novaseq_siphgenomes/Sample_NA1_100_093/NA1_100_093_S131_L004_R1_001.fastq.gz;/gpfs/ycga/work/dunn/sequences/illumina/Novaseq_siphgenomes/Sample_NA1_100_093/NA1_100_093_S21_L001_R1_001.fastq.gz;/gpfs/ycga/work/dunn/sequences/illumina/Novaseq_siphgenomes/Sample_NA1_100_093/NA1_100_093_S44_L002_R1_001.fastq.gz,/gpfs/ycga/work/dunn/sequences/illumina/Novaseq_siphgenomes/Sample_NA1_100_093/NA1_100_093_S131_L004_R2_001.fastq.gz;/gpfs/ycga/work/dunn/sequences/illumina/Novaseq_siphgenomes/Sample_NA1_100_093/NA1_100_093_S21_L001_R2_001.fastq.gz;/gpfs/ycga/work/dunn/sequences/illumina/Novaseq_siphgenomes/Sample_NA1_100_093/NA1_100_093_S44_L002_R2_001.fastq.gz,3,222668998,SRA_spots,true,,,,,964 meters,data/sources/Ahuja2024_Supplementary_Table_1.xlsx#Invertebrate.1.0!P24 | https://www.ncbi.nlm.nih.gov/biosample/SAMN32803037,SAMN32803037,,siphosome,,,YPM:IZ:110225
Ahuja2024:NA10,T987-D2,Ahuja2024,Ahuja2024,NA10,,Ahuja et al. 2024,Resomia ornicephala,Resomia ornicephala,none,T987-D2,,Pacific Ocean,35.648785,-122.737913,35.648785 N 122.737913 W,2006-05-16,286.25,SRR23143275,PRJNA925656,A00124:419:HFNHJDSX3:L001;A00124:432:HHGFNDSX3:L004;A00124:527:H355KDSX5:L004;A01519:133:HM2L3DSX3:L002,/gpfs/ycga/work/dunn/sequences/illumina/Novaseq_siphgenomes/Sample_NA10_182_011,/gpfs/ycga/work/dunn/sequences/illumina/Novaseq_siphgenomes/Sample_NA10_182_011/NA10_182_011_S13_L004_R1_001.fastq.gz;/gpfs/ycga/work/dunn/sequences/illumina/Novaseq_siphgenomes/Sample_NA10_182_011/NA10_182_011_S140_L004_R1_001.fastq.gz;/gpfs/ycga/work/dunn/sequences/illumina/Novaseq_siphgenomes/Sample_NA10_182_011/NA10_182_011_S30_L001_R1_001.fastq.gz;/gpfs/ycga/work/dunn/sequences/illumina/Novaseq_siphgenomes/Sample_NA10_182_011/NA10_182_011_S51_L002_R1_001.fastq.gz,/gpfs/ycga/work/dunn/sequences/illumina/Novaseq_siphgenomes/Sample_NA10_182_011/NA10_182_011_S13_L004_R2_001.fastq.gz;/gpfs/ycga/work/dunn/sequences/illumina/Novaseq_siphgenomes/Sample_NA10_182_011/NA10_182_011_S140_L004_R2_001.fastq.gz;/gpfs/ycga/work/dunn/sequences/illumina/Novaseq_siphgenomes/Sample_NA10_182_011/NA10_182_011_S30_L001_R2_001.fastq.gz;/gpfs/ycga/work/dunn/sequences/illumina/Novaseq_siphgenomes/Sample_NA10_182_011/NA10_182_011_S51_L002_R2_001.fastq.gz,4,572564997,SRA_spots,true,,,,,286.25 meters,data/sources/Ahuja2024_Supplementary_Table_1.xlsx#Invertebrate.1.0!P42 | https://www.ncbi.nlm.nih.gov/biosample/SAMN32803055,SAMN32803055,,siphosome,,,
Ahuja2024:NA11,T845-D3,Ahuja2024,Ahuja2024,NA11,,Ahuja et al. 2024,Resomia ornicephala,Resomia ornicephala,none,T845-D3,,Pacific Ocean,36.699,-122.0578,36.6990 N 122.0578 W,2005-04-09,235,SRR23143274,PRJNA925656,A00124:419:HFNHJDSX3:L001;A00124:432:HHGFNDSX3:L004,/gpfs/ycga/work/dunn/sequences/illumina/Novaseq_siphgenomes/Sample_NA11_170_023,/gpfs/ycga/work/dunn/sequences/illumina/Novaseq_siphgenomes/Sample_NA11_170_023/NA11_170_023_S141_L004_R1_001.fastq.gz;/gpfs/ycga/work/dunn/sequences/illumina/Novaseq_siphgenomes/Sample_NA11_170_023/NA11_170_023_S31_L001_R1_001.fastq.gz,/gpfs/ycga/work/dunn/sequences/illumina/Novaseq_siphgenomes/Sample_NA11_170_023/NA11_170_023_S141_L004_R2_001.fastq.gz;/gpfs/ycga/work/dunn/sequences/illumina/Novaseq_siphgenomes/Sample_NA11_170_023/NA11_170_023_S31_L001_R2_001.fastq.gz,2,169072426,SRA_spots,true,,,,,235 meters,data/sources/Ahuja2024_Supplementary_Table_1.xlsx#Invertebrate.1.0!P43 | https://www.ncbi.nlm.nih.gov/biosample/SAMN32803056,SAMN32803056,,siphosome,,,
Ahuja2024:NA2,D1399-D4,Ahuja2024,Ahuja2024,NA2,,Ahuja et al. 2024,Physonectae,Physonectae,none,D1399-D4,,Pacific Ocean,36.698,-122.0716,36.698 N 122.0716 W,2021-10-30,600,SRR23143272,PRJNA925656,A00124:419:HFNHJDSX3:L001;A00124:432:HHGFNDSX3:L004;A01519:133:HM2L3DSX3:L002,/gpfs/ycga/work/dunn/sequences/illumina/Novaseq_siphgenomes/Sample_NA2_183_010,/gpfs/ycga/work/dunn/sequences/illumina/Novaseq_siphgenomes/Sample_NA2_183_010/NA2_183_010_S132_L004_R1_001.fastq.gz;/gpfs/ycga/work/dunn/sequences/illumina/Novaseq_siphgenomes/Sample_NA2_183_010/NA2_183_010_S22_L001_R1_001.fastq.gz;/gpfs/ycga/work/dunn/sequences/illumina/Novaseq_siphgenomes/Sample_NA2_183_010/NA2_183_010_S45_L002_R1_001.fastq.gz,/gpfs/ycga/work/dunn/sequences/illumina/Novaseq_siphgenomes/Sample_NA2_183_010/NA2_183_010_S132_L004_R2_001.fastq.gz;/gpfs/ycga/work/dunn/sequences/illumina/Novaseq_siphgenomes/Sample_NA2_183_010/NA2_183_010_S22_L001_R2_001.fastq.gz;/gpfs/ycga/work/dunn/sequences/illumina/Novaseq_siphgenomes/Sample_NA2_183_010/NA2_183_010_S45_L002_R2_001.fastq.gz,3,230563805,SRA_spots,true,,,,,600 meters,data/sources/Ahuja2024_Supplementary_Table_1.xlsx#Invertebrate.1.0!P39 | https://www.ncbi.nlm.nih.gov/biosample/SAMN32803052,SAMN32803052,,siphosome,,,
Ahuja2024:NA3,D1399-D5,Ahuja2024,Ahuja2024,NA3,,Ahuja et al. 2024,Forskalia,Forskalia,none,D1399-D5,,Pacific Ocean,36.697,-122.0724,36.697 N 122.0724 W,2021-10-30,349,SRR23143270,PRJNA925656,A00124:419:HFNHJDSX3:L001;A00124:432:HHGFNDSX3:L004;A01519:133:HM2L3DSX3:L002,/gpfs/ycga/work/dunn/sequences/illumina/Novaseq_siphgenomes/Sample_NA3_171_022,/gpfs/ycga/work/dunn/sequences/illumina/Novaseq_siphgenomes/Sample_NA3_171_022/NA3_171_022_S133_L004_R1_001.fastq.gz;/gpfs/ycga/work/dunn/sequences/illumina/Novaseq_siphgenomes/Sample_NA3_171_022/NA3_171_022_S23_L001_R1_001.fastq.gz;/gpfs/ycga/work/dunn/sequences/illumina/Novaseq_siphgenomes/Sample_NA3_171_022/NA3_171_022_S46_L002_R1_001.fastq.gz,/gpfs/ycga/work/dunn/sequences/illumina/Novaseq_siphgenomes/Sample_NA3_171_022/NA3_171_022_S133_L004_R2_001.fastq.gz;/gpfs/ycga/work/dunn/sequences/illumina/Novaseq_siphgenomes/Sample_NA3_171_022/NA3_171_022_S23_L001_R2_001.fastq.gz;/gpfs/ycga/work/dunn/sequences/illumina/Novaseq_siphgenomes/Sample_NA3_171_022/NA3_171_022_S46_L002_R2_001.fastq.gz,3,271237766,SRA_spots,true,,,,,349 meters,data/sources/Ahuja2024_Supplementary_Table_1.xlsx#Invertebrate.1.0!P29 | https://www.ncbi.nlm.nih.gov/biosample/SAMN32803042,SAMN32803042,,siphosome,,,
Ahuja2024:NA4,D1398-SS11,Ahuja2024,Ahuja2024,NA4,,Ahuja et al. 2024,Praya,Praya,none,D1398-SS11,,Pacific Ocean,36.2235,-123.143176,36.2235 N 123.143176 W,2021-10-30,249,SRR23143269,PRJNA925656,A00124:419:HFNHJDSX3:L001;A00124:432:HHGFNDSX3:L004;A01519:133:HM2L3DSX3:L002,/gpfs/ycga/work/dunn/sequences/illumina/Novaseq_siphgenomes/Sample_NA4_159_034,/gpfs/ycga/work/dunn/sequences/illumina/Novaseq_siphgenomes/Sample_NA4_159_034/NA4_159_034_S134_L004_R1_001.fastq.gz;/gpfs/ycga/work/dunn/sequences/illumina/Novaseq_siphgenomes/Sample_NA4_159_034/NA4_159_034_S24_L001_R1_001.fastq.gz;/gpfs/ycga/work/dunn/sequences/illumina/Novaseq_siphgenomes/Sample_NA4_159_034/NA4_159_034_S47_L002_R1_001.fastq.gz,/gpfs/ycga/work/dunn/sequences/illumina/Novaseq_siphgenomes/Sample_NA4_159_034/NA4_159_034_S134_L004_R2_001.fastq.gz;/gpfs/ycga/work/dunn/sequences/illumina/Novaseq_siphgenomes/Sample_NA4_159_034/NA4_159_034_S24_L001_R2_001.fastq.gz;/gpfs/ycga/work/dunn/sequences/illumina/Novaseq_siphgenomes/Sample_NA4_159_034/NA4_159_034_S47_L002_R2_001.fastq.gz,3,238886650,SRA_spots,true,,,,,249 meters,data/sources/Ahuja2024_Supplementary_Table_1.xlsx#Invertebrate.1.0!P40 | https://www.ncbi.nlm.nih.gov/biosample/SAMN32803053,SAMN32803053,,siphosome,,,
Ahuja2024:NA5,D1399-D12,Ahuja2024,Ahuja2024,NA5,,Ahuja et al. 2024,Apolemia rubriversa,Apolemia rubriversa,none,D1399-D12,,Pacific Ocean,36.698,-122.0719,36.698 N 122.0719 W,2021-10-30,556,SRR23143267,PRJNA925656,A00124:419:HFNHJDSX3:L001;A00124:432:HHGFNDSX3:L004;A01519:133:HM2L3DSX3:L002,/gpfs/ycga/work/dunn/sequences/illumina/Novaseq_siphgenomes/Sample_NA5_147_046,/gpfs/ycga/work/dunn/sequences/illumina/Novaseq_siphgenomes/Sample_NA5_147_046/NA5_147_046_S135_L004_R1_001.fastq.gz;/gpfs/ycga/work/dunn/sequences/illumina/Novaseq_siphgenomes/Sample_NA5_147_046/NA5_147_046_S25_L001_R1_001.fastq.gz;/gpfs/ycga/work/dunn/sequences/illumina/Novaseq_siphgenomes/Sample_NA5_147_046/NA5_147_046_S48_L002_R1_001.fastq.gz,/gpfs/ycga/work/dunn/sequences/illumina/Novaseq_siphgenomes/Sample_NA5_147_046/NA5_147_046_S135_L004_R2_001.fastq.gz;/gpfs/ycga/work/dunn/sequences/illumina/Novaseq_siphgenomes/Sample_NA5_147_046/NA5_147_046_S25_L001_R2_001.fastq.gz;/gpfs/ycga/work/dunn/sequences/illumina/Novaseq_siphgenomes/Sample_NA5_147_046/NA5_147_046_S48_L002_R2_001.fastq.gz,3,253243374,SRA_spots,true,,,,,556 meters,data/sources/Ahuja2024_Supplementary_Table_1.xlsx#Invertebrate.1.0!P19 | https://www.ncbi.nlm.nih.gov/biosample/SAMN32803032,SAMN32803032,,siphosome,,,
Ahuja2024:NA6,V4355-SS6,Ahuja2024,Ahuja2024,NA6,,Ahuja et al. 2024,Craseoa lathetica,Craseoa lathetica,none,V4355-SS6,,Pacific Ocean,36.6844,-122.072,36.6844 N 122.072 W,2021-09-23,467,SRR23143266,PRJNA925656,A00124:419:HFNHJDSX3:L001;A00124:432:HHGFNDSX3:L004,/gpfs/ycga/work/dunn/sequences/illumina/Novaseq_siphgenomes/Sample_NA6_135_058,/gpfs/ycga/work/dunn/sequences/illumina/Novaseq_siphgenomes/Sample_NA6_135_058/NA6_135_058_S136_L004_R1_001.fastq.gz;/gpfs/ycga/work/dunn/sequences/illumina/Novaseq_siphgenomes/Sample_NA6_135_058/NA6_135_058_S26_L001_R1_001.fastq.gz,/gpfs/ycga/work/dunn/sequences/illumina/Novaseq_siphgenomes/Sample_NA6_135_058/NA6_135_058_S136_L004_R2_001.fastq.gz;/gpfs/ycga/work/dunn/sequences/illumina/Novaseq_siphgenomes/Sample_NA6_135_058/NA6_135_058_S26_L001_R2_001.fastq.gz,2,171991413,SRA_spots,true,,,,,467 meters,data/sources/Ahuja2024_Supplementary_Table_1.xlsx#Invertebrate.1.0!P26 | https://www.ncbi.nlm.nih.gov/biosample/SAMN32803039,SAMN32803039,,siphosome,,,
Ahuja2024:NA7,V4355-D3,Ahuja2024,Ahuja2024,NA7,,Ahuja et al. 2024,Lilyopsis fluoracantha,Lilyopsis fluoracantha,none,V4355-D3,,Pacific Ocean,36.6842,-122.0727,36.6842 N 122.0727 W,2021-09-23,417,SRR23143265,PRJNA925656,A00124:419:HFNHJDSX3:L001;A00124:432:HHGFNDSX3:L004;A01519:133:HM2L3DSX3:L002,/gpfs/ycga/work/dunn/sequences/illumina/Novaseq_siphgenomes/Sample_NA7_123_070,/gpfs/ycga/work/dunn/sequences/illumina/Novaseq_siphgenomes/Sample_NA7_123_070/NA7_123_070_S137_L004_R1_001.fastq.gz;/gpfs/ycga/work/dunn/sequences/illumina/Novaseq_siphgenomes/Sample_NA7_123_070/NA7_123_070_S27_L001_R1_001.fastq.gz;/gpfs/ycga/work/dunn/sequences/illumina/Novaseq_siphgenomes/Sample_NA7_123_070/NA7_123_070_S49_L002_R1_001.fastq.gz,/gpfs/ycga/work/dunn/sequences/illumina/Novaseq_siphgenomes/Sample_NA7_123_070/NA7_123_070_S137_L004_R2_001.fastq.gz;/gpfs/ycga/work/dunn/sequences/illumina/Novaseq_siphgenomes/Sample_NA7_123_070/NA7_123_070_S27_L001_R2_001.fastq.gz;/gpfs/ycga/work/dunn/sequences/illumina/Novaseq_siphgenomes/Sample_NA7_123_070/NA7_123_070_S49_L002_R2_001.fastq.gz,3,285295476,SRA_spots,true,,,,,417 meters,data/sources/Ahuja2024_Supplementary_Table_1.xlsx#Invertebrate.1.0!P35 | https://www.ncbi.nlm.nih.gov/biosample/SAMN32803048,SAMN32803048,,siphosome,,,
Ahuja2024:NA8,YPM:IZ:110226,Ahuja2024,Ahuja2024,NA8,,Ahuja et al. 2024,Bargmannia lata,Bargmannia lata,none,D1398-D1,,Pacific Ocean,36.225,-123.1424,36.225 N 123.1424 W,2021-10-29,1299,SRR23143264,PRJNA925656,A00124:419:HFNHJDSX3:L001;A00124:432:HHGFNDSX3:L004,/gpfs/ycga/work/dunn/sequences/illumina/Novaseq_siphgenomes/Sample_NA8_111_082,/gpfs/ycga/work/dunn/sequences/illumina/Novaseq_siphgenomes/Sample_NA8_111_082/NA8_111_082_S138_L004_R1_001.fastq.gz;/gpfs/ycga/work/dunn/sequences/illumina/Novaseq_siphgenomes/Sample_NA8_111_082/NA8_111_082_S28_L001_R1_001.fastq.gz,/gpfs/ycga/work/dunn/sequences/illumina/Novaseq_siphgenomes/Sample_NA8_111_082/NA8_111_082_S138_L004_R2_001.fastq.gz;/gpfs/ycga/work/dunn/sequences/illumina/Novaseq_siphgenomes/Sample_NA8_111_082/NA8_111_082_S28_L001_R2_001.fastq.gz,2,151962850,SRA_spots,true,,,,,1299 meters,data/sources/Ahuja2024_Supplementary_Table_1.xlsx#Invertebrate.1.0!P22 | https://www.ncbi.nlm.nih.gov/biosample/SAMN32803035,SAMN32803035,,siphosome,,,YPM:IZ:110226
Ahuja2024:NA9,D199-SS8,Ahuja2024,Ahuja2024,NA9,,Ahuja et al. 2024,Frillagalma vityazi,Frillagalma vityazi,none,D199-SS8,,Pacific Ocean,36.6996,-122.0999,36.6996 N 122.0999 W,2010-10-12,420,SRR23143263,PRJNA925656,A00124:419:HFNHJDSX3:L001;A00124:432:HHGFNDSX3:L004;A01519:133:HM2L3DSX3:L002,/gpfs/ycga/work/dunn/sequences/illumina/Novaseq_siphgenomes/Sample_NA9_099_094,/gpfs/ycga/work/dunn/sequences/illumina/Novaseq_siphgenomes/Sample_NA9_099_094/NA9_099_094_S139_L004_R1_001.fastq.gz;/gpfs/ycga/work/dunn/sequences/illumina/Novaseq_siphgenomes/Sample_NA9_099_094/NA9_099_094_S29_L001_R1_001.fastq.gz;/gpfs/ycga/work/dunn/sequences/illumina/Novaseq_siphgenomes/Sample_NA9_099_094/NA9_099_094_S50_L002_R1_001.fastq.gz,/gpfs/ycga/work/dunn/sequences/illumina/Novaseq_siphgenomes/Sample_NA9_099_094/NA9_099_094_S139_L004_R2_001.fastq.gz;/gpfs/ycga/work/dunn/sequences/illumina/Novaseq_siphgenomes/Sample_NA9_099_094/NA9_099_094_S29_L001_R2_001.fastq.gz;/gpfs/ycga/work/dunn/sequences/illumina/Novaseq_siphgenomes/Sample_NA9_099_094/NA9_099_094_S50_L002_R2_001.fastq.gz,3,288799888,SRA_spots,true,,,,,420 meters,data/sources/Ahuja2024_Supplementary_Table_1.xlsx#Invertebrate.1.0!P30 | https://www.ncbi.nlm.nih.gov/biosample/SAMN32803043,SAMN32803043,,siphosome,,,
Ahuja2026:NA19,YPM:IZ:111744,Ahuja2026,Ahuja2024;Ahuja2026,NA19,Ahuja2024,Ahuja et al. 2024,Nanomia septata,Nanomia (CO1 per Ahuja 2026),N_septata,V3698-D2,NE Pacific,California,36.69898,-122.05013,"36.698983, -122.050126",2013-02-11,,SRR23143273,PRJNA925656,A01519:212:HHKVKDSX5:L002,/gpfs/ycga/work/dunn/sequences/illumina/Nanomia_novaseq/Sample_NA19_152_041,/gpfs/ycga/work/dunn/sequences/illumina/Nanomia_novaseq/Sample_NA19_152_041/NA19_152_041_S6_L002_R1_001.fastq.gz,/gpfs/ycga/work/dunn/sequences/illumina/Nanomia_novaseq/Sample_NA19_152_041/NA19_152_041_S6_L002_R2_001.fastq.gz,1,290181437,SRA_spots,true,,routing R (properly-paired to N. septata ref),,,,,SAMN32803049,,siphosome,,,YPM:IZ:111744
Ahuja2026:NA28,YPM:IZ:110451,Ahuja2026,Ahuja2026,NA28,,New,Nanomia sp.,Nanomia (CO1 per Ahuja 2026),none,RI2-5,NW Atlantic,Rhode Island,41.03600,-71.39900,"41.036, -71.399",2013-08-30,,SRR33215983,PRJNA1252167,A01519:267:HT37JDSX5:L002,/gpfs/ycga/work/dunn/sequences/illumina/Nanomia_novaseq/Sample_NA28_165_028,/gpfs/ycga/work/dunn/sequences/illumina/Nanomia_novaseq/Sample_NA28_165_028/NA28_165_028_S20_L002_R1_001.fastq.gz,/gpfs/ycga/work/dunn/sequences/illumina/Nanomia_novaseq/Sample_NA28_165_028/NA28_165_028_S20_L002_R2_001.fastq.gz,1,347173099,SRA_spots,true,,RI cluster = N. bijuga (3) + N. cara (1); per-specimen CO1 needed,0,20,0-20 m,data/sources/Ahuja2026_journal.pone.0351247.s008.xlsx#Sheet1!I13 | https://www.ncbi.nlm.nih.gov/biosample/SAMN48043655,SAMN48043655,,siphosome,,,YPM:IZ:110451
Ahuja2026:NA29,YPM:IZ:111733,Ahuja2026,Ahuja2026,NA29,,New,Nanomia sp.,Nanomia (CO1 per Ahuja 2026),none,KOK BW4-2,N Pacific,Hawai'i,19.34417,-156.07585,"19.344170, -156.075853",2017-03-16,,SRR33215966,PRJNA1252167,A01519:267:HT37JDSX5:L002,/gpfs/ycga/work/dunn/sequences/illumina/Nanomia_novaseq/Sample_NA29_141_052,/gpfs/ycga/work/dunn/sequences/illumina/Nanomia_novaseq/Sample_NA29_141_052/NA29_141_052_S21_L002_R1_001.fastq.gz,/gpfs/ycga/work/dunn/sequences/illumina/Nanomia_novaseq/Sample_NA29_141_052/NA29_141_052_S21_L002_R2_001.fastq.gz,1,519282453,SRA_spots,true,,HI cluster = N. bijuga (2) + N. sp. 1 (1); per-specimen CO1 needed,0,20,0-20 m,data/sources/Ahuja2026_journal.pone.0351247.s008.xlsx#Sheet1!I12 | https://www.ncbi.nlm.nih.gov/biosample/SAMN48043654,SAMN48043654,,siphosome,,,YPM:IZ:111733
Ahuja2026:NA30,YPM:IZ:111732,Ahuja2026,Ahuja2026,NA30,,New,Nanomia bijuga,Nanomia (CO1 per Ahuja 2026),none,V13,Mediterranean,France,43.69000,7.31000,"43.690000, 7.310000",2011-04-01,,SRR33215979,PRJNA1252167,A01519:267:HT37JDSX5:L002,/gpfs/ycga/work/dunn/sequences/illumina/Nanomia_novaseq/Sample_NA30_153_040,/gpfs/ycga/work/dunn/sequences/illumina/Nanomia_novaseq/Sample_NA30_153_040/NA30_153_040_S22_L002_R1_001.fastq.gz,/gpfs/ycga/work/dunn/sequences/illumina/Nanomia_novaseq/Sample_NA30_153_040/NA30_153_040_S22_L002_R2_001.fastq.gz,1,340904726,SRA_spots,true,,Villefranche (Mediterranean),0,20,0-20 m,data/sources/Ahuja2026_journal.pone.0351247.s008.xlsx#Sheet1!I17 | https://www.ncbi.nlm.nih.gov/biosample/SAMN48043659,SAMN48043659,,siphosome,,,YPM:IZ:111732
Ahuja2026:NA31,YPM:IZ:111742,Ahuja2026,Ahuja2026,NA31,,New,Nanomia bijuga,Nanomia (CO1 per Ahuja 2026),none,GOCBW2 nanomia,Gulf of California,Gulf of California,27.59167,-111.51667,"27.591667, -111.516667",2010-06-18,,SRR33215969,PRJNA1252167,A00124:673:HFG3JDSX7:L003,/gpfs/ycga/work/dunn/sequences/illumina/Nanomia_novaseq/Sample_NA31_164_029,/gpfs/ycga/work/dunn/sequences/illumina/Nanomia_novaseq/Sample_NA31_164_029/NA31_164_029_S2_L003_R1_001.fastq.gz,/gpfs/ycga/work/dunn/sequences/illumina/Nanomia_novaseq/Sample_NA31_164_029/NA31_164_029_S2_L003_R2_001.fastq.gz,1,235457344,SRA_spots,true,,,0,20,0-20 m,data/sources/Ahuja2026_journal.pone.0351247.s008.xlsx#Sheet1!I9 | https://www.ncbi.nlm.nih.gov/biosample/SAMN48043651,SAMN48043651,,siphosome,,,YPM:IZ:111742
Ahuja2026:NA32,YPM:IZ:111740,Ahuja2026,Ahuja2026,NA32,,New,Nanomia bijuga,Nanomia (CO1 per Ahuja 2026),none,GoC2015 BW6 nanomia,Gulf of California,Gulf of California,22.91667,-108.11667,"22.916667, -108.116667",2015-03-13,,SRR33215968,PRJNA1252167,A00124:673:HFG3JDSX7:L003,/gpfs/ycga/work/dunn/sequences/illumina/Nanomia_novaseq/Sample_NA32_152_041,/gpfs/ycga/work/dunn/sequences/illumina/Nanomia_novaseq/Sample_NA32_152_041/NA32_152_041_S3_L003_R1_001.fastq.gz,/gpfs/ycga/work/dunn/sequences/illumina/Nanomia_novaseq/Sample_NA32_152_041/NA32_152_041_S3_L003_R2_001.fastq.gz,1,259007346,SRA_spots,true,,,0,20,0-20 m,data/sources/Ahuja2026_journal.pone.0351247.s008.xlsx#Sheet1!I10 | https://www.ncbi.nlm.nih.gov/biosample/SAMN48043652,SAMN48043652,,siphosome,,,YPM:IZ:111740
Ahuja2026:NA33,YPM:IZ:111741,Ahuja2026,Ahuja2026,NA33,,New,Nanomia bijuga,Nanomia (CO1 per Ahuja 2026),none,GoCBW8 nanomia,Gulf of California,Gulf of California,24.18333,-108.63333,"24.183333, -108.633333",2015-03-15,,SRR33215967,PRJNA1252167,A00124:673:HFG3JDSX7:L003,/gpfs/ycga/work/dunn/sequences/illumina/Nanomia_novaseq/Sample_NA33_140_053,/gpfs/ycga/work/dunn/sequences/illumina/Nanomia_novaseq/Sample_NA33_140_053/NA33_140_053_S4_L003_R1_001.fastq.gz,/gpfs/ycga/work/dunn/sequences/illumina/Nanomia_novaseq/Sample_NA33_140_053/NA33_140_053_S4_L003_R2_001.fastq.gz,1,242303025,SRA_spots,true,,,0,20,0-20 m,data/sources/Ahuja2026_journal.pone.0351247.s008.xlsx#Sheet1!I11 | https://www.ncbi.nlm.nih.gov/biosample/SAMN48043653,SAMN48043653,,siphosome,,,YPM:IZ:111741
Ahuja2026:NA34,YPM:IZ:111164,Ahuja2026,Ahuja2026,NA34,,New,Nanomia septata,Nanomia (CO1 per Ahuja 2026),N_septata,Nanomia-FHL-A,NE Pacific,Washington,48.54505,-123.01214,"48.54505, -123.012141",2024-06-16,,SRR33215978,PRJNA1252167,LH00309:136:223TNKLT4:L008,/gpfs/ycga/work/dunn/sequences/illumina/Nanomia_novaseq/Sample_NA34_103_090,/gpfs/ycga/work/dunn/sequences/illumina/Nanomia_novaseq/Sample_NA34_103_090/NA34_103_090_S34_L008_R1_001.fastq.gz,/gpfs/ycga/work/dunn/sequences/illumina/Nanomia_novaseq/Sample_NA34_103_090/NA34_103_090_S34_L008_R2_001.fastq.gz,1,268286997,SRA_spots,true,,routing R (properly-paired to N. septata ref),0,20,0-20 m,data/sources/Ahuja2026_journal.pone.0351247.s008.xlsx#Sheet1!I18 | https://www.ncbi.nlm.nih.gov/biosample/SAMN48043660,SAMN48043660,,siphosome,,USA,YPM:IZ:111164
Ahuja2026:NA35,YPM:IZ:111165,Ahuja2026,Ahuja2026,NA35,,New,Nanomia septata,Nanomia (CO1 per Ahuja 2026),N_septata,Nanomia-FHL-B,NE Pacific,Washington,48.54505,-123.01214,"48.54505, -123.012141",2024-06-16,,SRR33215977,PRJNA1252167,LH00309:136:223TNKLT4:L008;LH00309:140:223JTMLT4:L007,/gpfs/ycga/work/dunn/sequences/illumina/Nanomia_novaseq/Sample_NA35_186_007,/gpfs/ycga/work/dunn/sequences/illumina/Nanomia_novaseq/Sample_NA35_186_007/NA35_186_007_S35_L008_R1_001.fastq.gz;/gpfs/ycga/work/dunn/sequences/illumina/Nanomia_novaseq/Sample_NA35_186_007/NA35_186_007_S75_L007_R1_001.fastq.gz,/gpfs/ycga/work/dunn/sequences/illumina/Nanomia_novaseq/Sample_NA35_186_007/NA35_186_007_S35_L008_R2_001.fastq.gz;/gpfs/ycga/work/dunn/sequences/illumina/Nanomia_novaseq/Sample_NA35_186_007/NA35_186_007_S75_L007_R2_001.fastq.gz,2,306169783,SRA_spots,true,,routing R (properly-paired to N. septata ref),0,20,0-20 m,data/sources/Ahuja2026_journal.pone.0351247.s008.xlsx#Sheet1!I19 | https://www.ncbi.nlm.nih.gov/biosample/SAMN48043661,SAMN48043661,,siphosome,,USA,YPM:IZ:111165
Ahuja2026:NA36,YPM:IZ:111166,Ahuja2026,Ahuja2026,NA36,,New,Nanomia septata,Nanomia (CO1 per Ahuja 2026),N_septata,Nanomia-FHL-C,NE Pacific,Washington,48.54505,-123.01214,"48.54505, -123.012141",2024-06-16,,SRR33215976,PRJNA1252167,LH00309:136:223TNKLT4:L008,/gpfs/ycga/work/dunn/sequences/illumina/Nanomia_novaseq/Sample_NA36_174_019,/gpfs/ycga/work/dunn/sequences/illumina/Nanomia_novaseq/Sample_NA36_174_019/NA36_174_019_S36_L008_R1_001.fastq.gz,/gpfs/ycga/work/dunn/sequences/illumina/Nanomia_novaseq/Sample_NA36_174_019/NA36_174_019_S36_L008_R2_001.fastq.gz,1,212937761,SRA_spots,true,,routing R (properly-paired to N. septata ref),0,20,0-20 m,data/sources/Ahuja2026_journal.pone.0351247.s008.xlsx#Sheet1!I20 | https://www.ncbi.nlm.nih.gov/biosample/SAMN48043662,SAMN48043662,,siphosome,,USA,YPM:IZ:111166
Ahuja2026:NA37,YPM:IZ:111590,Ahuja2026,Ahuja2026,NA37,,New,Nanomia sp.,Nanomia (CO1 per Ahuja 2026),none,"HI-NA-43, tube 1265",N Pacific,Hawai'i,19.61830,-156.08420,"19.6183, -156.0842",2024-04-12,,SRR33215975,PRJNA1252167,LH00309:212:22CMLKLT3:L002,/gpfs/ycga/work/dunn/sequences/illumina/S2_assorted_samples_skimming_2024/Sample_NA37_085_108,/gpfs/ycga/work/dunn/sequences/illumina/S2_assorted_samples_skimming_2024/Sample_NA37_085_108/NA37_085_108_S112_L002_R1_001.fastq.gz,/gpfs/ycga/work/dunn/sequences/illumina/S2_assorted_samples_skimming_2024/Sample_NA37_085_108/NA37_085_108_S112_L002_R2_001.fastq.gz,1,311548114,SRA_spots,true,,HI cluster = N. bijuga (2) + N. sp. 1 (1); per-specimen CO1 needed,0,20,0-20 m,data/sources/Ahuja2026_journal.pone.0351247.s008.xlsx#Sheet1!I21 | https://www.ncbi.nlm.nih.gov/biosample/SAMN48043663,SAMN48043663,,siphosome,,,YPM:IZ:111590
Ahuja2026:NA38,YPM:IZ:111591,Ahuja2026,Ahuja2026,NA38,,New,Nanomia sp.,Nanomia (CO1 per Ahuja 2026),none,"HI-NA-42, tube 1267",N Pacific,Hawai'i,19.61830,-156.08420,"19.6183, -156.0842",2024-04-12,,SRR33215974,PRJNA1252167,LH00309:212:22CMLKLT3:L001,/gpfs/ycga/work/dunn/sequences/illumina/S2_assorted_samples_skimming_2024/Sample_NA38_173_020,/gpfs/ycga/work/dunn/sequences/illumina/S2_assorted_samples_skimming_2024/Sample_NA38_173_020/NA38_173_020_S113_L001_R1_001.fastq.gz,/gpfs/ycga/work/dunn/sequences/illumina/S2_assorted_samples_skimming_2024/Sample_NA38_173_020/NA38_173_020_S113_L001_R2_001.fastq.gz,1,336852859,SRA_spots,true,,HI cluster = N. bijuga (2) + N. sp. 1 (1); per-specimen CO1 needed,0,20,0-20 m,data/sources/Ahuja2026_journal.pone.0351247.s008.xlsx#Sheet1!I22 | https://www.ncbi.nlm.nih.gov/biosample/SAMN48043664,SAMN48043664,,siphosome,,,YPM:IZ:111591
Ahuja2026:WS10,YPM:IZ:111745,Ahuja2026,Ahuja2026,WS10,,New,Nanomia septata,Nanomia (CO1 per Ahuja 2026),N_septata,"V3557-D4, #51",NE Pacific,California,36.70092,-122.04954,"36.700917, -122.049541",2010-05-03,217,SRR33215970,PRJNA1252167,A01519:322:H7JNNDSX7:L004;A01519:358:HJKNNDSX7:L001,/gpfs/ycga/work/dunn/sequences/illumina/Nanomia_novaseq/Sample_WS10_143_050,/gpfs/ycga/work/dunn/sequences/illumina/Nanomia_novaseq/Sample_WS10_143_050/WS10_143_050_S35_L004_R1_001.fastq.gz;/gpfs/ycga/work/dunn/sequences/illumina/Nanomia_novaseq/Sample_WS10_143_050/WS10_161_032_S45_L001_R1_001.fastq.gz,/gpfs/ycga/work/dunn/sequences/illumina/Nanomia_novaseq/Sample_WS10_143_050/WS10_143_050_S35_L004_R2_001.fastq.gz;/gpfs/ycga/work/dunn/sequences/illumina/Nanomia_novaseq/Sample_WS10_143_050/WS10_161_032_S45_L001_R2_001.fastq.gz,2,315228126,SRA_spots,true,,routing R (properly-paired to N. septata ref),,,217,data/sources/Ahuja2026_journal.pone.0351247.s008.xlsx#Sheet1!I8 | https://www.ncbi.nlm.nih.gov/biosample/SAMN48043650,SAMN48043650,,siphosome,,,YPM:IZ:111745
Ahuja2026:WS2,YPM:IZ:110216,Ahuja2026,Ahuja2026,WS2,,New,Nanomia sp.,Nanomia (CO1 per Ahuja 2026),none,RI2-8,NW Atlantic,Rhode Island,41.03600,-71.39900,"41.036, -71.399",2013-08-30,,SRR33215982,PRJNA1252167,A01519:322:H7JNNDSX7:L004;A01519:358:HJKNNDSX7:L001,/gpfs/ycga/work/dunn/sequences/illumina/Nanomia_novaseq/Sample_WS2_120_073,/gpfs/ycga/work/dunn/sequences/illumina/Nanomia_novaseq/Sample_WS2_120_073/WS2_120_073_S27_L004_R1_001.fastq.gz;/gpfs/ycga/work/dunn/sequences/illumina/Nanomia_novaseq/Sample_WS2_120_073/WS2_138_055_S37_L001_R1_001.fastq.gz,/gpfs/ycga/work/dunn/sequences/illumina/Nanomia_novaseq/Sample_WS2_120_073/WS2_120_073_S27_L004_R2_001.fastq.gz;/gpfs/ycga/work/dunn/sequences/illumina/Nanomia_novaseq/Sample_WS2_120_073/WS2_138_055_S37_L001_R2_001.fastq.gz,2,152222142,SRA_spots,true,,RI cluster = N. bijuga (3) + N. cara (1); per-specimen CO1 needed,0,20,0-20 m,data/sources/Ahuja2026_journal.pone.0351247.s008.xlsx#Sheet1!I14 | https://www.ncbi.nlm.nih.gov/biosample/SAMN48043656,SAMN48043656,,siphosome,,,YPM:IZ:110216
Ahuja2026:WS3,YPM:IZ:111734,Ahuja2026,Ahuja2026,WS3,,New,Nanomia sp.,Nanomia (CO1 per Ahuja 2026),none,"RI8-28, #24",NW Atlantic,Rhode Island,41.13500,-71.36600,"41.135, -71.366",2015-09-15,,SRR33215981,PRJNA1252167,A01519:322:H7JNNDSX7:L004;A01519:358:HJKNNDSX7:L001,/gpfs/ycga/work/dunn/sequences/illumina/Nanomia_novaseq/Sample_WS3_108_085,/gpfs/ycga/work/dunn/sequences/illumina/Nanomia_novaseq/Sample_WS3_108_085/WS3_108_085_S28_L004_R1_001.fastq.gz;/gpfs/ycga/work/dunn/sequences/illumina/Nanomia_novaseq/Sample_WS3_108_085/WS3_126_067_S38_L001_R1_001.fastq.gz,/gpfs/ycga/work/dunn/sequences/illumina/Nanomia_novaseq/Sample_WS3_108_085/WS3_108_085_S28_L004_R2_001.fastq.gz;/gpfs/ycga/work/dunn/sequences/illumina/Nanomia_novaseq/Sample_WS3_108_085/WS3_126_067_S38_L001_R2_001.fastq.gz,2,179433564,SRA_spots,true,,RI cluster = N. bijuga (3) + N. cara (1); per-specimen CO1 needed,0,20,0-20 m,data/sources/Ahuja2026_journal.pone.0351247.s008.xlsx#Sheet1!I15 | https://www.ncbi.nlm.nih.gov/biosample/SAMN48043657,SAMN48043657,,siphosome,,,YPM:IZ:111734
Ahuja2026:WS4,YPM:IZ:111735,Ahuja2026,Ahuja2026,WS4,,New,Nanomia sp.,Nanomia (CO1 per Ahuja 2026),none,RI6-12-C10,NW Atlantic,Rhode Island,41.05600,-71.34200,"41.056, -71.342",2014-08-20,,SRR33215980,PRJNA1252167,A01519:322:H7JNNDSX7:L004;A01519:358:HJKNNDSX7:L001;LH00309:202:227M77LT4:L008;LH00309:204:227MGJLT4:L006,/gpfs/ycga/work/dunn/sequences/illumina/Nanomia_novaseq/Sample_WS4_191_002,/gpfs/ycga/work/dunn/sequences/illumina/Nanomia_novaseq/Sample_WS4_191_002/WS4_114_079_S39_L001_R1_001.fastq.gz;/gpfs/ycga/work/dunn/sequences/illumina/Nanomia_novaseq/Sample_WS4_191_002/WS4_191_002_S1_L008_R1_001.fastq.gz;/gpfs/ycga/work/dunn/sequences/illumina/Nanomia_novaseq/Sample_WS4_191_002/WS4_191_002_S29_L004_R1_001.fastq.gz;/gpfs/ycga/work/dunn/sequences/illumina/Nanomia_novaseq/Sample_WS4_191_002/WS4_191_002_S61_L006_R1_001.fastq.gz,/gpfs/ycga/work/dunn/sequences/illumina/Nanomia_novaseq/Sample_WS4_191_002/WS4_114_079_S39_L001_R2_001.fastq.gz;/gpfs/ycga/work/dunn/sequences/illumina/Nanomia_novaseq/Sample_WS4_191_002/WS4_191_002_S1_L008_R2_001.fastq.gz;/gpfs/ycga/work/dunn/sequences/illumina/Nanomia_novaseq/Sample_WS4_191_002/WS4_191_002_S29_L004_R2_001.fastq.gz;/gpfs/ycga/work/dunn/sequences/illumina/Nanomia_novaseq/Sample_WS4_191_002/WS4_191_002_S61_L006_R2_001.fastq.gz,4,367392421,SRA_spots,true,,RI cluster = N. bijuga (3) + N. cara (1); per-specimen CO1 needed,0,20,0-20 m,data/sources/Ahuja2026_journal.pone.0351247.s008.xlsx#Sheet1!I16 | https://www.ncbi.nlm.nih.gov/biosample/SAMN48043658,SAMN48043658,,siphosome,,,YPM:IZ:111735
Ahuja2026:WS5,YPM:IZ:111736,Ahuja2026,Ahuja2026,WS5,,New,Nanomia septata,Nanomia (CO1 per Ahuja 2026),N_septata,"D325-SS12, #9",NE Pacific,California,36.60064,-122.37689,"36.600636, -122.376887",2011-12-02,,SRR33215985,PRJNA1252167,A01519:322:H7JNNDSX7:L004;A01519:358:HJKNNDSX7:L001,/gpfs/ycga/work/dunn/sequences/illumina/Nanomia_novaseq/Sample_WS5_179_014,/gpfs/ycga/work/dunn/sequences/illumina/Nanomia_novaseq/Sample_WS5_179_014/WS5_102_091_S40_L001_R1_001.fastq.gz;/gpfs/ycga/work/dunn/sequences/illumina/Nanomia_novaseq/Sample_WS5_179_014/WS5_179_014_S30_L004_R1_001.fastq.gz,/gpfs/ycga/work/dunn/sequences/illumina/Nanomia_novaseq/Sample_WS5_179_014/WS5_102_091_S40_L001_R2_001.fastq.gz;/gpfs/ycga/work/dunn/sequences/illumina/Nanomia_novaseq/Sample_WS5_179_014/WS5_179_014_S30_L004_R2_001.fastq.gz,2,378026200,SRA_spots,true,,routing R (properly-paired to N. septata ref),,,2854.16,data/sources/Ahuja2026_journal.pone.0351247.s008.xlsx#Sheet1!I3 | https://www.ncbi.nlm.nih.gov/biosample/SAMN48043645,SAMN48043645,,siphosome,,,YPM:IZ:111736
Ahuja2026:WS6,YPM:IZ:111737,Ahuja2026,Ahuja2026,WS6,,New,Nanomia septata,Nanomia (CO1 per Ahuja 2026),N_septata,"D326-SS1, #28",NE Pacific,California,36.07181,-122.28211,"36.071808, -122.282111",2011-12-03,,SRR33215984,PRJNA1252167,A01519:322:H7JNNDSX7:L004;A01519:358:HJKNNDSX7:L001,/gpfs/ycga/work/dunn/sequences/illumina/Nanomia_novaseq/Sample_WS6_190_003,/gpfs/ycga/work/dunn/sequences/illumina/Nanomia_novaseq/Sample_WS6_190_003/WS6_113_080_S41_L001_R1_001.fastq.gz;/gpfs/ycga/work/dunn/sequences/illumina/Nanomia_novaseq/Sample_WS6_190_003/WS6_190_003_S31_L004_R1_001.fastq.gz,/gpfs/ycga/work/dunn/sequences/illumina/Nanomia_novaseq/Sample_WS6_190_003/WS6_113_080_S41_L001_R2_001.fastq.gz;/gpfs/ycga/work/dunn/sequences/illumina/Nanomia_novaseq/Sample_WS6_190_003/WS6_190_003_S31_L004_R2_001.fastq.gz,2,368634270,SRA_spots,true,,routing R (properly-paired to N. septata ref),,,2563.33,data/sources/Ahuja2026_journal.pone.0351247.s008.xlsx#Sheet1!I4 | https://www.ncbi.nlm.nih.gov/biosample/SAMN48043646,SAMN48043646,,siphosome,,,YPM:IZ:111737
Ahuja2026:WS7,YPM:IZ:111738,Ahuja2026,Ahuja2026,WS7,,New,Nanomia septata,Nanomia (CO1 per Ahuja 2026),N_septata,"D331-SS5a, #136",NE Pacific,California,36.69937,-122.10107,"36.699365, -122.101074",2011-12-07,662.29,SRR33215973,PRJNA1252167,A01519:322:H7JNNDSX7:L004;A01519:358:HJKNNDSX7:L001,/gpfs/ycga/work/dunn/sequences/illumina/Nanomia_novaseq/Sample_WS7_167_026,/gpfs/ycga/work/dunn/sequences/illumina/Nanomia_novaseq/Sample_WS7_167_026/WS7_167_026_S32_L004_R1_001.fastq.gz;/gpfs/ycga/work/dunn/sequences/illumina/Nanomia_novaseq/Sample_WS7_167_026/WS7_185_008_S42_L001_R1_001.fastq.gz,/gpfs/ycga/work/dunn/sequences/illumina/Nanomia_novaseq/Sample_WS7_167_026/WS7_167_026_S32_L004_R2_001.fastq.gz;/gpfs/ycga/work/dunn/sequences/illumina/Nanomia_novaseq/Sample_WS7_167_026/WS7_185_008_S42_L001_R2_001.fastq.gz,2,329179828,SRA_spots,true,,routing R (properly-paired to N. septata ref),,,662.29,data/sources/Ahuja2026_journal.pone.0351247.s008.xlsx#Sheet1!I5 | https://www.ncbi.nlm.nih.gov/biosample/SAMN48043647,SAMN48043647,,siphosome,,,YPM:IZ:111738
Ahuja2026:WS8,YPM:IZ:111739,Ahuja2026,Ahuja2026,WS8,,New,Nanomia septata,Nanomia (CO1 per Ahuja 2026),N_septata,"D500-SS12, #190",NE Pacific,California,36.64741,-122.11321,"36.647412, -122.113209",2013-07-15,559.83,SRR33215972,PRJNA1252167,A01519:322:H7JNNDSX7:L004;A01519:358:HJKNNDSX7:L001,/gpfs/ycga/work/dunn/sequences/illumina/Nanomia_novaseq/Sample_WS8_155_038,/gpfs/ycga/work/dunn/sequences/illumina/Nanomia_novaseq/Sample_WS8_155_038/WS8_155_038_S33_L004_R1_001.fastq.gz;/gpfs/ycga/work/dunn/sequences/illumina/Nanomia_novaseq/Sample_WS8_155_038/WS8_173_020_S43_L001_R1_001.fastq.gz,/gpfs/ycga/work/dunn/sequences/illumina/Nanomia_novaseq/Sample_WS8_155_038/WS8_155_038_S33_L004_R2_001.fastq.gz;/gpfs/ycga/work/dunn/sequences/illumina/Nanomia_novaseq/Sample_WS8_155_038/WS8_173_020_S43_L001_R2_001.fastq.gz,2,347903385,SRA_spots,true,,routing R (properly-paired to N. septata ref),,,559.83,data/sources/Ahuja2026_journal.pone.0351247.s008.xlsx#Sheet1!I6 | https://www.ncbi.nlm.nih.gov/biosample/SAMN48043648,SAMN48043648,,siphosome,,,YPM:IZ:111739
Ahuja2026:WS9,YPM:IZ:107008,Ahuja2026,Ahuja2026,WS9,,New,Nanomia septata,Nanomia (CO1 per Ahuja 2026),N_septata,"D614-SS12, #225",NE Pacific,California,35.52000,-122.52390,"35.520, -122.5239",2014-05-22,309,SRR33215971,PRJNA1252167,A01519:322:H7JNNDSX7:L004;A01519:358:HJKNNDSX7:L001,/gpfs/ycga/work/dunn/sequences/illumina/Nanomia_novaseq/Sample_WS9_178_015,/gpfs/ycga/work/dunn/sequences/illumina/Nanomia_novaseq/Sample_WS9_178_015/WS9_178_015_S34_L004_R1_001.fastq.gz;/gpfs/ycga/work/dunn/sequences/illumina/Nanomia_novaseq/Sample_WS9_178_015/WS9_184_009_S44_L001_R1_001.fastq.gz,/gpfs/ycga/work/dunn/sequences/illumina/Nanomia_novaseq/Sample_WS9_178_015/WS9_178_015_S34_L004_R2_001.fastq.gz;/gpfs/ycga/work/dunn/sequences/illumina/Nanomia_novaseq/Sample_WS9_178_015/WS9_184_009_S44_L001_R2_001.fastq.gz,2,254345004,SRA_spots,true,,routing R (properly-paired to N. septata ref),,,309,data/sources/Ahuja2026_journal.pone.0351247.s008.xlsx#Sheet1!I7 | https://www.ncbi.nlm.nih.gov/biosample/SAMN48043649,SAMN48043649,,siphosome,,,YPM:IZ:107008
