sample_id	target_id	role	taxonomy	breadth	reads	read_depth	breadth_ratio	divergent_strain	nominated	mag_from_library	assembly_support_bases	grade	grade_at_5pct	grade_at_20pct
Ahuja2024__CWD101	BAC00164	reference	d__Bacteria;p__Pseudomonadota;c__Alphaproteobacteria;o__Rhodobacterales;f__Rhodobacteraceae;g__Amylibacter;s__Amylibacter sp905182285	0.336619	14365	1.1322	0.4967	true	true	false	1188	validated	validated	validated
Ahuja2024__CWD116	BAC00162	reference	d__Bacteria;p__Pseudomonadota;c__Alphaproteobacteria;o__Rhodobacterales;f__Rhodobacteraceae;g__Amylibacter;s__Amylibacter sp000153745	0.568649	13979	1.0885	0.8573	false	true	false	178	validated	validated	validated
Ahuja2024__NA1	BAC00360	mag	d__Bacteria;p__Pseudomonadota;c__Gammaproteobacteria;o__GCF-002020875;f__GCF-002020875;g__;s__	0.969614	106033	12.6901	0.9696	false	false	true	1253334	high_confidence	high_confidence	high_confidence
Ahuja2024__NA10	BAC00019	reference	d__Bacteria;p__Actinomycetota;c__Actinomycetes;o__Propionibacteriales;f__Propionibacteriaceae;g__Cutibacterium;s__Cutibacterium acnes	0.105604	3039	0.1827	0.6324	false	true	false	0	validated	validated	trace
Ahuja2024__NA10	BAC00030	mag	d__Bacteria;p__Bacillota_I;c__Bacilli_A;o__Mycoplasmatales;f__Metamycoplasmataceae;g__DT-68;s__	0.880594	1565244	434.2464	0.8806	false	false	true	130478	high_confidence	high_confidence	high_confidence
Ahuja2024__NA10	BAC00199	reference	d__Bacteria;p__Pseudomonadota;c__Alphaproteobacteria;o__Sphingomonadales;f__Sphingomonadaceae;g__Blastomonas;s__Blastomonas delafieldii_A	0.946173	425507	15.9271	0.9462	false	true	false	269146	high_confidence	high_confidence	high_confidence
Ahuja2024__NA10	BAC00200	reference	d__Bacteria;p__Pseudomonadota;c__Alphaproteobacteria;o__Sphingomonadales;f__Sphingomonadaceae;g__Blastomonas;s__Blastomonas ursincola	0.156243	29384	1.1578	0.2278	true	false	false	2198	validated	validated	trace
Ahuja2024__NA10	BAC00207	reference	d__Bacteria;p__Pseudomonadota;c__Alphaproteobacteria;o__Sphingomonadales;f__Sphingomonadaceae;g__Sphingobium;s__Sphingobium limneticum	0.260419	16533	0.6441	0.5484	false	true	false	8476	validated	validated	validated
Ahuja2024__NA10	BAC00208	reference	d__Bacteria;p__Pseudomonadota;c__Alphaproteobacteria;o__Sphingomonadales;f__Sphingomonadaceae;g__Sphingobium;s__Sphingobium xenophagum	0.83035	64730	3.3849	0.8595	false	true	false	1178	validated	validated	validated
Ahuja2024__NA10	BAC00209	reference	d__Bacteria;p__Pseudomonadota;c__Alphaproteobacteria;o__Sphingomonadales;f__Sphingomonadaceae;g__Sphingobium;s__Sphingobium yanoikuyae_A	0.674916	283544	7.1554	0.6754	false	true	false	56049	high_confidence	high_confidence	high_confidence
Ahuja2024__NA10	BAC00210	reference	d__Bacteria;p__Pseudomonadota;c__Alphaproteobacteria;o__Sphingomonadales;f__Sphingomonadaceae;g__Sphingomonas;s__Sphingomonas ginsenosidimutans	0.33821	17986	0.6916	0.6775	false	true	false	2488	validated	validated	validated
Ahuja2024__NA10	BAC00213	reference	d__Bacteria;p__Pseudomonadota;c__Gammaproteobacteria;o__Burkholderiales;f__Burkholderiaceae;g__Acidovorax;s__Acidovorax temperans	0.209756	12254	0.4463	0.5826	false	true	false	6478	validated	validated	validated
Ahuja2024__NA10	BAC00214	reference	d__Bacteria;p__Pseudomonadota;c__Gammaproteobacteria;o__Burkholderiales;f__Burkholderiaceae;g__Aquabacterium;s__Aquabacterium parvum	0.956889	726038	23.7112	0.9569	false	true	false	820626	high_confidence	high_confidence	high_confidence
Ahuja2024__NA10	BAC00215	reference	d__Bacteria;p__Pseudomonadota;c__Gammaproteobacteria;o__Burkholderiales;f__Burkholderiaceae;g__Aquabacterium;s__Aquabacterium sp017989885	0.776755	638251	26.8494	0.7768	false	true	false	1481868	high_confidence	high_confidence	high_confidence
Ahuja2024__NA10	BAC00219	reference	d__Bacteria;p__Pseudomonadota;c__Gammaproteobacteria;o__Burkholderiales;f__Methylophilaceae;g__Methylophilus;s__Methylophilus sp008015755	0.301727	10427	0.5692	0.6952	false	true	false	0	validated	validated	validated
Ahuja2024__NA10	BAC00220	reference	d__Bacteria;p__Pseudomonadota;c__Gammaproteobacteria;o__Burkholderiales;f__Rhodocyclaceae;g__Azonexus;s__Azonexus sp946477505	0.457959	68196	2.571	0.4959	true	true	false	3278	validated	validated	validated
Ahuja2024__NA10	BAC00221	reference	d__Bacteria;p__Pseudomonadota;c__Gammaproteobacteria;o__Burkholderiales;f__Rhodocyclaceae;g__Methyloversatilis;s__Methyloversatilis sp016791045	0.496953	26522	1.1249	0.7359	false	true	false	0	validated	validated	validated
Ahuja2024__NA10	BAC00407	reference	d__Bacteria;p__Pseudomonadota;c__Gammaproteobacteria;o__Pseudomonadales;f__Moraxellaceae;g__Perlucidibaca;s__Perlucidibaca sp018066805	0.386021	11164	0.7459	0.7343	false	true	false	0	validated	validated	validated
Ahuja2024__NA11	BAC00030	mag	d__Bacteria;p__Bacillota_I;c__Bacilli_A;o__Mycoplasmatales;f__Metamycoplasmataceae;g__DT-68;s__	0.879588	1904491	528.3638	0.8796	false	false	true	146455	high_confidence	high_confidence	high_confidence
Ahuja2024__NA11	BAC00378	mag	d__Bacteria;p__Pseudomonadota;c__Gammaproteobacteria;o__Pseudomonadales;f__DT-91;g__CAKMZU01;s__	0.576437	21075	1.3884	0.768	false	false	false	0	validated	validated	validated
Ahuja2024__NA6	BAC00158	reference	d__Bacteria;p__Pseudomonadota;c__Alphaproteobacteria;o__Rhizobiales;f__Xanthobacteraceae;g__Afipia;s__Afipia broomeae	0.15113	9101	0.2594	0.6614	false	true	false	0	validated	validated	trace
Ahuja2024__NA7	BAC00019	reference	d__Bacteria;p__Actinomycetota;c__Actinomycetes;o__Propionibacteriales;f__Propionibacteriaceae;g__Cutibacterium;s__Cutibacterium acnes	0.127605	3658	0.2199	0.6464	false	true	false	0	validated	validated	trace
Ahuja2024__NA7	BAC00158	reference	d__Bacteria;p__Pseudomonadota;c__Alphaproteobacteria;o__Rhizobiales;f__Xanthobacteraceae;g__Afipia;s__Afipia broomeae	0.118712	7411	0.2113	0.6234	false	true	false	0	validated	validated	trace
Ahuja2026__NA19	BAC00030	mag	d__Bacteria;p__Bacillota_I;c__Bacilli_A;o__Mycoplasmatales;f__Metamycoplasmataceae;g__DT-68;s__	0.850115	7896	2.1906	0.9572	false	false	false	112156	high_confidence	high_confidence	high_confidence
Ahuja2026__NA19	BAC00163	reference	d__Bacteria;p__Pseudomonadota;c__Alphaproteobacteria;o__Rhodobacterales;f__Rhodobacteraceae;g__Amylibacter;s__Amylibacter sp900197625	0.341208	6818	0.5027	0.8635	false	true	false	1353	validated	validated	validated
Ahuja2026__NA29	BAC00017	reference	d__Bacteria;p__Actinomycetota;c__Actinomycetes;o__Mycobacteriales;f__Mycobacteriaceae;g__Lawsonella;s__Lawsonella clevelandensis_A	0.166054	3201	0.3018	0.6374	false	true	false	0	validated	validated	trace
Ahuja2026__NA29	BAC00019	reference	d__Bacteria;p__Actinomycetota;c__Actinomycetes;o__Propionibacteriales;f__Propionibacteriaceae;g__Cutibacterium;s__Cutibacterium acnes	0.844684	58588	3.5223	0.8704	false	true	false	0	validated	validated	validated
Ahuja2026__NA29	BAC00150	reference	d__Bacteria;p__Pseudomonadota;c__Alphaproteobacteria;o__Rhizobiales;f__Beijerinckiaceae;g__Methylobacterium;s__Methylobacterium sp001424705	0.334961	19328	0.5735	0.7675	false	true	false	0	validated	validated	validated
Ahuja2026__NA31	BAC00017	reference	d__Bacteria;p__Actinomycetota;c__Actinomycetes;o__Mycobacteriales;f__Mycobacteriaceae;g__Lawsonella;s__Lawsonella clevelandensis_A	0.355089	5481	0.5168	0.8798	false	true	false	0	validated	validated	validated
Ahuja2026__NA31	BAC00019	reference	d__Bacteria;p__Actinomycetota;c__Actinomycetes;o__Propionibacteriales;f__Propionibacteriaceae;g__Cutibacterium;s__Cutibacterium acnes	0.71554	25064	1.5069	0.9193	false	true	false	1121	validated	validated	validated
Ahuja2026__NA31	BAC00027	mag	d__Bacteria;p__Bacillota_I;c__Bacilli_A;o__Mycoplasmatales;f__Metamycoplasmataceae;g__;s__	0.212167	1686	0.2973	0.8249	false	false	false	0	validated	validated	validated
Ahuja2026__NA31	BAC00031	mag	d__Bacteria;p__Bacillota_I;c__Bacilli_A;o__Mycoplasmatales;f__Metamycoplasmataceae;g__Mycoplasma_K;s__	1.0	4251409	1318.2691	1.0	false	false	true	483749	high_confidence	high_confidence	high_confidence
Ahuja2026__NA31	BAC00052	reference	d__Bacteria;p__Bacteroidota;c__Bacteroidia;o__Flavobacteriales;f__Flavobacteriaceae;g__Flagellimonas;s__Flagellimonas sp013407935	0.611545	33719	1.4345	0.8028	false	true	false	8359	validated	validated	validated
Ahuja2026__NA31	BAC00054	reference	d__Bacteria;p__Bacteroidota;c__Bacteroidia;o__Flavobacteriales;f__Flavobacteriaceae;g__Gilvibacter;s__Gilvibacter sp002163875	0.549589	20858	1.0092	0.8648	false	true	false	1183	validated	validated	validated
Ahuja2026__NA31	BAC00069	reference	d__Bacteria;p__Bacteroidota;c__Bacteroidia;o__Flavobacteriales;f__Flavobacteriaceae;g__Muricauda_A;s__Muricauda_A lutaonensis	0.743589	40035	1.8271	0.8862	false	true	false	14153	high_confidence	high_confidence	high_confidence
Ahuja2026__NA31	BAC00090	reference	d__Bacteria;p__Bacteroidota;c__Bacteroidia;o__Flavobacteriales;f__Flavobacteriaceae;g__Winogradskyella;s__Winogradskyella sp002682935	0.635445	79325	3.3907	0.6576	false	true	false	359579	high_confidence	high_confidence	high_confidence
Ahuja2026__NA31	BAC00108	reference	d__Bacteria;p__Bdellovibrionota;c__Bacteriovoracia;o__Bacteriovoracales;f__Bacteriovoracaceae;g__UBA845;s__UBA845 sp913053615	0.332843	11719	0.4935	0.8545	false	true	false	1227	validated	validated	validated
Ahuja2026__NA31	BAC00118	reference	d__Bacteria;p__Cyanobacteriota;c__Cyanobacteriia;o__PCC-6307;f__Cyanobiaceae;g__Parasynechococcus;s__Parasynechococcus sp002724845	0.843037	27218	2.407	0.9265	false	true	false	5926	validated	validated	validated
Ahuja2026__NA31	BAC00168	reference	d__Bacteria;p__Pseudomonadota;c__Alphaproteobacteria;o__Rhodobacterales;f__Rhodobacteraceae;g__Cognatishimia;s__	0.631185	76392	3.56	0.6497	false	true	false	589633	high_confidence	high_confidence	high_confidence
Ahuja2026__NA31	BAC00181	reference	d__Bacteria;p__Pseudomonadota;c__Alphaproteobacteria;o__Rhodobacterales;f__Rhodobacteraceae;g__Phaeobacter;s__Phaeobacter italicus	0.253901	9507	0.3521	0.8554	false	true	false	0	validated	validated	validated
Ahuja2026__NA31	BAC00188	reference	d__Bacteria;p__Pseudomonadota;c__Alphaproteobacteria;o__Rhodobacterales;f__Rhodobacteraceae;g__Shimia;s__Shimia marina_A	0.363854	15044	0.5426	0.8688	false	true	false	949	validated	validated	validated
Ahuja2026__NA31	BAC00223	reference	d__Bacteria;p__Pseudomonadota;c__Gammaproteobacteria;o__Enterobacterales;f__Alteromonadaceae;g__Alteromonas;s__Alteromonas abrolhosensis	0.130798	4882	0.1652	0.8591	false	false	false	0	validated	validated	trace
Ahuja2026__NA31	BAC00375	mag	d__Bacteria;p__Pseudomonadota;c__Gammaproteobacteria;o__Pseudomonadales;f__DT-91;g__CAKMZU01;s__	0.971003	2725013	98.6676	0.971	false	false	true	3218960	high_confidence	high_confidence	high_confidence
Ahuja2026__NA31	BAC00376	mag	d__Bacteria;p__Pseudomonadota;c__Gammaproteobacteria;o__Pseudomonadales;f__DT-91;g__CAKMZU01;s__	0.999984	2845514	92.2008	1.0	false	false	true	4629323	high_confidence	high_confidence	high_confidence
Ahuja2026__NA31	BAC00377	mag	d__Bacteria;p__Pseudomonadota;c__Gammaproteobacteria;o__Pseudomonadales;f__DT-91;g__CAKMZU01;s__	1.0	19921444	1203.4736	1.0	false	false	true	2482993	high_confidence	high_confidence	high_confidence
Ahuja2026__NA31	BAC00378	mag	d__Bacteria;p__Pseudomonadota;c__Gammaproteobacteria;o__Pseudomonadales;f__DT-91;g__CAKMZU01;s__	0.997673	207246	13.6533	0.9977	false	false	true	2276885	high_confidence	high_confidence	high_confidence
Ahuja2026__NA31	BAC00429	reference	d__Bacteria;p__Pseudomonadota;c__Gammaproteobacteria;o__Pseudomonadales;f__Pseudomonadaceae;g__Pseudomonas_E;s__Pseudomonas_E shirazensis	0.686406	48450	1.5289	0.8764	false	true	false	0	validated	validated	validated
Ahuja2026__NA33	BAC00118	reference	d__Bacteria;p__Cyanobacteriota;c__Cyanobacteriia;o__PCC-6307;f__Cyanobiaceae;g__Parasynechococcus;s__Parasynechococcus sp002724845	0.179196	2472	0.2186	0.9126	false	true	false	0	validated	validated	trace
Ahuja2026__NA33	BAC00168	reference	d__Bacteria;p__Pseudomonadota;c__Alphaproteobacteria;o__Rhodobacterales;f__Rhodobacteraceae;g__Cognatishimia;s__	0.631698	77829	3.6269	0.649	false	true	false	11168	high_confidence	high_confidence	high_confidence
Ahuja2026__NA33	BAC00223	reference	d__Bacteria;p__Pseudomonadota;c__Gammaproteobacteria;o__Enterobacterales;f__Alteromonadaceae;g__Alteromonas;s__Alteromonas abrolhosensis	0.146202	14538	0.4919	0.3763	true	false	false	5115	validated	validated	trace
Ahuja2026__NA33	BAC00227	reference	d__Bacteria;p__Pseudomonadota;c__Gammaproteobacteria;o__Enterobacterales;f__Alteromonadaceae;g__Alteromonas;s__Alteromonas macleodii	0.846693	208630	7.0989	0.8474	false	true	false	112973	high_confidence	high_confidence	high_confidence
Ahuja2026__NA33	BAC00233	reference	d__Bacteria;p__Pseudomonadota;c__Gammaproteobacteria;o__Enterobacterales;f__Alteromonadaceae;g__Alteromonas;s__Alteromonas sp009811495	0.10036	2772	0.1156	0.9195	false	true	false	0	validated	validated	trace
Ahuja2026__NA33	BAC00319	reference	d__Bacteria;p__Pseudomonadota;c__Gammaproteobacteria;o__Enterobacterales;f__Vibrionaceae;g__Vibrio;s__Vibrio coralliilyticus	0.129461	6543	0.1728	0.8159	false	true	false	81	validated	validated	trace
Ahuja2026__NA33	BAC00376	mag	d__Bacteria;p__Pseudomonadota;c__Gammaproteobacteria;o__Pseudomonadales;f__DT-91;g__CAKMZU01;s__	0.844954	91949	2.9793	0.8902	false	false	false	1758	validated	validated	validated
Ahuja2026__NA33	BAC00377	mag	d__Bacteria;p__Pseudomonadota;c__Gammaproteobacteria;o__Pseudomonadales;f__DT-91;g__CAKMZU01;s__	0.75242	27186	1.6423	0.933	false	false	false	3737	validated	validated	validated
Ahuja2026__NA33	BAC00378	mag	d__Bacteria;p__Pseudomonadota;c__Gammaproteobacteria;o__Pseudomonadales;f__DT-91;g__CAKMZU01;s__	0.933342	197615	13.0188	0.9333	false	false	false	248034	high_confidence	high_confidence	high_confidence
Ahuja2026__NA35	BAC00163	reference	d__Bacteria;p__Pseudomonadota;c__Alphaproteobacteria;o__Rhodobacterales;f__Rhodobacteraceae;g__Amylibacter;s__Amylibacter sp900197625	0.188609	3142	0.2317	0.912	false	true	false	621	validated	validated	trace
Ahuja2026__NA35	BAC00216	reference	d__Bacteria;p__Pseudomonadota;c__Gammaproteobacteria;o__Burkholderiales;f__Burkholderiaceae;g__Pelomonas;s__Pelomonas sp003963075	0.108059	4100	0.1324	0.8717	false	true	false	213	validated	validated	trace
Ahuja2026__NA35	BAC00236	reference	d__Bacteria;p__Pseudomonadota;c__Gammaproteobacteria;o__Enterobacterales;f__Alteromonadaceae;g__Cognaticolwellia;s__Cognaticolwellia sp913058395	0.14018	4721	0.1612	0.9416	false	true	false	0	validated	validated	trace
Ahuja2026__NA35	BAC00246	reference	d__Bacteria;p__Pseudomonadota;c__Gammaproteobacteria;o__Enterobacterales;f__Alteromonadaceae;g__Pseudoalteromonas;s__Pseudoalteromonas atlantica	0.199729	7200	0.2417	0.9302	false	true	false	0	validated	validated	trace
Ahuja2026__NA35	BAC00265	reference	d__Bacteria;p__Pseudomonadota;c__Gammaproteobacteria;o__Enterobacterales;f__Alteromonadaceae;g__Pseudoalteromonas;s__Pseudoalteromonas sp001468485	0.110585	3390	0.1262	0.9329	false	true	false	0	validated	validated	trace
Ahuja2026__NA37	BAC00006	mag	d__Archaea;p__Thermoproteota;c__JANJXX01;o__JAMOTR01;f__;g__;s__	0.377337	28738	1.0611	0.577	false	false	false	0	validated	validated	validated
Ahuja2026__NA37	BAC00019	reference	d__Bacteria;p__Actinomycetota;c__Actinomycetes;o__Propionibacteriales;f__Propionibacteriaceae;g__Cutibacterium;s__Cutibacterium acnes	0.177552	4473	0.2689	0.753	false	true	false	0	validated	validated	trace
Ahuja2026__NA37	BAC00227	reference	d__Bacteria;p__Pseudomonadota;c__Gammaproteobacteria;o__Enterobacterales;f__Alteromonadaceae;g__Alteromonas;s__Alteromonas macleodii	0.242246	13641	0.4641	0.6524	false	true	false	0	validated	validated	validated
Ahuja2026__NA37	BAC00246	reference	d__Bacteria;p__Pseudomonadota;c__Gammaproteobacteria;o__Enterobacterales;f__Alteromonadaceae;g__Pseudoalteromonas;s__Pseudoalteromonas atlantica	0.301833	16379	0.5498	0.7136	false	true	false	0	validated	validated	validated
Ahuja2026__NA37	BAC00253	reference	d__Bacteria;p__Pseudomonadota;c__Gammaproteobacteria;o__Enterobacterales;f__Alteromonadaceae;g__Pseudoalteromonas;s__Pseudoalteromonas gelatinilytica	0.119406	6856	0.2144	0.6189	false	true	false	1608	validated	validated	trace
Ahuja2026__NA37	BAC00255	reference	d__Bacteria;p__Pseudomonadota;c__Gammaproteobacteria;o__Enterobacterales;f__Alteromonadaceae;g__Pseudoalteromonas;s__Pseudoalteromonas lipolytica_A	0.608271	52735	1.7245	0.7402	false	true	false	1182	validated	validated	validated
Ahuja2026__NA37	BAC00258	reference	d__Bacteria;p__Pseudomonadota;c__Gammaproteobacteria;o__Enterobacterales;f__Alteromonadaceae;g__Pseudoalteromonas;s__Pseudoalteromonas phenolica	0.112824	5303	0.1634	0.7486	false	true	false	0	validated	validated	trace
Ahuja2026__NA37	BAC00268	reference	d__Bacteria;p__Pseudomonadota;c__Gammaproteobacteria;o__Enterobacterales;f__Alteromonadaceae;g__Pseudoalteromonas;s__Pseudoalteromonas sp002684115	0.250672	15054	0.4758	0.6621	false	true	false	0	validated	validated	validated
Ahuja2026__NA37	BAC00328	reference	d__Bacteria;p__Pseudomonadota;c__Gammaproteobacteria;o__Enterobacterales;f__Vibrionaceae;g__Vibrio;s__Vibrio fortis_A	0.142651	9191	0.2608	0.6214	false	true	false	0	validated	validated	trace
Ahuja2026__NA37	BAC00399	reference	d__Bacteria;p__Pseudomonadota;c__Gammaproteobacteria;o__Pseudomonadales;f__Marinomonadaceae;g__Marinomonas;s__Marinomonas communis	0.539404	33950	1.3212	0.7357	false	true	false	0	validated	validated	validated
Ahuja2026__NA37	BAC00400	reference	d__Bacteria;p__Pseudomonadota;c__Gammaproteobacteria;o__Pseudomonadales;f__Marinomonadaceae;g__Marinomonas;s__Marinomonas pontica	0.272848	12611	0.5322	0.6611	false	true	false	0	validated	validated	validated
Ahuja2026__NA38	BAC00019	reference	d__Bacteria;p__Actinomycetota;c__Actinomycetes;o__Propionibacteriales;f__Propionibacteriaceae;g__Cutibacterium;s__Cutibacterium acnes	0.114907	2412	0.145	0.8513	false	true	false	0	validated	validated	trace
Ahuja2026__NA38	BAC00156	reference	d__Bacteria;p__Pseudomonadota;c__Alphaproteobacteria;o__Rhizobiales;f__Rhizobiaceae;g__Mesorhizobium;s__Mesorhizobium terrae	0.144075	7244	0.1804	0.873	false	true	false	0	validated	validated	trace
Ahuja2026__NA38	BAC00159	reference	d__Bacteria;p__Pseudomonadota;c__Alphaproteobacteria;o__Rhizobiales;f__Xanthobacteraceae;g__Bradyrhizobium;s__Bradyrhizobium sp002831585	0.154267	10776	0.195	0.8707	false	true	false	0	validated	validated	trace
Ahuja2026__NA38	BAC00216	reference	d__Bacteria;p__Pseudomonadota;c__Gammaproteobacteria;o__Burkholderiales;f__Burkholderiaceae;g__Pelomonas;s__Pelomonas sp003963075	0.119739	4751	0.1534	0.8421	false	true	false	0	validated	validated	trace
Ahuja2026__NA38	BAC00227	reference	d__Bacteria;p__Pseudomonadota;c__Gammaproteobacteria;o__Enterobacterales;f__Alteromonadaceae;g__Alteromonas;s__Alteromonas macleodii	0.101517	3581	0.1218	0.8849	false	true	false	0	validated	validated	trace
Ahuja2026__NA38	BAC00255	reference	d__Bacteria;p__Pseudomonadota;c__Gammaproteobacteria;o__Enterobacterales;f__Alteromonadaceae;g__Pseudoalteromonas;s__Pseudoalteromonas lipolytica_A	0.615352	38915	1.2726	0.8548	false	true	false	0	validated	validated	validated
Ahuja2026__NA38	BAC00268	reference	d__Bacteria;p__Pseudomonadota;c__Gammaproteobacteria;o__Enterobacterales;f__Alteromonadaceae;g__Pseudoalteromonas;s__Pseudoalteromonas sp002684115	0.121815	5048	0.1595	0.8261	false	true	false	0	validated	validated	trace
Ahuja2026__NA38	BAC00375	mag	d__Bacteria;p__Pseudomonadota;c__Gammaproteobacteria;o__Pseudomonadales;f__DT-91;g__CAKMZU01;s__	0.20224	7142	0.2586	0.8875	false	false	false	0	validated	validated	validated
Ahuja2026__NA38	BAC00399	reference	d__Bacteria;p__Pseudomonadota;c__Gammaproteobacteria;o__Pseudomonadales;f__Marinomonadaceae;g__Marinomonas;s__Marinomonas communis	0.106377	3273	0.1274	0.8895	false	true	false	0	validated	validated	trace
Ahuja2026__NA38	BAC00424	reference	d__Bacteria;p__Pseudomonadota;c__Gammaproteobacteria;o__Pseudomonadales;f__Pseudomonadaceae;g__Pseudomonas;s__Pseudomonas aeruginosa	0.908707	153135	3.6363	0.9333	false	true	false	1497	validated	validated	validated
Ahuja2026__WS10	BAC00030	mag	d__Bacteria;p__Bacillota_I;c__Bacilli_A;o__Mycoplasmatales;f__Metamycoplasmataceae;g__DT-68;s__	0.260404	1113	0.3088	0.9802	false	false	false	0	validated	validated	validated
Ahuja2026__WS5	BAC00030	mag	d__Bacteria;p__Bacillota_I;c__Bacilli_A;o__Mycoplasmatales;f__Metamycoplasmataceae;g__DT-68;s__	0.888175	10079	2.7962	0.9459	false	false	false	155209	high_confidence	high_confidence	high_confidence
Ahuja2026__WS6	BAC00030	mag	d__Bacteria;p__Bacillota_I;c__Bacilli_A;o__Mycoplasmatales;f__Metamycoplasmataceae;g__DT-68;s__	0.999798	68918	19.12	0.9998	false	false	true	540676	high_confidence	high_confidence	high_confidence
Ahuja2026__WS7	BAC00030	mag	d__Bacteria;p__Bacillota_I;c__Bacilli_A;o__Mycoplasmatales;f__Metamycoplasmataceae;g__DT-68;s__	0.602868	3721	1.0323	0.9364	false	false	false	2288	validated	validated	validated
Ahuja2026__WS8	BAC00030	mag	d__Bacteria;p__Bacillota_I;c__Bacilli_A;o__Mycoplasmatales;f__Metamycoplasmataceae;g__DT-68;s__	0.391776	1873	0.5196	0.9667	false	false	false	0	validated	validated	validated
Ahuja2026__WS9	BAC00030	mag	d__Bacteria;p__Bacillota_I;c__Bacilli_A;o__Mycoplasmatales;f__Metamycoplasmataceae;g__DT-68;s__	0.865814	8834	2.4508	0.9475	false	false	false	0	validated	validated	validated
Church2025__FM-16644	BAC00166	mag	d__Bacteria;p__Pseudomonadota;c__Alphaproteobacteria;o__Rhodobacterales;f__Rhodobacteraceae;g__Cognatishimia;s__	0.784281	49369	2.9957	0.8256	false	false	false	386158	high_confidence	high_confidence	high_confidence
Church2025__FM-16644	BAC00317	reference	d__Bacteria;p__Pseudomonadota;c__Gammaproteobacteria;o__Enterobacterales;f__Vibrionaceae;g__Vibrio;s__Vibrio chagasii_B	0.118754	6565	0.182	0.7136	false	true	false	207	validated	validated	trace
Church2025__FM-16644	BAC00352	reference	d__Bacteria;p__Pseudomonadota;c__Gammaproteobacteria;o__Enterobacterales;f__Vibrionaceae;g__Vibrio;s__Vibrio sp030248535	0.150038	8342	0.2347	0.7172	false	true	false	0	validated	validated	trace
Church2025__NIWA-173304	BAC00027	mag	d__Bacteria;p__Bacillota_I;c__Bacilli_A;o__Mycoplasmatales;f__Metamycoplasmataceae;g__;s__	0.999934	169442	29.8824	0.9999	false	false	true	850543	high_confidence	high_confidence	high_confidence
Church2025__NIWA-173304	BAC00147	mag	d__Bacteria;p__Pseudomonadota;c__Alphaproteobacteria;o__JABSOH01;f__JABSOH01;g__;s__	0.983108	63588	5.109	0.9891	false	false	true	1511332	high_confidence	high_confidence	high_confidence
Church2025__NIWA-173304	BAC00362	mag	d__Bacteria;p__Pseudomonadota;c__Gammaproteobacteria;o__JABDGN01;f__JABDGN01;g__;s__	0.999993	969906	83.866	1.0	false	false	true	1734743	high_confidence	high_confidence	high_confidence
Church2025__NIWA-173304	BAC00370	mag	d__Bacteria;p__Pseudomonadota;c__Gammaproteobacteria;o__Pseudomonadales;f__Cellvibrionaceae;g__;s__	0.564657	12073	1.2362	0.7958	false	false	false	14907	high_confidence	high_confidence	high_confidence
Church2025__NIWA-173305	BAC00006	mag	d__Archaea;p__Thermoproteota;c__JANJXX01;o__JAMOTR01;f__;g__;s__	0.956011	121969	4.5035	0.9667	false	false	false	2538451	high_confidence	high_confidence	high_confidence
Church2025__NIWA-173305	BAC00147	mag	d__Bacteria;p__Pseudomonadota;c__Alphaproteobacteria;o__JABSOH01;f__JABSOH01;g__;s__	0.693701	19867	1.5962	0.87	false	false	false	21448	high_confidence	high_confidence	high_confidence
Church2025__NIWA-173305	BAC00362	mag	d__Bacteria;p__Pseudomonadota;c__Gammaproteobacteria;o__JABDGN01;f__JABDGN01;g__;s__	0.96858	203104	17.562	0.9686	false	false	true	1664266	high_confidence	high_confidence	high_confidence
Church2025__NIWA-173305	BAC00370	mag	d__Bacteria;p__Pseudomonadota;c__Gammaproteobacteria;o__Pseudomonadales;f__Cellvibrionaceae;g__;s__	0.142883	2476	0.2535	0.638	false	false	false	7552	validated	validated	trace
Church2025__OA-190531-1	BAC00026	mag	d__Bacteria;p__Bacillota_I;c__Bacilli_A;o__Mycoplasmatales;f__Metamycoplasmataceae;g__;s__	0.893747	162820	25.1661	0.8937	false	false	true	710607	high_confidence	high_confidence	high_confidence
Church2025__OA-190531-1	BAC00027	mag	d__Bacteria;p__Bacillota_I;c__Bacilli_A;o__Mycoplasmatales;f__Metamycoplasmataceae;g__;s__	0.834789	38493	6.7885	0.8357	false	false	true	415492	high_confidence	high_confidence	high_confidence
Church2025__OA-190531-1	BAC00045	mag	d__Bacteria;p__Bacteroidota;c__Bacteroidia;o__Flavobacteriales;f__Flavobacteriaceae;g__CAMZMA01;s__	0.1499	2157	0.1952	0.8455	false	false	false	3354	validated	validated	trace
Church2025__TMAG-K5632	BAC00006	mag	d__Archaea;p__Thermoproteota;c__JANJXX01;o__JAMOTR01;f__;g__;s__	0.943348	149912	5.5352	0.9471	false	false	true	3142820	high_confidence	high_confidence	high_confidence
Church2025__TMAG-K5632	BAC00025	mag	d__Bacteria;p__Bacillota_I;c__Bacilli_A;o__Mycoplasmatales;f__Metamycoplasmataceae;g__;s__	0.836579	39497	7.2319	0.8372	false	false	false	466411	high_confidence	high_confidence	high_confidence
Church2025__TMAG-K5632	BAC00026	mag	d__Bacteria;p__Bacillota_I;c__Bacilli_A;o__Mycoplasmatales;f__Metamycoplasmataceae;g__;s__	0.935957	104305	16.1218	0.936	false	false	false	751891	high_confidence	high_confidence	high_confidence
Church2025__TMAG-K5632	BAC00027	mag	d__Bacteria;p__Bacillota_I;c__Bacilli_A;o__Mycoplasmatales;f__Metamycoplasmataceae;g__;s__	0.791111	33804	5.9616	0.7932	false	false	false	154199	high_confidence	high_confidence	high_confidence
Church2025__TMAG-K5632	BAC00183	mag	d__Bacteria;p__Pseudomonadota;c__Alphaproteobacteria;o__Rhodobacterales;f__Rhodobacteraceae;g__Planktomarina;s__	0.999996	628355	41.4699	1.0	false	false	true	2272809	high_confidence	high_confidence	high_confidence
Church2025__TMAG-K5632	BAC00333	reference	d__Bacteria;p__Pseudomonadota;c__Gammaproteobacteria;o__Enterobacterales;f__Vibrionaceae;g__Vibrio;s__Vibrio lentus	0.17701	9259	0.2353	0.8444	false	true	false	39815	high_confidence	high_confidence	trace
Church2025__TMAG-K5632	BAC00334	reference	d__Bacteria;p__Pseudomonadota;c__Gammaproteobacteria;o__Enterobacterales;f__Vibrionaceae;g__Vibrio;s__Vibrio lentus_A	0.212443	11658	0.2915	0.8402	false	true	false	48475	high_confidence	high_confidence	high_confidence
Church2025__TMAG-K5633	BAC00006	mag	d__Archaea;p__Thermoproteota;c__JANJXX01;o__JAMOTR01;f__;g__;s__	0.328708	13051	0.4819	0.8596	false	false	false	8690	validated	validated	validated
Church2025__TMAG-K5633	BAC00025	mag	d__Bacteria;p__Bacillota_I;c__Bacilli_A;o__Mycoplasmatales;f__Metamycoplasmataceae;g__;s__	0.667181	16719	3.0613	0.7	false	false	false	174580	high_confidence	high_confidence	high_confidence
Church2025__TMAG-K5633	BAC00147	mag	d__Bacteria;p__Pseudomonadota;c__Alphaproteobacteria;o__JABSOH01;f__JABSOH01;g__;s__	0.981997	63850	5.13	0.9878	false	false	true	1587646	high_confidence	high_confidence	high_confidence
Church2025__TMAG-K5633	BAC00183	mag	d__Bacteria;p__Pseudomonadota;c__Alphaproteobacteria;o__Rhodobacterales;f__Rhodobacteraceae;g__Planktomarina;s__	0.839769	31403	2.0725	0.9607	false	false	false	237049	high_confidence	high_confidence	high_confidence
Church2025__TMAG-K5634	BAC00025	mag	d__Bacteria;p__Bacillota_I;c__Bacilli_A;o__Mycoplasmatales;f__Metamycoplasmataceae;g__;s__	0.28621	2449	0.4484	0.792	false	false	false	1038	validated	validated	validated
Church2025__TMAG-K5635	BAC00006	mag	d__Archaea;p__Thermoproteota;c__JANJXX01;o__JAMOTR01;f__;g__;s__	0.132654	4499	0.1661	0.8667	false	false	false	5161	validated	validated	trace
Church2025__TMAG-K5635	BAC00019	reference	d__Bacteria;p__Actinomycetota;c__Actinomycetes;o__Propionibacteriales;f__Propionibacteriaceae;g__Cutibacterium;s__Cutibacterium acnes	0.110022	2148	0.1291	0.9082	false	true	false	0	validated	validated	trace
Church2025__TMAG-K5635	BAC00025	mag	d__Bacteria;p__Bacillota_I;c__Bacilli_A;o__Mycoplasmatales;f__Metamycoplasmataceae;g__;s__	0.863984	30956	5.6681	0.867	false	false	true	566632	high_confidence	high_confidence	high_confidence
Church2025__TMAG-K5635	BAC00026	mag	d__Bacteria;p__Bacillota_I;c__Bacilli_A;o__Mycoplasmatales;f__Metamycoplasmataceae;g__;s__	0.164074	3357	0.5189	0.4053	true	false	false	1025	validated	validated	trace
Church2025__TMAG-K5635	BAC00027	mag	d__Bacteria;p__Bacillota_I;c__Bacilli_A;o__Mycoplasmatales;f__Metamycoplasmataceae;g__;s__	0.85016	997206	175.8652	0.8502	false	false	true	134427	high_confidence	high_confidence	high_confidence
Church2025__TMAG-K5635	BAC00183	mag	d__Bacteria;p__Pseudomonadota;c__Alphaproteobacteria;o__Rhodobacterales;f__Rhodobacteraceae;g__Planktomarina;s__	0.325521	6507	0.4294	0.9324	false	false	false	280	validated	validated	validated
Church2025__TMAG-K5636	BAC00006	mag	d__Archaea;p__Thermoproteota;c__JANJXX01;o__JAMOTR01;f__;g__;s__	0.117472	3883	0.1434	0.8795	false	false	false	5700	validated	validated	trace
Church2025__TMAG-K5636	BAC00019	reference	d__Bacteria;p__Actinomycetota;c__Actinomycetes;o__Propionibacteriales;f__Propionibacteriaceae;g__Cutibacterium;s__Cutibacterium acnes	0.11198	2210	0.1329	0.9	false	true	false	0	validated	validated	trace
Church2025__TMAG-K5636	BAC00025	mag	d__Bacteria;p__Bacillota_I;c__Bacilli_A;o__Mycoplasmatales;f__Metamycoplasmataceae;g__;s__	0.718701	11983	2.1941	0.8089	false	false	false	204384	high_confidence	high_confidence	high_confidence
Church2025__TMAG-K5636	BAC00027	mag	d__Bacteria;p__Bacillota_I;c__Bacilli_A;o__Mycoplasmatales;f__Metamycoplasmataceae;g__;s__	0.172003	1109	0.1956	0.9683	false	false	false	0	validated	validated	trace
Church2025__TMAG-K5636	BAC00183	mag	d__Bacteria;p__Pseudomonadota;c__Alphaproteobacteria;o__Rhodobacterales;f__Rhodobacteraceae;g__Planktomarina;s__	0.240092	4487	0.2961	0.9367	false	false	false	1176	validated	validated	validated
Church2025__WAM-Z88480	BAC00025	mag	d__Bacteria;p__Bacillota_I;c__Bacilli_A;o__Mycoplasmatales;f__Metamycoplasmataceae;g__;s__	0.917096	313930	57.4808	0.9171	false	false	false	567529	high_confidence	high_confidence	high_confidence
Church2025__WAM-Z88480	BAC00027	mag	d__Bacteria;p__Bacillota_I;c__Bacilli_A;o__Mycoplasmatales;f__Metamycoplasmataceae;g__;s__	0.939595	294395	51.9189	0.9396	false	false	false	517295	high_confidence	high_confidence	high_confidence
Church2025__WAM-Z88480	BAC00183	mag	d__Bacteria;p__Pseudomonadota;c__Alphaproteobacteria;o__Rhodobacterales;f__Rhodobacteraceae;g__Planktomarina;s__	0.105234	2213	0.1461	0.7744	false	false	false	0	validated	validated	trace
Church2025__WAM-Z97900	BAC00025	mag	d__Bacteria;p__Bacillota_I;c__Bacilli_A;o__Mycoplasmatales;f__Metamycoplasmataceae;g__;s__	0.85936	166041	30.4022	0.8594	false	false	true	324947	high_confidence	high_confidence	high_confidence
Church2025__WAM-Z97900	BAC00183	mag	d__Bacteria;p__Pseudomonadota;c__Alphaproteobacteria;o__Rhodobacterales;f__Rhodobacteraceae;g__Planktomarina;s__	0.443585	10711	0.7069	0.8752	false	false	false	2596	validated	validated	validated
Church2025__WAM-Z97901	BAC00006	mag	d__Archaea;p__Thermoproteota;c__JANJXX01;o__JAMOTR01;f__;g__;s__	0.814534	60251	2.2247	0.9133	false	false	false	424163	high_confidence	high_confidence	high_confidence
Church2025__WAM-Z97901	BAC00025	mag	d__Bacteria;p__Bacillota_I;c__Bacilli_A;o__Mycoplasmatales;f__Metamycoplasmataceae;g__;s__	0.858635	238692	43.7047	0.8586	false	false	true	279540	high_confidence	high_confidence	high_confidence
Church2025__WAM-Z97901	BAC00027	mag	d__Bacteria;p__Bacillota_I;c__Bacilli_A;o__Mycoplasmatales;f__Metamycoplasmataceae;g__;s__	0.934317	78811	13.8989	0.9343	false	false	true	613410	high_confidence	high_confidence	high_confidence
Church2025__WAM-Z97902	BAC00019	reference	d__Bacteria;p__Actinomycetota;c__Actinomycetes;o__Propionibacteriales;f__Propionibacteriaceae;g__Cutibacterium;s__Cutibacterium acnes	0.280553	6809	0.4094	0.8352	false	true	false	0	validated	validated	validated
Church2025__WAM-Z97902	BAC00025	mag	d__Bacteria;p__Bacillota_I;c__Bacilli_A;o__Mycoplasmatales;f__Metamycoplasmataceae;g__;s__	0.840213	34374	6.2939	0.8418	false	false	true	468875	high_confidence	high_confidence	high_confidence
Church2025__WAM-Z97902	BAC00026	mag	d__Bacteria;p__Bacillota_I;c__Bacilli_A;o__Mycoplasmatales;f__Metamycoplasmataceae;g__;s__	0.927934	501775	77.5564	0.9279	false	false	true	826994	high_confidence	high_confidence	high_confidence
Church2025__WAM-Z97902	BAC00027	mag	d__Bacteria;p__Bacillota_I;c__Bacilli_A;o__Mycoplasmatales;f__Metamycoplasmataceae;g__;s__	0.111818	5938	1.0472	0.1723	true	false	false	201	validated	validated	trace
Church2025__WAM-Z97902	BAC00046	reference	d__Bacteria;p__Bacteroidota;c__Bacteroidia;o__Flavobacteriales;f__Flavobacteriaceae;g__Cellulophaga;s__Cellulophaga lytica	0.146261	4266	0.1699	0.936	false	true	false	0	validated	validated	trace
Church2025__WAM-Z97902	BAC00051	reference	d__Bacteria;p__Bacteroidota;c__Bacteroidia;o__Flavobacteriales;f__Flavobacteriaceae;g__Dokdonia;s__Dokdonia sp947496725	0.12276	3236	0.1475	0.8953	false	true	false	1563	validated	validated	trace
Church2025__WAM-Z97902	BAC00228	reference	d__Bacteria;p__Pseudomonadota;c__Gammaproteobacteria;o__Enterobacterales;f__Alteromonadaceae;g__Alteromonas;s__Alteromonas macleodii_A	0.177266	7361	0.2367	0.8411	false	true	false	0	validated	validated	trace
Church2025__WAM-Z97902	BAC00246	reference	d__Bacteria;p__Pseudomonadota;c__Gammaproteobacteria;o__Enterobacterales;f__Alteromonadaceae;g__Pseudoalteromonas;s__Pseudoalteromonas atlantica	0.460976	23962	0.8044	0.8341	false	true	false	8514	validated	validated	validated
Church2025__WAM-Z97902	BAC00250	reference	d__Bacteria;p__Pseudomonadota;c__Gammaproteobacteria;o__Enterobacterales;f__Alteromonadaceae;g__Pseudoalteromonas;s__Pseudoalteromonas espejiana	0.866467	374139	12.4701	0.8665	false	true	true	2869082	high_confidence	high_confidence	high_confidence
Church2025__WAM-Z97902	BAC00276	reference	d__Bacteria;p__Pseudomonadota;c__Gammaproteobacteria;o__Enterobacterales;f__Alteromonadaceae;g__Pseudoalteromonas;s__Pseudoalteromonas sp030296835	0.157324	11051	0.3693	0.5096	false	true	false	33171	high_confidence	high_confidence	trace
Church2025__WAM-Z97902	BAC00291	reference	d__Bacteria;p__Pseudomonadota;c__Gammaproteobacteria;o__Enterobacterales;f__Psychromonadaceae;g__Psychromonas;s__Psychromonas sp003318165	0.22668	9234	0.3587	0.7521	false	true	false	5101	validated	validated	validated
Church2025__WAM-Z97902	BAC00342	reference	d__Bacteria;p__Pseudomonadota;c__Gammaproteobacteria;o__Enterobacterales;f__Vibrionaceae;g__Vibrio;s__Vibrio pomeroyi	0.113676	5690	0.1508	0.8121	false	true	false	11342	high_confidence	high_confidence	trace
Church2025__WAM-Z97902	BAC00384	reference	d__Bacteria;p__Pseudomonadota;c__Gammaproteobacteria;o__Pseudomonadales;f__Halomonadaceae;g__Cobetia;s__Cobetia amphilecti	0.654992	51653	1.9531	0.7632	false	true	false	1196807	high_confidence	high_confidence	high_confidence
Church2025__WAM-Z97902	BAC00386	reference	d__Bacteria;p__Pseudomonadota;c__Gammaproteobacteria;o__Pseudomonadales;f__Halomonadaceae;g__Cobetia;s__Cobetia sp016495405	0.324083	15959	0.5687	0.7471	false	true	false	58943	high_confidence	high_confidence	high_confidence
Church2025__WAM-Z97903	BAC00025	mag	d__Bacteria;p__Bacillota_I;c__Bacilli_A;o__Mycoplasmatales;f__Metamycoplasmataceae;g__;s__	0.879234	155856	28.5374	0.8792	false	false	true	349781	high_confidence	high_confidence	high_confidence
Church2025__WAM-Z97903	BAC00027	mag	d__Bacteria;p__Bacillota_I;c__Bacilli_A;o__Mycoplasmatales;f__Metamycoplasmataceae;g__;s__	0.878673	17910	3.1586	0.9177	false	false	false	430165	high_confidence	high_confidence	high_confidence
Church2025__WAM-Z97903	BAC00316	reference	d__Bacteria;p__Pseudomonadota;c__Gammaproteobacteria;o__Enterobacterales;f__Vibrionaceae;g__Vibrio;s__Vibrio chagasii_A	0.154945	9513	0.2849	0.625	false	false	false	211590	high_confidence	high_confidence	trace
Church2025__WAM-Z97903	BAC00351	reference	d__Bacteria;p__Pseudomonadota;c__Gammaproteobacteria;o__Enterobacterales;f__Vibrionaceae;g__Vibrio;s__Vibrio sp022398115	0.319886	25866	0.666	0.6579	false	true	false	605938	high_confidence	high_confidence	high_confidence
Church2025__WAM-Z97906	BAC00027	mag	d__Bacteria;p__Bacillota_I;c__Bacilli_A;o__Mycoplasmatales;f__Metamycoplasmataceae;g__;s__	0.92668	108840	19.1948	0.9267	false	false	true	539660	high_confidence	high_confidence	high_confidence
Church2025__WAM-Z97907	BAC00025	mag	d__Bacteria;p__Bacillota_I;c__Bacilli_A;o__Mycoplasmatales;f__Metamycoplasmataceae;g__;s__	0.907721	66612	12.1967	0.9077	false	false	true	638821	high_confidence	high_confidence	high_confidence
Church2025__WAM-Z97907	BAC00026	mag	d__Bacteria;p__Bacillota_I;c__Bacilli_A;o__Mycoplasmatales;f__Metamycoplasmataceae;g__;s__	0.898686	226925	35.0745	0.8987	false	false	false	670057	high_confidence	high_confidence	high_confidence
Church2025__WAM-Z97907	BAC00027	mag	d__Bacteria;p__Bacillota_I;c__Bacilli_A;o__Mycoplasmatales;f__Metamycoplasmataceae;g__;s__	0.936327	204298	36.0296	0.9363	false	false	false	686615	high_confidence	high_confidence	high_confidence
Church2025__WAM-Z97907	BAC00029	mag	d__Bacteria;p__Bacillota_I;c__Bacilli_A;o__Mycoplasmatales;f__Metamycoplasmataceae;g__;s__	0.123324	748	0.1449	0.9141	false	false	false	0	validated	validated	trace
Church2025__WAM-Z97907	BAC00146	mag	d__Bacteria;p__Pseudomonadota;c__Alphaproteobacteria;o__JABSOH01;f__JABSOH01;g__;s__	0.139369	2226	0.1755	0.8657	false	false	false	0	validated	validated	trace
Church2025__WAM-Z97907	BAC00166	mag	d__Bacteria;p__Pseudomonadota;c__Alphaproteobacteria;o__Rhodobacterales;f__Rhodobacteraceae;g__Cognatishimia;s__	0.147668	3478	0.211	0.7761	false	false	false	4293	validated	validated	trace
Church2025__WAM-Z97908	BAC00025	mag	d__Bacteria;p__Bacillota_I;c__Bacilli_A;o__Mycoplasmatales;f__Metamycoplasmataceae;g__;s__	0.897207	291467	53.3678	0.8972	false	false	true	329426	high_confidence	high_confidence	high_confidence
Church2025__WAM-Z97908	BAC00027	mag	d__Bacteria;p__Bacillota_I;c__Bacilli_A;o__Mycoplasmatales;f__Metamycoplasmataceae;g__;s__	0.859343	397286	70.0645	0.8593	false	false	false	120178	high_confidence	high_confidence	high_confidence
Church2025__WAM-Z97908	BAC00028	mag	d__Bacteria;p__Bacillota_I;c__Bacilli_A;o__Mycoplasmatales;f__Metamycoplasmataceae;g__;s__	0.118592	9933	2.612	0.128	true	false	false	23074	high_confidence	high_confidence	trace
Church2025__WAM-Z97908	BAC00029	mag	d__Bacteria;p__Bacillota_I;c__Bacilli_A;o__Mycoplasmatales;f__Metamycoplasmataceae;g__;s__	0.790768	643662	124.7036	0.7908	false	false	false	693217	high_confidence	high_confidence	high_confidence
Church2025__WAM-Z97908	BAC00113	reference	d__Bacteria;p__Cyanobacteriota;c__Cyanobacteriia;o__Cyanobacteriales;f__Microcoleaceae;g__Trichodesmium;s__Trichodesmium erythraeum	0.133287	7357	0.1528	0.9405	false	true	false	0	validated	validated	trace
Church2025__WAM-Z97908	BAC00146	mag	d__Bacteria;p__Pseudomonadota;c__Alphaproteobacteria;o__JABSOH01;f__JABSOH01;g__;s__	0.156134	2498	0.197	0.8733	false	false	false	1106	validated	validated	trace
Church2025__WAM-Z97910	BAC00019	reference	d__Bacteria;p__Actinomycetota;c__Actinomycetes;o__Propionibacteriales;f__Propionibacteriaceae;g__Cutibacterium;s__Cutibacterium acnes	0.201432	4617	0.2776	0.8311	false	true	false	0	validated	validated	validated
Church2025__WAM-Z97910	BAC00025	mag	d__Bacteria;p__Bacillota_I;c__Bacilli_A;o__Mycoplasmatales;f__Metamycoplasmataceae;g__;s__	0.764983	49630	9.0873	0.7651	false	false	true	202848	high_confidence	high_confidence	high_confidence
Church2025__WAM-Z97910	BAC00029	mag	d__Bacteria;p__Bacillota_I;c__Bacilli_A;o__Mycoplasmatales;f__Metamycoplasmataceae;g__;s__	0.789791	37635	7.2914	0.7903	false	false	true	774230	high_confidence	high_confidence	high_confidence
Church2025__WAM-Z97910	BAC00216	reference	d__Bacteria;p__Pseudomonadota;c__Gammaproteobacteria;o__Burkholderiales;f__Burkholderiaceae;g__Pelomonas;s__Pelomonas sp003963075	0.124	5118	0.1652	0.8142	false	true	false	0	validated	validated	trace
Church2025__WAM-Z97910	BAC00250	reference	d__Bacteria;p__Pseudomonadota;c__Gammaproteobacteria;o__Enterobacterales;f__Alteromonadaceae;g__Pseudoalteromonas;s__Pseudoalteromonas espejiana	0.233773	9312	0.3104	0.8761	false	true	false	2254	validated	validated	validated
Church2025__WAM-Z97910	BAC00384	reference	d__Bacteria;p__Pseudomonadota;c__Gammaproteobacteria;o__Pseudomonadales;f__Halomonadaceae;g__Cobetia;s__Cobetia amphilecti	0.420948	19956	0.7546	0.7945	false	true	false	39926	high_confidence	high_confidence	high_confidence
Church2025__WAM-Z97910	BAC00386	reference	d__Bacteria;p__Pseudomonadota;c__Gammaproteobacteria;o__Pseudomonadales;f__Halomonadaceae;g__Cobetia;s__Cobetia sp016495405	0.138074	5507	0.1963	0.7748	false	false	false	8494	validated	validated	trace
Church2025__WAM-Z97911	BAC00025	mag	d__Bacteria;p__Bacillota_I;c__Bacilli_A;o__Mycoplasmatales;f__Metamycoplasmataceae;g__;s__	0.845559	69398	12.7068	0.8456	false	false	true	246203	high_confidence	high_confidence	high_confidence
Church2025__WAM-Z97911	BAC00026	mag	d__Bacteria;p__Bacillota_I;c__Bacilli_A;o__Mycoplasmatales;f__Metamycoplasmataceae;g__;s__	0.182561	6711	1.0373	0.2828	true	false	false	396	validated	validated	trace
Church2025__WAM-Z97911	BAC00027	mag	d__Bacteria;p__Bacillota_I;c__Bacilli_A;o__Mycoplasmatales;f__Metamycoplasmataceae;g__;s__	0.831248	202955	35.7927	0.8312	false	false	true	267891	high_confidence	high_confidence	high_confidence
Church2025__WAM-Z97911	BAC00250	reference	d__Bacteria;p__Pseudomonadota;c__Gammaproteobacteria;o__Enterobacterales;f__Alteromonadaceae;g__Pseudoalteromonas;s__Pseudoalteromonas espejiana	0.364617	17447	0.5815	0.8269	false	true	false	7068	validated	validated	validated
Church2025__WAM-Z97911	BAC00384	reference	d__Bacteria;p__Pseudomonadota;c__Gammaproteobacteria;o__Pseudomonadales;f__Halomonadaceae;g__Cobetia;s__Cobetia amphilecti	0.157698	5847	0.2211	0.795	false	true	false	0	validated	validated	trace
Church2025__WAM-Z97914	BAC00025	mag	d__Bacteria;p__Bacillota_I;c__Bacilli_A;o__Mycoplasmatales;f__Metamycoplasmataceae;g__;s__	0.860024	134746	24.6721	0.86	false	false	false	607757	high_confidence	high_confidence	high_confidence
Church2025__WAM-Z97914	BAC00250	reference	d__Bacteria;p__Pseudomonadota;c__Gammaproteobacteria;o__Enterobacterales;f__Alteromonadaceae;g__Pseudoalteromonas;s__Pseudoalteromonas espejiana	0.121362	4484	0.1495	0.8742	false	true	false	1426	validated	validated	trace
Church2025__WAM-Z97916	BAC00025	mag	d__Bacteria;p__Bacillota_I;c__Bacilli_A;o__Mycoplasmatales;f__Metamycoplasmataceae;g__;s__	0.902498	729556	133.5823	0.9025	false	false	true	483701	high_confidence	high_confidence	high_confidence
Church2025__WAM-Z97916	BAC00026	mag	d__Bacteria;p__Bacillota_I;c__Bacilli_A;o__Mycoplasmatales;f__Metamycoplasmataceae;g__;s__	0.180725	17316	2.6764	0.1941	true	false	false	0	validated	validated	trace
Church2025__WAM-Z97916	BAC00027	mag	d__Bacteria;p__Bacillota_I;c__Bacilli_A;o__Mycoplasmatales;f__Metamycoplasmataceae;g__;s__	0.836774	836248	147.479	0.8368	false	false	true	219297	high_confidence	high_confidence	high_confidence
Church2025__WAM-Z97916	BAC00146	mag	d__Bacteria;p__Pseudomonadota;c__Alphaproteobacteria;o__JABSOH01;f__JABSOH01;g__;s__	0.234715	4316	0.3403	0.8137	false	false	false	2020	validated	validated	validated
Church2025__WAM-Z97916	BAC00166	mag	d__Bacteria;p__Pseudomonadota;c__Alphaproteobacteria;o__Rhodobacterales;f__Rhodobacteraceae;g__Cognatishimia;s__	0.12553	3098	0.188	0.7325	false	false	false	5030	validated	validated	trace
Church2025__WAM-Z97916	BAC00250	reference	d__Bacteria;p__Pseudomonadota;c__Gammaproteobacteria;o__Enterobacterales;f__Alteromonadaceae;g__Pseudoalteromonas;s__Pseudoalteromonas espejiana	0.544757	32903	1.0967	0.8179	false	true	false	128235	high_confidence	high_confidence	high_confidence
Church2025__WAM-Z97916	BAC00384	reference	d__Bacteria;p__Pseudomonadota;c__Gammaproteobacteria;o__Pseudomonadales;f__Halomonadaceae;g__Cobetia;s__Cobetia amphilecti	0.194968	7372	0.2788	0.8014	false	true	false	0	validated	validated	trace
Church2025__WAM-Z97917	BAC00019	reference	d__Bacteria;p__Actinomycetota;c__Actinomycetes;o__Propionibacteriales;f__Propionibacteriaceae;g__Cutibacterium;s__Cutibacterium acnes	0.135249	3610	0.217	0.6932	false	true	false	0	validated	validated	trace
Church2025__WAM-Z97917	BAC00025	mag	d__Bacteria;p__Bacillota_I;c__Bacilli_A;o__Mycoplasmatales;f__Metamycoplasmataceae;g__;s__	1.0	2015505	369.0405	1.0	false	false	true	819221	high_confidence	high_confidence	high_confidence
Church2025__WAM-Z97917	BAC00026	mag	d__Bacteria;p__Bacillota_I;c__Bacilli_A;o__Mycoplasmatales;f__Metamycoplasmataceae;g__;s__	0.860595	342821	52.9878	0.8606	false	false	true	641780	high_confidence	high_confidence	high_confidence
Church2025__WAM-Z97917	BAC00027	mag	d__Bacteria;p__Bacillota_I;c__Bacilli_A;o__Mycoplasmatales;f__Metamycoplasmataceae;g__;s__	0.889646	188823	33.3004	0.8896	false	false	true	287472	high_confidence	high_confidence	high_confidence
Church2025__WAM-Z97917	BAC00028	mag	d__Bacteria;p__Bacillota_I;c__Bacilli_A;o__Mycoplasmatales;f__Metamycoplasmataceae;g__;s__	0.111873	7885	2.0735	0.128	true	false	false	6466	validated	validated	trace
Church2025__WAM-Z97917	BAC00166	mag	d__Bacteria;p__Pseudomonadota;c__Alphaproteobacteria;o__Rhodobacterales;f__Rhodobacteraceae;g__Cognatishimia;s__	0.362471	12580	0.7633	0.6789	false	false	false	7574	validated	validated	validated
Church2025__WAM-Z97920	BAC00025	mag	d__Bacteria;p__Bacillota_I;c__Bacilli_A;o__Mycoplasmatales;f__Metamycoplasmataceae;g__;s__	0.926288	232977	42.6583	0.9263	false	false	true	615812	high_confidence	high_confidence	high_confidence
Church2025__WAM-Z97920	BAC00026	mag	d__Bacteria;p__Bacillota_I;c__Bacilli_A;o__Mycoplasmatales;f__Metamycoplasmataceae;g__;s__	0.751126	16625	2.5696	0.8134	false	false	false	253379	high_confidence	high_confidence	high_confidence
Church2025__WAM-Z97920	BAC00027	mag	d__Bacteria;p__Bacillota_I;c__Bacilli_A;o__Mycoplasmatales;f__Metamycoplasmataceae;g__;s__	0.827034	28333	4.9967	0.8327	false	false	false	440877	high_confidence	high_confidence	high_confidence
Church2025__WAM-Z97921	BAC00025	mag	d__Bacteria;p__Bacillota_I;c__Bacilli_A;o__Mycoplasmatales;f__Metamycoplasmataceae;g__;s__	0.933305	92585	16.9524	0.9333	false	false	false	572398	high_confidence	high_confidence	high_confidence
Church2025__WAM-Z97921	BAC00026	mag	d__Bacteria;p__Bacillota_I;c__Bacilli_A;o__Mycoplasmatales;f__Metamycoplasmataceae;g__;s__	0.881602	112023	17.3147	0.8816	false	false	false	632125	high_confidence	high_confidence	high_confidence
Church2025__WAM-Z97921	BAC00027	mag	d__Bacteria;p__Bacillota_I;c__Bacilli_A;o__Mycoplasmatales;f__Metamycoplasmataceae;g__;s__	0.92935	169366	29.869	0.9293	false	false	false	694980	high_confidence	high_confidence	high_confidence
Church2025__WAM-Z97921	BAC00028	mag	d__Bacteria;p__Bacillota_I;c__Bacilli_A;o__Mycoplasmatales;f__Metamycoplasmataceae;g__;s__	0.113515	4588	1.2065	0.162	true	false	false	24083	high_confidence	high_confidence	trace
Church2025__WAM-Z97921	BAC00118	reference	d__Bacteria;p__Cyanobacteriota;c__Cyanobacteriia;o__PCC-6307;f__Cyanobiaceae;g__Parasynechococcus;s__Parasynechococcus sp002724845	0.171797	2820	0.2494	0.7783	false	true	false	0	validated	validated	trace
Church2025__WAM-Z97921	BAC00139	reference	d__Bacteria;p__Planctomycetota;c__UBA1135;o__UBA1135;f__GCA-002686595;g__GCA-2862085;s__	0.137423	2996	0.2016	0.7527	false	true	false	0	validated	validated	trace
Church2025__WAM-Z97921	BAC00146	mag	d__Bacteria;p__Pseudomonadota;c__Alphaproteobacteria;o__JABSOH01;f__JABSOH01;g__;s__	0.356022	7150	0.5638	0.8261	false	false	false	2623	validated	validated	validated
Church2025__WAM-Z97923	BAC00025	mag	d__Bacteria;p__Bacillota_I;c__Bacilli_A;o__Mycoplasmatales;f__Metamycoplasmataceae;g__;s__	0.196429	6548	1.1989	0.2812	true	false	false	1464	validated	validated	trace
Church2025__WAM-Z97923	BAC00027	mag	d__Bacteria;p__Bacillota_I;c__Bacilli_A;o__Mycoplasmatales;f__Metamycoplasmataceae;g__;s__	0.874932	58869	10.382	0.875	false	false	true	180520	high_confidence	high_confidence	high_confidence
Church2025__YPM-IZ-104460	BAC00289	reference	d__Bacteria;p__Pseudomonadota;c__Gammaproteobacteria;o__Enterobacterales;f__Enterobacteriaceae;g__Serratia;s__Serratia nevei	0.383432	19566	0.5413	0.9172	false	true	false	4423	validated	validated	validated
Church2025__YPM-IZ-104461	BAC00146	mag	d__Bacteria;p__Pseudomonadota;c__Alphaproteobacteria;o__JABSOH01;f__JABSOH01;g__;s__	0.226805	3476	0.2741	0.9461	false	false	false	2188	validated	validated	validated
Church2025__YPM-IZ-104461	BAC00166	mag	d__Bacteria;p__Pseudomonadota;c__Alphaproteobacteria;o__Rhodobacterales;f__Rhodobacteraceae;g__Cognatishimia;s__	0.103793	2000	0.1214	0.9082	false	false	false	4600	validated	validated	trace
Church2025__YPM-IZ-104461	BAC00289	reference	d__Bacteria;p__Pseudomonadota;c__Gammaproteobacteria;o__Enterobacterales;f__Enterobacteriaceae;g__Serratia;s__Serratia nevei	0.427625	23226	0.6426	0.902	false	true	false	3706	validated	validated	validated
Church2025__YPM-IZ-104464	BAC00146	mag	d__Bacteria;p__Pseudomonadota;c__Alphaproteobacteria;o__JABSOH01;f__JABSOH01;g__;s__	0.43541	9924	0.7825	0.8022	false	false	false	3302	validated	validated	validated
Church2025__YPM-IZ-104464	BAC00166	mag	d__Bacteria;p__Pseudomonadota;c__Alphaproteobacteria;o__Rhodobacterales;f__Rhodobacteraceae;g__Cognatishimia;s__	0.55518	22739	1.3798	0.7419	false	false	false	29549	high_confidence	high_confidence	high_confidence
Church2025__YPM-IZ-104464	BAC00167	mag	d__Bacteria;p__Pseudomonadota;c__Alphaproteobacteria;o__Rhodobacterales;f__Rhodobacteraceae;g__Cognatishimia;s__	0.665237	34433	1.7514	0.8049	false	false	false	88648	high_confidence	high_confidence	high_confidence
Church2025__YPM-IZ-104464	BAC00289	reference	d__Bacteria;p__Pseudomonadota;c__Gammaproteobacteria;o__Enterobacterales;f__Enterobacteriaceae;g__Serratia;s__Serratia nevei	0.854903	800320	22.1426	0.8549	false	true	true	2762129	high_confidence	high_confidence	high_confidence
Church2025__YPM-IZ-104465	BAC00146	mag	d__Bacteria;p__Pseudomonadota;c__Alphaproteobacteria;o__JABSOH01;f__JABSOH01;g__;s__	0.439258	11083	0.8739	0.7539	false	false	false	2742	validated	validated	validated
Church2025__YPM-IZ-104465	BAC00167	mag	d__Bacteria;p__Pseudomonadota;c__Alphaproteobacteria;o__Rhodobacterales;f__Rhodobacteraceae;g__Cognatishimia;s__	0.535495	27291	1.3881	0.7136	false	false	false	48106	high_confidence	high_confidence	high_confidence
Church2025__YPM-IZ-104465	BAC00289	reference	d__Bacteria;p__Pseudomonadota;c__Gammaproteobacteria;o__Enterobacterales;f__Enterobacteriaceae;g__Serratia;s__Serratia nevei	0.649199	68229	1.8877	0.765	false	true	false	160483	high_confidence	high_confidence	high_confidence
Church2025__YPM-IZ-106919	BAC00146	mag	d__Bacteria;p__Pseudomonadota;c__Alphaproteobacteria;o__JABSOH01;f__JABSOH01;g__;s__	0.99644	91580	7.2213	0.9972	false	false	true	1902301	high_confidence	high_confidence	high_confidence
Church2025__YPM-IZ-106919	BAC00166	mag	d__Bacteria;p__Pseudomonadota;c__Alphaproteobacteria;o__Rhodobacterales;f__Rhodobacteraceae;g__Cognatishimia;s__	0.874664	58573	3.5542	0.9004	false	false	false	1509383	high_confidence	high_confidence	high_confidence
Church2025__YPM-IZ-106919	BAC00375	mag	d__Bacteria;p__Pseudomonadota;c__Gammaproteobacteria;o__Pseudomonadales;f__DT-91;g__CAKMZU01;s__	0.999767	1548380	56.0639	0.9998	false	false	true	4142718	high_confidence	high_confidence	high_confidence
Church2025__YPM-IZ-106920	BAC00146	mag	d__Bacteria;p__Pseudomonadota;c__Alphaproteobacteria;o__JABSOH01;f__JABSOH01;g__;s__	0.153017	2583	0.2037	0.8304	false	false	false	489	validated	validated	trace
Church2025__YPM-IZ-106920	BAC00375	mag	d__Bacteria;p__Pseudomonadota;c__Gammaproteobacteria;o__Pseudomonadales;f__DT-91;g__CAKMZU01;s__	0.909671	80650	2.9202	0.9615	false	false	false	1181533	high_confidence	high_confidence	high_confidence
Church2025__YPM-IZ-106923	BAC00028	mag	d__Bacteria;p__Bacillota_I;c__Bacilli_A;o__Mycoplasmatales;f__Metamycoplasmataceae;g__;s__	0.988703	18312	4.8153	0.9968	false	false	true	570426	high_confidence	high_confidence	high_confidence
Church2025__YPM-IZ-106923	BAC00146	mag	d__Bacteria;p__Pseudomonadota;c__Alphaproteobacteria;o__JABSOH01;f__JABSOH01;g__;s__	0.221785	4085	0.3221	0.8054	false	false	false	1495	validated	validated	validated
Church2025__YPM-IZ-106923	BAC00166	mag	d__Bacteria;p__Pseudomonadota;c__Alphaproteobacteria;o__Rhodobacterales;f__Rhodobacteraceae;g__Cognatishimia;s__	0.624494	26135	1.5859	0.7853	false	false	false	51416	high_confidence	high_confidence	high_confidence
Church2025__YPM-IZ-106923	BAC00167	mag	d__Bacteria;p__Pseudomonadota;c__Alphaproteobacteria;o__Rhodobacterales;f__Rhodobacteraceae;g__Cognatishimia;s__	0.642998	32105	1.6329	0.7991	false	false	false	87037	high_confidence	high_confidence	high_confidence
Church2025__YPM-IZ-106923	BAC00307	reference	d__Bacteria;p__Pseudomonadota;c__Gammaproteobacteria;o__Enterobacterales;f__Vibrionaceae;g__Photobacterium;s__Photobacterium swingsii	0.209968	11280	0.2995	0.8114	false	true	false	845	validated	validated	validated
Church2025__YPM-IZ-106923	BAC00316	reference	d__Bacteria;p__Pseudomonadota;c__Gammaproteobacteria;o__Enterobacterales;f__Vibrionaceae;g__Vibrio;s__Vibrio chagasii_A	0.101882	4679	0.1401	0.7792	false	true	false	4168	validated	validated	trace
Church2025__YPM-IZ-106923	BAC00317	reference	d__Bacteria;p__Pseudomonadota;c__Gammaproteobacteria;o__Enterobacterales;f__Vibrionaceae;g__Vibrio;s__Vibrio chagasii_B	0.200203	10572	0.2931	0.788	false	true	false	7448	validated	validated	validated
Church2025__YPM-IZ-106923	BAC00351	reference	d__Bacteria;p__Pseudomonadota;c__Gammaproteobacteria;o__Enterobacterales;f__Vibrionaceae;g__Vibrio;s__Vibrio sp022398115	0.102094	5641	0.1452	0.7552	false	false	false	3769	validated	validated	trace
Church2025__YPM-IZ-106954	BAC00027	mag	d__Bacteria;p__Bacillota_I;c__Bacilli_A;o__Mycoplasmatales;f__Metamycoplasmataceae;g__;s__	0.840382	45201	7.9716	0.8407	false	false	true	386062	high_confidence	high_confidence	high_confidence
Church2025__YPM-IZ-110251	BAC00019	reference	d__Bacteria;p__Actinomycetota;c__Actinomycetes;o__Propionibacteriales;f__Propionibacteriaceae;g__Cutibacterium;s__Cutibacterium acnes	0.114974	2911	0.175	0.7161	false	true	false	0	validated	validated	trace
Church2025__YPM-IZ-110254	BAC00019	reference	d__Bacteria;p__Actinomycetota;c__Actinomycetes;o__Propionibacteriales;f__Propionibacteriaceae;g__Cutibacterium;s__Cutibacterium acnes	0.105423	2821	0.1696	0.6758	false	true	false	0	validated	validated	trace
Church2025__YPM-IZ-110264	BAC00019	reference	d__Bacteria;p__Actinomycetota;c__Actinomycetes;o__Propionibacteriales;f__Propionibacteriaceae;g__Cutibacterium;s__Cutibacterium acnes	0.233446	5221	0.3139	0.8665	false	true	false	0	validated	validated	validated
Church2025__YPM-IZ-110264	BAC00166	mag	d__Bacteria;p__Pseudomonadota;c__Alphaproteobacteria;o__Rhodobacterales;f__Rhodobacteraceae;g__Cognatishimia;s__	0.559725	17142	1.0402	0.8656	false	false	false	28079	high_confidence	high_confidence	high_confidence
Church2025__YPM-IZ-110264	BAC00167	mag	d__Bacteria;p__Pseudomonadota;c__Alphaproteobacteria;o__Rhodobacterales;f__Rhodobacteraceae;g__Cognatishimia;s__	0.415254	12885	0.6554	0.8638	false	false	false	15635	high_confidence	high_confidence	high_confidence
Church2025__YPM-IZ-110276	BAC00166	mag	d__Bacteria;p__Pseudomonadota;c__Alphaproteobacteria;o__Rhodobacterales;f__Rhodobacteraceae;g__Cognatishimia;s__	0.142751	2940	0.1784	0.8737	false	false	false	12136	high_confidence	high_confidence	trace
Church2025__YPM-IZ-110277	BAC00166	mag	d__Bacteria;p__Pseudomonadota;c__Alphaproteobacteria;o__Rhodobacterales;f__Rhodobacteraceae;g__Cognatishimia;s__	0.813025	37219	2.2584	0.9079	false	false	false	481265	high_confidence	high_confidence	high_confidence
Church2025__YPM-IZ-110433	BAC00277	reference	d__Bacteria;p__Pseudomonadota;c__Gammaproteobacteria;o__Enterobacterales;f__Alteromonadaceae;g__Pseudoalteromonas;s__Pseudoalteromonas spongiae	0.109423	4231	0.1335	0.8753	false	true	false	0	validated	validated	trace
Church2025__YPM-IZ-110433	BAC00304	reference	d__Bacteria;p__Pseudomonadota;c__Gammaproteobacteria;o__Enterobacterales;f__Vibrionaceae;g__Photobacterium;s__Photobacterium jeanii	0.428886	23383	0.695	0.8562	false	true	false	4733	validated	validated	validated
Church2025__YPM-IZ-110433	BAC00308	reference	d__Bacteria;p__Pseudomonadota;c__Gammaproteobacteria;o__Enterobacterales;f__Vibrionaceae;g__Vibrio;s__Vibrio alginolyticus	0.896105	170297	4.9633	0.9024	false	true	false	3570870	high_confidence	high_confidence	high_confidence
Church2025__YPM-IZ-110433	BAC00319	reference	d__Bacteria;p__Pseudomonadota;c__Gammaproteobacteria;o__Enterobacterales;f__Vibrionaceae;g__Vibrio;s__Vibrio coralliilyticus	0.162867	8292	0.219	0.8282	false	true	false	6791	validated	validated	trace
Church2025__YPM-IZ-110433	BAC00324	reference	d__Bacteria;p__Pseudomonadota;c__Gammaproteobacteria;o__Enterobacterales;f__Vibrionaceae;g__Vibrio;s__Vibrio diabolicus	0.10545	6632	0.1938	0.5985	false	false	false	45202	high_confidence	high_confidence	trace
Church2025__YPM-IZ-110433	BAC00326	reference	d__Bacteria;p__Pseudomonadota;c__Gammaproteobacteria;o__Enterobacterales;f__Vibrionaceae;g__Vibrio;s__Vibrio europaeus	0.226939	22799	0.6221	0.4899	true	false	false	285752	high_confidence	high_confidence	high_confidence
Church2025__YPM-IZ-110433	BAC00328	reference	d__Bacteria;p__Pseudomonadota;c__Gammaproteobacteria;o__Enterobacterales;f__Vibrionaceae;g__Vibrio;s__Vibrio fortis_A	0.373219	25240	0.7162	0.7298	false	true	false	218335	high_confidence	high_confidence	high_confidence
Church2025__YPM-IZ-110433	BAC00331	reference	d__Bacteria;p__Pseudomonadota;c__Gammaproteobacteria;o__Enterobacterales;f__Vibrionaceae;g__Vibrio;s__Vibrio harveyi	0.918677	307208	8.2529	0.9189	false	true	false	4738881	high_confidence	high_confidence	high_confidence
Church2025__YPM-IZ-110433	BAC00337	reference	d__Bacteria;p__Pseudomonadota;c__Gammaproteobacteria;o__Enterobacterales;f__Vibrionaceae;g__Vibrio;s__Vibrio neptunius	0.221444	9732	0.2992	0.8564	false	true	false	173	validated	validated	validated
Church2025__YPM-IZ-110433	BAC00339	reference	d__Bacteria;p__Pseudomonadota;c__Gammaproteobacteria;o__Enterobacterales;f__Vibrionaceae;g__Vibrio;s__Vibrio owensii	0.186433	17084	0.4039	0.5611	false	true	false	161839	high_confidence	high_confidence	trace
Church2025__YPM-IZ-110433	BAC00341	reference	d__Bacteria;p__Pseudomonadota;c__Gammaproteobacteria;o__Enterobacterales;f__Vibrionaceae;g__Vibrio;s__Vibrio pelagius	0.499717	44575	1.347	0.6753	false	true	false	737356	high_confidence	high_confidence	high_confidence
Church2025__YPM-IZ-110433	BAC00343	reference	d__Bacteria;p__Pseudomonadota;c__Gammaproteobacteria;o__Enterobacterales;f__Vibrionaceae;g__Vibrio;s__Vibrio rotiferianus	0.154039	9159	0.2559	0.6822	false	true	false	24454	high_confidence	high_confidence	trace
Church2025__YPM-IZ-110433	BAC00357	reference	d__Bacteria;p__Pseudomonadota;c__Gammaproteobacteria;o__Enterobacterales;f__Vibrionaceae;g__Vibrio;s__Vibrio tubiashii_B	0.523885	69391	1.9783	0.608	false	true	false	1948519	high_confidence	high_confidence	high_confidence
Church2025__YPM-IZ-110434	BAC00337	reference	d__Bacteria;p__Pseudomonadota;c__Gammaproteobacteria;o__Enterobacterales;f__Vibrionaceae;g__Vibrio;s__Vibrio neptunius	0.101058	3976	0.1222	0.8783	false	true	false	0	validated	validated	trace
Church2025__YPM-IZ-110434	BAC00341	reference	d__Bacteria;p__Pseudomonadota;c__Gammaproteobacteria;o__Enterobacterales;f__Vibrionaceae;g__Vibrio;s__Vibrio pelagius	0.113252	4773	0.1442	0.8432	false	true	false	4732	validated	validated	trace
Church2025__YPM-IZ-110436	BAC00027	mag	d__Bacteria;p__Bacillota_I;c__Bacilli_A;o__Mycoplasmatales;f__Metamycoplasmataceae;g__;s__	0.471425	7331	1.2929	0.6498	false	false	false	97914	high_confidence	high_confidence	high_confidence
Church2025__YPM-IZ-110467	BAC00027	mag	d__Bacteria;p__Bacillota_I;c__Bacilli_A;o__Mycoplasmatales;f__Metamycoplasmataceae;g__;s__	0.532572	5528	0.9749	0.8552	false	false	false	13246	high_confidence	high_confidence	high_confidence
Church2025__YPM-IZ-110467	BAC00362	mag	d__Bacteria;p__Pseudomonadota;c__Gammaproteobacteria;o__JABDGN01;f__JABDGN01;g__;s__	0.217414	7821	0.6763	0.4424	true	false	false	14380	high_confidence	high_confidence	high_confidence
Church2025__YPM-IZ-110468	BAC00025	mag	d__Bacteria;p__Bacillota_I;c__Bacilli_A;o__Mycoplasmatales;f__Metamycoplasmataceae;g__;s__	0.828475	223683	40.9565	0.8285	false	false	true	319869	high_confidence	high_confidence	high_confidence
Church2025__YPM-IZ-110468	BAC00362	mag	d__Bacteria;p__Pseudomonadota;c__Gammaproteobacteria;o__JABDGN01;f__JABDGN01;g__;s__	0.213248	8816	0.7623	0.3998	true	false	false	15825	high_confidence	high_confidence	high_confidence
Church2025__YPM-IZ-110469	BAC00006	mag	d__Archaea;p__Thermoproteota;c__JANJXX01;o__JAMOTR01;f__;g__;s__	0.995514	196037	7.2383	0.9962	false	false	true	4062497	high_confidence	high_confidence	high_confidence
Church2025__YPM-IZ-110469	BAC00025	mag	d__Bacteria;p__Bacillota_I;c__Bacilli_A;o__Mycoplasmatales;f__Metamycoplasmataceae;g__;s__	0.726699	12288	2.2499	0.8123	false	false	false	150685	high_confidence	high_confidence	high_confidence
Church2025__YPM-IZ-110469	BAC00042	reference	d__Bacteria;p__Bacteroidota;c__Bacteroidia;o__Flavobacteriales;f__Flavobacteriaceae;g__Aquimarina;s__Aquimarina amphilecti	0.211333	9074	0.2563	0.9346	false	true	false	0	validated	validated	validated
Church2025__YPM-IZ-110469	BAC00155	reference	d__Bacteria;p__Pseudomonadota;c__Alphaproteobacteria;o__Rhizobiales;f__Rhizobiaceae;g__JAALLB01;s__JAALLB01 sp011087745	0.324065	6182	0.4851	0.8431	false	true	false	1101	validated	validated	validated
Church2025__YPM-IZ-110469	BAC00362	mag	d__Bacteria;p__Pseudomonadota;c__Gammaproteobacteria;o__JABDGN01;f__JABDGN01;g__;s__	0.967522	12496499	1080.549	0.9675	false	false	true	1654258	high_confidence	high_confidence	high_confidence
Church2025__YPM-IZ-110473	BAC00027	mag	d__Bacteria;p__Bacillota_I;c__Bacilli_A;o__Mycoplasmatales;f__Metamycoplasmataceae;g__;s__	0.157705	1037	0.1829	0.9436	false	false	false	0	validated	validated	trace
Church2025__YPM-IZ-110515	BAC00025	mag	d__Bacteria;p__Bacillota_I;c__Bacilli_A;o__Mycoplasmatales;f__Metamycoplasmataceae;g__;s__	0.856697	614380	112.4935	0.8567	false	false	true	359470	high_confidence	high_confidence	high_confidence
Church2025__YPM-IZ-110515	BAC00026	mag	d__Bacteria;p__Bacillota_I;c__Bacilli_A;o__Mycoplasmatales;f__Metamycoplasmataceae;g__;s__	0.865514	43079	6.6585	0.8666	false	false	false	588757	high_confidence	high_confidence	high_confidence
Church2025__YPM-IZ-110515	BAC00027	mag	d__Bacteria;p__Bacillota_I;c__Bacilli_A;o__Mycoplasmatales;f__Metamycoplasmataceae;g__;s__	0.876378	939790	165.7394	0.8764	false	false	true	107622	high_confidence	high_confidence	high_confidence
Church2025__YPM-IZ-110515	BAC00028	mag	d__Bacteria;p__Bacillota_I;c__Bacilli_A;o__Mycoplasmatales;f__Metamycoplasmataceae;g__;s__	0.162447	13486	3.5463	0.1673	true	false	false	10206	high_confidence	high_confidence	trace
Church2025__YPM-IZ-110520	BAC00026	mag	d__Bacteria;p__Bacillota_I;c__Bacilli_A;o__Mycoplasmatales;f__Metamycoplasmataceae;g__;s__	0.920809	92476	14.2935	0.9208	false	false	true	710679	high_confidence	high_confidence	high_confidence
Church2025__YPM-IZ-110520	BAC00027	mag	d__Bacteria;p__Bacillota_I;c__Bacilli_A;o__Mycoplasmatales;f__Metamycoplasmataceae;g__;s__	0.833563	1318981	232.6128	0.8336	false	false	true	101503	high_confidence	high_confidence	high_confidence
Church2025__YPM-IZ-110520	BAC00028	mag	d__Bacteria;p__Bacillota_I;c__Bacilli_A;o__Mycoplasmatales;f__Metamycoplasmataceae;g__;s__	0.151716	34402	9.0464	0.1517	true	false	false	23231	high_confidence	high_confidence	trace
Church2025__YPM-IZ-110556	BAC00025	mag	d__Bacteria;p__Bacillota_I;c__Bacilli_A;o__Mycoplasmatales;f__Metamycoplasmataceae;g__;s__	0.217916	3795	0.6949	0.4351	true	false	false	1177	validated	validated	validated
Church2025__YPM-IZ-110557	BAC00025	mag	d__Bacteria;p__Bacillota_I;c__Bacilli_A;o__Mycoplasmatales;f__Metamycoplasmataceae;g__;s__	0.898212	250897	45.9394	0.8982	false	false	true	602815	high_confidence	high_confidence	high_confidence
Church2025__YPM-IZ-110558	BAC00025	mag	d__Bacteria;p__Bacillota_I;c__Bacilli_A;o__Mycoplasmatales;f__Metamycoplasmataceae;g__;s__	0.849747	41934	7.6781	0.8501	false	false	true	442861	high_confidence	high_confidence	high_confidence
Church2025__YPM-IZ-110566	BAC00025	mag	d__Bacteria;p__Bacillota_I;c__Bacilli_A;o__Mycoplasmatales;f__Metamycoplasmataceae;g__;s__	0.87474	50330	9.2155	0.8748	false	false	false	562816	high_confidence	high_confidence	high_confidence
Church2025__YPM-IZ-110566	BAC00027	mag	d__Bacteria;p__Bacillota_I;c__Bacilli_A;o__Mycoplasmatales;f__Metamycoplasmataceae;g__;s__	0.765654	401176	70.7506	0.7657	false	false	true	37119	high_confidence	high_confidence	high_confidence
Church2025__YPM-IZ-110569	BAC00025	mag	d__Bacteria;p__Bacillota_I;c__Bacilli_A;o__Mycoplasmatales;f__Metamycoplasmataceae;g__;s__	0.926903	325211	59.5464	0.9269	false	false	true	700109	high_confidence	high_confidence	high_confidence
Church2025__YPM-IZ-110569	BAC00027	mag	d__Bacteria;p__Bacillota_I;c__Bacilli_A;o__Mycoplasmatales;f__Metamycoplasmataceae;g__;s__	0.362257	3071	0.5416	0.8663	false	false	false	0	validated	validated	validated
Church2025__YPM-IZ-110569	BAC00114	reference	d__Bacteria;p__Cyanobacteriota;c__Cyanobacteriia;o__Cyanobacteriales;f__Xenococcaceae;g__JASJCP01;s__JASJCP01 sp030064915	0.21525	10985	0.3099	0.8078	false	true	false	9970	validated	validated	validated
Church2025__YPM-IZ-110569	BAC00116	mag	d__Bacteria;p__Cyanobacteriota;c__Cyanobacteriia;o__Cyanobacteriales;f__Xenococcaceae;g__Xenococcus;s__	0.992536	534209	8.7663	0.9927	false	false	true	9140840	high_confidence	high_confidence	high_confidence
Church2025__YPM-IZ-110569	BAC00146	mag	d__Bacteria;p__Pseudomonadota;c__Alphaproteobacteria;o__JABSOH01;f__JABSOH01;g__;s__	0.108505	1622	0.1279	0.9038	false	false	false	0	validated	validated	trace
Church2025__YPM-IZ-110569	BAC00167	mag	d__Bacteria;p__Pseudomonadota;c__Alphaproteobacteria;o__Rhodobacterales;f__Rhodobacteraceae;g__Cognatishimia;s__	0.167235	4228	0.215	0.8643	false	false	false	1713	validated	validated	trace
Church2025__YPM-IZ-110600	BAC00166	mag	d__Bacteria;p__Pseudomonadota;c__Alphaproteobacteria;o__Rhodobacterales;f__Rhodobacteraceae;g__Cognatishimia;s__	0.133737	3052	0.1852	0.7911	false	false	false	6509	validated	validated	trace
Church2025__YPM-IZ-110600	BAC00319	reference	d__Bacteria;p__Pseudomonadota;c__Gammaproteobacteria;o__Enterobacterales;f__Vibrionaceae;g__Vibrio;s__Vibrio coralliilyticus	0.128916	6729	0.1777	0.7919	false	true	false	12594	high_confidence	high_confidence	trace
Church2025__YPM-IZ-110600	BAC00331	reference	d__Bacteria;p__Pseudomonadota;c__Gammaproteobacteria;o__Enterobacterales;f__Vibrionaceae;g__Vibrio;s__Vibrio harveyi	0.179332	9140	0.2455	0.8237	false	true	false	151	validated	validated	trace
Church2025__YPM-IZ-110600	BAC00337	reference	d__Bacteria;p__Pseudomonadota;c__Gammaproteobacteria;o__Enterobacterales;f__Vibrionaceae;g__Vibrio;s__Vibrio neptunius	0.626349	45776	1.4072	0.8294	false	true	false	199487	high_confidence	high_confidence	high_confidence
Church2025__YPM-IZ-110602	BAC00027	mag	d__Bacteria;p__Bacillota_I;c__Bacilli_A;o__Mycoplasmatales;f__Metamycoplasmataceae;g__;s__	0.831039	223613	39.4359	0.831	false	false	true	159437	high_confidence	high_confidence	high_confidence
Church2025__YPM-IZ-110602	BAC00308	reference	d__Bacteria;p__Pseudomonadota;c__Gammaproteobacteria;o__Enterobacterales;f__Vibrionaceae;g__Vibrio;s__Vibrio alginolyticus	0.210464	9246	0.2695	0.891	false	true	false	5085	validated	validated	validated
Church2025__YPM-IZ-110605	BAC00025	mag	d__Bacteria;p__Bacillota_I;c__Bacilli_A;o__Mycoplasmatales;f__Metamycoplasmataceae;g__;s__	0.701127	17310	3.1695	0.7319	false	false	false	243931	high_confidence	high_confidence	high_confidence
Church2025__YPM-IZ-110605	BAC00166	mag	d__Bacteria;p__Pseudomonadota;c__Alphaproteobacteria;o__Rhodobacterales;f__Rhodobacteraceae;g__Cognatishimia;s__	0.148919	3749	0.2275	0.7319	false	false	false	6435	validated	validated	trace
Church2025__YPM-IZ-110612	BAC00166	mag	d__Bacteria;p__Pseudomonadota;c__Alphaproteobacteria;o__Rhodobacterales;f__Rhodobacteraceae;g__Cognatishimia;s__	0.193062	4364	0.2648	0.8299	false	false	false	7105	validated	validated	trace
Church2025__YPM-IZ-110613	BAC00025	mag	d__Bacteria;p__Bacillota_I;c__Bacilli_A;o__Mycoplasmatales;f__Metamycoplasmataceae;g__;s__	0.882603	3480482	637.279	0.8826	false	false	true	477990	high_confidence	high_confidence	high_confidence
Church2025__YPM-IZ-110613	BAC00026	mag	d__Bacteria;p__Bacillota_I;c__Bacilli_A;o__Mycoplasmatales;f__Metamycoplasmataceae;g__;s__	0.926771	1021403	157.8723	0.9268	false	false	false	853408	high_confidence	high_confidence	high_confidence
Church2025__YPM-IZ-110613	BAC00027	mag	d__Bacteria;p__Bacillota_I;c__Bacilli_A;o__Mycoplasmatales;f__Metamycoplasmataceae;g__;s__	0.893634	445028	78.4842	0.8936	false	false	true	517842	high_confidence	high_confidence	high_confidence
Church2025__YPM-IZ-110613	BAC00028	mag	d__Bacteria;p__Bacillota_I;c__Bacilli_A;o__Mycoplasmatales;f__Metamycoplasmataceae;g__;s__	0.116664	21305	5.6024	0.1171	true	false	false	22345	high_confidence	high_confidence	trace
Church2025__YPM-IZ-110616	BAC00146	mag	d__Bacteria;p__Pseudomonadota;c__Alphaproteobacteria;o__JABSOH01;f__JABSOH01;g__;s__	0.121774	1882	0.1484	0.883	false	false	false	584	validated	validated	trace
Church2025__YPM-IZ-110616	BAC00302	reference	d__Bacteria;p__Pseudomonadota;c__Gammaproteobacteria;o__Enterobacterales;f__Vibrionaceae;g__Photobacterium;s__Photobacterium angustum	0.827687	608240	18.3599	0.8277	false	true	true	1436626	high_confidence	high_confidence	high_confidence
Church2025__YPM-IZ-110616	BAC00303	reference	d__Bacteria;p__Pseudomonadota;c__Gammaproteobacteria;o__Enterobacterales;f__Vibrionaceae;g__Photobacterium;s__Photobacterium damselae	0.171059	7578	0.2313	0.8285	false	true	false	83	validated	validated	trace
Church2025__YPM-IZ-110616	BAC00305	reference	d__Bacteria;p__Pseudomonadota;c__Gammaproteobacteria;o__Enterobacterales;f__Vibrionaceae;g__Photobacterium;s__Photobacterium leiognathi	0.187832	9788	0.3423	0.648	false	true	false	135	validated	validated	trace
Church2025__YPM-IZ-110616	BAC00308	reference	d__Bacteria;p__Pseudomonadota;c__Gammaproteobacteria;o__Enterobacterales;f__Vibrionaceae;g__Vibrio;s__Vibrio alginolyticus	0.897655	196165	5.7173	0.9006	false	true	true	3896799	high_confidence	high_confidence	high_confidence
Church2025__YPM-IZ-110616	BAC00313	reference	d__Bacteria;p__Pseudomonadota;c__Gammaproteobacteria;o__Enterobacterales;f__Vibrionaceae;g__Vibrio;s__Vibrio campbellii	0.353823	15922	0.5499	0.8365	false	true	false	16290	high_confidence	high_confidence	high_confidence
Church2025__YPM-IZ-110616	BAC00316	reference	d__Bacteria;p__Pseudomonadota;c__Gammaproteobacteria;o__Enterobacterales;f__Vibrionaceae;g__Vibrio;s__Vibrio chagasii_A	0.176963	7587	0.2272	0.8706	false	true	false	1324	validated	validated	trace
Church2025__YPM-IZ-110616	BAC00331	reference	d__Bacteria;p__Pseudomonadota;c__Gammaproteobacteria;o__Enterobacterales;f__Vibrionaceae;g__Vibrio;s__Vibrio harveyi	0.164179	8854	0.2379	0.7756	false	true	false	15087	high_confidence	high_confidence	trace
Church2025__YPM-IZ-110616	BAC00339	reference	d__Bacteria;p__Pseudomonadota;c__Gammaproteobacteria;o__Enterobacterales;f__Vibrionaceae;g__Vibrio;s__Vibrio owensii	0.219892	13245	0.3131	0.818	false	true	false	42040	high_confidence	high_confidence	high_confidence
Church2025__YPM-IZ-110631	BAC00225	reference	d__Bacteria;p__Pseudomonadota;c__Gammaproteobacteria;o__Enterobacterales;f__Alteromonadaceae;g__Alteromonas;s__Alteromonas gracilis	0.787022	72843	2.5268	0.8554	false	true	false	973376	high_confidence	high_confidence	high_confidence
Church2025__YPM-IZ-110631	BAC00227	reference	d__Bacteria;p__Pseudomonadota;c__Gammaproteobacteria;o__Enterobacterales;f__Alteromonadaceae;g__Alteromonas;s__Alteromonas macleodii	0.105319	4108	0.1398	0.8074	false	true	false	1747	validated	validated	trace
Church2025__YPM-IZ-110631	BAC00246	reference	d__Bacteria;p__Pseudomonadota;c__Gammaproteobacteria;o__Enterobacterales;f__Alteromonadaceae;g__Pseudoalteromonas;s__Pseudoalteromonas atlantica	0.725491	58364	1.9592	0.8445	false	true	false	627401	high_confidence	high_confidence	high_confidence
Church2025__YPM-IZ-110631	BAC00272	reference	d__Bacteria;p__Pseudomonadota;c__Gammaproteobacteria;o__Enterobacterales;f__Alteromonadaceae;g__Pseudoalteromonas;s__Pseudoalteromonas sp004208945	0.136584	5205	0.1757	0.8478	false	true	false	0	validated	validated	trace
Church2025__YPM-IZ-110631	BAC00307	reference	d__Bacteria;p__Pseudomonadota;c__Gammaproteobacteria;o__Enterobacterales;f__Vibrionaceae;g__Photobacterium;s__Photobacterium swingsii	0.252455	14135	0.3753	0.8068	false	true	false	1216	validated	validated	validated
Church2025__YPM-IZ-110631	BAC00308	reference	d__Bacteria;p__Pseudomonadota;c__Gammaproteobacteria;o__Enterobacterales;f__Vibrionaceae;g__Vibrio;s__Vibrio alginolyticus	0.87929	161705	4.7129	0.8873	false	true	false	3093118	high_confidence	high_confidence	high_confidence
Church2025__YPM-IZ-110631	BAC00310	reference	d__Bacteria;p__Pseudomonadota;c__Gammaproteobacteria;o__Enterobacterales;f__Vibrionaceae;g__Vibrio;s__Vibrio atypicus	0.191382	8917	0.2766	0.792	false	true	false	6687	validated	validated	trace
Church2025__YPM-IZ-110631	BAC00316	reference	d__Bacteria;p__Pseudomonadota;c__Gammaproteobacteria;o__Enterobacterales;f__Vibrionaceae;g__Vibrio;s__Vibrio chagasii_A	0.169381	9290	0.2782	0.6974	false	false	false	66598	high_confidence	high_confidence	trace
Church2025__YPM-IZ-110631	BAC00317	reference	d__Bacteria;p__Pseudomonadota;c__Gammaproteobacteria;o__Enterobacterales;f__Vibrionaceae;g__Vibrio;s__Vibrio chagasii_B	0.513482	41420	1.1484	0.752	false	true	false	813391	high_confidence	high_confidence	high_confidence
Church2025__YPM-IZ-110631	BAC00321	reference	d__Bacteria;p__Pseudomonadota;c__Gammaproteobacteria;o__Enterobacterales;f__Vibrionaceae;g__Vibrio;s__Vibrio crassostreae	0.135897	7750	0.2003	0.7488	false	true	false	7578	validated	validated	trace
Church2025__YPM-IZ-110631	BAC00322	reference	d__Bacteria;p__Pseudomonadota;c__Gammaproteobacteria;o__Enterobacterales;f__Vibrionaceae;g__Vibrio;s__Vibrio crassostreae_C	0.109728	5195	0.1555	0.7617	false	true	false	12287	high_confidence	high_confidence	trace
Church2025__YPM-IZ-110631	BAC00323	reference	d__Bacteria;p__Pseudomonadota;c__Gammaproteobacteria;o__Enterobacterales;f__Vibrionaceae;g__Vibrio;s__Vibrio cyclitrophicus	0.182519	8993	0.2556	0.8092	false	true	false	2481	validated	validated	trace
Church2025__YPM-IZ-110631	BAC00328	reference	d__Bacteria;p__Pseudomonadota;c__Gammaproteobacteria;o__Enterobacterales;f__Vibrionaceae;g__Vibrio;s__Vibrio fortis_A	0.291188	16741	0.4751	0.77	false	true	false	20287	high_confidence	high_confidence	high_confidence
Church2025__YPM-IZ-110631	BAC00331	reference	d__Bacteria;p__Pseudomonadota;c__Gammaproteobacteria;o__Enterobacterales;f__Vibrionaceae;g__Vibrio;s__Vibrio harveyi	0.859218	160065	4.3	0.871	false	true	false	3560021	high_confidence	high_confidence	high_confidence
Church2025__YPM-IZ-110631	BAC00332	reference	d__Bacteria;p__Pseudomonadota;c__Gammaproteobacteria;o__Enterobacterales;f__Vibrionaceae;g__Vibrio;s__Vibrio jasicida	0.590047	60567	1.5011	0.7593	false	true	false	331905	high_confidence	high_confidence	high_confidence
Church2025__YPM-IZ-110631	BAC00337	reference	d__Bacteria;p__Pseudomonadota;c__Gammaproteobacteria;o__Enterobacterales;f__Vibrionaceae;g__Vibrio;s__Vibrio neptunius	0.29552	15063	0.4631	0.7973	false	true	false	0	validated	validated	validated
Church2025__YPM-IZ-110631	BAC00339	reference	d__Bacteria;p__Pseudomonadota;c__Gammaproteobacteria;o__Enterobacterales;f__Vibrionaceae;g__Vibrio;s__Vibrio owensii	0.127843	11473	0.2712	0.5382	false	false	false	129344	high_confidence	high_confidence	trace
Church2025__YPM-IZ-110631	BAC00341	reference	d__Bacteria;p__Pseudomonadota;c__Gammaproteobacteria;o__Enterobacterales;f__Vibrionaceae;g__Vibrio;s__Vibrio pelagius	0.305721	16675	0.5039	0.7724	false	true	false	11432	high_confidence	high_confidence	high_confidence
Church2025__YPM-IZ-110631	BAC00346	reference	d__Bacteria;p__Pseudomonadota;c__Gammaproteobacteria;o__Enterobacterales;f__Vibrionaceae;g__Vibrio;s__Vibrio sp000169995	0.167148	11596	0.2981	0.6485	false	false	false	200666	high_confidence	high_confidence	trace
Church2025__YPM-IZ-110631	BAC00351	reference	d__Bacteria;p__Pseudomonadota;c__Gammaproteobacteria;o__Enterobacterales;f__Vibrionaceae;g__Vibrio;s__Vibrio sp022398115	0.173816	10887	0.2803	0.711	false	false	false	106412	high_confidence	high_confidence	trace
Church2025__YPM-IZ-110631	BAC00384	reference	d__Bacteria;p__Pseudomonadota;c__Gammaproteobacteria;o__Pseudomonadales;f__Halomonadaceae;g__Cobetia;s__Cobetia amphilecti	0.265882	11307	0.4276	0.7643	false	true	false	1154	validated	validated	validated
Church2025__YPM-IZ-110631	BAC00385	reference	d__Bacteria;p__Pseudomonadota;c__Gammaproteobacteria;o__Pseudomonadales;f__Halomonadaceae;g__Cobetia;s__Cobetia marina	0.347207	16289	0.585	0.7839	false	true	false	7448	validated	validated	validated
Church2025__YPM-IZ-110633	BAC00166	mag	d__Bacteria;p__Pseudomonadota;c__Alphaproteobacteria;o__Rhodobacterales;f__Rhodobacteraceae;g__Cognatishimia;s__	0.100175	2971	0.1803	0.6073	false	false	false	3032	validated	validated	trace
Church2025__YPM-IZ-110633	BAC00307	reference	d__Bacteria;p__Pseudomonadota;c__Gammaproteobacteria;o__Enterobacterales;f__Vibrionaceae;g__Photobacterium;s__Photobacterium swingsii	0.286317	20950	0.5562	0.6711	false	true	false	0	validated	validated	validated
Church2025__YPM-IZ-110633	BAC00308	reference	d__Bacteria;p__Pseudomonadota;c__Gammaproteobacteria;o__Enterobacterales;f__Vibrionaceae;g__Vibrio;s__Vibrio alginolyticus	0.330061	21729	0.6333	0.7035	false	true	false	3641	validated	validated	validated
Church2025__YPM-IZ-110633	BAC00310	reference	d__Bacteria;p__Pseudomonadota;c__Gammaproteobacteria;o__Enterobacterales;f__Vibrionaceae;g__Vibrio;s__Vibrio atypicus	0.151741	8156	0.253	0.6789	false	true	false	0	validated	validated	trace
Church2025__YPM-IZ-110633	BAC00316	reference	d__Bacteria;p__Pseudomonadota;c__Gammaproteobacteria;o__Enterobacterales;f__Vibrionaceae;g__Vibrio;s__Vibrio chagasii_A	0.10584	6926	0.2074	0.565	false	false	false	32201	high_confidence	high_confidence	trace
Church2025__YPM-IZ-110633	BAC00317	reference	d__Bacteria;p__Pseudomonadota;c__Gammaproteobacteria;o__Enterobacterales;f__Vibrionaceae;g__Vibrio;s__Vibrio chagasii_B	0.658172	93286	2.5865	0.7118	false	true	false	1849878	high_confidence	high_confidence	high_confidence
Church2025__YPM-IZ-110633	BAC00322	reference	d__Bacteria;p__Pseudomonadota;c__Gammaproteobacteria;o__Enterobacterales;f__Vibrionaceae;g__Vibrio;s__Vibrio crassostreae_C	0.122312	7538	0.2257	0.6054	false	true	false	15030	high_confidence	high_confidence	trace
Church2025__YPM-IZ-110633	BAC00327	reference	d__Bacteria;p__Pseudomonadota;c__Gammaproteobacteria;o__Enterobacterales;f__Vibrionaceae;g__Vibrio;s__Vibrio fortis	0.129211	7662	0.2176	0.6607	false	true	false	122	validated	validated	trace
Church2025__YPM-IZ-110633	BAC00328	reference	d__Bacteria;p__Pseudomonadota;c__Gammaproteobacteria;o__Enterobacterales;f__Vibrionaceae;g__Vibrio;s__Vibrio fortis_A	0.299802	20808	0.5905	0.6723	false	true	false	7345	validated	validated	validated
Church2025__YPM-IZ-110633	BAC00331	reference	d__Bacteria;p__Pseudomonadota;c__Gammaproteobacteria;o__Enterobacterales;f__Vibrionaceae;g__Vibrio;s__Vibrio harveyi	0.126963	7894	0.2121	0.6644	false	true	false	0	validated	validated	trace
Church2025__YPM-IZ-110633	BAC00332	reference	d__Bacteria;p__Pseudomonadota;c__Gammaproteobacteria;o__Enterobacterales;f__Vibrionaceae;g__Vibrio;s__Vibrio jasicida	0.255229	19480	0.4828	0.6665	false	true	false	248	validated	validated	validated
Church2025__YPM-IZ-110633	BAC00341	reference	d__Bacteria;p__Pseudomonadota;c__Gammaproteobacteria;o__Enterobacterales;f__Vibrionaceae;g__Vibrio;s__Vibrio pelagius	0.198224	12432	0.3757	0.633	false	true	false	1756	validated	validated	trace
Church2025__YPM-IZ-110633	BAC00342	reference	d__Bacteria;p__Pseudomonadota;c__Gammaproteobacteria;o__Enterobacterales;f__Vibrionaceae;g__Vibrio;s__Vibrio pomeroyi	0.139905	9599	0.2544	0.6228	false	true	false	11201	high_confidence	high_confidence	trace
Church2025__YPM-IZ-110633	BAC00346	reference	d__Bacteria;p__Pseudomonadota;c__Gammaproteobacteria;o__Enterobacterales;f__Vibrionaceae;g__Vibrio;s__Vibrio sp000169995	0.211296	21628	0.5559	0.4955	true	false	false	257680	high_confidence	high_confidence	high_confidence
Church2025__YPM-IZ-110633	BAC00347	reference	d__Bacteria;p__Pseudomonadota;c__Gammaproteobacteria;o__Enterobacterales;f__Vibrionaceae;g__Vibrio;s__Vibrio sp000316985	0.105194	7329	0.1887	0.6118	false	true	false	8081	validated	validated	trace
Church2025__YPM-IZ-110633	BAC00351	reference	d__Bacteria;p__Pseudomonadota;c__Gammaproteobacteria;o__Enterobacterales;f__Vibrionaceae;g__Vibrio;s__Vibrio sp022398115	0.111957	9203	0.237	0.5307	false	false	false	28541	high_confidence	high_confidence	trace
Church2025__YPM-IZ-110667	BAC00316	reference	d__Bacteria;p__Pseudomonadota;c__Gammaproteobacteria;o__Enterobacterales;f__Vibrionaceae;g__Vibrio;s__Vibrio chagasii_A	0.205595	14812	0.4436	0.5738	false	true	false	154765	high_confidence	high_confidence	high_confidence
Church2025__YPM-IZ-110667	BAC00317	reference	d__Bacteria;p__Pseudomonadota;c__Gammaproteobacteria;o__Enterobacterales;f__Vibrionaceae;g__Vibrio;s__Vibrio chagasii_B	0.152633	10744	0.2979	0.5925	false	true	false	55494	high_confidence	high_confidence	trace
Church2025__YPM-IZ-110667	BAC00328	reference	d__Bacteria;p__Pseudomonadota;c__Gammaproteobacteria;o__Enterobacterales;f__Vibrionaceae;g__Vibrio;s__Vibrio fortis_A	0.562095	65086	1.8469	0.6673	false	true	false	665189	high_confidence	high_confidence	high_confidence
Church2025__YPM-IZ-110667	BAC00346	reference	d__Bacteria;p__Pseudomonadota;c__Gammaproteobacteria;o__Enterobacterales;f__Vibrionaceae;g__Vibrio;s__Vibrio sp000169995	0.126923	10360	0.2663	0.5429	false	false	false	60397	high_confidence	high_confidence	trace
Church2025__YPM-IZ-110667	BAC00351	reference	d__Bacteria;p__Pseudomonadota;c__Gammaproteobacteria;o__Enterobacterales;f__Vibrionaceae;g__Vibrio;s__Vibrio sp022398115	0.229446	21029	0.5415	0.5488	false	false	false	235179	high_confidence	high_confidence	high_confidence
Church2025__YPM-IZ-110694	BAC00027	mag	d__Bacteria;p__Bacillota_I;c__Bacilli_A;o__Mycoplasmatales;f__Metamycoplasmataceae;g__;s__	0.883171	72443	12.7759	0.8832	false	false	true	313570	high_confidence	high_confidence	high_confidence
Church2025__YPM-IZ-110738	BAC00306	reference	d__Bacteria;p__Pseudomonadota;c__Gammaproteobacteria;o__Enterobacterales;f__Vibrionaceae;g__Photobacterium;s__Photobacterium sanguinicancri	0.105585	5033	0.1361	0.8298	false	true	false	1026	validated	validated	trace
Church2025__YPM-IZ-110738	BAC00309	reference	d__Bacteria;p__Pseudomonadota;c__Gammaproteobacteria;o__Enterobacterales;f__Vibrionaceae;g__Vibrio;s__Vibrio atlanticus	0.12129	5646	0.1658	0.7938	false	true	false	2116	validated	validated	trace
Church2025__YPM-IZ-110738	BAC00315	reference	d__Bacteria;p__Pseudomonadota;c__Gammaproteobacteria;o__Enterobacterales;f__Vibrionaceae;g__Vibrio;s__Vibrio celticus	0.137024	7994	0.2127	0.7151	false	true	false	130061	high_confidence	high_confidence	trace
Church2025__YPM-IZ-110738	BAC00320	reference	d__Bacteria;p__Pseudomonadota;c__Gammaproteobacteria;o__Enterobacterales;f__Vibrionaceae;g__Vibrio;s__Vibrio coralliirubri	0.210474	12686	0.3314	0.7462	false	true	false	141534	high_confidence	high_confidence	high_confidence
Church2025__YPM-IZ-110738	BAC00322	reference	d__Bacteria;p__Pseudomonadota;c__Gammaproteobacteria;o__Enterobacterales;f__Vibrionaceae;g__Vibrio;s__Vibrio crassostreae_C	0.103453	5233	0.1567	0.7133	false	false	false	61262	high_confidence	high_confidence	trace
Church2025__YPM-IZ-110738	BAC00329	reference	d__Bacteria;p__Pseudomonadota;c__Gammaproteobacteria;o__Enterobacterales;f__Vibrionaceae;g__Vibrio;s__Vibrio gallaecicus	0.147978	6625	0.1938	0.8398	false	true	false	147	validated	validated	trace
Church2025__YPM-IZ-110738	BAC00353	reference	d__Bacteria;p__Pseudomonadota;c__Gammaproteobacteria;o__Enterobacterales;f__Vibrionaceae;g__Vibrio;s__Vibrio splendidus	0.111377	5983	0.1527	0.7867	false	true	false	7397	validated	validated	trace
Church2025__YPM-IZ-110780	BAC00026	mag	d__Bacteria;p__Bacillota_I;c__Bacilli_A;o__Mycoplasmatales;f__Metamycoplasmataceae;g__;s__	0.902296	2745213	424.3114	0.9023	false	false	true	808478	high_confidence	high_confidence	high_confidence
Church2025__YPM-IZ-110780	BAC00166	mag	d__Bacteria;p__Pseudomonadota;c__Alphaproteobacteria;o__Rhodobacterales;f__Rhodobacteraceae;g__Cognatishimia;s__	0.636915	28271	1.7155	0.7766	false	false	false	115432	high_confidence	high_confidence	high_confidence
Church2025__YPM-IZ-110785	BAC00006	mag	d__Archaea;p__Thermoproteota;c__JANJXX01;o__JAMOTR01;f__;g__;s__	0.99237	472053	17.4297	0.9924	false	false	true	4016699	high_confidence	high_confidence	high_confidence
Church2025__YPM-IZ-110785	BAC00146	mag	d__Bacteria;p__Pseudomonadota;c__Alphaproteobacteria;o__JABSOH01;f__JABSOH01;g__;s__	0.253276	5749	0.4533	0.6949	false	false	false	9501	validated	validated	validated
Church2025__YPM-IZ-110785	BAC00166	mag	d__Bacteria;p__Pseudomonadota;c__Alphaproteobacteria;o__Rhodobacterales;f__Rhodobacteraceae;g__Cognatishimia;s__	0.989951	370877	22.5045	0.99	false	false	true	2472016	high_confidence	high_confidence	high_confidence
Church2025__YPM-IZ-110785	BAC00314	reference	d__Bacteria;p__Pseudomonadota;c__Gammaproteobacteria;o__Enterobacterales;f__Vibrionaceae;g__Vibrio;s__Vibrio caribbeanicus	0.894219	394897	13.4302	0.8942	false	true	true	2516560	high_confidence	high_confidence	high_confidence
Church2025__YPM-IZ-110786	BAC00167	mag	d__Bacteria;p__Pseudomonadota;c__Alphaproteobacteria;o__Rhodobacterales;f__Rhodobacteraceae;g__Cognatishimia;s__	0.373025	15840	0.8057	0.6743	false	false	false	4837	validated	validated	validated
Church2025__YPM-IZ-110786	BAC00181	reference	d__Bacteria;p__Pseudomonadota;c__Alphaproteobacteria;o__Rhodobacterales;f__Rhodobacteraceae;g__Phaeobacter;s__Phaeobacter italicus	0.289315	15266	0.5655	0.6699	false	true	false	1859	validated	validated	validated
Church2025__YPM-IZ-110786	BAC00308	reference	d__Bacteria;p__Pseudomonadota;c__Gammaproteobacteria;o__Enterobacterales;f__Vibrionaceae;g__Vibrio;s__Vibrio alginolyticus	0.104316	5847	0.1704	0.6658	false	true	false	4636	validated	validated	trace
Church2025__YPM-IZ-110828	BAC00187	reference	d__Bacteria;p__Pseudomonadota;c__Alphaproteobacteria;o__Rhodobacterales;f__Rhodobacteraceae;g__Sediminimonas;s__Sediminimonas sp011389955	0.198545	4256	0.343	0.6839	false	true	false	0	validated	validated	trace
Church2025__YPM-IZ-110828	BAC00241	reference	d__Bacteria;p__Pseudomonadota;c__Gammaproteobacteria;o__Enterobacterales;f__Alteromonadaceae;g__Paraglaciecola;s__Paraglaciecola mesophila	0.391256	30129	0.8939	0.6621	false	true	false	90338	high_confidence	high_confidence	high_confidence
Church2025__YPM-IZ-110828	BAC00246	reference	d__Bacteria;p__Pseudomonadota;c__Gammaproteobacteria;o__Enterobacterales;f__Alteromonadaceae;g__Pseudoalteromonas;s__Pseudoalteromonas atlantica	0.812879	104089	3.4942	0.8383	false	true	false	1866665	high_confidence	high_confidence	high_confidence
Church2025__YPM-IZ-110828	BAC00248	reference	d__Bacteria;p__Pseudomonadota;c__Gammaproteobacteria;o__Enterobacterales;f__Alteromonadaceae;g__Pseudoalteromonas;s__Pseudoalteromonas carrageenovora	0.418438	25954	0.8491	0.7313	false	true	false	131322	high_confidence	high_confidence	high_confidence
Church2025__YPM-IZ-110828	BAC00250	reference	d__Bacteria;p__Pseudomonadota;c__Gammaproteobacteria;o__Enterobacterales;f__Alteromonadaceae;g__Pseudoalteromonas;s__Pseudoalteromonas espejiana	0.12859	6518	0.2172	0.6585	false	true	false	22898	high_confidence	high_confidence	trace
Church2025__YPM-IZ-110828	BAC00274	reference	d__Bacteria;p__Pseudomonadota;c__Gammaproteobacteria;o__Enterobacterales;f__Alteromonadaceae;g__Pseudoalteromonas;s__Pseudoalteromonas sp018100985	0.462152	26410	0.9709	0.7439	false	true	false	142960	high_confidence	high_confidence	high_confidence
Church2025__YPM-IZ-110828	BAC00279	reference	d__Bacteria;p__Pseudomonadota;c__Gammaproteobacteria;o__Enterobacterales;f__Alteromonadaceae;g__Pseudoalteromonas;s__Pseudoalteromonas undina	0.14723	5488	0.2044	0.7965	false	true	false	401	validated	validated	trace
Church2025__YPM-IZ-110828	BAC00280	reference	d__Bacteria;p__Pseudomonadota;c__Gammaproteobacteria;o__Enterobacterales;f__Alteromonadaceae;g__Pseudocolwellia;s__Pseudocolwellia agarivorans	0.207351	9231	0.2932	0.8159	false	true	false	0	validated	validated	validated
Church2025__YPM-IZ-110828	BAC00293	reference	d__Bacteria;p__Pseudomonadota;c__Gammaproteobacteria;o__Enterobacterales;f__Shewanellaceae;g__Shewanella;s__Shewanella algicola	0.115187	5267	0.16	0.7791	false	true	false	0	validated	validated	trace
Church2025__YPM-IZ-110828	BAC00323	reference	d__Bacteria;p__Pseudomonadota;c__Gammaproteobacteria;o__Enterobacterales;f__Vibrionaceae;g__Vibrio;s__Vibrio cyclitrophicus	0.390481	27455	0.7803	0.7208	false	true	false	80077	high_confidence	high_confidence	high_confidence
Church2025__YPM-IZ-110828	BAC00356	reference	d__Bacteria;p__Pseudomonadota;c__Gammaproteobacteria;o__Enterobacterales;f__Vibrionaceae;g__Vibrio;s__Vibrio toranzoniae	0.247233	11835	0.3854	0.773	false	true	false	4229	validated	validated	validated
Church2025__YPM-IZ-110828	BAC00363	mag	d__Bacteria;p__Pseudomonadota;c__Gammaproteobacteria;o__Nevskiales;f__Salinisphaeraceae;g__;s__	0.992813	95780	7.2558	0.9935	false	false	true	1980076	high_confidence	high_confidence	high_confidence
Church2025__YPM-IZ-110828	BAC00384	reference	d__Bacteria;p__Pseudomonadota;c__Gammaproteobacteria;o__Pseudomonadales;f__Halomonadaceae;g__Cobetia;s__Cobetia amphilecti	0.614028	47892	1.8109	0.734	false	true	false	435573	high_confidence	high_confidence	high_confidence
Church2025__YPM-IZ-110828	BAC00387	reference	d__Bacteria;p__Pseudomonadota;c__Gammaproteobacteria;o__Pseudomonadales;f__Halomonadaceae;g__Halomonas;s__Halomonas borealis	0.120755	4104	0.1903	0.697	false	true	false	0	validated	validated	trace
Church2025__YPM-IZ-110828	BAC00389	reference	d__Bacteria;p__Pseudomonadota;c__Gammaproteobacteria;o__Pseudomonadales;f__Halomonadaceae;g__Halomonas;s__Halomonas saccharevitans	0.138334	5635	0.2296	0.6743	false	true	false	137	validated	validated	trace
Church2025__YPM-IZ-110828	BAC00390	reference	d__Bacteria;p__Pseudomonadota;c__Gammaproteobacteria;o__Pseudomonadales;f__Halomonadaceae;g__Halomonas;s__Halomonas sp947490095	0.398872	17853	0.7916	0.7293	false	true	false	1007	validated	validated	validated
Church2025__YPM-IZ-110828	BAC00417	reference	d__Bacteria;p__Pseudomonadota;c__Gammaproteobacteria;o__Pseudomonadales;f__Oleiphilaceae;g__Marinobacter;s__Marinobacter salarius	0.144191	6493	0.2305	0.7004	false	true	false	632	validated	validated	trace
Church2025__YPM-IZ-110828	BAC00421	reference	d__Bacteria;p__Pseudomonadota;c__Gammaproteobacteria;o__Pseudomonadales;f__Oleiphilaceae;g__Marinobacter;s__Marinobacter sp913057975	0.154465	6951	0.2504	0.6973	false	true	false	1101	validated	validated	trace
Church2025__YPM-IZ-110828	BAC00423	reference	d__Bacteria;p__Pseudomonadota;c__Gammaproteobacteria;o__Pseudomonadales;f__Oleiphilaceae;g__Marinobacter_A;s__Marinobacter_A sp002717955	0.332031	15742	0.5857	0.749	false	true	false	0	validated	validated	validated
Church2025__YPM-IZ-110829	BAC00047	reference	d__Bacteria;p__Bacteroidota;c__Bacteroidia;o__Flavobacteriales;f__Flavobacteriaceae;g__Cellulophaga;s__Cellulophaga sp002813425	0.164389	5292	0.2017	0.8998	false	true	false	0	validated	validated	trace
Church2025__YPM-IZ-110829	BAC00095	reference	d__Bacteria;p__Bacteroidota;c__Bacteroidia;o__Flavobacteriales;f__Flavobacteriaceae;g__Zobellia;s__Zobellia uliginosa_B	0.182129	8651	0.2668	0.7777	false	true	false	2094	validated	validated	trace
Church2025__YPM-IZ-110829	BAC00241	reference	d__Bacteria;p__Pseudomonadota;c__Gammaproteobacteria;o__Enterobacterales;f__Alteromonadaceae;g__Paraglaciecola;s__Paraglaciecola mesophila	0.130749	6349	0.1884	0.7615	false	true	false	0	validated	validated	trace
Church2025__YPM-IZ-110829	BAC00246	reference	d__Bacteria;p__Pseudomonadota;c__Gammaproteobacteria;o__Enterobacterales;f__Alteromonadaceae;g__Pseudoalteromonas;s__Pseudoalteromonas atlantica	0.815481	105417	3.5387	0.8399	false	true	false	1934813	high_confidence	high_confidence	high_confidence
Church2025__YPM-IZ-110829	BAC00248	reference	d__Bacteria;p__Pseudomonadota;c__Gammaproteobacteria;o__Enterobacterales;f__Alteromonadaceae;g__Pseudoalteromonas;s__Pseudoalteromonas carrageenovora	0.466856	31225	1.0215	0.7295	false	true	false	231559	high_confidence	high_confidence	high_confidence
Church2025__YPM-IZ-110829	BAC00250	reference	d__Bacteria;p__Pseudomonadota;c__Gammaproteobacteria;o__Enterobacterales;f__Alteromonadaceae;g__Pseudoalteromonas;s__Pseudoalteromonas espejiana	0.158201	8038	0.2679	0.6731	false	true	false	21420	high_confidence	high_confidence	trace
Church2025__YPM-IZ-110829	BAC00274	reference	d__Bacteria;p__Pseudomonadota;c__Gammaproteobacteria;o__Enterobacterales;f__Alteromonadaceae;g__Pseudoalteromonas;s__Pseudoalteromonas sp018100985	0.530944	33662	1.2375	0.7479	false	true	false	319183	high_confidence	high_confidence	high_confidence
Church2025__YPM-IZ-110829	BAC00323	reference	d__Bacteria;p__Pseudomonadota;c__Gammaproteobacteria;o__Enterobacterales;f__Vibrionaceae;g__Vibrio;s__Vibrio cyclitrophicus	0.301386	18606	0.5288	0.7338	false	true	false	16901	high_confidence	high_confidence	high_confidence
Church2025__YPM-IZ-110829	BAC00384	reference	d__Bacteria;p__Pseudomonadota;c__Gammaproteobacteria;o__Pseudomonadales;f__Halomonadaceae;g__Cobetia;s__Cobetia amphilecti	0.880789	348316	13.1708	0.8808	false	true	true	2880741	high_confidence	high_confidence	high_confidence
Church2025__YPM-IZ-110829	BAC00386	reference	d__Bacteria;p__Pseudomonadota;c__Gammaproteobacteria;o__Pseudomonadales;f__Halomonadaceae;g__Cobetia;s__Cobetia sp016495405	0.305815	41653	1.4844	0.3954	true	false	false	70262	high_confidence	high_confidence	high_confidence
Church2025__YPM-IZ-110829	BAC00435	reference	d__Bacteria;p__Pseudomonadota;c__Gammaproteobacteria;o__Thiotrichales;f__Thiotrichaceae;g__Cocleimonas;s__Cocleimonas flava	0.279633	13081	0.4369	0.7901	false	true	false	1385	validated	validated	validated
Church2025__YPM-IZ-110829	BAC00436	reference	d__Bacteria;p__Pseudomonadota;c__Gammaproteobacteria;o__UBA9214;f__UBA9214;g__UBA9214;s__UBA9214 sp013041945	0.125998	3052	0.1933	0.7167	false	true	false	106	validated	validated	trace
Church2025__YPM-IZ-110830	BAC00025	mag	d__Bacteria;p__Bacillota_I;c__Bacilli_A;o__Mycoplasmatales;f__Metamycoplasmataceae;g__;s__	0.145319	4518	0.8272	0.2582	true	false	false	12640	high_confidence	high_confidence	trace
Church2025__YPM-IZ-110830	BAC00166	mag	d__Bacteria;p__Pseudomonadota;c__Alphaproteobacteria;o__Rhodobacterales;f__Rhodobacteraceae;g__Cognatishimia;s__	0.893964	142740	8.6614	0.8941	false	false	true	1692167	high_confidence	high_confidence	high_confidence
Church2025__YPM-IZ-110842	BAC00027	mag	d__Bacteria;p__Bacillota_I;c__Bacilli_A;o__Mycoplasmatales;f__Metamycoplasmataceae;g__;s__	0.739082	9484	1.6726	0.9099	false	false	false	87365	high_confidence	high_confidence	high_confidence
Church2025__YPM-IZ-110842	BAC00166	mag	d__Bacteria;p__Pseudomonadota;c__Alphaproteobacteria;o__Rhodobacterales;f__Rhodobacteraceae;g__Cognatishimia;s__	0.877623	76999	4.6722	0.8859	false	false	true	1614064	high_confidence	high_confidence	high_confidence
Church2025__YPM-IZ-110844	BAC00027	mag	d__Bacteria;p__Bacillota_I;c__Bacilli_A;o__Mycoplasmatales;f__Metamycoplasmataceae;g__;s__	0.864217	158947	28.0316	0.8642	false	false	true	278838	high_confidence	high_confidence	high_confidence
Church2025__YPM-IZ-110846	BAC00166	mag	d__Bacteria;p__Pseudomonadota;c__Alphaproteobacteria;o__Rhodobacterales;f__Rhodobacteraceae;g__Cognatishimia;s__	0.280075	9550	0.5795	0.6368	false	false	false	8330	validated	validated	validated
Church2025__YPM-IZ-110847	BAC00234	reference	d__Bacteria;p__Pseudomonadota;c__Gammaproteobacteria;o__Enterobacterales;f__Alteromonadaceae;g__Alteromonas;s__Alteromonas sp018619335	0.286042	14353	0.4648	0.7695	false	true	false	0	validated	validated	validated
Church2025__YPM-IZ-110877	BAC00167	mag	d__Bacteria;p__Pseudomonadota;c__Alphaproteobacteria;o__Rhodobacterales;f__Rhodobacteraceae;g__Cognatishimia;s__	0.231183	5929	0.3016	0.888	false	false	false	3095	validated	validated	validated
Church2025__YPM-IZ-110878	BAC00167	mag	d__Bacteria;p__Pseudomonadota;c__Alphaproteobacteria;o__Rhodobacterales;f__Rhodobacteraceae;g__Cognatishimia;s__	0.145721	5055	0.2571	0.6427	false	false	false	1107	validated	validated	trace
Church2025__YPM-IZ-110878	BAC00301	reference	d__Bacteria;p__Pseudomonadota;c__Gammaproteobacteria;o__Enterobacterales;f__Vibrionaceae;g__Photobacterium;s__Photobacterium alginatilyticum	0.419933	46361	1.0649	0.6409	false	true	false	87093	high_confidence	high_confidence	high_confidence
Church2025__YPM-IZ-110878	BAC00308	reference	d__Bacteria;p__Pseudomonadota;c__Gammaproteobacteria;o__Enterobacterales;f__Vibrionaceae;g__Vibrio;s__Vibrio alginolyticus	0.424326	30191	0.8799	0.7251	false	true	false	10911	high_confidence	high_confidence	high_confidence
Church2025__YPM-IZ-110878	BAC00312	reference	d__Bacteria;p__Pseudomonadota;c__Gammaproteobacteria;o__Enterobacterales;f__Vibrionaceae;g__Vibrio;s__Vibrio brasiliensis	0.591396	45228	1.4388	0.7753	false	true	false	31512	high_confidence	high_confidence	high_confidence
Church2025__YPM-IZ-110878	BAC00313	reference	d__Bacteria;p__Pseudomonadota;c__Gammaproteobacteria;o__Enterobacterales;f__Vibrionaceae;g__Vibrio;s__Vibrio campbellii	0.572733	47133	1.6278	0.7127	false	true	false	51180	high_confidence	high_confidence	high_confidence
Church2025__YPM-IZ-110878	BAC00316	reference	d__Bacteria;p__Pseudomonadota;c__Gammaproteobacteria;o__Enterobacterales;f__Vibrionaceae;g__Vibrio;s__Vibrio chagasii_A	0.735506	99683	2.9855	0.7746	false	true	false	1668740	high_confidence	high_confidence	high_confidence
Church2025__YPM-IZ-110878	BAC00327	reference	d__Bacteria;p__Pseudomonadota;c__Gammaproteobacteria;o__Enterobacterales;f__Vibrionaceae;g__Vibrio;s__Vibrio fortis	0.836228	155261	4.4095	0.8465	false	true	false	1178219	high_confidence	high_confidence	high_confidence
Church2025__YPM-IZ-110878	BAC00328	reference	d__Bacteria;p__Pseudomonadota;c__Gammaproteobacteria;o__Enterobacterales;f__Vibrionaceae;g__Vibrio;s__Vibrio fortis_A	0.828453	270489	7.6756	0.8288	false	true	false	3585614	high_confidence	high_confidence	high_confidence
Church2025__YPM-IZ-110878	BAC00331	reference	d__Bacteria;p__Pseudomonadota;c__Gammaproteobacteria;o__Enterobacterales;f__Vibrionaceae;g__Vibrio;s__Vibrio harveyi	0.860809	340912	9.1583	0.8609	false	true	false	4431462	high_confidence	high_confidence	high_confidence
Church2025__YPM-IZ-110878	BAC00339	reference	d__Bacteria;p__Pseudomonadota;c__Gammaproteobacteria;o__Enterobacterales;f__Vibrionaceae;g__Vibrio;s__Vibrio owensii	0.125894	21053	0.4977	0.3211	true	false	false	129123	high_confidence	high_confidence	trace
Church2025__YPM-IZ-110878	BAC00343	reference	d__Bacteria;p__Pseudomonadota;c__Gammaproteobacteria;o__Enterobacterales;f__Vibrionaceae;g__Vibrio;s__Vibrio rotiferianus	0.392973	30673	0.857	0.6828	false	true	false	18076	high_confidence	high_confidence	high_confidence
Church2025__YPM-IZ-110878	BAC00351	reference	d__Bacteria;p__Pseudomonadota;c__Gammaproteobacteria;o__Enterobacterales;f__Vibrionaceae;g__Vibrio;s__Vibrio sp022398115	0.127574	12347	0.3179	0.4684	true	false	false	102320	high_confidence	high_confidence	trace
Church2025__YPM-IZ-110880	BAC00166	mag	d__Bacteria;p__Pseudomonadota;c__Alphaproteobacteria;o__Rhodobacterales;f__Rhodobacteraceae;g__Cognatishimia;s__	0.345256	11565	0.7018	0.6846	false	false	false	0	validated	validated	validated
Church2025__YPM-IZ-110881	BAC00197	reference	d__Bacteria;p__Pseudomonadota;c__Alphaproteobacteria;o__Rickettsiales;f__Rickettsiaceae;g__GCA-2402195;s__	0.509623	4132	0.8432	0.8946	false	true	false	4905	validated	validated	validated
Church2025__YPM-IZ-110881	BAC00216	reference	d__Bacteria;p__Pseudomonadota;c__Gammaproteobacteria;o__Burkholderiales;f__Burkholderiaceae;g__Pelomonas;s__Pelomonas sp003963075	0.163259	6978	0.2253	0.8095	false	true	false	458	validated	validated	trace
Church2025__YPM-IZ-110882	BAC00166	mag	d__Bacteria;p__Pseudomonadota;c__Alphaproteobacteria;o__Rhodobacterales;f__Rhodobacteraceae;g__Cognatishimia;s__	0.727921	29913	1.8151	0.8695	false	false	false	191557	high_confidence	high_confidence	high_confidence
Church2025__YPM-IZ-110883	BAC00166	mag	d__Bacteria;p__Pseudomonadota;c__Alphaproteobacteria;o__Rhodobacterales;f__Rhodobacteraceae;g__Cognatishimia;s__	0.652319	25202	1.5292	0.8328	false	false	false	76257	high_confidence	high_confidence	high_confidence
Church2025__YPM-IZ-110883	BAC00216	reference	d__Bacteria;p__Pseudomonadota;c__Gammaproteobacteria;o__Burkholderiales;f__Burkholderiaceae;g__Pelomonas;s__Pelomonas sp003963075	0.121626	4945	0.1596	0.8244	false	true	false	276	validated	validated	trace
Church2025__YPM-IZ-110906	BAC00166	mag	d__Bacteria;p__Pseudomonadota;c__Alphaproteobacteria;o__Rhodobacterales;f__Rhodobacteraceae;g__Cognatishimia;s__	0.107048	2687	0.163	0.7115	false	false	false	6000	validated	validated	trace
Church2025__YPM-IZ-110907	BAC00146	mag	d__Bacteria;p__Pseudomonadota;c__Alphaproteobacteria;o__JABSOH01;f__JABSOH01;g__;s__	0.614709	16217	1.2787	0.8519	false	false	false	13261	high_confidence	high_confidence	high_confidence
Church2025__YPM-IZ-110907	BAC00289	reference	d__Bacteria;p__Pseudomonadota;c__Gammaproteobacteria;o__Enterobacterales;f__Enterobacteriaceae;g__Serratia;s__Serratia nevei	0.849689	299203	8.2781	0.8499	false	true	true	3841456	high_confidence	high_confidence	high_confidence
Church2025__YPM-IZ-110925	BAC00375	mag	d__Bacteria;p__Pseudomonadota;c__Gammaproteobacteria;o__Pseudomonadales;f__DT-91;g__CAKMZU01;s__	0.291505	11456	0.4148	0.8586	false	false	false	2849	validated	validated	validated
Church2025__YPM-IZ-110926	BAC00307	reference	d__Bacteria;p__Pseudomonadota;c__Gammaproteobacteria;o__Enterobacterales;f__Vibrionaceae;g__Photobacterium;s__Photobacterium swingsii	0.148307	7444	0.1976	0.827	false	true	false	4859	validated	validated	trace
Church2025__YPM-IZ-110930	BAC00027	mag	d__Bacteria;p__Bacillota_I;c__Bacilli_A;o__Mycoplasmatales;f__Metamycoplasmataceae;g__;s__	0.94775	225141	39.7054	0.9477	false	false	true	552486	high_confidence	high_confidence	high_confidence
Church2025__YPM-IZ-110930	BAC00028	mag	d__Bacteria;p__Bacillota_I;c__Bacilli_A;o__Mycoplasmatales;f__Metamycoplasmataceae;g__;s__	0.122901	5258	1.3827	0.1641	true	false	false	13862	high_confidence	high_confidence	trace
Church2025__YPM-IZ-110931	BAC00025	mag	d__Bacteria;p__Bacillota_I;c__Bacilli_A;o__Mycoplasmatales;f__Metamycoplasmataceae;g__;s__	0.463017	11126	2.0372	0.5324	false	false	false	8194	validated	validated	validated
Church2025__YPM-IZ-110931	BAC00027	mag	d__Bacteria;p__Bacillota_I;c__Bacilli_A;o__Mycoplasmatales;f__Metamycoplasmataceae;g__;s__	0.917923	2449539	431.9956	0.9179	false	false	true	571043	high_confidence	high_confidence	high_confidence
Church2025__YPM-IZ-110931	BAC00028	mag	d__Bacteria;p__Bacillota_I;c__Bacilli_A;o__Mycoplasmatales;f__Metamycoplasmataceae;g__;s__	0.17339	75803	19.9333	0.1734	true	false	false	16386	high_confidence	high_confidence	trace
Church2025__YPM-IZ-110931	BAC00045	mag	d__Bacteria;p__Bacteroidota;c__Bacteroidia;o__Flavobacteriales;f__Flavobacteriaceae;g__CAMZMA01;s__	0.999545	161291	14.5929	0.9995	false	false	true	1657900	high_confidence	high_confidence	high_confidence
Church2025__YPM-IZ-110931	BAC00166	mag	d__Bacteria;p__Pseudomonadota;c__Alphaproteobacteria;o__Rhodobacterales;f__Rhodobacteraceae;g__Cognatishimia;s__	0.901269	114224	6.931	0.9022	false	false	true	1695980	high_confidence	high_confidence	high_confidence
Church2025__YPM-IZ-110931	BAC00167	mag	d__Bacteria;p__Pseudomonadota;c__Alphaproteobacteria;o__Rhodobacterales;f__Rhodobacteraceae;g__Cognatishimia;s__	0.983032	306038	15.5659	0.983	false	false	true	2949111	high_confidence	high_confidence	high_confidence
Church2025__YPM-IZ-110931	BAC00307	reference	d__Bacteria;p__Pseudomonadota;c__Gammaproteobacteria;o__Enterobacterales;f__Vibrionaceae;g__Photobacterium;s__Photobacterium swingsii	0.657325	64186	1.704	0.8035	false	true	false	193601	high_confidence	high_confidence	high_confidence
Church2025__YPM-IZ-110938	BAC00026	mag	d__Bacteria;p__Bacillota_I;c__Bacilli_A;o__Mycoplasmatales;f__Metamycoplasmataceae;g__;s__	0.917095	84675	13.0877	0.9171	false	false	true	729550	high_confidence	high_confidence	high_confidence
Church2025__YPM-IZ-110938	BAC00027	mag	d__Bacteria;p__Bacillota_I;c__Bacilli_A;o__Mycoplasmatales;f__Metamycoplasmataceae;g__;s__	0.784674	17556	3.0961	0.8218	false	false	false	297464	high_confidence	high_confidence	high_confidence
Church2025__YPM-IZ-110943	BAC00027	mag	d__Bacteria;p__Bacillota_I;c__Bacilli_A;o__Mycoplasmatales;f__Metamycoplasmataceae;g__;s__	0.870378	234378	41.3344	0.8704	false	false	true	50229	high_confidence	high_confidence	high_confidence
Church2025__YPM-IZ-110972	BAC00235	reference	d__Bacteria;p__Pseudomonadota;c__Gammaproteobacteria;o__Enterobacterales;f__Alteromonadaceae;g__Cognaticolwellia;s__Cognaticolwellia aestuarii	0.323485	13079	0.4574	0.8812	false	true	false	625	validated	validated	validated
Church2025__YPM-IZ-110972	BAC00245	reference	d__Bacteria;p__Pseudomonadota;c__Gammaproteobacteria;o__Enterobacterales;f__Alteromonadaceae;g__Pseudoalteromonas;s__Pseudoalteromonas aliena	0.355213	14266	0.505	0.8958	false	true	false	6687	validated	validated	validated
Church2025__YPM-IZ-110972	BAC00248	reference	d__Bacteria;p__Pseudomonadota;c__Gammaproteobacteria;o__Enterobacterales;f__Alteromonadaceae;g__Pseudoalteromonas;s__Pseudoalteromonas carrageenovora	0.918625	415721	13.6005	0.9186	false	true	true	3748045	high_confidence	high_confidence	high_confidence
Church2025__YPM-IZ-110972	BAC00249	reference	d__Bacteria;p__Pseudomonadota;c__Gammaproteobacteria;o__Enterobacterales;f__Alteromonadaceae;g__Pseudoalteromonas;s__Pseudoalteromonas distincta	0.848833	122141	4.042	0.864	false	true	true	2932132	high_confidence	high_confidence	high_confidence
Church2025__YPM-IZ-110972	BAC00251	reference	d__Bacteria;p__Pseudomonadota;c__Gammaproteobacteria;o__Enterobacterales;f__Alteromonadaceae;g__Pseudoalteromonas;s__Pseudoalteromonas fuliginea	0.179472	10456	0.329	0.6401	false	false	false	72000	high_confidence	high_confidence	trace
Church2025__YPM-IZ-110972	BAC00257	reference	d__Bacteria;p__Pseudomonadota;c__Gammaproteobacteria;o__Enterobacterales;f__Alteromonadaceae;g__Pseudoalteromonas;s__Pseudoalteromonas marina	0.26564	10342	0.3811	0.8383	false	true	false	6342	validated	validated	validated
Church2025__YPM-IZ-110972	BAC00263	reference	d__Bacteria;p__Pseudomonadota;c__Gammaproteobacteria;o__Enterobacterales;f__Alteromonadaceae;g__Pseudoalteromonas;s__Pseudoalteromonas sp000498095	0.469544	32049	0.9925	0.7461	false	true	false	114609	high_confidence	high_confidence	high_confidence
Church2025__YPM-IZ-110972	BAC00267	reference	d__Bacteria;p__Pseudomonadota;c__Gammaproteobacteria;o__Enterobacterales;f__Alteromonadaceae;g__Pseudoalteromonas;s__Pseudoalteromonas sp002165575	0.231549	10499	0.3218	0.8416	false	true	false	930	validated	validated	validated
Church2025__YPM-IZ-110972	BAC00273	reference	d__Bacteria;p__Pseudomonadota;c__Gammaproteobacteria;o__Enterobacterales;f__Alteromonadaceae;g__Pseudoalteromonas;s__Pseudoalteromonas sp008370255	0.27778	13766	0.4762	0.7332	false	true	false	78832	high_confidence	high_confidence	high_confidence
Church2025__YPM-IZ-110972	BAC00274	reference	d__Bacteria;p__Pseudomonadota;c__Gammaproteobacteria;o__Enterobacterales;f__Alteromonadaceae;g__Pseudoalteromonas;s__Pseudoalteromonas sp018100985	0.702911	57144	2.1007	0.8009	false	true	false	386036	high_confidence	high_confidence	high_confidence
Church2025__YPM-IZ-110972	BAC00296	reference	d__Bacteria;p__Pseudomonadota;c__Gammaproteobacteria;o__Enterobacterales;f__Shewanellaceae;g__Shewanella;s__Shewanella sp014163735	0.122438	3934	0.146	0.9012	false	true	false	1355	validated	validated	trace
Church2025__YPM-IZ-110972	BAC00297	reference	d__Bacteria;p__Pseudomonadota;c__Gammaproteobacteria;o__Enterobacterales;f__Shewanellaceae;g__Shewanella;s__Shewanella sp025398315	0.125825	4929	0.1544	0.8793	false	true	false	8987	validated	validated	trace
Church2025__YPM-IZ-110972	BAC00298	reference	d__Bacteria;p__Pseudomonadota;c__Gammaproteobacteria;o__Enterobacterales;f__Shewanellaceae;g__Shewanella;s__Shewanella ulleungensis	0.875159	96864	3.1331	0.915	false	true	false	2135739	high_confidence	high_confidence	high_confidence
Church2025__YPM-IZ-110972	BAC00306	reference	d__Bacteria;p__Pseudomonadota;c__Gammaproteobacteria;o__Enterobacterales;f__Vibrionaceae;g__Photobacterium;s__Photobacterium sanguinicancri	0.105533	4623	0.125	0.8981	false	true	false	2635	validated	validated	trace
Church2025__YPM-IZ-110972	BAC00309	reference	d__Bacteria;p__Pseudomonadota;c__Gammaproteobacteria;o__Enterobacterales;f__Vibrionaceae;g__Vibrio;s__Vibrio atlanticus	0.764145	184601	5.4213	0.7675	false	true	false	2030359	high_confidence	high_confidence	high_confidence
Church2025__YPM-IZ-110972	BAC00315	reference	d__Bacteria;p__Pseudomonadota;c__Gammaproteobacteria;o__Enterobacterales;f__Vibrionaceae;g__Vibrio;s__Vibrio celticus	0.197181	24725	0.6579	0.409	true	false	false	121970	high_confidence	high_confidence	trace
Church2025__YPM-IZ-110972	BAC00320	reference	d__Bacteria;p__Pseudomonadota;c__Gammaproteobacteria;o__Enterobacterales;f__Vibrionaceae;g__Vibrio;s__Vibrio coralliirubri	0.208671	19770	0.5164	0.5174	false	false	false	82375	high_confidence	high_confidence	high_confidence
Church2025__YPM-IZ-110972	BAC00322	reference	d__Bacteria;p__Pseudomonadota;c__Gammaproteobacteria;o__Enterobacterales;f__Vibrionaceae;g__Vibrio;s__Vibrio crassostreae_C	0.193729	23108	0.6919	0.3879	true	true	false	71214	high_confidence	high_confidence	trace
Church2025__YPM-IZ-110972	BAC00323	reference	d__Bacteria;p__Pseudomonadota;c__Gammaproteobacteria;o__Enterobacterales;f__Vibrionaceae;g__Vibrio;s__Vibrio cyclitrophicus	0.897848	426295	12.1164	0.8979	false	true	false	3936896	high_confidence	high_confidence	high_confidence
Church2025__YPM-IZ-110972	BAC00325	reference	d__Bacteria;p__Pseudomonadota;c__Gammaproteobacteria;o__Enterobacterales;f__Vibrionaceae;g__Vibrio;s__Vibrio echinoideorum	0.142806	27138	0.7094	0.2811	true	false	false	151880	high_confidence	high_confidence	trace
Church2025__YPM-IZ-110972	BAC00329	reference	d__Bacteria;p__Pseudomonadota;c__Gammaproteobacteria;o__Enterobacterales;f__Vibrionaceae;g__Vibrio;s__Vibrio gallaecicus	0.141058	6513	0.1906	0.813	false	true	false	15012	high_confidence	high_confidence	trace
Church2025__YPM-IZ-110972	BAC00333	reference	d__Bacteria;p__Pseudomonadota;c__Gammaproteobacteria;o__Enterobacterales;f__Vibrionaceae;g__Vibrio;s__Vibrio lentus	0.589149	65746	1.6706	0.7257	false	true	false	303885	high_confidence	high_confidence	high_confidence
Church2025__YPM-IZ-110972	BAC00334	reference	d__Bacteria;p__Pseudomonadota;c__Gammaproteobacteria;o__Enterobacterales;f__Vibrionaceae;g__Vibrio;s__Vibrio lentus_A	0.180304	18808	0.4703	0.4806	true	false	false	54980	high_confidence	high_confidence	trace
Church2025__YPM-IZ-110972	BAC00353	reference	d__Bacteria;p__Pseudomonadota;c__Gammaproteobacteria;o__Enterobacterales;f__Vibrionaceae;g__Vibrio;s__Vibrio splendidus	0.810821	454026	11.584	0.8108	false	true	false	2286488	high_confidence	high_confidence	high_confidence
Church2025__YPM-IZ-110972	BAC00354	reference	d__Bacteria;p__Pseudomonadota;c__Gammaproteobacteria;o__Enterobacterales;f__Vibrionaceae;g__Vibrio;s__Vibrio splendidus_J	0.197313	21817	0.609	0.4326	true	false	false	86857	high_confidence	high_confidence	trace
Church2025__YPM-IZ-110972	BAC00355	reference	d__Bacteria;p__Pseudomonadota;c__Gammaproteobacteria;o__Enterobacterales;f__Vibrionaceae;g__Vibrio;s__Vibrio splendidus_K	0.506243	118104	3.2161	0.5274	false	true	false	444053	high_confidence	high_confidence	high_confidence
Church2025__YPM-IZ-111006	BAC00025	mag	d__Bacteria;p__Bacillota_I;c__Bacilli_A;o__Mycoplasmatales;f__Metamycoplasmataceae;g__;s__	0.84502	41990	7.6884	0.8454	false	false	false	469995	high_confidence	high_confidence	high_confidence
Church2025__YPM-IZ-111006	BAC00027	mag	d__Bacteria;p__Bacillota_I;c__Bacilli_A;o__Mycoplasmatales;f__Metamycoplasmataceae;g__;s__	0.77783	25778	4.5462	0.7862	false	false	false	288513	high_confidence	high_confidence	high_confidence
Church2025__YPM-IZ-111007	BAC00025	mag	d__Bacteria;p__Bacillota_I;c__Bacilli_A;o__Mycoplasmatales;f__Metamycoplasmataceae;g__;s__	0.847587	82910	15.1809	0.8476	false	false	false	390512	high_confidence	high_confidence	high_confidence
Church2025__YPM-IZ-111007	BAC00026	mag	d__Bacteria;p__Bacillota_I;c__Bacilli_A;o__Mycoplasmatales;f__Metamycoplasmataceae;g__;s__	0.105571	1720	0.2659	0.4522	true	false	false	20431	high_confidence	high_confidence	trace
Church2025__YPM-IZ-111007	BAC00027	mag	d__Bacteria;p__Bacillota_I;c__Bacilli_A;o__Mycoplasmatales;f__Metamycoplasmataceae;g__;s__	0.92448	81733	14.4143	0.9245	false	false	false	623546	high_confidence	high_confidence	high_confidence
Church2025__YPM-IZ-111007	BAC00146	mag	d__Bacteria;p__Pseudomonadota;c__Alphaproteobacteria;o__JABSOH01;f__JABSOH01;g__;s__	0.305897	5298	0.4178	0.8958	false	false	false	2945	validated	validated	validated
Church2025__YPM-IZ-111008	BAC00025	mag	d__Bacteria;p__Bacillota_I;c__Bacilli_A;o__Mycoplasmatales;f__Metamycoplasmataceae;g__;s__	0.405547	12011	2.1992	0.4561	true	false	false	38812	high_confidence	high_confidence	high_confidence
Church2025__YPM-IZ-111008	BAC00026	mag	d__Bacteria;p__Bacillota_I;c__Bacilli_A;o__Mycoplasmatales;f__Metamycoplasmataceae;g__;s__	0.60425	10346	1.5991	0.7573	false	false	false	150618	high_confidence	high_confidence	high_confidence
Church2025__YPM-IZ-111008	BAC00027	mag	d__Bacteria;p__Bacillota_I;c__Bacilli_A;o__Mycoplasmatales;f__Metamycoplasmataceae;g__;s__	0.209616	1975	0.3483	0.7127	false	false	false	6168	validated	validated	validated
Church2025__YPM-IZ-111008	BAC00045	mag	d__Bacteria;p__Bacteroidota;c__Bacteroidia;o__Flavobacteriales;f__Flavobacteriaceae;g__CAMZMA01;s__	0.183117	2531	0.229	0.8947	false	false	false	3674	validated	validated	trace
Church2025__YPM-IZ-111009	BAC00006	mag	d__Archaea;p__Thermoproteota;c__JANJXX01;o__JAMOTR01;f__;g__;s__	0.172989	6710	0.2478	0.7883	false	false	false	0	validated	validated	trace
Church2025__YPM-IZ-111009	BAC00025	mag	d__Bacteria;p__Bacillota_I;c__Bacilli_A;o__Mycoplasmatales;f__Metamycoplasmataceae;g__;s__	0.591418	14200	2.6	0.6389	false	false	false	61902	high_confidence	high_confidence	high_confidence
Church2025__YPM-IZ-111009	BAC00027	mag	d__Bacteria;p__Bacillota_I;c__Bacilli_A;o__Mycoplasmatales;f__Metamycoplasmataceae;g__;s__	0.683448	23647	4.1703	0.6942	false	false	false	269496	high_confidence	high_confidence	high_confidence
Church2025__YPM-IZ-111009	BAC00146	mag	d__Bacteria;p__Pseudomonadota;c__Alphaproteobacteria;o__JABSOH01;f__JABSOH01;g__;s__	0.730824	24399	1.9239	0.8558	false	false	false	81757	high_confidence	high_confidence	high_confidence
Church2025__YPM-IZ-111010	BAC00027	mag	d__Bacteria;p__Bacillota_I;c__Bacilli_A;o__Mycoplasmatales;f__Metamycoplasmataceae;g__;s__	0.824721	43090	7.5993	0.8251	false	false	false	464934	high_confidence	high_confidence	high_confidence
Church2025__YPM-IZ-111010	BAC00045	mag	d__Bacteria;p__Bacteroidota;c__Bacteroidia;o__Flavobacteriales;f__Flavobacteriaceae;g__CAMZMA01;s__	0.67447	22025	1.9927	0.7809	false	false	false	328755	high_confidence	high_confidence	high_confidence
Church2025__YPM-IZ-111016	BAC00166	mag	d__Bacteria;p__Pseudomonadota;c__Alphaproteobacteria;o__Rhodobacterales;f__Rhodobacteraceae;g__Cognatishimia;s__	0.167449	5264	0.3194	0.6124	false	false	false	0	validated	validated	trace
Church2025__YPM-IZ-111017	BAC00166	mag	d__Bacteria;p__Pseudomonadota;c__Alphaproteobacteria;o__Rhodobacterales;f__Rhodobacteraceae;g__Cognatishimia;s__	0.149078	4130	0.2506	0.6725	false	false	false	0	validated	validated	trace
Church2025__YPM-IZ-111156	BAC00025	mag	d__Bacteria;p__Bacillota_I;c__Bacilli_A;o__Mycoplasmatales;f__Metamycoplasmataceae;g__;s__	0.846785	202318	37.0446	0.8468	false	false	true	378989	high_confidence	high_confidence	high_confidence
Church2025__YPM-IZ-111156	BAC00026	mag	d__Bacteria;p__Bacillota_I;c__Bacilli_A;o__Mycoplasmatales;f__Metamycoplasmataceae;g__;s__	0.845937	79326	12.261	0.8459	false	false	true	607812	high_confidence	high_confidence	high_confidence
Church2025__YPM-IZ-111156	BAC00027	mag	d__Bacteria;p__Bacillota_I;c__Bacilli_A;o__Mycoplasmatales;f__Metamycoplasmataceae;g__;s__	0.998955	167227	29.4918	0.999	false	false	true	848284	high_confidence	high_confidence	high_confidence
Church2025__YPM-IZ-111157	BAC00025	mag	d__Bacteria;p__Bacillota_I;c__Bacilli_A;o__Mycoplasmatales;f__Metamycoplasmataceae;g__;s__	0.365776	3388	0.6203	0.7913	false	false	false	1033	validated	validated	validated
Church2025__YPM-IZ-111157	BAC00026	mag	d__Bacteria;p__Bacillota_I;c__Bacilli_A;o__Mycoplasmatales;f__Metamycoplasmataceae;g__;s__	0.937494	51124	7.9019	0.9378	false	false	false	770675	high_confidence	high_confidence	high_confidence
Church2025__YPM-IZ-111157	BAC00027	mag	d__Bacteria;p__Bacillota_I;c__Bacilli_A;o__Mycoplasmatales;f__Metamycoplasmataceae;g__;s__	0.997763	102565	18.0882	0.9978	false	false	false	762847	high_confidence	high_confidence	high_confidence
Church2025__YPM-IZ-111157	BAC00362	mag	d__Bacteria;p__Pseudomonadota;c__Gammaproteobacteria;o__JABDGN01;f__JABDGN01;g__;s__	0.946879	308167	26.6466	0.9469	false	false	true	1610070	high_confidence	high_confidence	high_confidence
Church2025__YPM-IZ-111158	BAC00026	mag	d__Bacteria;p__Bacillota_I;c__Bacilli_A;o__Mycoplasmatales;f__Metamycoplasmataceae;g__;s__	0.857781	31905	4.9314	0.864	false	false	false	478798	high_confidence	high_confidence	high_confidence
Church2025__YPM-IZ-111158	BAC00027	mag	d__Bacteria;p__Bacillota_I;c__Bacilli_A;o__Mycoplasmatales;f__Metamycoplasmataceae;g__;s__	0.863689	29987	5.2884	0.8681	false	false	false	458976	high_confidence	high_confidence	high_confidence
Church2025__YPM-IZ-111159	BAC00025	mag	d__Bacteria;p__Bacillota_I;c__Bacilli_A;o__Mycoplasmatales;f__Metamycoplasmataceae;g__;s__	0.852383	76804	14.0629	0.8524	false	false	false	418881	high_confidence	high_confidence	high_confidence
Church2025__YPM-IZ-111159	BAC00026	mag	d__Bacteria;p__Bacillota_I;c__Bacilli_A;o__Mycoplasmatales;f__Metamycoplasmataceae;g__;s__	1.0	679731	105.062	1.0	false	false	true	970471	high_confidence	high_confidence	high_confidence
Church2025__YPM-IZ-111159	BAC00027	mag	d__Bacteria;p__Bacillota_I;c__Bacilli_A;o__Mycoplasmatales;f__Metamycoplasmataceae;g__;s__	0.81179	106743	18.825	0.8118	false	false	false	298998	high_confidence	high_confidence	high_confidence
Church2025__YPM-IZ-111160	BAC00025	mag	d__Bacteria;p__Bacillota_I;c__Bacilli_A;o__Mycoplasmatales;f__Metamycoplasmataceae;g__;s__	0.36054	2897	0.5304	0.8758	false	false	false	0	validated	validated	validated
Church2025__YPM-IZ-111160	BAC00027	mag	d__Bacteria;p__Bacillota_I;c__Bacilli_A;o__Mycoplasmatales;f__Metamycoplasmataceae;g__;s__	0.874279	161129	28.4164	0.8743	false	false	true	463718	high_confidence	high_confidence	high_confidence
Church2025__YPM-IZ-111163	BAC00026	mag	d__Bacteria;p__Bacillota_I;c__Bacilli_A;o__Mycoplasmatales;f__Metamycoplasmataceae;g__;s__	0.951367	811248	125.3898	0.9514	false	false	true	834392	high_confidence	high_confidence	high_confidence
Church2025__YPM-IZ-111163	BAC00027	mag	d__Bacteria;p__Bacillota_I;c__Bacilli_A;o__Mycoplasmatales;f__Metamycoplasmataceae;g__;s__	0.931411	187767	33.1142	0.9314	false	false	true	478166	high_confidence	high_confidence	high_confidence
Church2025__YPM-IZ-111163	BAC00223	reference	d__Bacteria;p__Pseudomonadota;c__Gammaproteobacteria;o__Enterobacterales;f__Alteromonadaceae;g__Alteromonas;s__Alteromonas abrolhosensis	0.13915	13705	0.4637	0.375	true	false	false	164115	high_confidence	high_confidence	trace
Church2025__YPM-IZ-111163	BAC00227	reference	d__Bacteria;p__Pseudomonadota;c__Gammaproteobacteria;o__Enterobacterales;f__Alteromonadaceae;g__Alteromonas;s__Alteromonas macleodii	0.762211	140752	4.7892	0.7686	false	true	false	2587140	high_confidence	high_confidence	high_confidence
Church2025__YPM-IZ-111163	BAC00308	reference	d__Bacteria;p__Pseudomonadota;c__Gammaproteobacteria;o__Enterobacterales;f__Vibrionaceae;g__Vibrio;s__Vibrio alginolyticus	0.711439	80739	2.3532	0.7862	false	true	false	864245	high_confidence	high_confidence	high_confidence
Church2025__YPM-IZ-111163	BAC00331	reference	d__Bacteria;p__Pseudomonadota;c__Gammaproteobacteria;o__Enterobacterales;f__Vibrionaceae;g__Vibrio;s__Vibrio harveyi	0.258856	16163	0.4342	0.7349	false	true	false	6014	validated	validated	validated
Church2025__YPM-IZ-111163	BAC00394	reference	d__Bacteria;p__Pseudomonadota;c__Gammaproteobacteria;o__Pseudomonadales;f__Halomonadaceae;g__Vreelandella;s__Vreelandella aquamarina	0.659549	49807	2.1363	0.7479	false	true	false	244839	high_confidence	high_confidence	high_confidence
Church2025__YPM-IZ-111163	BAC00422	reference	d__Bacteria;p__Pseudomonadota;c__Gammaproteobacteria;o__Pseudomonadales;f__Oleiphilaceae;g__Marinobacter;s__Marinobacter vinifirmus	0.586982	34199	1.605	0.7345	false	true	false	55216	high_confidence	high_confidence	high_confidence
Church2025__YPM-IZ-111207	BAC00006	mag	d__Archaea;p__Thermoproteota;c__JANJXX01;o__JAMOTR01;f__;g__;s__	0.993913	356795	13.174	0.9939	false	false	false	4030029	high_confidence	high_confidence	high_confidence
Church2025__YPM-IZ-111207	BAC00027	mag	d__Bacteria;p__Bacillota_I;c__Bacilli_A;o__Mycoplasmatales;f__Metamycoplasmataceae;g__;s__	0.885528	25799	4.5499	0.895	false	false	true	643632	high_confidence	high_confidence	high_confidence
Church2025__YPM-IZ-111207	BAC00147	mag	d__Bacteria;p__Pseudomonadota;c__Alphaproteobacteria;o__JABSOH01;f__JABSOH01;g__;s__	0.999442	151350	12.1602	0.9994	false	false	true	1866945	high_confidence	high_confidence	high_confidence
Church2025__YPM-IZ-111207	BAC00290	reference	d__Bacteria;p__Pseudomonadota;c__Gammaproteobacteria;o__Enterobacterales;f__Psychrobiaceae;g__Psychrobium;s__	0.115959	2579	0.1389	0.8939	false	true	false	0	validated	validated	trace
Church2025__YPM-IZ-111207	BAC00362	mag	d__Bacteria;p__Pseudomonadota;c__Gammaproteobacteria;o__JABDGN01;f__JABDGN01;g__;s__	0.994898	2234339	193.1991	0.9949	false	false	true	1708112	high_confidence	high_confidence	high_confidence
Church2025__YPM-IZ-111207	BAC00370	mag	d__Bacteria;p__Pseudomonadota;c__Gammaproteobacteria;o__Pseudomonadales;f__Cellvibrionaceae;g__;s__	0.94601	43176	4.421	0.9575	false	false	false	732473	high_confidence	high_confidence	high_confidence
Church2025__YPM-IZ-111208	BAC00006	mag	d__Archaea;p__Thermoproteota;c__JANJXX01;o__JAMOTR01;f__;g__;s__	0.984923	183012	6.7574	0.9861	false	false	true	3819875	high_confidence	high_confidence	high_confidence
Church2025__YPM-IZ-111208	BAC00027	mag	d__Bacteria;p__Bacillota_I;c__Bacilli_A;o__Mycoplasmatales;f__Metamycoplasmataceae;g__;s__	0.147503	954	0.1682	0.9525	false	false	false	0	validated	validated	trace
Church2025__YPM-IZ-111208	BAC00124	reference	d__Bacteria;p__Cyanobacteriota;c__Cyanobacteriia;o__PCC-6307;f__Cyanobiaceae;g__Synechococcus_C;s__Synechococcus_C sp000230675	0.117774	2867	0.1596	0.7985	false	true	false	0	validated	validated	trace
Church2025__YPM-IZ-111208	BAC00130	reference	d__Bacteria;p__Patescibacteria;c__JAEDAM01;o__BD1-5;f__UBA6164;g__CAJXJP01;s__CAJXJP01 sp913055215	0.152161	1647	0.178	0.9331	false	true	false	0	validated	validated	trace
Church2025__YPM-IZ-111208	BAC00142	reference	d__Bacteria;p__Planctomycetota;c__UBA8108;o__UBA1146;f__UBA1146;g__UBA12191;s__UBA12191 sp002691835	0.153719	3125	0.2028	0.8374	false	true	false	0	validated	validated	trace
Church2025__YPM-IZ-111208	BAC00147	mag	d__Bacteria;p__Pseudomonadota;c__Alphaproteobacteria;o__JABSOH01;f__JABSOH01;g__;s__	0.801747	25043	2.0121	0.9255	false	false	false	147239	high_confidence	high_confidence	high_confidence
Church2025__YPM-IZ-111208	BAC00290	reference	d__Bacteria;p__Pseudomonadota;c__Gammaproteobacteria;o__Enterobacterales;f__Psychrobiaceae;g__Psychrobium;s__	0.26721	6768	0.3646	0.8746	false	true	false	0	validated	validated	validated
Church2025__YPM-IZ-111208	BAC00321	reference	d__Bacteria;p__Pseudomonadota;c__Gammaproteobacteria;o__Enterobacterales;f__Vibrionaceae;g__Vibrio;s__Vibrio crassostreae	0.148216	7739	0.2	0.8177	false	true	false	4733	validated	validated	trace
Church2025__YPM-IZ-111208	BAC00327	reference	d__Bacteria;p__Pseudomonadota;c__Gammaproteobacteria;o__Enterobacterales;f__Vibrionaceae;g__Vibrio;s__Vibrio fortis	0.232452	11422	0.3244	0.8391	false	true	false	2025	validated	validated	validated
Church2025__YPM-IZ-111208	BAC00362	mag	d__Bacteria;p__Pseudomonadota;c__Gammaproteobacteria;o__JABDGN01;f__JABDGN01;g__;s__	0.977191	4660312	402.9685	0.9772	false	false	true	1667997	high_confidence	high_confidence	high_confidence
Church2025__YPM-IZ-111208	BAC00370	mag	d__Bacteria;p__Pseudomonadota;c__Gammaproteobacteria;o__Pseudomonadales;f__Cellvibrionaceae;g__;s__	0.685994	24197	2.4777	0.7489	false	false	false	38534	high_confidence	high_confidence	high_confidence
Church2025__YPM-IZ-111209	BAC00006	mag	d__Archaea;p__Thermoproteota;c__JANJXX01;o__JAMOTR01;f__;g__;s__	0.637575	35922	1.3264	0.868	false	false	false	41813	high_confidence	high_confidence	high_confidence
Church2025__YPM-IZ-111209	BAC00027	mag	d__Bacteria;p__Bacillota_I;c__Bacilli_A;o__Mycoplasmatales;f__Metamycoplasmataceae;g__;s__	0.940084	189837	33.4793	0.9401	false	false	true	400691	high_confidence	high_confidence	high_confidence
Church2025__YPM-IZ-111209	BAC00147	mag	d__Bacteria;p__Pseudomonadota;c__Alphaproteobacteria;o__JABSOH01;f__JABSOH01;g__;s__	0.125618	2171	0.1744	0.7848	false	false	false	258	validated	validated	trace
Church2025__YPM-IZ-111209	BAC00362	mag	d__Bacteria;p__Pseudomonadota;c__Gammaproteobacteria;o__JABDGN01;f__JABDGN01;g__;s__	0.968617	323552	27.9769	0.9686	false	false	true	1665675	high_confidence	high_confidence	high_confidence
Church2025__YPM-IZ-111209	BAC00370	mag	d__Bacteria;p__Pseudomonadota;c__Gammaproteobacteria;o__Pseudomonadales;f__Cellvibrionaceae;g__;s__	0.188287	3480	0.3563	0.6281	false	false	false	7554	validated	validated	trace
Church2025__YPM-IZ-111210	BAC00006	mag	d__Archaea;p__Thermoproteota;c__JANJXX01;o__JAMOTR01;f__;g__;s__	0.969338	131106	4.8408	0.9771	false	false	false	3122667	high_confidence	high_confidence	high_confidence
Church2025__YPM-IZ-111210	BAC00025	mag	d__Bacteria;p__Bacillota_I;c__Bacilli_A;o__Mycoplasmatales;f__Metamycoplasmataceae;g__;s__	0.197213	1961	0.3591	0.6537	false	false	false	0	validated	validated	trace
Church2025__YPM-IZ-111210	BAC00027	mag	d__Bacteria;p__Bacillota_I;c__Bacilli_A;o__Mycoplasmatales;f__Metamycoplasmataceae;g__;s__	0.99956	611940	107.9205	0.9996	false	false	true	849721	high_confidence	high_confidence	high_confidence
Church2025__YPM-IZ-111210	BAC00036	mag	d__Bacteria;p__Bacteroidota;c__Bacteroidia;o__Flavobacteriales;f__Crocinitomicaceae;g__Crocinitomix;s__	0.994715	222800	6.6892	0.996	false	false	true	4996133	high_confidence	high_confidence	high_confidence
Church2025__YPM-IZ-111210	BAC00147	mag	d__Bacteria;p__Pseudomonadota;c__Alphaproteobacteria;o__JABSOH01;f__JABSOH01;g__;s__	0.999391	379806	30.5156	0.9994	false	false	true	1817420	high_confidence	high_confidence	high_confidence
Church2025__YPM-IZ-111210	BAC00189	reference	d__Bacteria;p__Pseudomonadota;c__Alphaproteobacteria;o__Rhodobacterales;f__Rhodobacteraceae;g__Shimia;s__Shimia sp024224295	0.561279	35239	1.1591	0.8179	false	true	false	61541	high_confidence	high_confidence	high_confidence
Church2025__YPM-IZ-111210	BAC00244	reference	d__Bacteria;p__Pseudomonadota;c__Gammaproteobacteria;o__Enterobacterales;f__Alteromonadaceae;g__Pseudoalteromonas;s__	0.199894	6203	0.2591	0.8759	false	true	false	358	validated	validated	trace
Church2025__YPM-IZ-111210	BAC00290	reference	d__Bacteria;p__Pseudomonadota;c__Gammaproteobacteria;o__Enterobacterales;f__Psychrobiaceae;g__Psychrobium;s__	0.211365	5178	0.2789	0.8683	false	true	false	0	validated	validated	validated
Church2025__YPM-IZ-111210	BAC00362	mag	d__Bacteria;p__Pseudomonadota;c__Gammaproteobacteria;o__JABDGN01;f__JABDGN01;g__;s__	0.999595	786444	68.0023	0.9996	false	false	true	1732333	high_confidence	high_confidence	high_confidence
Church2025__YPM-IZ-111210	BAC00370	mag	d__Bacteria;p__Pseudomonadota;c__Gammaproteobacteria;o__Pseudomonadales;f__Cellvibrionaceae;g__;s__	0.99997	1615370	165.4057	1.0	false	false	true	1464916	high_confidence	high_confidence	high_confidence
Church2025__YPM-IZ-111241	BAC00025	mag	d__Bacteria;p__Bacillota_I;c__Bacilli_A;o__Mycoplasmatales;f__Metamycoplasmataceae;g__;s__	0.389024	3812	0.698	0.7743	false	false	false	1123	validated	validated	validated
Church2025__YPM-IZ-111241	BAC00027	mag	d__Bacteria;p__Bacillota_I;c__Bacilli_A;o__Mycoplasmatales;f__Metamycoplasmataceae;g__;s__	0.831424	39063	6.8891	0.8323	false	false	true	618757	high_confidence	high_confidence	high_confidence
Church2025__YPM-IZ-111241	BAC00147	mag	d__Bacteria;p__Pseudomonadota;c__Alphaproteobacteria;o__JABSOH01;f__JABSOH01;g__;s__	0.213035	3291	0.2644	0.9169	false	false	false	649	validated	validated	validated
Church2025__YPM-IZ-111241	BAC00362	mag	d__Bacteria;p__Pseudomonadota;c__Gammaproteobacteria;o__JABDGN01;f__JABDGN01;g__;s__	0.627318	23096	1.9971	0.7258	false	false	false	32729	high_confidence	high_confidence	high_confidence
Church2025__YPM-IZ-111243	BAC00025	mag	d__Bacteria;p__Bacillota_I;c__Bacilli_A;o__Mycoplasmatales;f__Metamycoplasmataceae;g__;s__	0.627887	7756	1.4201	0.828	false	false	false	37176	high_confidence	high_confidence	high_confidence
Church2025__YPM-IZ-111243	BAC00359	reference	d__Bacteria;p__Pseudomonadota;c__Gammaproteobacteria;o__Francisellales;f__Francisellaceae;g__Francisella_A;s__	0.308601	4726	0.4087	0.9198	false	true	false	3942	validated	validated	validated
Church2025__YPM-IZ-111243	BAC00362	mag	d__Bacteria;p__Pseudomonadota;c__Gammaproteobacteria;o__JABDGN01;f__JABDGN01;g__;s__	0.979956	1021100	88.2926	0.98	false	false	true	1667568	high_confidence	high_confidence	high_confidence
Church2025__YPM-IZ-111513	BAC00375	mag	d__Bacteria;p__Pseudomonadota;c__Gammaproteobacteria;o__Pseudomonadales;f__DT-91;g__CAKMZU01;s__	0.840764	86003	3.114	0.8798	false	false	true	2255277	high_confidence	high_confidence	high_confidence
Church2025__YPM-IZ-111514	BAC00375	mag	d__Bacteria;p__Pseudomonadota;c__Gammaproteobacteria;o__Pseudomonadales;f__DT-91;g__CAKMZU01;s__	0.15923	5061	0.1832	0.951	false	false	false	0	validated	validated	trace
Church2025__YPM-IZ-111517	BAC00375	mag	d__Bacteria;p__Pseudomonadota;c__Gammaproteobacteria;o__Pseudomonadales;f__DT-91;g__CAKMZU01;s__	0.101133	3126	0.1132	0.945	false	false	false	0	validated	validated	trace
Church2025__YPM-IZ-111518	BAC00375	mag	d__Bacteria;p__Pseudomonadota;c__Gammaproteobacteria;o__Pseudomonadales;f__DT-91;g__CAKMZU01;s__	0.167325	5691	0.2061	0.8986	false	false	false	0	validated	validated	trace
Church2025__YPM-IZ-111518	BAC00381	reference	d__Bacteria;p__Pseudomonadota;c__Gammaproteobacteria;o__Pseudomonadales;f__Halieaceae;g__Halioglobus;s__Halioglobus sp905480565	0.351499	11433	0.5505	0.8303	false	true	false	2114	validated	validated	validated
Church2025__YPM-IZ-111520	BAC00375	mag	d__Bacteria;p__Pseudomonadota;c__Gammaproteobacteria;o__Pseudomonadales;f__DT-91;g__CAKMZU01;s__	0.72272	47081	1.7047	0.8833	false	false	false	462073	high_confidence	high_confidence	high_confidence
Church2025__YPM-IZ-111520	BAC00381	reference	d__Bacteria;p__Pseudomonadota;c__Gammaproteobacteria;o__Pseudomonadales;f__Halieaceae;g__Halioglobus;s__Halioglobus sp905480565	0.180312	4788	0.2305	0.8758	false	true	false	0	validated	validated	trace
Church2025__YPM-IZ-111521	BAC00375	mag	d__Bacteria;p__Pseudomonadota;c__Gammaproteobacteria;o__Pseudomonadales;f__DT-91;g__CAKMZU01;s__	0.24292	8266	0.2993	0.9391	false	false	false	0	validated	validated	validated
Church2025__YPM-IZ-111521	BAC00381	reference	d__Bacteria;p__Pseudomonadota;c__Gammaproteobacteria;o__Pseudomonadales;f__Halieaceae;g__Halioglobus;s__Halioglobus sp905480565	0.137211	3448	0.166	0.897	false	true	false	0	validated	validated	trace
Church2025__YPM-IZ-111530	BAC00375	mag	d__Bacteria;p__Pseudomonadota;c__Gammaproteobacteria;o__Pseudomonadales;f__DT-91;g__CAKMZU01;s__	0.66185	38675	1.4003	0.8784	false	false	false	196452	high_confidence	high_confidence	high_confidence
Church2025__YPM-IZ-111539	BAC00375	mag	d__Bacteria;p__Pseudomonadota;c__Gammaproteobacteria;o__Pseudomonadales;f__DT-91;g__CAKMZU01;s__	0.816109	67623	2.4485	0.8933	false	false	false	1375560	high_confidence	high_confidence	high_confidence
Church2025__YPM-IZ-111547	BAC00146	mag	d__Bacteria;p__Pseudomonadota;c__Alphaproteobacteria;o__JABSOH01;f__JABSOH01;g__;s__	0.163107	2681	0.2114	0.856	false	false	false	311	validated	validated	trace
Church2025__YPM-IZ-111839	BAC00025	mag	d__Bacteria;p__Bacillota_I;c__Bacilli_A;o__Mycoplasmatales;f__Metamycoplasmataceae;g__;s__	0.898098	133225	24.3936	0.8981	false	false	true	593282	high_confidence	high_confidence	high_confidence
Church2025__YPM-IZ-111839	BAC00071	reference	d__Bacteria;p__Bacteroidota;c__Bacteroidia;o__Flavobacteriales;f__Flavobacteriaceae;g__Nonlabens;s__Nonlabens tegetincola	0.242632	6851	0.3393	0.8432	false	true	false	1345	validated	validated	validated
Church2025__YPM-IZ-111839	BAC00120	reference	d__Bacteria;p__Cyanobacteriota;c__Cyanobacteriia;o__PCC-6307;f__Cyanobiaceae;g__Prochlorococcus_A;s__Prochlorococcus_A sp003280965	0.131565	1712	0.1623	0.878	false	true	false	0	validated	validated	trace
Church2025__YPM-IZ-111839	BAC00123	reference	d__Bacteria;p__Cyanobacteriota;c__Cyanobacteriia;o__PCC-6307;f__Cyanobiaceae;g__Prochlorococcus_A;s__Prochlorococcus_A sp902627325	0.197621	1514	0.2381	0.9326	false	true	false	0	validated	validated	trace
Church2025__YPM-IZ-111839	BAC00190	reference	d__Bacteria;p__Pseudomonadota;c__Alphaproteobacteria;o__Rhodobacterales;f__Rhodobacteraceae;g__Sulfitobacter;s__Sulfitobacter faviae	0.156929	4261	0.2313	0.7599	false	true	false	0	validated	validated	trace
Church2025__YPM-IZ-111839	BAC00192	reference	d__Bacteria;p__Pseudomonadota;c__Alphaproteobacteria;o__Rhodobacterales;f__Rhodobacteraceae;g__Sulfitobacter;s__Sulfitobacter pontiacus	0.233105	9113	0.3633	0.7652	false	true	false	0	validated	validated	validated
Church2025__YPM-IZ-111839	BAC00193	reference	d__Bacteria;p__Pseudomonadota;c__Alphaproteobacteria;o__Rhodobacterales;f__Rhodobacteraceae;g__Sulfitobacter;s__Sulfitobacter sp002703405	0.237939	8229	0.3711	0.7675	false	true	false	2507	validated	validated	validated
Church2025__YPM-IZ-111839	BAC00198	reference	d__Bacteria;p__Pseudomonadota;c__Alphaproteobacteria;o__Rickettsiales;f__Rickettsiaceae;g__GCA-2402195;s__	0.627456	15800	1.7363	0.7616	false	true	false	310467	high_confidence	high_confidence	high_confidence
Church2025__YPM-IZ-111839	BAC00201	reference	d__Bacteria;p__Pseudomonadota;c__Alphaproteobacteria;o__Sphingomonadales;f__Sphingomonadaceae;g__CAJXSN01;s__CAJXSN01 sp027941995	0.145247	4094	0.2104	0.7654	false	true	false	0	validated	validated	trace
Church2025__YPM-IZ-111839	BAC00202	reference	d__Bacteria;p__Pseudomonadota;c__Alphaproteobacteria;o__Sphingomonadales;f__Sphingomonadaceae;g__Qipengyuania;s__Qipengyuania citrea	0.105345	2805	0.1452	0.7792	false	true	false	0	validated	validated	trace
Church2025__YPM-IZ-111839	BAC00223	reference	d__Bacteria;p__Pseudomonadota;c__Gammaproteobacteria;o__Enterobacterales;f__Alteromonadaceae;g__Alteromonas;s__Alteromonas abrolhosensis	0.149644	8307	0.281	0.6108	false	false	false	62103	high_confidence	high_confidence	trace
Church2025__YPM-IZ-111839	BAC00227	reference	d__Bacteria;p__Pseudomonadota;c__Gammaproteobacteria;o__Enterobacterales;f__Alteromonadaceae;g__Alteromonas;s__Alteromonas macleodii	0.760893	79675	2.711	0.8151	false	true	false	1351732	high_confidence	high_confidence	high_confidence
Church2025__YPM-IZ-111839	BAC00277	reference	d__Bacteria;p__Pseudomonadota;c__Gammaproteobacteria;o__Enterobacterales;f__Alteromonadaceae;g__Pseudoalteromonas;s__Pseudoalteromonas spongiae	0.139168	5977	0.1887	0.8095	false	true	false	0	validated	validated	trace
Church2025__YPM-IZ-111839	BAC00289	reference	d__Bacteria;p__Pseudomonadota;c__Gammaproteobacteria;o__Enterobacterales;f__Enterobacteriaceae;g__Serratia;s__Serratia nevei	0.798199	111614	3.088	0.8363	false	true	false	1928962	high_confidence	high_confidence	high_confidence
Church2025__YPM-IZ-111839	BAC00308	reference	d__Bacteria;p__Pseudomonadota;c__Gammaproteobacteria;o__Enterobacterales;f__Vibrionaceae;g__Vibrio;s__Vibrio alginolyticus	0.332137	18374	0.5355	0.801	false	true	false	3003	validated	validated	validated
Church2025__YPM-IZ-111839	BAC00367	reference	d__Bacteria;p__Pseudomonadota;c__Gammaproteobacteria;o__Pseudomonadales;f__Alcanivoracaceae;g__Alcanivorax;s__Alcanivorax sp900107995	0.222789	8296	0.3358	0.7812	false	true	false	0	validated	validated	validated
Church2025__YPM-IZ-111839	BAC00395	reference	d__Bacteria;p__Pseudomonadota;c__Gammaproteobacteria;o__Pseudomonadales;f__Halomonadaceae;g__Vreelandella;s__Vreelandella piezotolerans	0.114038	4199	0.1596	0.7729	false	true	false	1651	validated	validated	trace
Church2025__YPM-IZ-111839	BAC00409	reference	d__Bacteria;p__Pseudomonadota;c__Gammaproteobacteria;o__Pseudomonadales;f__Moraxellaceae;g__Psychrobacter;s__Psychrobacter sp000511655	0.659484	33852	1.6851	0.8096	false	true	false	150341	high_confidence	high_confidence	high_confidence
Church2025__YPM-IZ-111840	BAC00409	reference	d__Bacteria;p__Pseudomonadota;c__Gammaproteobacteria;o__Pseudomonadales;f__Moraxellaceae;g__Psychrobacter;s__Psychrobacter sp000511655	0.366601	10732	0.5342	0.8858	false	true	false	3855	validated	validated	validated
