sample_id	reporting_unit	kind	grade	read_pairs_ge97	assembled_sequences	assembled_sources	best_identity	named_lineage	naming_ceiling	lca_lineage	lca_terminal_taxon	role	contamination	ncbi_top_hit	reporting_status	count_as_detection	overlapping_descendant_units
Ahuja2024__CWD116	SAR;Alveolata;Protalveolata;Syndiniales;Syndiniales Group II	non_metazoan	trace	2	0		97	Eukaryota;SAR;Alveolata;Protalveolata;Syndiniales;Syndiniales Group II	genus	Eukaryota;SAR;Alveolata;Protalveolata;Syndiniales;Syndiniales Group II	Syndiniales Group II	parasite	false		trace_evidence	false	
Ahuja2024__CWD131	Chordata	metazoan	trace	7	0		97	Eukaryota;Amorphea;Obazoa;Opisthokonta;Holozoa;Choanozoa;Metazoa;Animalia;BCP clade;Bilateria;Deuterostomia;Chordata;Vertebrata;Gnathostomata;Euteleostomi	genus	Eukaryota;Amorphea;Obazoa;Opisthokonta;Holozoa;Choanozoa;Metazoa;Animalia;BCP clade;Bilateria;Deuterostomia;Chordata;Vertebrata;Gnathostomata;Euteleostomi	Euteleostomi	unassigned	false		trace_evidence	false	
Ahuja2024__CWD16	SAR;Rhizaria;Retaria;Polycystinea;Spumellaria	non_metazoan	trace	2	0		97	Eukaryota;SAR;Rhizaria;Retaria;Polycystinea;Spumellaria;uncultured	genus	Eukaryota;SAR;Rhizaria;Retaria;Polycystinea;Spumellaria;uncultured	uncultured	unassigned	false		trace_evidence	false	
Ahuja2024__CWD2	Amorphea;Obazoa;Opisthokonta;Nucletmycea;Fungi	non_metazoan	trace	2	0		97	Eukaryota;Amorphea;Obazoa;Opisthokonta;Nucletmycea;Fungi;Dikarya;Ascomycota;Taphrinomycotina;Schizosaccharomycetes;Schizosaccharomycetales;Schizosaccharomycetaceae;Schizosaccharomyces	genus	Eukaryota;Amorphea;Obazoa;Opisthokonta;Nucletmycea;Fungi;Dikarya;Ascomycota;Taphrinomycotina;Schizosaccharomycetes;Schizosaccharomycetales;Schizosaccharomycetaceae;Schizosaccharomyces	Schizosaccharomyces	unassigned	false		trace_evidence	false	
Ahuja2024__CWD3	SAR;Alveolata;Ciliophora;Intramacronucleata;Conthreep	non_metazoan	trace	2	0		97	Eukaryota;SAR;Alveolata;Ciliophora;Intramacronucleata;Conthreep;Oligohymenophorea;Apostomatia	genus	Eukaryota;SAR;Alveolata;Ciliophora;Intramacronucleata;Conthreep;Oligohymenophorea;Apostomatia	Apostomatia	unassigned	false		trace_evidence	false	
Ahuja2024__CWD6	SAR;Alveolata;Dinoflagellata;Dinophyceae	non_metazoan	trace	2	0		97	Eukaryota;SAR;Alveolata;Dinoflagellata;Dinophyceae	genus	Eukaryota;SAR;Alveolata;Dinoflagellata;Dinophyceae	Dinophyceae	unassigned	false		trace_evidence	false	
Ahuja2024__NA1	SAR;Alveolata;Ciliophora;Intramacronucleata;Spirotrichea	non_metazoan	trace	2	0		97	Eukaryota;SAR;Alveolata;Ciliophora;Intramacronucleata;Spirotrichea;Choreotrichia;uncultured	genus	Eukaryota;SAR;Alveolata;Ciliophora;Intramacronucleata;Spirotrichea;Choreotrichia;uncultured	uncultured	unassigned	false		trace_evidence	false	
Ahuja2024__NA10	Amorphea;Obazoa;Opisthokonta;Nucletmycea;Fungi	non_metazoan	trace	11	0		97	Eukaryota;Amorphea;Obazoa;Opisthokonta;Nucletmycea;Fungi;Dikarya;Ascomycota;Pezizomycotina	genus	Eukaryota;Amorphea;Obazoa;Opisthokonta;Nucletmycea;Fungi;Dikarya;Ascomycota;Pezizomycotina	Pezizomycotina	unassigned	false		trace_evidence	false	
Ahuja2024__NA10	Annelida	metazoan	trace	2	0		97	Eukaryota;Amorphea;Obazoa;Opisthokonta;Holozoa;Choanozoa;Metazoa;Animalia;BCP clade;Bilateria;Protostomia;Lophotrochozoa;Annelida	genus	Eukaryota;Amorphea;Obazoa;Opisthokonta;Holozoa;Choanozoa;Metazoa;Animalia;BCP clade;Bilateria;Protostomia;Lophotrochozoa;Annelida	Annelida	prey	false		trace_evidence	false	
Ahuja2024__NA10	Arthropoda	metazoan	trace	2	0		97	Eukaryota;Amorphea;Obazoa;Opisthokonta;Holozoa;Choanozoa;Metazoa;Animalia;BCP clade;Bilateria;Protostomia;Ecdysozoa;Arthropoda;Chelicerata;Arachnida;Acari	genus	Eukaryota;Amorphea;Obazoa;Opisthokonta;Holozoa;Choanozoa;Metazoa;Animalia;BCP clade;Bilateria;Protostomia;Ecdysozoa;Arthropoda;Chelicerata;Arachnida;Acari	Acari	unassigned	false		trace_evidence	false	
Ahuja2024__NA11	Arthropoda	metazoan	trace	6	0		97	Eukaryota;Amorphea;Obazoa;Opisthokonta;Holozoa;Choanozoa;Metazoa;Animalia;BCP clade;Bilateria;Protostomia;Ecdysozoa;Arthropoda;Crustacea;Malacostraca;Eumalacostraca;Eucarida	genus	Eukaryota;Amorphea;Obazoa;Opisthokonta;Holozoa;Choanozoa;Metazoa;Animalia;BCP clade;Bilateria;Protostomia;Ecdysozoa;Arthropoda;Crustacea;Malacostraca;Eumalacostraca;Eucarida	Eucarida	unassigned	false		trace_evidence	false	
Ahuja2024__NA2	Arthropoda	metazoan	trace	4	0		97	Eukaryota;Amorphea;Obazoa;Opisthokonta;Holozoa;Choanozoa;Metazoa;Animalia;BCP clade;Bilateria;Protostomia;Ecdysozoa;Arthropoda	genus	Eukaryota;Amorphea;Obazoa;Opisthokonta;Holozoa;Choanozoa;Metazoa;Animalia;BCP clade;Bilateria;Protostomia;Ecdysozoa;Arthropoda	Arthropoda	unassigned	false		trace_evidence	false	
Ahuja2024__NA3	SAR;Alveolata;Ciliophora;Intramacronucleata;Conthreep	non_metazoan	trace	2	0		97	Eukaryota;SAR;Alveolata;Ciliophora;Intramacronucleata;Conthreep;Oligohymenophorea;Apostomatia	genus	Eukaryota;SAR;Alveolata;Ciliophora;Intramacronucleata;Conthreep;Oligohymenophorea;Apostomatia	Apostomatia	unassigned	false		trace_evidence	false	
Ahuja2024__NA3	SAR;Alveolata;Protalveolata;Syndiniales	non_metazoan	trace	2	0		97	Eukaryota;SAR;Alveolata;Protalveolata;Syndiniales	genus	Eukaryota;SAR;Alveolata;Protalveolata;Syndiniales	Syndiniales	parasite	false		trace_evidence	false	
Ahuja2024__NA3	SAR;Alveolata;Protalveolata;Syndiniales;Syndiniales Group II	non_metazoan	trace	2	0		97	Eukaryota;SAR;Alveolata;Protalveolata;Syndiniales;Syndiniales Group II	genus	Eukaryota;SAR;Alveolata;Protalveolata;Syndiniales;Syndiniales Group II	Syndiniales Group II	parasite	false		trace_evidence	false	
Ahuja2024__NA4	Arthropoda	metazoan	high_confidence	1914	2	assembly18s,phyloflash	99.94	Eukaryota;Amorphea;Obazoa;Opisthokonta;Holozoa;Choanozoa;Metazoa;Animalia;BCP clade;Bilateria;Protostomia;Ecdysozoa;Arthropoda;Crustacea;Maxillopoda;Copepoda;Calanoida	genus	Eukaryota;Amorphea;Obazoa;Opisthokonta;Holozoa;Choanozoa;Metazoa;Animalia;BCP clade;Bilateria;Protostomia;Ecdysozoa;Arthropoda;Crustacea;Maxillopoda;Copepoda;Calanoida	Calanoida	prey	false	Metridia gerlachei (GU969176, 99.83%); Metridia gerlachei (GU969176, 99.83%)	detection	true	
Ahuja2024__NA4	SAR;Alveolata;Protalveolata;Syndiniales	non_metazoan	trace	6	0		97	Eukaryota;SAR;Alveolata;Protalveolata;Syndiniales	genus	Eukaryota;SAR;Alveolata;Protalveolata;Syndiniales	Syndiniales	parasite	false		trace_evidence	false	
Ahuja2024__NA4	SAR;Alveolata;Protalveolata;Syndiniales;Syndiniales Group I	non_metazoan	trace	3	0		97	Eukaryota;SAR;Alveolata;Protalveolata;Syndiniales;Syndiniales Group I	genus	Eukaryota;SAR;Alveolata;Protalveolata;Syndiniales;Syndiniales Group I	Syndiniales Group I	parasite	false		trace_evidence	false	
Ahuja2024__NA7	Amorphea;Obazoa;Opisthokonta;Nucletmycea;Fungi	non_metazoan	trace	2	0		97	Eukaryota;Amorphea;Obazoa;Opisthokonta;Nucletmycea;Fungi;Dikarya;Ascomycota;Pezizomycotina	genus	Eukaryota;Amorphea;Obazoa;Opisthokonta;Nucletmycea;Fungi;Dikarya;Ascomycota;Pezizomycotina	Pezizomycotina	unassigned	false		trace_evidence	false	
Ahuja2024__NA7	SAR;Alveolata;Protalveolata;Syndiniales	non_metazoan	trace	2	0		97	Eukaryota;SAR;Alveolata;Protalveolata;Syndiniales	genus	Eukaryota;SAR;Alveolata;Protalveolata;Syndiniales	Syndiniales	parasite	false		trace_evidence	false	
Ahuja2024__NA7	SAR;Alveolata;Protalveolata;Syndiniales;Syndiniales Group II	non_metazoan	trace	6	0		97	Eukaryota;SAR;Alveolata;Protalveolata;Syndiniales;Syndiniales Group II	genus	Eukaryota;SAR;Alveolata;Protalveolata;Syndiniales;Syndiniales Group II	Syndiniales Group II	parasite	false		trace_evidence	false	
Ahuja2026__NA19	SAR;Alveolata;Protalveolata;Syndiniales	non_metazoan	trace	18	0		97	Eukaryota;SAR;Alveolata;Protalveolata;Syndiniales	genus	Eukaryota;SAR;Alveolata;Protalveolata;Syndiniales	Syndiniales	parasite	false		trace_evidence	false	
Ahuja2026__NA19	SAR;Alveolata;Protalveolata;Syndiniales;Syndiniales Group II	non_metazoan	trace	4	0		97	Eukaryota;SAR;Alveolata;Protalveolata;Syndiniales;Syndiniales Group II	genus	Eukaryota;SAR;Alveolata;Protalveolata;Syndiniales;Syndiniales Group II	Syndiniales Group II	parasite	false		trace_evidence	false	
Ahuja2026__NA29	Amorphea;Obazoa;Opisthokonta;Nucletmycea;Fungi	non_metazoan	trace	2	0		97	Eukaryota;Amorphea;Obazoa;Opisthokonta;Nucletmycea;Fungi;Dikarya;Basidiomycota;Ustilaginomycotina;Malasseziomycetes;Malasseziales;Malasseziaceae;Malassezia	genus	Eukaryota;Amorphea;Obazoa;Opisthokonta;Nucletmycea;Fungi;Dikarya;Basidiomycota;Ustilaginomycotina;Malasseziomycetes;Malasseziales;Malasseziaceae;Malassezia	Malassezia	unassigned	false		trace_evidence	false	
Ahuja2026__NA29	SAR;Alveolata;Dinoflagellata;Dinophyceae	non_metazoan	trace	2	0		97	Eukaryota;SAR;Alveolata;Dinoflagellata;Dinophyceae	genus	Eukaryota;SAR;Alveolata;Dinoflagellata;Dinophyceae	Dinophyceae	unassigned	false		trace_evidence	false	
Ahuja2026__NA30	SAR;Rhizaria;Retaria;RAD A	non_metazoan	trace	3	0		97	Eukaryota;SAR;Rhizaria;Retaria;RAD A	genus	Eukaryota;SAR;Rhizaria;Retaria;RAD A	RAD A	unassigned	false		trace_evidence	false	
Ahuja2026__NA31	Amorphea;Obazoa;Opisthokonta;Nucletmycea;Fungi	non_metazoan	validated	77	0		97	Eukaryota;Amorphea;Obazoa;Opisthokonta;Nucletmycea;Fungi;Dikarya;Ascomycota;Pezizomycotina	genus	Eukaryota;Amorphea;Obazoa;Opisthokonta;Nucletmycea;Fungi;Dikarya;Ascomycota;Pezizomycotina	Pezizomycotina	unassigned	false		detection	true	
Ahuja2026__NA31	Arthropoda	metazoan	trace	17	0		97	Eukaryota;Amorphea;Obazoa;Opisthokonta;Holozoa;Choanozoa;Metazoa;Animalia;BCP clade;Bilateria;Protostomia;Ecdysozoa;Arthropoda;Crustacea;Branchiopoda;Sarsostraca;Anostraca	genus	Eukaryota;Amorphea;Obazoa;Opisthokonta;Holozoa;Choanozoa;Metazoa;Animalia;BCP clade;Bilateria;Protostomia;Ecdysozoa;Arthropoda;Crustacea;Branchiopoda;Sarsostraca;Anostraca	Anostraca	unassigned	false		trace_evidence	false	
Ahuja2026__NA31	Chordata	metazoan	trace	5	0		97	Eukaryota;Amorphea;Obazoa;Opisthokonta;Holozoa;Choanozoa;Metazoa;Animalia;BCP clade;Bilateria;Deuterostomia;Chordata;Tunicata;Appendicularia;Copelata;Oikopleuridae	genus	Eukaryota;Amorphea;Obazoa;Opisthokonta;Holozoa;Choanozoa;Metazoa;Animalia;BCP clade;Bilateria;Deuterostomia;Chordata;Tunicata;Appendicularia;Copelata;Oikopleuridae	Oikopleuridae	prey	false		trace_evidence	false	
Ahuja2026__NA31	Ctenophora	metazoan	trace	2	0		97	Eukaryota;Amorphea;Obazoa;Opisthokonta;Holozoa;Choanozoa;Metazoa;Animalia;BCP clade;Ctenophora;Tentaculata;Cydippida	genus	Eukaryota;Amorphea;Obazoa;Opisthokonta;Holozoa;Choanozoa;Metazoa;Animalia;BCP clade;Ctenophora;Tentaculata;Cydippida	Cydippida	unassigned	false		trace_evidence	false	
Ahuja2026__NA31	Platyhelminthes	metazoan	trace	22	0		97	Eukaryota;Amorphea;Obazoa;Opisthokonta;Holozoa;Choanozoa;Metazoa;Animalia;BCP clade;Bilateria;Protostomia;Lophotrochozoa;Platyhelminthes;Trematoda;Digenea	genus	Eukaryota;Amorphea;Obazoa;Opisthokonta;Holozoa;Choanozoa;Metazoa;Animalia;BCP clade;Bilateria;Protostomia;Lophotrochozoa;Platyhelminthes;Trematoda;Digenea	Digenea	parasite	false		trace_evidence	false	
Ahuja2026__NA31	SAR;Alveolata;Dinoflagellata;Dinophyceae	non_metazoan	trace	11	0		97	Eukaryota;SAR;Alveolata;Dinoflagellata;Dinophyceae	genus	Eukaryota;SAR;Alveolata;Dinoflagellata;Dinophyceae	Dinophyceae	unassigned	false		unresolved_ancestor	false	SAR;Alveolata;Dinoflagellata;Dinophyceae;Peridiniphycidae
Ahuja2026__NA31	SAR;Alveolata;Dinoflagellata;Dinophyceae;Peridiniphycidae	non_metazoan	validated	2	1	phyloflash	98.93	Eukaryota;SAR;Alveolata;Dinoflagellata;Dinophyceae;Peridiniphycidae;Gonyaulacales;Azadinium	genus	Eukaryota;SAR;Alveolata;Dinoflagellata;Dinophyceae;Peridiniphycidae;Gonyaulacales;Azadinium	Azadinium	unassigned	false	Pentapharsodinium dalei (JX262492, 99.07%)	detection	true	
Ahuja2026__NA32	Amorphea;Obazoa;Opisthokonta;Nucletmycea;Fungi	non_metazoan	trace	4	0		97	Eukaryota;Amorphea;Obazoa;Opisthokonta;Nucletmycea;Fungi	genus	Eukaryota;Amorphea;Obazoa;Opisthokonta;Nucletmycea;Fungi	Fungi	unassigned	false		trace_evidence	false	
Ahuja2026__NA33	Amorphea;Obazoa;Opisthokonta;Nucletmycea;Fungi	non_metazoan	trace	5	0		97	Eukaryota;Amorphea;Obazoa;Opisthokonta;Nucletmycea;Fungi;Dikarya;Ascomycota;Saccharomycotina;Saccharomycetes;Saccharomycetales	genus	Eukaryota;Amorphea;Obazoa;Opisthokonta;Nucletmycea;Fungi;Dikarya;Ascomycota;Saccharomycotina;Saccharomycetes;Saccharomycetales	Saccharomycetales	unassigned	false		trace_evidence	false	
Ahuja2026__NA33	SAR;Stramenopiles;Ochrophyta;Diatomea;Coscinodiscophytina	non_metazoan	trace	2	0		97	Eukaryota;SAR;Stramenopiles;Ochrophyta;Diatomea;Coscinodiscophytina;Rhizosolenids;Guinardia	genus	Eukaryota;SAR;Stramenopiles;Ochrophyta;Diatomea;Coscinodiscophytina;Rhizosolenids;Guinardia	Guinardia	unassigned	false		trace_evidence	false	
Ahuja2026__NA37	Amorphea;Amoebozoa;Discosea;Flabellinia;Dactylopodida	non_metazoan	validated	52	0		97	Eukaryota;Amorphea;Amoebozoa;Discosea;Flabellinia;Dactylopodida	genus	Eukaryota;Amorphea;Amoebozoa;Discosea;Flabellinia;Dactylopodida	Dactylopodida	unassigned	false		detection	true	
Ahuja2026__NA37	Amorphea;Amoebozoa;uncultured	non_metazoan	trace	2	0		97	Eukaryota;Amorphea;Amoebozoa;uncultured	genus	Eukaryota;Amorphea;Amoebozoa;uncultured	uncultured	unassigned	false		trace_evidence	false	
Ahuja2026__NA37	Amorphea;Obazoa;Opisthokonta;Holozoa;Choanozoa	non_metazoan	trace	3	0		97	Eukaryota;Amorphea;Obazoa;Opisthokonta;Holozoa;Choanozoa;Choanoflagellata;Ichthyosporea;Ichthyophonae;Ichthyophonidae;Psorospermium	genus	Eukaryota;Amorphea;Obazoa;Opisthokonta;Holozoa;Choanozoa;Choanoflagellata;Ichthyosporea;Ichthyophonae;Ichthyophonidae;Psorospermium	Psorospermium	parasite	false		trace_evidence	false	
Ahuja2026__NA37	Amorphea;Obazoa;Opisthokonta;Nucletmycea;Fungi	non_metazoan	validated	73	0		97	Eukaryota;Amorphea;Obazoa;Opisthokonta;Nucletmycea;Fungi;Dikarya;Basidiomycota;Agaricomycotina;Agaricomycetes;Boletales;Tapinellaceae;Tapinella	genus	Eukaryota;Amorphea;Obazoa;Opisthokonta;Nucletmycea;Fungi;Dikarya;Basidiomycota;Agaricomycotina;Agaricomycetes;Boletales;Tapinellaceae;Tapinella	Tapinella	unassigned	false		detection	true	
Ahuja2026__NA37	Archaeplastida;Chloroplastida;Charophyta;Phragmoplastophyta;Zygnematophyceae	non_metazoan	trace	2	0		97	Eukaryota;Archaeplastida;Chloroplastida;Charophyta;Phragmoplastophyta;Zygnematophyceae;Zygnematales;Spirogyra	genus	Eukaryota;Archaeplastida;Chloroplastida;Charophyta;Phragmoplastophyta;Zygnematophyceae;Zygnematales;Spirogyra	Spirogyra	unassigned	false		trace_evidence	false	
Ahuja2026__NA37	Archaeplastida;Chloroplastida;Chlorophyta;Mamiellophyceae	non_metazoan	trace	2	0		97	Eukaryota;Archaeplastida;Chloroplastida;Chlorophyta;Mamiellophyceae	genus	Eukaryota;Archaeplastida;Chloroplastida;Chlorophyta;Mamiellophyceae	Mamiellophyceae	unassigned	false		trace_evidence	false	
Ahuja2026__NA37	Archaeplastida;Chloroplastida;Chlorophyta;Trebouxiophyceae	non_metazoan	validated	248	0		97	Eukaryota;Archaeplastida;Chloroplastida;Chlorophyta;Trebouxiophyceae	genus	Eukaryota;Archaeplastida;Chloroplastida;Chlorophyta;Trebouxiophyceae	Trebouxiophyceae	unassigned	false		detection	true	
Ahuja2026__NA37	Arthropoda	metazoan	high_confidence	513	2	assembly18s,phyloflash	99.83	Eukaryota;Amorphea;Obazoa;Opisthokonta;Holozoa;Choanozoa;Metazoa;Animalia;BCP clade;Bilateria;Protostomia;Ecdysozoa;Arthropoda;Crustacea;Maxillopoda;Copepoda;Calanoida	genus	Eukaryota;Amorphea;Obazoa;Opisthokonta;Holozoa;Choanozoa;Metazoa;Animalia;BCP clade;Bilateria;Protostomia;Ecdysozoa;Arthropoda;Crustacea;Maxillopoda;Copepoda;Calanoida	Calanoida	prey	false	Euchaeta indica (GU969170, 99.93%); Euchaeta concinna (GU969147, 99.83%)	detection	true	
Ahuja2026__NA37	Discoba;Discicristata;Euglenozoa;Kinetoplastea;Prokinetoplastina	non_metazoan	validated	57	0		97	Eukaryota;Discoba;Discicristata;Euglenozoa;Kinetoplastea;Prokinetoplastina;Ichthyobodo	genus	Eukaryota;Discoba;Discicristata;Euglenozoa;Kinetoplastea;Prokinetoplastina;Ichthyobodo	Ichthyobodo	unassigned	false		detection	true	
Ahuja2026__NA37	Nematozoa	metazoan	trace	17	0		97	Eukaryota;Amorphea;Obazoa;Opisthokonta;Holozoa;Choanozoa;Metazoa;Animalia;BCP clade;Bilateria;Protostomia;Ecdysozoa;Nematozoa;Nematoda;Enoplea	genus	Eukaryota;Amorphea;Obazoa;Opisthokonta;Holozoa;Choanozoa;Metazoa;Animalia;BCP clade;Bilateria;Protostomia;Ecdysozoa;Nematozoa;Nematoda;Enoplea	Enoplea	unassigned	false		trace_evidence	false	
Ahuja2026__NA37	Pauropoda	metazoan	trace	22	0		97	Eukaryota;Amorphea;Obazoa;Opisthokonta;Holozoa;Choanozoa;Metazoa;Animalia;BCP clade;Bilateria;Protostomia;Lophotrochozoa;Pauropoda	genus	Eukaryota;Amorphea;Obazoa;Opisthokonta;Holozoa;Choanozoa;Metazoa;Animalia;BCP clade;Bilateria;Protostomia;Lophotrochozoa;Pauropoda	Pauropoda	unassigned	false		trace_evidence	false	
Ahuja2026__NA37	Platyhelminthes	metazoan	trace	33	0		97	Eukaryota;Amorphea;Obazoa;Opisthokonta;Holozoa;Choanozoa;Metazoa;Animalia;BCP clade;Bilateria;Protostomia;Lophotrochozoa;Platyhelminthes;Rhabditophora;Seriata;Proseriata	genus	Eukaryota;Amorphea;Obazoa;Opisthokonta;Holozoa;Choanozoa;Metazoa;Animalia;BCP clade;Bilateria;Protostomia;Lophotrochozoa;Platyhelminthes;Rhabditophora;Seriata;Proseriata	Proseriata	unassigned	false		trace_evidence	false	
Ahuja2026__NA37	Porifera	metazoan	trace	9	0		97	Eukaryota;Amorphea;Obazoa;Opisthokonta;Holozoa;Choanozoa;Metazoa;Porifera	genus	Eukaryota;Amorphea;Obazoa;Opisthokonta;Holozoa;Choanozoa;Metazoa;Porifera	Porifera	unassigned	false		trace_evidence	false	
Ahuja2026__NA37	SAR;Alveolata;Ciliophora;Intramacronucleata;Spirotrichea	non_metazoan	trace	2	0		97	Eukaryota;SAR;Alveolata;Ciliophora;Intramacronucleata;Spirotrichea;Oligotrichia	genus	Eukaryota;SAR;Alveolata;Ciliophora;Intramacronucleata;Spirotrichea;Oligotrichia	Oligotrichia	unassigned	false		trace_evidence	false	
Ahuja2026__NA37	SAR;Alveolata;Dinoflagellata;Dinophyceae;Gymnodiniphycidae	non_metazoan	trace	12	0		97	Eukaryota;SAR;Alveolata;Dinoflagellata;Dinophyceae;Gymnodiniphycidae;Incertae Sedis;Cochlodinium	genus	Eukaryota;SAR;Alveolata;Dinoflagellata;Dinophyceae;Gymnodiniphycidae;Incertae Sedis;Cochlodinium	Cochlodinium	unassigned	false		trace_evidence	false	
Ahuja2026__NA37	SAR;Alveolata;Protalveolata;Syndiniales;Syndiniales Group I	non_metazoan	trace	8	0		97	Eukaryota;SAR;Alveolata;Protalveolata;Syndiniales;Syndiniales Group I	genus	Eukaryota;SAR;Alveolata;Protalveolata;Syndiniales;Syndiniales Group I	Syndiniales Group I	parasite	false		trace_evidence	false	
Ahuja2026__NA37	SAR;Alveolata;Protalveolata;Syndiniales;Syndiniales Group II	non_metazoan	trace	11	0		97	Eukaryota;SAR;Alveolata;Protalveolata;Syndiniales;Syndiniales Group II	genus	Eukaryota;SAR;Alveolata;Protalveolata;Syndiniales;Syndiniales Group II	Syndiniales Group II	parasite	false		trace_evidence	false	
Ahuja2026__NA37	SAR;Rhizaria;Retaria;Polycystinea;Spumellaria	non_metazoan	trace	8	0		97	Eukaryota;SAR;Rhizaria;Retaria;Polycystinea;Spumellaria;uncultured	genus	Eukaryota;SAR;Rhizaria;Retaria;Polycystinea;Spumellaria;uncultured	uncultured	unassigned	false		trace_evidence	false	
Ahuja2026__NA37	SAR;Rhizaria;Retaria;RAD A	non_metazoan	trace	2	0		97	Eukaryota;SAR;Rhizaria;Retaria;RAD A	genus	Eukaryota;SAR;Rhizaria;Retaria;RAD A	RAD A	unassigned	false		trace_evidence	false	
Ahuja2026__NA37	SAR;Rhizaria;Retaria;RAD B	non_metazoan	trace	9	0		97	Eukaryota;SAR;Rhizaria;Retaria;RAD B	genus	Eukaryota;SAR;Rhizaria;Retaria;RAD B	RAD B	unassigned	false		trace_evidence	false	
Ahuja2026__NA37	SAR;Stramenopiles;Labyrinthulomycetes;uncultured	non_metazoan	trace	11	0		97	Eukaryota;SAR;Stramenopiles;Labyrinthulomycetes;uncultured	genus	Eukaryota;SAR;Stramenopiles;Labyrinthulomycetes;uncultured	uncultured	unassigned	false		trace_evidence	false	
Ahuja2026__NA37	SAR;Stramenopiles;MAST-3;MAST-3L	non_metazoan	trace	2	0		97	Eukaryota;SAR;Stramenopiles;MAST-3;MAST-3L	genus	Eukaryota;SAR;Stramenopiles;MAST-3;MAST-3L	MAST-3L	unassigned	false		trace_evidence	false	
Ahuja2026__NA37	SAR;Stramenopiles;Ochrophyta	non_metazoan	trace	2	0		97	Eukaryota;SAR;Stramenopiles;Ochrophyta	genus	Eukaryota;SAR;Stramenopiles;Ochrophyta	Ochrophyta	unassigned	false		trace_evidence	false	
Ahuja2026__NA37	SAR;Stramenopiles;Ochrophyta;Chrysophyceae	non_metazoan	trace	3	0		97	Eukaryota;SAR;Stramenopiles;Ochrophyta;Chrysophyceae	genus	Eukaryota;SAR;Stramenopiles;Ochrophyta;Chrysophyceae	Chrysophyceae	unassigned	false		trace_evidence	false	
Ahuja2026__NA37	SAR;Stramenopiles;Ochrophyta;Chrysophyceae;Ochromonadales	non_metazoan	trace	17	0		97	Eukaryota;SAR;Stramenopiles;Ochrophyta;Chrysophyceae;Ochromonadales;Ochromonas	genus	Eukaryota;SAR;Stramenopiles;Ochrophyta;Chrysophyceae;Ochromonadales;Ochromonas	Ochromonas	unassigned	false		trace_evidence	false	
Ahuja2026__NA37	SAR;Stramenopiles;Ochrophyta;Diatomea;Bacillariophytina	non_metazoan	trace	4	0		97	Eukaryota;SAR;Stramenopiles;Ochrophyta;Diatomea;Bacillariophytina;Mediophyceae;Skeletonema	genus	Eukaryota;SAR;Stramenopiles;Ochrophyta;Diatomea;Bacillariophytina;Mediophyceae;Skeletonema	Skeletonema	unassigned	false		trace_evidence	false	
Ahuja2026__NA38	SAR;Alveolata;Ciliophora;Intramacronucleata;Conthreep	non_metazoan	trace	18	0		97	Eukaryota;SAR;Alveolata;Ciliophora;Intramacronucleata;Conthreep;Oligohymenophorea;Apostomatia	genus	Eukaryota;SAR;Alveolata;Ciliophora;Intramacronucleata;Conthreep;Oligohymenophorea;Apostomatia	Apostomatia	unassigned	false		trace_evidence	false	
Ahuja2026__NA38	SAR;Alveolata;Protalveolata;Syndiniales;Syndiniales Group II	non_metazoan	trace	2	0		97	Eukaryota;SAR;Alveolata;Protalveolata;Syndiniales;Syndiniales Group II	genus	Eukaryota;SAR;Alveolata;Protalveolata;Syndiniales;Syndiniales Group II	Syndiniales Group II	parasite	false		trace_evidence	false	
Ahuja2026__WS3	Arthropoda	metazoan	trace	2	0		97	Eukaryota;Amorphea;Obazoa;Opisthokonta;Holozoa;Choanozoa;Metazoa;Animalia;BCP clade;Bilateria;Protostomia;Ecdysozoa;Arthropoda;Chelicerata;Arachnida;Acari	genus	Eukaryota;Amorphea;Obazoa;Opisthokonta;Holozoa;Choanozoa;Metazoa;Animalia;BCP clade;Bilateria;Protostomia;Ecdysozoa;Arthropoda;Chelicerata;Arachnida;Acari	Acari	unassigned	false		trace_evidence	false	
Ahuja2026__WS5	SAR;Alveolata;Ciliophora;Intramacronucleata;Conthreep	non_metazoan	trace	2	0		97	Eukaryota;SAR;Alveolata;Ciliophora;Intramacronucleata;Conthreep;Oligohymenophorea;Apostomatia	genus	Eukaryota;SAR;Alveolata;Ciliophora;Intramacronucleata;Conthreep;Oligohymenophorea;Apostomatia	Apostomatia	unassigned	false		trace_evidence	false	
Ahuja2026__WS5	SAR;Alveolata;Protalveolata;Syndiniales	non_metazoan	trace	2	0		97	Eukaryota;SAR;Alveolata;Protalveolata;Syndiniales	genus	Eukaryota;SAR;Alveolata;Protalveolata;Syndiniales	Syndiniales	parasite	false		trace_evidence	false	
Ahuja2026__WS5	SAR;Rhizaria;Cercozoa;Thecofilosea;uncultured	non_metazoan	trace	2	0		97	Eukaryota;SAR;Rhizaria;Cercozoa;Thecofilosea;uncultured	genus	Eukaryota;SAR;Rhizaria;Cercozoa;Thecofilosea;uncultured	uncultured	unassigned	false		trace_evidence	false	
Ahuja2026__WS6	SAR;Alveolata;Ciliophora;Intramacronucleata;Conthreep	non_metazoan	validated	27	1	phyloflash	99.25	Eukaryota;SAR;Alveolata;Ciliophora;Intramacronucleata;Conthreep;Oligohymenophorea;Apostomatia;uncultured	genus	Eukaryota;SAR;Alveolata;Ciliophora;Intramacronucleata;Conthreep;Oligohymenophorea;Apostomatia;uncultured	uncultured	unassigned	false	uncultured eukaryote (KJ757205, 99.34%)	detection	true	
Ahuja2026__WS6	SAR;Alveolata;Protalveolata;Syndiniales	non_metazoan	trace	32	0		97	Eukaryota;SAR;Alveolata;Protalveolata;Syndiniales	genus	Eukaryota;SAR;Alveolata;Protalveolata;Syndiniales	Syndiniales	parasite	false		unresolved_ancestor	false	SAR;Alveolata;Protalveolata;Syndiniales;Syndiniales Group II
Ahuja2026__WS6	SAR;Alveolata;Protalveolata;Syndiniales;Syndiniales Group II	non_metazoan	validated	4	1	phyloflash	99.55	Eukaryota;SAR;Alveolata;Protalveolata;Syndiniales;Syndiniales Group II	genus	Eukaryota;SAR;Alveolata;Protalveolata;Syndiniales;Syndiniales Group II	Syndiniales Group II	parasite	false	uncultured eukaryote (KJ762585, 99.78%)	detection	true	
Ahuja2026__WS7	SAR;Alveolata;Protalveolata;Syndiniales	non_metazoan	trace	5	0		97	Eukaryota;SAR;Alveolata;Protalveolata;Syndiniales	genus	Eukaryota;SAR;Alveolata;Protalveolata;Syndiniales	Syndiniales	parasite	false		trace_evidence	false	
Ahuja2026__WS9	Nematozoa	metazoan	trace	2	0		97	Eukaryota;Amorphea;Obazoa;Opisthokonta;Holozoa;Choanozoa;Metazoa;Animalia;BCP clade;Bilateria;Protostomia;Ecdysozoa;Nematozoa;Nematoda;Enoplea	genus	Eukaryota;Amorphea;Obazoa;Opisthokonta;Holozoa;Choanozoa;Metazoa;Animalia;BCP clade;Bilateria;Protostomia;Ecdysozoa;Nematozoa;Nematoda;Enoplea	Enoplea	unassigned	false		trace_evidence	false	
Church2025__NIWA-173304	Chordata	metazoan	trace	2	0		97	Eukaryota;Amorphea;Obazoa;Opisthokonta;Holozoa;Choanozoa;Metazoa;Animalia;BCP clade;Bilateria;Deuterostomia;Chordata;Tunicata;Appendicularia;Copelata;Oikopleuridae	genus	Eukaryota;Amorphea;Obazoa;Opisthokonta;Holozoa;Choanozoa;Metazoa;Animalia;BCP clade;Bilateria;Deuterostomia;Chordata;Tunicata;Appendicularia;Copelata;Oikopleuridae	Oikopleuridae	prey	false		trace_evidence	false	
Church2025__NIWA-173305	Amorphea;Amoebozoa;Discosea;Flabellinia;Dactylopodida	non_metazoan	high_confidence	152	1	phyloflash	93.07	Eukaryota;Amorphea;Amoebozoa;Discosea;Flabellinia;Dactylopodida	family_or_order	Eukaryota;Amorphea;Amoebozoa;Discosea;Flabellinia;Dactylopodida;Paramoeba	Paramoeba	unassigned	false	Paramoeba invadens (KC790386, 92.01%)	detection	true	
Church2025__NIWA-173305	Discoba;Discicristata;Euglenozoa;Kinetoplastea;Prokinetoplastina	non_metazoan	high_confidence	157	2	assembly18s,phyloflash	97.39	Eukaryota;Discoba;Discicristata;Euglenozoa;Kinetoplastea;Prokinetoplastina;Ichthyobodo	genus	Eukaryota;Discoba;Discicristata;Euglenozoa;Kinetoplastea;Prokinetoplastina;Ichthyobodo	Ichthyobodo	endosymbiont of Paramoeba	false	PLO of Paramoeba invadens AGS-2013 (KC790388, 95.4%); PLO of Paramoeba invadens AGS-2013 (KC790389, 97.24%)	detection	true	
Church2025__TMAG-K5632	Amorphea;Amoebozoa;Discosea;Flabellinia;Dactylopodida	non_metazoan	high_confidence	111	1	phyloflash	93.07	Eukaryota;Amorphea;Amoebozoa;Discosea;Flabellinia;Dactylopodida	family_or_order	Eukaryota;Amorphea;Amoebozoa;Discosea;Flabellinia;Dactylopodida;Paramoeba	Paramoeba	unassigned	false	Paramoeba invadens (KC790386, 91.96%)	detection	true	
Church2025__TMAG-K5632	Amorphea;Obazoa;Opisthokonta;Nucletmycea;Fungi	non_metazoan	trace	5	0		97	Eukaryota;Amorphea;Obazoa;Opisthokonta;Nucletmycea;Fungi;Dikarya;Basidiomycota;Agaricomycotina	genus	Eukaryota;Amorphea;Obazoa;Opisthokonta;Nucletmycea;Fungi;Dikarya;Basidiomycota;Agaricomycotina	Agaricomycotina	unassigned	false		trace_evidence	false	
Church2025__TMAG-K5632	Discoba;Discicristata;Euglenozoa;Kinetoplastea;Prokinetoplastina	non_metazoan	high_confidence	238	2	assembly18s,phyloflash	95.47	Eukaryota;Discoba;Discicristata;Euglenozoa;Kinetoplastea;Prokinetoplastina	family_or_order	Eukaryota;Discoba;Discicristata;Euglenozoa;Kinetoplastea;Prokinetoplastina;Ichthyobodo	Ichthyobodo	endosymbiont of Paramoeba	false	PLO of Paramoeba invadens AGS-2013 (KC790388, 95.4%); PLO of Paramoeba invadens AGS-2013 (KC790388, 95.35%)	detection	true	
Church2025__TMAG-K5632	Nematozoa	metazoan	high_confidence	210	1	phyloflash	99.47	Eukaryota;Amorphea;Obazoa;Opisthokonta;Holozoa;Choanozoa;Metazoa;Animalia;BCP clade;Bilateria;Protostomia;Ecdysozoa;Nematozoa;Nematoda;Chromadorea;Rhabditida	genus	Eukaryota;Amorphea;Obazoa;Opisthokonta;Holozoa;Choanozoa;Metazoa;Animalia;BCP clade;Bilateria;Protostomia;Ecdysozoa;Nematozoa;Nematoda;Chromadorea;Rhabditida	Rhabditida	unassigned	false	Caenorhabditis elegans (Z92784, 100.0%)	detection	true	
Church2025__TMAG-K5632	SAR;Stramenopiles;Ochrophyta;Diatomea;Bacillariophytina	non_metazoan	trace	3	0		97	Eukaryota;SAR;Stramenopiles;Ochrophyta;Diatomea;Bacillariophytina;Mediophyceae;Chaetoceros	genus	Eukaryota;SAR;Stramenopiles;Ochrophyta;Diatomea;Bacillariophytina;Mediophyceae;Chaetoceros	Chaetoceros	unassigned	false		trace_evidence	false	
Church2025__TMAG-K5633	Amorphea;Amoebozoa;Discosea;Flabellinia;Dactylopodida	non_metazoan	trace	13	0		97	Eukaryota;Amorphea;Amoebozoa;Discosea;Flabellinia;Dactylopodida;Paramoeba	genus	Eukaryota;Amorphea;Amoebozoa;Discosea;Flabellinia;Dactylopodida;Paramoeba	Paramoeba	unassigned	false		trace_evidence	false	
Church2025__TMAG-K5633	Discoba;Discicristata;Euglenozoa;Kinetoplastea;Prokinetoplastina	non_metazoan	validated	17	2	assembly18s,phyloflash	96.5	Eukaryota;Discoba;Discicristata;Euglenozoa;Kinetoplastea;Prokinetoplastina	family_or_order	Eukaryota;Discoba;Discicristata;Euglenozoa;Kinetoplastea;Prokinetoplastina;Ichthyobodo	Ichthyobodo	endosymbiont of Paramoeba	false	PLO of Paramoeba invadens AGS-2013 (KC790388, 95.4%); PLO of Paramoeba invadens AGS-2013 (KC790389, 96.38%)	detection	true	
Church2025__TMAG-K5633	Nematozoa	metazoan	high_confidence	284	1	phyloflash	99.6	Eukaryota;Amorphea;Obazoa;Opisthokonta;Holozoa;Choanozoa;Metazoa;Animalia;BCP clade;Bilateria;Protostomia;Ecdysozoa;Nematozoa;Nematoda;Chromadorea;Rhabditida	genus	Eukaryota;Amorphea;Obazoa;Opisthokonta;Holozoa;Choanozoa;Metazoa;Animalia;BCP clade;Bilateria;Protostomia;Ecdysozoa;Nematozoa;Nematoda;Chromadorea;Rhabditida	Rhabditida	unassigned	false	Caenorhabditis elegans (Z92784, 100.0%)	detection	true	
Church2025__TMAG-K5635	Amorphea;Amoebozoa;Discosea;Flabellinia;Dactylopodida	non_metazoan	trace	8	0		97	Eukaryota;Amorphea;Amoebozoa;Discosea;Flabellinia;Dactylopodida	genus	Eukaryota;Amorphea;Amoebozoa;Discosea;Flabellinia;Dactylopodida	Dactylopodida	unassigned	false		trace_evidence	false	
Church2025__TMAG-K5635	Discoba;Discicristata;Euglenozoa;Kinetoplastea;Prokinetoplastina	non_metazoan	trace	6	0		97	Eukaryota;Discoba;Discicristata;Euglenozoa;Kinetoplastea;Prokinetoplastina;Ichthyobodo	genus	Eukaryota;Discoba;Discicristata;Euglenozoa;Kinetoplastea;Prokinetoplastina;Ichthyobodo	Ichthyobodo	unassigned	false		trace_evidence	false	
Church2025__TMAG-K5636	Amorphea;Amoebozoa;Discosea;Flabellinia;Dactylopodida	non_metazoan	trace	3	0		97	Eukaryota;Amorphea;Amoebozoa;Discosea;Flabellinia;Dactylopodida	genus	Eukaryota;Amorphea;Amoebozoa;Discosea;Flabellinia;Dactylopodida	Dactylopodida	unassigned	false		trace_evidence	false	
Church2025__TMAG-K5636	Amorphea;Obazoa;Opisthokonta;Nucletmycea;Fungi	non_metazoan	trace	8	0		97	Eukaryota;Amorphea;Obazoa;Opisthokonta;Nucletmycea;Fungi;Dikarya;Ascomycota;Saccharomycotina;Saccharomycetes;Saccharomycetales	genus	Eukaryota;Amorphea;Obazoa;Opisthokonta;Nucletmycea;Fungi;Dikarya;Ascomycota;Saccharomycotina;Saccharomycetes;Saccharomycetales	Saccharomycetales	unassigned	false		trace_evidence	false	
Church2025__TMAG-K5636	Chaetognatha	metazoan	trace	7	0		97	Eukaryota;Amorphea;Obazoa;Opisthokonta;Holozoa;Choanozoa;Metazoa;Animalia;BCP clade;Bilateria;Protostomia;Chaetognatha;Sagittoidea	genus	Eukaryota;Amorphea;Obazoa;Opisthokonta;Holozoa;Choanozoa;Metazoa;Animalia;BCP clade;Bilateria;Protostomia;Chaetognatha;Sagittoidea	Sagittoidea	prey	false		trace_evidence	false	
Church2025__TMAG-K5636	Discoba;Discicristata;Euglenozoa;Kinetoplastea;Prokinetoplastina	non_metazoan	trace	6	0		97	Eukaryota;Discoba;Discicristata;Euglenozoa;Kinetoplastea;Prokinetoplastina;Ichthyobodo	genus	Eukaryota;Discoba;Discicristata;Euglenozoa;Kinetoplastea;Prokinetoplastina;Ichthyobodo	Ichthyobodo	unassigned	false		trace_evidence	false	
Church2025__WAM-Z88480	Amorphea;Obazoa;Opisthokonta;Nucletmycea;Fungi	non_metazoan	trace	3	0		97	Eukaryota;Amorphea;Obazoa;Opisthokonta;Nucletmycea;Fungi	genus	Eukaryota;Amorphea;Obazoa;Opisthokonta;Nucletmycea;Fungi	Fungi	unassigned	false		trace_evidence	false	
Church2025__WAM-Z97901	Amorphea;Amoebozoa;Discosea;Flabellinia;Dactylopodida	non_metazoan	high_confidence	125	1	phyloflash	93.01	Eukaryota;Amorphea;Amoebozoa;Discosea;Flabellinia;Dactylopodida	family_or_order	Eukaryota;Amorphea;Amoebozoa;Discosea;Flabellinia;Dactylopodida;Paramoeba	Paramoeba	unassigned	false	Paramoeba invadens (KC790386, 92.05%)	detection	true	
Church2025__WAM-Z97901	Discoba;Discicristata;Euglenozoa;Kinetoplastea;Prokinetoplastina	non_metazoan	high_confidence	98	2	assembly18s,phyloflash	96.54	Eukaryota;Discoba;Discicristata;Euglenozoa;Kinetoplastea;Prokinetoplastina	family_or_order	Eukaryota;Discoba;Discicristata;Euglenozoa;Kinetoplastea;Prokinetoplastina;Ichthyobodo	Ichthyobodo	endosymbiont of Paramoeba	false	PLO of Paramoeba invadens AGS-2013 (KC790388, 95.4%); PLO of Paramoeba invadens AGS-2013 (KC790389, 96.42%)	detection	true	
Church2025__WAM-Z97902	Amorphea;Obazoa;Opisthokonta;Nucletmycea;Fungi	non_metazoan	trace	6	0		97	Eukaryota;Amorphea;Obazoa;Opisthokonta;Nucletmycea;Fungi;Dikarya;Ascomycota;Pezizomycotina;Dothideomycetes;Pleosporales	genus	Eukaryota;Amorphea;Obazoa;Opisthokonta;Nucletmycea;Fungi;Dikarya;Ascomycota;Pezizomycotina;Dothideomycetes;Pleosporales	Pleosporales	unassigned	false		trace_evidence	false	
Church2025__WAM-Z97902	Annelida	metazoan	trace	2	0		97	Eukaryota;Amorphea;Obazoa;Opisthokonta;Holozoa;Choanozoa;Metazoa;Animalia;BCP clade;Bilateria;Protostomia;Lophotrochozoa;Annelida;Polychaeta;Palpata;Sabellida	genus	Eukaryota;Amorphea;Obazoa;Opisthokonta;Holozoa;Choanozoa;Metazoa;Animalia;BCP clade;Bilateria;Protostomia;Lophotrochozoa;Annelida;Polychaeta;Palpata;Sabellida	Sabellida	prey	false		trace_evidence	false	
Church2025__WAM-Z97902	Archaeplastida;Chloroplastida;Chlorophyta;Ulvophyceae	non_metazoan	trace	3	0		97	Eukaryota;Archaeplastida;Chloroplastida;Chlorophyta;Ulvophyceae	genus	Eukaryota;Archaeplastida;Chloroplastida;Chlorophyta;Ulvophyceae	Ulvophyceae	unassigned	false		trace_evidence	false	
Church2025__WAM-Z97902	Archaeplastida;Rhodophyceae;Florideophycidae;Rhodymeniophycidae	non_metazoan	trace	9	0		97	Eukaryota;Archaeplastida;Rhodophyceae;Florideophycidae;Rhodymeniophycidae	genus	Eukaryota;Archaeplastida;Rhodophyceae;Florideophycidae;Rhodymeniophycidae	Rhodymeniophycidae	unassigned	false		trace_evidence	false	
Church2025__WAM-Z97902	Archaeplastida;Rhodophyceae;Florideophycidae;Rhodymeniophycidae;Hypnea	non_metazoan	trace	2	0		97	Eukaryota;Archaeplastida;Rhodophyceae;Florideophycidae;Rhodymeniophycidae;Hypnea	genus	Eukaryota;Archaeplastida;Rhodophyceae;Florideophycidae;Rhodymeniophycidae;Hypnea	Hypnea	unassigned	false		trace_evidence	false	
Church2025__WAM-Z97902	Chordata	metazoan	trace	3	0		97	Eukaryota;Amorphea;Obazoa;Opisthokonta;Holozoa;Choanozoa;Metazoa;Animalia;BCP clade;Bilateria;Deuterostomia;Chordata;Tunicata;Ascidiacea;Stolidobranchia	genus	Eukaryota;Amorphea;Obazoa;Opisthokonta;Holozoa;Choanozoa;Metazoa;Animalia;BCP clade;Bilateria;Deuterostomia;Chordata;Tunicata;Ascidiacea;Stolidobranchia	Stolidobranchia	unassigned	false		trace_evidence	false	
Church2025__WAM-Z97902	Discoba;Discicristata;Euglenozoa;Kinetoplastea;Prokinetoplastina	non_metazoan	trace	2	0		97	Eukaryota;Discoba;Discicristata;Euglenozoa;Kinetoplastea;Prokinetoplastina;Ichthyobodo	genus	Eukaryota;Discoba;Discicristata;Euglenozoa;Kinetoplastea;Prokinetoplastina;Ichthyobodo	Ichthyobodo	unassigned	false		trace_evidence	false	
Church2025__WAM-Z97902	Entoprocta	metazoan	validated	46	0		97	Eukaryota;Amorphea;Obazoa;Opisthokonta;Holozoa;Choanozoa;Metazoa;Animalia;BCP clade;Bilateria;Protostomia;Lophotrochozoa;Entoprocta;Solitaria;Loxosomatidae	genus	Eukaryota;Amorphea;Obazoa;Opisthokonta;Holozoa;Choanozoa;Metazoa;Animalia;BCP clade;Bilateria;Protostomia;Lophotrochozoa;Entoprocta;Solitaria;Loxosomatidae	Loxosomatidae	unassigned	false		detection	true	
Church2025__WAM-Z97902	Nematozoa	metazoan	high_confidence	466	1	phyloflash	98.01	Eukaryota;Amorphea;Obazoa;Opisthokonta;Holozoa;Choanozoa;Metazoa;Animalia;BCP clade;Bilateria;Protostomia;Ecdysozoa;Nematozoa;Nematoda;Chromadorea;Rhabditida	genus	Eukaryota;Amorphea;Obazoa;Opisthokonta;Holozoa;Choanozoa;Metazoa;Animalia;BCP clade;Bilateria;Protostomia;Ecdysozoa;Nematozoa;Nematoda;Chromadorea;Rhabditida	Rhabditida	unassigned	false	Litoditis marina (AF083021, 98.01%)	detection	true	
Church2025__WAM-Z97902	Porifera	metazoan	trace	4	0		97	Eukaryota;Amorphea;Obazoa;Opisthokonta;Holozoa;Choanozoa;Metazoa;Porifera;Demospongiae	genus	Eukaryota;Amorphea;Obazoa;Opisthokonta;Holozoa;Choanozoa;Metazoa;Porifera;Demospongiae	Demospongiae	unassigned	false		trace_evidence	false	
Church2025__WAM-Z97902	SAR;Alveolata;Ciliophora;Intramacronucleata;Spirotrichea	non_metazoan	trace	4	0		97	Eukaryota;SAR;Alveolata;Ciliophora;Intramacronucleata;Spirotrichea;Choreotrichia;Tintinnidium	genus	Eukaryota;SAR;Alveolata;Ciliophora;Intramacronucleata;Spirotrichea;Choreotrichia;Tintinnidium	Tintinnidium	unassigned	false		trace_evidence	false	
Church2025__WAM-Z97902	SAR;Rhizaria;Cercozoa;Thecofilosea	non_metazoan	trace	3	0		97	Eukaryota;SAR;Rhizaria;Cercozoa;Thecofilosea	genus	Eukaryota;SAR;Rhizaria;Cercozoa;Thecofilosea	Thecofilosea	unassigned	false		trace_evidence	false	
Church2025__WAM-Z97902	SAR;Stramenopiles;Ochrophyta;Phaeophyceae	non_metazoan	trace	3	0		97	Eukaryota;SAR;Stramenopiles;Ochrophyta;Phaeophyceae	genus	Eukaryota;SAR;Stramenopiles;Ochrophyta;Phaeophyceae	Phaeophyceae	unassigned	false		trace_evidence	false	
Church2025__WAM-Z97903	Amorphea;Obazoa;Opisthokonta;Nucletmycea;Fungi	non_metazoan	trace	3	0		97	Eukaryota;Amorphea;Obazoa;Opisthokonta;Nucletmycea;Fungi	genus	Eukaryota;Amorphea;Obazoa;Opisthokonta;Nucletmycea;Fungi	Fungi	unassigned	false		trace_evidence	false	
Church2025__WAM-Z97903	Archaeplastida;Rhodophyceae;Florideophycidae;Rhodymeniophycidae;Heterosiphonia	non_metazoan	trace	2	0		97	Eukaryota;Archaeplastida;Rhodophyceae;Florideophycidae;Rhodymeniophycidae;Heterosiphonia	genus	Eukaryota;Archaeplastida;Rhodophyceae;Florideophycidae;Rhodymeniophycidae;Heterosiphonia	Heterosiphonia	unassigned	false		trace_evidence	false	
Church2025__WAM-Z97907	Chordata	metazoan	trace	3	0		97	Eukaryota;Amorphea;Obazoa;Opisthokonta;Holozoa;Choanozoa;Metazoa;Animalia;BCP clade;Bilateria;Deuterostomia;Chordata;Tunicata	genus	Eukaryota;Amorphea;Obazoa;Opisthokonta;Holozoa;Choanozoa;Metazoa;Animalia;BCP clade;Bilateria;Deuterostomia;Chordata;Tunicata	Tunicata	unassigned	false		trace_evidence	false	
Church2025__WAM-Z97907	SAR;Alveolata;Apicomplexa;Conoidasida;Gregarinasina	non_metazoan	trace	2	0		97	Eukaryota;SAR;Alveolata;Apicomplexa;Conoidasida;Gregarinasina;Eugregarinorida	genus	Eukaryota;SAR;Alveolata;Apicomplexa;Conoidasida;Gregarinasina;Eugregarinorida	Eugregarinorida	parasite	false		trace_evidence	false	
Church2025__WAM-Z97908	Amorphea;Obazoa;Opisthokonta;Nucletmycea;Fungi	non_metazoan	trace	3	0		97	Eukaryota;Amorphea;Obazoa;Opisthokonta;Nucletmycea;Fungi;Dikarya;Basidiomycota;Agaricomycotina;Agaricomycetes	genus	Eukaryota;Amorphea;Obazoa;Opisthokonta;Nucletmycea;Fungi;Dikarya;Basidiomycota;Agaricomycotina;Agaricomycetes	Agaricomycetes	unassigned	false		trace_evidence	false	
Church2025__WAM-Z97908	Discoba;Discicristata;Euglenozoa;Kinetoplastea;Prokinetoplastina	non_metazoan	trace	2	0		97	Eukaryota;Discoba;Discicristata;Euglenozoa;Kinetoplastea;Prokinetoplastina;Ichthyobodo	genus	Eukaryota;Discoba;Discicristata;Euglenozoa;Kinetoplastea;Prokinetoplastina;Ichthyobodo	Ichthyobodo	unassigned	false		trace_evidence	false	
Church2025__WAM-Z97908	Mollusca	metazoan	trace	2	0		97	Eukaryota;Amorphea;Obazoa;Opisthokonta;Holozoa;Choanozoa;Metazoa;Animalia;BCP clade;Bilateria;Protostomia;Lophotrochozoa;Mollusca;Polyplacophora;Neoloricata	genus	Eukaryota;Amorphea;Obazoa;Opisthokonta;Holozoa;Choanozoa;Metazoa;Animalia;BCP clade;Bilateria;Protostomia;Lophotrochozoa;Mollusca;Polyplacophora;Neoloricata	Neoloricata	prey	false		trace_evidence	false	
Church2025__WAM-Z97910	Amorphea;Obazoa;Opisthokonta;Nucletmycea;Fungi	non_metazoan	trace	2	0		97	Eukaryota;Amorphea;Obazoa;Opisthokonta;Nucletmycea;Fungi;Dikarya;Basidiomycota;Agaricomycotina;Agaricomycetes	genus	Eukaryota;Amorphea;Obazoa;Opisthokonta;Nucletmycea;Fungi;Dikarya;Basidiomycota;Agaricomycotina;Agaricomycetes	Agaricomycetes	unassigned	false		trace_evidence	false	
Church2025__WAM-Z97910	Chordata	metazoan	trace	3	0		97	Eukaryota;Amorphea;Obazoa;Opisthokonta;Holozoa;Choanozoa;Metazoa;Animalia;BCP clade;Bilateria;Deuterostomia;Chordata;Tunicata;Ascidiacea;Stolidobranchia	genus	Eukaryota;Amorphea;Obazoa;Opisthokonta;Holozoa;Choanozoa;Metazoa;Animalia;BCP clade;Bilateria;Deuterostomia;Chordata;Tunicata;Ascidiacea;Stolidobranchia	Stolidobranchia	unassigned	false		trace_evidence	false	
Church2025__WAM-Z97910	SAR;Stramenopiles;Ochrophyta;Phaeophyceae;Fucales	non_metazoan	trace	2	0		97	Eukaryota;SAR;Stramenopiles;Ochrophyta;Phaeophyceae;Fucales	genus	Eukaryota;SAR;Stramenopiles;Ochrophyta;Phaeophyceae;Fucales	Fucales	unassigned	false		trace_evidence	false	
Church2025__WAM-Z97911	Amorphea;Obazoa;Opisthokonta;Nucletmycea;Fungi	non_metazoan	trace	2	0		97	Eukaryota;Amorphea;Obazoa;Opisthokonta;Nucletmycea;Fungi	genus	Eukaryota;Amorphea;Obazoa;Opisthokonta;Nucletmycea;Fungi	Fungi	unassigned	false		trace_evidence	false	
Church2025__WAM-Z97911	Archaeplastida;Rhodophyceae;Florideophycidae;Rhodymeniophycidae	non_metazoan	trace	3	0		97	Eukaryota;Archaeplastida;Rhodophyceae;Florideophycidae;Rhodymeniophycidae	genus	Eukaryota;Archaeplastida;Rhodophyceae;Florideophycidae;Rhodymeniophycidae	Rhodymeniophycidae	unassigned	false		trace_evidence	false	
Church2025__WAM-Z97911	Arthropoda	metazoan	trace	2	0		97	Eukaryota;Amorphea;Obazoa;Opisthokonta;Holozoa;Choanozoa;Metazoa;Animalia;BCP clade;Bilateria;Protostomia;Ecdysozoa;Arthropoda	genus	Eukaryota;Amorphea;Obazoa;Opisthokonta;Holozoa;Choanozoa;Metazoa;Animalia;BCP clade;Bilateria;Protostomia;Ecdysozoa;Arthropoda	Arthropoda	unassigned	false		trace_evidence	false	
Church2025__WAM-Z97911	Mollusca	metazoan	trace	2	0		97	Eukaryota;Amorphea;Obazoa;Opisthokonta;Holozoa;Choanozoa;Metazoa;Animalia;BCP clade;Bilateria;Protostomia;Lophotrochozoa;Mollusca;Gastropoda;Heterobranchia	genus	Eukaryota;Amorphea;Obazoa;Opisthokonta;Holozoa;Choanozoa;Metazoa;Animalia;BCP clade;Bilateria;Protostomia;Lophotrochozoa;Mollusca;Gastropoda;Heterobranchia	Heterobranchia	prey	false		trace_evidence	false	
Church2025__WAM-Z97916	Amorphea;Obazoa;Opisthokonta;Nucletmycea;Fungi	non_metazoan	trace	2	0		97	Eukaryota;Amorphea;Obazoa;Opisthokonta;Nucletmycea;Fungi;Dikarya	genus	Eukaryota;Amorphea;Obazoa;Opisthokonta;Nucletmycea;Fungi;Dikarya	Dikarya	unassigned	false		trace_evidence	false	
Church2025__WAM-Z97916	SAR;Stramenopiles;Ochrophyta;Phaeophyceae	non_metazoan	trace	3	0		97	Eukaryota;SAR;Stramenopiles;Ochrophyta;Phaeophyceae	genus	Eukaryota;SAR;Stramenopiles;Ochrophyta;Phaeophyceae	Phaeophyceae	unassigned	false		trace_evidence	false	
Church2025__WAM-Z97917	Chordata	metazoan	validated	367	0		97	Eukaryota;Amorphea;Obazoa;Opisthokonta;Holozoa;Choanozoa;Metazoa;Animalia;BCP clade;Bilateria;Deuterostomia;Chordata;Vertebrata;Gnathostomata;Euteleostomi;Actinopterygii;Neopterygii;Teleostei	genus	Eukaryota;Amorphea;Obazoa;Opisthokonta;Holozoa;Choanozoa;Metazoa;Animalia;BCP clade;Bilateria;Deuterostomia;Chordata;Vertebrata;Gnathostomata;Euteleostomi;Actinopterygii;Neopterygii;Teleostei	Teleostei	prey	false		detection	true	
Church2025__WAM-Z97917	Platyhelminthes	metazoan	trace	2	0		97	Eukaryota;Amorphea;Obazoa;Opisthokonta;Holozoa;Choanozoa;Metazoa;Animalia;BCP clade;Bilateria;Protostomia;Lophotrochozoa;Platyhelminthes;Monogenea;Monopisthocotylea	genus	Eukaryota;Amorphea;Obazoa;Opisthokonta;Holozoa;Choanozoa;Metazoa;Animalia;BCP clade;Bilateria;Protostomia;Lophotrochozoa;Platyhelminthes;Monogenea;Monopisthocotylea	Monopisthocotylea	parasite	false		trace_evidence	false	
Church2025__WAM-Z97921	Chordata	metazoan	trace	2	0		97	Eukaryota;Amorphea;Obazoa;Opisthokonta;Holozoa;Choanozoa;Metazoa;Animalia;BCP clade;Bilateria;Deuterostomia;Chordata;Tunicata;Appendicularia;Copelata;Oikopleuridae	genus	Eukaryota;Amorphea;Obazoa;Opisthokonta;Holozoa;Choanozoa;Metazoa;Animalia;BCP clade;Bilateria;Deuterostomia;Chordata;Tunicata;Appendicularia;Copelata;Oikopleuridae	Oikopleuridae	prey	false		trace_evidence	false	
Church2025__WAM-Z97923	Chordata	metazoan	trace	4	0		97	Eukaryota;Amorphea;Obazoa;Opisthokonta;Holozoa;Choanozoa;Metazoa;Animalia;BCP clade;Bilateria;Deuterostomia;Chordata;Vertebrata;Gnathostomata	genus	Eukaryota;Amorphea;Obazoa;Opisthokonta;Holozoa;Choanozoa;Metazoa;Animalia;BCP clade;Bilateria;Deuterostomia;Chordata;Vertebrata;Gnathostomata	Gnathostomata	unassigned	false		trace_evidence	false	
Church2025__YPM-IZ-104460	Chordata	metazoan	trace	13	0		97	Eukaryota;Amorphea;Obazoa;Opisthokonta;Holozoa;Choanozoa;Metazoa;Animalia;BCP clade;Bilateria;Deuterostomia;Chordata;Vertebrata;Gnathostomata;Euteleostomi;Actinopterygii;Neopterygii;Teleostei	genus	Eukaryota;Amorphea;Obazoa;Opisthokonta;Holozoa;Choanozoa;Metazoa;Animalia;BCP clade;Bilateria;Deuterostomia;Chordata;Vertebrata;Gnathostomata;Euteleostomi;Actinopterygii;Neopterygii;Teleostei	Teleostei	prey	false		trace_evidence	false	
Church2025__YPM-IZ-104464	Platyhelminthes	metazoan	high_confidence	508	1	phyloflash	99.06	Eukaryota;Amorphea;Obazoa;Opisthokonta;Holozoa;Choanozoa;Metazoa;Animalia;BCP clade;Bilateria;Protostomia;Lophotrochozoa;Platyhelminthes;Trematoda;Digenea;Azygiida	genus	Eukaryota;Amorphea;Obazoa;Opisthokonta;Holozoa;Choanozoa;Metazoa;Animalia;BCP clade;Bilateria;Protostomia;Lophotrochozoa;Platyhelminthes;Trematoda;Digenea;Azygiida	Azygiida	parasite	false	Daphnia galeata (Z23111, 98.82%)	detection	true	
Church2025__YPM-IZ-106923	Amorphea;Obazoa;Opisthokonta;Nucletmycea;Fungi	non_metazoan	trace	2	0		97	Eukaryota;Amorphea;Obazoa;Opisthokonta;Nucletmycea;Fungi;Dikarya;Ascomycota;Pezizomycotina;Eurotiomycetes;Eurotiales	genus	Eukaryota;Amorphea;Obazoa;Opisthokonta;Nucletmycea;Fungi;Dikarya;Ascomycota;Pezizomycotina;Eurotiomycetes;Eurotiales	Eurotiales	unassigned	false		trace_evidence	false	
Church2025__YPM-IZ-106935	Platyhelminthes	metazoan	trace	5	0		97	Eukaryota;Amorphea;Obazoa;Opisthokonta;Holozoa;Choanozoa;Metazoa;Animalia;BCP clade;Bilateria;Protostomia;Lophotrochozoa;Platyhelminthes;Cestoda;Eucestoda	genus	Eukaryota;Amorphea;Obazoa;Opisthokonta;Holozoa;Choanozoa;Metazoa;Animalia;BCP clade;Bilateria;Protostomia;Lophotrochozoa;Platyhelminthes;Cestoda;Eucestoda	Eucestoda	parasite	false		trace_evidence	false	
Church2025__YPM-IZ-106943	Amorphea;Obazoa;Opisthokonta;Nucletmycea;Fungi	non_metazoan	trace	2	0		97	Eukaryota;Amorphea;Obazoa;Opisthokonta;Nucletmycea;Fungi;Chytridiomycota;Incertae Sedis;Chytridiomycetes;Chytridiales;Chytridiaceae;uncultured	genus	Eukaryota;Amorphea;Obazoa;Opisthokonta;Nucletmycea;Fungi;Chytridiomycota;Incertae Sedis;Chytridiomycetes;Chytridiales;Chytridiaceae;uncultured	uncultured	unassigned	false		trace_evidence	false	
Church2025__YPM-IZ-106943	Chordata	metazoan	trace	3	0		97	Eukaryota;Amorphea;Obazoa;Opisthokonta;Holozoa;Choanozoa;Metazoa;Animalia;BCP clade;Bilateria;Deuterostomia;Chordata;Vertebrata;Gnathostomata;Euteleostomi	genus	Eukaryota;Amorphea;Obazoa;Opisthokonta;Holozoa;Choanozoa;Metazoa;Animalia;BCP clade;Bilateria;Deuterostomia;Chordata;Vertebrata;Gnathostomata;Euteleostomi	Euteleostomi	unassigned	false		trace_evidence	false	
Church2025__YPM-IZ-110264	Amorphea;Obazoa;Opisthokonta;Nucletmycea;Fungi	non_metazoan	trace	2	0		97	Eukaryota;Amorphea;Obazoa;Opisthokonta;Nucletmycea;Fungi;Dikarya;Ascomycota;Taphrinomycotina;Schizosaccharomycetes;Schizosaccharomycetales;Schizosaccharomycetaceae;Schizosaccharomyces	genus	Eukaryota;Amorphea;Obazoa;Opisthokonta;Nucletmycea;Fungi;Dikarya;Ascomycota;Taphrinomycotina;Schizosaccharomycetes;Schizosaccharomycetales;Schizosaccharomycetaceae;Schizosaccharomyces	Schizosaccharomyces	unassigned	false		trace_evidence	false	
Church2025__YPM-IZ-110264	Archaeplastida;Rhodophyceae;Florideophycidae;Rhodymeniophycidae	non_metazoan	trace	2	0		97	Eukaryota;Archaeplastida;Rhodophyceae;Florideophycidae;Rhodymeniophycidae	genus	Eukaryota;Archaeplastida;Rhodophyceae;Florideophycidae;Rhodymeniophycidae	Rhodymeniophycidae	unassigned	false		trace_evidence	false	
Church2025__YPM-IZ-110264	Chaetognatha	metazoan	trace	7	0		97	Eukaryota;Amorphea;Obazoa;Opisthokonta;Holozoa;Choanozoa;Metazoa;Animalia;BCP clade;Bilateria;Protostomia;Chaetognatha;Sagittoidea;Aphragmophora	genus	Eukaryota;Amorphea;Obazoa;Opisthokonta;Holozoa;Choanozoa;Metazoa;Animalia;BCP clade;Bilateria;Protostomia;Chaetognatha;Sagittoidea;Aphragmophora	Aphragmophora	prey	false		trace_evidence	false	
Church2025__YPM-IZ-110264	Nematozoa	metazoan	trace	2	0		97	Eukaryota;Amorphea;Obazoa;Opisthokonta;Holozoa;Choanozoa;Metazoa;Animalia;BCP clade;Bilateria;Protostomia;Ecdysozoa;Nematozoa;Nematoda;Chromadorea;Rhabditida	genus	Eukaryota;Amorphea;Obazoa;Opisthokonta;Holozoa;Choanozoa;Metazoa;Animalia;BCP clade;Bilateria;Protostomia;Ecdysozoa;Nematozoa;Nematoda;Chromadorea;Rhabditida	Rhabditida	unassigned	false		trace_evidence	false	
Church2025__YPM-IZ-110264	SAR;Rhizaria;Retaria;Foraminifera;Globothalamea	non_metazoan	trace	2	0		97	Eukaryota;SAR;Rhizaria;Retaria;Foraminifera;Globothalamea;Rotaliida	genus	Eukaryota;SAR;Rhizaria;Retaria;Foraminifera;Globothalamea;Rotaliida	Rotaliida	unassigned	false		trace_evidence	false	
Church2025__YPM-IZ-110264	SAR;Stramenopiles;Ochrophyta;Phaeophyceae;Dictyotales	non_metazoan	trace	2	0		97	Eukaryota;SAR;Stramenopiles;Ochrophyta;Phaeophyceae;Dictyotales	genus	Eukaryota;SAR;Stramenopiles;Ochrophyta;Phaeophyceae;Dictyotales	Dictyotales	unassigned	false		trace_evidence	false	
Church2025__YPM-IZ-110276	Nematozoa	metazoan	trace	3	0		97	Eukaryota;Amorphea;Obazoa;Opisthokonta;Holozoa;Choanozoa;Metazoa;Animalia;BCP clade;Bilateria;Protostomia;Ecdysozoa;Nematozoa;Nematoda;Chromadorea;Spirurida	genus	Eukaryota;Amorphea;Obazoa;Opisthokonta;Holozoa;Choanozoa;Metazoa;Animalia;BCP clade;Bilateria;Protostomia;Ecdysozoa;Nematozoa;Nematoda;Chromadorea;Spirurida	Spirurida	unassigned	false		trace_evidence	false	
Church2025__YPM-IZ-110434	Platyhelminthes	metazoan	trace	31	0		97	Eukaryota;Amorphea;Obazoa;Opisthokonta;Holozoa;Choanozoa;Metazoa;Animalia;BCP clade;Bilateria;Protostomia;Lophotrochozoa;Platyhelminthes;Cestoda;Eucestoda	genus	Eukaryota;Amorphea;Obazoa;Opisthokonta;Holozoa;Choanozoa;Metazoa;Animalia;BCP clade;Bilateria;Protostomia;Lophotrochozoa;Platyhelminthes;Cestoda;Eucestoda	Eucestoda	parasite	false		trace_evidence	false	
Church2025__YPM-IZ-110436	Platyhelminthes	metazoan	high_confidence	1291	2	phyloflash	99.9	Eukaryota;Amorphea;Obazoa;Opisthokonta;Holozoa;Choanozoa;Metazoa;Animalia;BCP clade;Bilateria;Protostomia;Lophotrochozoa;Platyhelminthes;Trematoda;Digenea;Azygiida	genus	Eukaryota;Amorphea;Obazoa;Opisthokonta;Holozoa;Choanozoa;Metazoa;Animalia;BCP clade;Bilateria;Protostomia;Lophotrochozoa;Platyhelminthes;Trematoda;Digenea;Azygiida	Azygiida	parasite	false	Crossobothrium sp. PWK-2012 (JX845132, 96.38%); Dinurus longisinus (AJ287501, 99.9%)	detection	true	
Church2025__YPM-IZ-110443	Annelida	metazoan	trace	3	0		97	Eukaryota;Amorphea;Obazoa;Opisthokonta;Holozoa;Choanozoa;Metazoa;Animalia;BCP clade;Bilateria;Protostomia;Lophotrochozoa;Annelida;Polychaeta;Scolecida;Terebellida	genus	Eukaryota;Amorphea;Obazoa;Opisthokonta;Holozoa;Choanozoa;Metazoa;Animalia;BCP clade;Bilateria;Protostomia;Lophotrochozoa;Annelida;Polychaeta;Scolecida;Terebellida	Terebellida	prey	false		trace_evidence	false	
Church2025__YPM-IZ-110460	Platyhelminthes	metazoan	high_confidence	38	1	phyloflash	96.5	Eukaryota;Amorphea;Obazoa;Opisthokonta;Holozoa;Choanozoa;Metazoa;Animalia;BCP clade;Bilateria;Protostomia;Lophotrochozoa;Platyhelminthes;Cestoda;Eucestoda	family_or_order	Eukaryota;Amorphea;Obazoa;Opisthokonta;Holozoa;Choanozoa;Metazoa;Animalia;BCP clade;Bilateria;Protostomia;Lophotrochozoa;Platyhelminthes;Cestoda;Eucestoda;Tetraphyllidea	Tetraphyllidea	parasite	false	Scyphophyllidium tyleri (KF685819, 96.51%)	detection	true	
Church2025__YPM-IZ-110468	Chaetognatha	metazoan	trace	3	0		97	Eukaryota;Amorphea;Obazoa;Opisthokonta;Holozoa;Choanozoa;Metazoa;Animalia;BCP clade;Bilateria;Protostomia;Chaetognatha;Sagittoidea	genus	Eukaryota;Amorphea;Obazoa;Opisthokonta;Holozoa;Choanozoa;Metazoa;Animalia;BCP clade;Bilateria;Protostomia;Chaetognatha;Sagittoidea	Sagittoidea	prey	false		trace_evidence	false	
Church2025__YPM-IZ-110469	Amorphea;Amoebozoa;Discosea;Flabellinia;Dactylopodida	non_metazoan	high_confidence	227	1	phyloflash	91.52	Eukaryota;Amorphea;Amoebozoa;Discosea;Flabellinia;Dactylopodida	family_or_order	Eukaryota;Amorphea;Amoebozoa;Discosea;Flabellinia;Dactylopodida;Paramoeba	Paramoeba	unassigned	false	Neoparamoeba longipodia (MF197370, 90.8%)	detection	true	
Church2025__YPM-IZ-110469	Amorphea;Obazoa;Opisthokonta;Nucletmycea;Fungi	non_metazoan	trace	5	0		97	Eukaryota;Amorphea;Obazoa;Opisthokonta;Nucletmycea;Fungi;Dikarya;Ascomycota;Pezizomycotina;Eurotiomycetes;Eurotiales	genus	Eukaryota;Amorphea;Obazoa;Opisthokonta;Nucletmycea;Fungi;Dikarya;Ascomycota;Pezizomycotina;Eurotiomycetes;Eurotiales	Eurotiales	unassigned	false		trace_evidence	false	
Church2025__YPM-IZ-110469	Annelida	metazoan	trace	2	0		97	Eukaryota;Amorphea;Obazoa;Opisthokonta;Holozoa;Choanozoa;Metazoa;Animalia;BCP clade;Bilateria;Protostomia;Lophotrochozoa;Annelida;Polychaeta;Palpata;Sabellida	genus	Eukaryota;Amorphea;Obazoa;Opisthokonta;Holozoa;Choanozoa;Metazoa;Animalia;BCP clade;Bilateria;Protostomia;Lophotrochozoa;Annelida;Polychaeta;Palpata;Sabellida	Sabellida	prey	false		trace_evidence	false	
Church2025__YPM-IZ-110469	Archaeplastida;Rhodophyceae;Florideophycidae	non_metazoan	validated	324	0		97	Eukaryota;Archaeplastida;Rhodophyceae;Florideophycidae	genus	Eukaryota;Archaeplastida;Rhodophyceae;Florideophycidae	Florideophycidae	unassigned	false		unresolved_ancestor	false	Archaeplastida;Rhodophyceae;Florideophycidae;Rhodymeniophycidae
Church2025__YPM-IZ-110469	Archaeplastida;Rhodophyceae;Florideophycidae;Corallinophycidae	non_metazoan	trace	3	0		97	Eukaryota;Archaeplastida;Rhodophyceae;Florideophycidae;Corallinophycidae	genus	Eukaryota;Archaeplastida;Rhodophyceae;Florideophycidae;Corallinophycidae	Corallinophycidae	unassigned	false		trace_evidence	false	
Church2025__YPM-IZ-110469	Archaeplastida;Rhodophyceae;Florideophycidae;Nemaliophycidae	non_metazoan	trace	5	0		97	Eukaryota;Archaeplastida;Rhodophyceae;Florideophycidae;Nemaliophycidae	genus	Eukaryota;Archaeplastida;Rhodophyceae;Florideophycidae;Nemaliophycidae	Nemaliophycidae	unassigned	false		trace_evidence	false	
Church2025__YPM-IZ-110469	Archaeplastida;Rhodophyceae;Florideophycidae;Rhodymeniophycidae	non_metazoan	validated	961	0		97	Eukaryota;Archaeplastida;Rhodophyceae;Florideophycidae;Rhodymeniophycidae	genus	Eukaryota;Archaeplastida;Rhodophyceae;Florideophycidae;Rhodymeniophycidae	Rhodymeniophycidae	unassigned	false		detection	true	
Church2025__YPM-IZ-110469	Bryozoa	metazoan	trace	2	0		97	Eukaryota;Amorphea;Obazoa;Opisthokonta;Holozoa;Choanozoa;Metazoa;Animalia;BCP clade;Bilateria;Protostomia;Lophotrochozoa;Bryozoa;Gymnolaemata;Cheilostomatida	genus	Eukaryota;Amorphea;Obazoa;Opisthokonta;Holozoa;Choanozoa;Metazoa;Animalia;BCP clade;Bilateria;Protostomia;Lophotrochozoa;Bryozoa;Gymnolaemata;Cheilostomatida	Cheilostomatida	unassigned	false		trace_evidence	false	
Church2025__YPM-IZ-110469	Chaetognatha	metazoan	trace	2	0		97	Eukaryota;Amorphea;Obazoa;Opisthokonta;Holozoa;Choanozoa;Metazoa;Animalia;BCP clade;Bilateria;Protostomia;Chaetognatha;Sagittoidea	genus	Eukaryota;Amorphea;Obazoa;Opisthokonta;Holozoa;Choanozoa;Metazoa;Animalia;BCP clade;Bilateria;Protostomia;Chaetognatha;Sagittoidea	Sagittoidea	prey	false		trace_evidence	false	
Church2025__YPM-IZ-110469	Chordata	metazoan	trace	3	0		97	Eukaryota;Amorphea;Obazoa;Opisthokonta;Holozoa;Choanozoa;Metazoa;Animalia;BCP clade;Bilateria;Deuterostomia;Chordata;Tunicata;Ascidiacea;Stolidobranchia	genus	Eukaryota;Amorphea;Obazoa;Opisthokonta;Holozoa;Choanozoa;Metazoa;Animalia;BCP clade;Bilateria;Deuterostomia;Chordata;Tunicata;Ascidiacea;Stolidobranchia	Stolidobranchia	unassigned	false		trace_evidence	false	
Church2025__YPM-IZ-110469	Discoba;Discicristata;Euglenozoa;Kinetoplastea;Prokinetoplastina	non_metazoan	high_confidence	396	2	assembly18s,phyloflash	95.41	Eukaryota;Discoba;Discicristata;Euglenozoa;Kinetoplastea;Prokinetoplastina	family_or_order	Eukaryota;Discoba;Discicristata;Euglenozoa;Kinetoplastea;Prokinetoplastina;Ichthyobodo	Ichthyobodo	endosymbiont of Paramoeba	false	PLO of Paramoeba invadens AGS-2013 (KC790388, 95.4%); PLO of Paramoeba invadens AGS-2013 (KC790389, 95.33%)	detection	true	
Church2025__YPM-IZ-110469	SAR;Stramenopiles;Ochrophyta	non_metazoan	trace	4	0		97	Eukaryota;SAR;Stramenopiles;Ochrophyta	genus	Eukaryota;SAR;Stramenopiles;Ochrophyta	Ochrophyta	unassigned	false		trace_evidence	false	
Church2025__YPM-IZ-110469	SAR;Stramenopiles;Ochrophyta;Diatomea	non_metazoan	trace	14	0		97	Eukaryota;SAR;Stramenopiles;Ochrophyta;Diatomea	genus	Eukaryota;SAR;Stramenopiles;Ochrophyta;Diatomea	Diatomea	unassigned	false		trace_evidence	false	
Church2025__YPM-IZ-110469	SAR;Stramenopiles;Ochrophyta;Diatomea;Bacillariophytina	non_metazoan	trace	3	0		97	Eukaryota;SAR;Stramenopiles;Ochrophyta;Diatomea;Bacillariophytina;Bacillariophyceae	genus	Eukaryota;SAR;Stramenopiles;Ochrophyta;Diatomea;Bacillariophytina;Bacillariophyceae	Bacillariophyceae	unassigned	false		trace_evidence	false	
Church2025__YPM-IZ-110469	SAR;Stramenopiles;Ochrophyta;Phaeophyceae	non_metazoan	trace	11	0		97	Eukaryota;SAR;Stramenopiles;Ochrophyta;Phaeophyceae	genus	Eukaryota;SAR;Stramenopiles;Ochrophyta;Phaeophyceae	Phaeophyceae	unassigned	false		trace_evidence	false	
Church2025__YPM-IZ-110469	SAR;Stramenopiles;Ochrophyta;Phaeophyceae;Ectocarpales	non_metazoan	trace	4	0		97	Eukaryota;SAR;Stramenopiles;Ochrophyta;Phaeophyceae;Ectocarpales	genus	Eukaryota;SAR;Stramenopiles;Ochrophyta;Phaeophyceae;Ectocarpales	Ectocarpales	unassigned	false		trace_evidence	false	
Church2025__YPM-IZ-110469	SAR;Stramenopiles;Ochrophyta;Phaeophyceae;Fucales	non_metazoan	trace	2	0		97	Eukaryota;SAR;Stramenopiles;Ochrophyta;Phaeophyceae;Fucales	genus	Eukaryota;SAR;Stramenopiles;Ochrophyta;Phaeophyceae;Fucales	Fucales	unassigned	false		trace_evidence	false	
Church2025__YPM-IZ-110470	Chaetognatha	metazoan	trace	5	0		97	Eukaryota;Amorphea;Obazoa;Opisthokonta;Holozoa;Choanozoa;Metazoa;Animalia;BCP clade;Bilateria;Protostomia;Chaetognatha;Sagittoidea;Aphragmophora	genus	Eukaryota;Amorphea;Obazoa;Opisthokonta;Holozoa;Choanozoa;Metazoa;Animalia;BCP clade;Bilateria;Protostomia;Chaetognatha;Sagittoidea;Aphragmophora	Aphragmophora	prey	false		trace_evidence	false	
Church2025__YPM-IZ-110473	Amorphea;Amoebozoa;Discosea;Flabellinia;Dactylopodida	non_metazoan	trace	2	0		97	Eukaryota;Amorphea;Amoebozoa;Discosea;Flabellinia;Dactylopodida	genus	Eukaryota;Amorphea;Amoebozoa;Discosea;Flabellinia;Dactylopodida	Dactylopodida	unassigned	false		trace_evidence	false	
Church2025__YPM-IZ-110473	Amorphea;Obazoa;Opisthokonta;Nucletmycea;Fungi	non_metazoan	trace	2	0		97	Eukaryota;Amorphea;Obazoa;Opisthokonta;Nucletmycea;Fungi;Dikarya;Ascomycota;Saccharomycotina;Saccharomycetes;Saccharomycetales	genus	Eukaryota;Amorphea;Obazoa;Opisthokonta;Nucletmycea;Fungi;Dikarya;Ascomycota;Saccharomycotina;Saccharomycetes;Saccharomycetales	Saccharomycetales	unassigned	false		trace_evidence	false	
Church2025__YPM-IZ-110474	Amorphea;Obazoa;Opisthokonta;Nucletmycea;Fungi	non_metazoan	trace	2	0		97	Eukaryota;Amorphea;Obazoa;Opisthokonta;Nucletmycea;Fungi;Dikarya;Ascomycota	genus	Eukaryota;Amorphea;Obazoa;Opisthokonta;Nucletmycea;Fungi;Dikarya;Ascomycota	Ascomycota	unassigned	false		trace_evidence	false	
Church2025__YPM-IZ-110515	SAR;Alveolata;Dinoflagellata;Dinophyceae;Dinophysiales	non_metazoan	trace	2	0		97	Eukaryota;SAR;Alveolata;Dinoflagellata;Dinophyceae;Dinophysiales;Sinophysis	genus	Eukaryota;SAR;Alveolata;Dinoflagellata;Dinophyceae;Dinophysiales;Sinophysis	Sinophysis	unassigned	false		trace_evidence	false	
Church2025__YPM-IZ-110556	Archaeplastida;Rhodophyceae;Florideophycidae;Rhodymeniophycidae	non_metazoan	trace	3	0		97	Eukaryota;Archaeplastida;Rhodophyceae;Florideophycidae;Rhodymeniophycidae	genus	Eukaryota;Archaeplastida;Rhodophyceae;Florideophycidae;Rhodymeniophycidae	Rhodymeniophycidae	unassigned	false		trace_evidence	false	
Church2025__YPM-IZ-110556	Chordata	metazoan	trace	4	0		97	Eukaryota;Amorphea;Obazoa;Opisthokonta;Holozoa;Choanozoa;Metazoa;Animalia;BCP clade;Bilateria;Deuterostomia;Chordata;Tunicata;Appendicularia;Copelata;Oikopleuridae	genus	Eukaryota;Amorphea;Obazoa;Opisthokonta;Holozoa;Choanozoa;Metazoa;Animalia;BCP clade;Bilateria;Deuterostomia;Chordata;Tunicata;Appendicularia;Copelata;Oikopleuridae	Oikopleuridae	prey	false		trace_evidence	false	
Church2025__YPM-IZ-110556	Nematozoa	metazoan	validated	41	0		97	Eukaryota;Amorphea;Obazoa;Opisthokonta;Holozoa;Choanozoa;Metazoa;Animalia;BCP clade;Bilateria;Protostomia;Ecdysozoa;Nematozoa;Nematoda;Chromadorea;Rhabditida	genus	Eukaryota;Amorphea;Obazoa;Opisthokonta;Holozoa;Choanozoa;Metazoa;Animalia;BCP clade;Bilateria;Protostomia;Ecdysozoa;Nematozoa;Nematoda;Chromadorea;Rhabditida	Rhabditida	unassigned	false		detection	true	
Church2025__YPM-IZ-110557	Archaeplastida;Rhodophyceae;Florideophycidae;Rhodymeniophycidae	non_metazoan	trace	2	0		97	Eukaryota;Archaeplastida;Rhodophyceae;Florideophycidae;Rhodymeniophycidae	genus	Eukaryota;Archaeplastida;Rhodophyceae;Florideophycidae;Rhodymeniophycidae	Rhodymeniophycidae	unassigned	false		trace_evidence	false	
Church2025__YPM-IZ-110557	Bryozoa	metazoan	trace	2	0		97	Eukaryota;Amorphea;Obazoa;Opisthokonta;Holozoa;Choanozoa;Metazoa;Animalia;BCP clade;Bilateria;Protostomia;Lophotrochozoa;Bryozoa;Gymnolaemata;Cheilostomatida	genus	Eukaryota;Amorphea;Obazoa;Opisthokonta;Holozoa;Choanozoa;Metazoa;Animalia;BCP clade;Bilateria;Protostomia;Lophotrochozoa;Bryozoa;Gymnolaemata;Cheilostomatida	Cheilostomatida	unassigned	false		trace_evidence	false	
Church2025__YPM-IZ-110557	Platyhelminthes	metazoan	high_confidence	65	1	phyloflash	98.94	Eukaryota;Amorphea;Obazoa;Opisthokonta;Holozoa;Choanozoa;Metazoa;Animalia;BCP clade;Bilateria;Protostomia;Lophotrochozoa;Platyhelminthes;Trematoda;Digenea;Plagiorchiida	genus	Eukaryota;Amorphea;Obazoa;Opisthokonta;Holozoa;Choanozoa;Metazoa;Animalia;BCP clade;Bilateria;Protostomia;Lophotrochozoa;Platyhelminthes;Trematoda;Digenea;Plagiorchiida	Plagiorchiida	parasite	false	Prodistomum orientale (LC850120, 99.16%)	detection	true	
Church2025__YPM-IZ-110557	Porifera	metazoan	trace	4	0		97	Eukaryota;Amorphea;Obazoa;Opisthokonta;Holozoa;Choanozoa;Metazoa;Porifera;Demospongiae	genus	Eukaryota;Amorphea;Obazoa;Opisthokonta;Holozoa;Choanozoa;Metazoa;Porifera;Demospongiae	Demospongiae	unassigned	false		trace_evidence	false	
Church2025__YPM-IZ-110557	SAR;Stramenopiles;Ochrophyta;Phaeophyceae	non_metazoan	trace	4	0		97	Eukaryota;SAR;Stramenopiles;Ochrophyta;Phaeophyceae	genus	Eukaryota;SAR;Stramenopiles;Ochrophyta;Phaeophyceae	Phaeophyceae	unassigned	false		trace_evidence	false	
Church2025__YPM-IZ-110569	Amorphea;Obazoa;Opisthokonta;Nucletmycea;Fungi	non_metazoan	trace	7	0		97	Eukaryota;Amorphea;Obazoa;Opisthokonta;Nucletmycea;Fungi;Dikarya;Ascomycota;Pezizomycotina	genus	Eukaryota;Amorphea;Obazoa;Opisthokonta;Nucletmycea;Fungi;Dikarya;Ascomycota;Pezizomycotina	Pezizomycotina	unassigned	false		trace_evidence	false	
Church2025__YPM-IZ-110569	Arthropoda	metazoan	trace	2	0		97	Eukaryota;Amorphea;Obazoa;Opisthokonta;Holozoa;Choanozoa;Metazoa;Animalia;BCP clade;Bilateria;Protostomia;Ecdysozoa;Arthropoda;Crustacea;Branchiopoda;Sarsostraca;Anostraca	genus	Eukaryota;Amorphea;Obazoa;Opisthokonta;Holozoa;Choanozoa;Metazoa;Animalia;BCP clade;Bilateria;Protostomia;Ecdysozoa;Arthropoda;Crustacea;Branchiopoda;Sarsostraca;Anostraca	Anostraca	unassigned	false		trace_evidence	false	
Church2025__YPM-IZ-110569	Discoba;Discicristata;Euglenozoa;Euglenida;Heteronematina	non_metazoan	trace	2	0		97	Eukaryota;Discoba;Discicristata;Euglenozoa;Euglenida;Heteronematina;Notosolenus	genus	Eukaryota;Discoba;Discicristata;Euglenozoa;Euglenida;Heteronematina;Notosolenus	Notosolenus	unassigned	false		trace_evidence	false	
Church2025__YPM-IZ-110569	Mollusca	metazoan	trace	2	0		97	Eukaryota;Amorphea;Obazoa;Opisthokonta;Holozoa;Choanozoa;Metazoa;Animalia;BCP clade;Bilateria;Protostomia;Lophotrochozoa;Mollusca;Cephalopoda;Coleoidea	genus	Eukaryota;Amorphea;Obazoa;Opisthokonta;Holozoa;Choanozoa;Metazoa;Animalia;BCP clade;Bilateria;Protostomia;Lophotrochozoa;Mollusca;Cephalopoda;Coleoidea	Coleoidea	prey	false		trace_evidence	false	
Church2025__YPM-IZ-110569	SAR;Alveolata;Apicomplexa;Conoidasida;Gregarinasina	non_metazoan	trace	12	0		97	Eukaryota;SAR;Alveolata;Apicomplexa;Conoidasida;Gregarinasina;Eugregarinorida	genus	Eukaryota;SAR;Alveolata;Apicomplexa;Conoidasida;Gregarinasina;Eugregarinorida	Eugregarinorida	parasite	false		trace_evidence	false	
Church2025__YPM-IZ-110569	SAR;Alveolata;uncultured	non_metazoan	trace	15	0		97	Eukaryota;SAR;Alveolata;uncultured	genus	Eukaryota;SAR;Alveolata;uncultured	uncultured	unassigned	false		trace_evidence	false	
Church2025__YPM-IZ-110600	Amorphea;Obazoa;Opisthokonta;Nucletmycea;Fungi	non_metazoan	trace	4	0		97	Eukaryota;Amorphea;Obazoa;Opisthokonta;Nucletmycea;Fungi;Dikarya;Ascomycota;Saccharomycotina;Saccharomycetes;Saccharomycetales	genus	Eukaryota;Amorphea;Obazoa;Opisthokonta;Nucletmycea;Fungi;Dikarya;Ascomycota;Saccharomycotina;Saccharomycetes;Saccharomycetales	Saccharomycetales	unassigned	false		trace_evidence	false	
Church2025__YPM-IZ-110602	Discoba;Discicristata;Euglenozoa;Kinetoplastea;Prokinetoplastina	non_metazoan	trace	2	0		97	Eukaryota;Discoba;Discicristata;Euglenozoa;Kinetoplastea;Prokinetoplastina;Ichthyobodo	genus	Eukaryota;Discoba;Discicristata;Euglenozoa;Kinetoplastea;Prokinetoplastina;Ichthyobodo	Ichthyobodo	unassigned	false		trace_evidence	false	
Church2025__YPM-IZ-110612	Amorphea;Obazoa;Opisthokonta;Nucletmycea;Fungi	non_metazoan	trace	4	0		97	Eukaryota;Amorphea;Obazoa;Opisthokonta;Nucletmycea;Fungi;Dikarya;Ascomycota;Pezizomycotina	genus	Eukaryota;Amorphea;Obazoa;Opisthokonta;Nucletmycea;Fungi;Dikarya;Ascomycota;Pezizomycotina	Pezizomycotina	unassigned	false		trace_evidence	false	
Church2025__YPM-IZ-110613	Platyhelminthes	metazoan	validated	26	1	phyloflash	97.45	Eukaryota;Amorphea;Obazoa;Opisthokonta;Holozoa;Choanozoa;Metazoa;Animalia;BCP clade;Bilateria;Protostomia;Lophotrochozoa;Platyhelminthes;Rhabditophora;Seriata;Proseriata	genus	Eukaryota;Amorphea;Obazoa;Opisthokonta;Holozoa;Choanozoa;Metazoa;Animalia;BCP clade;Bilateria;Protostomia;Lophotrochozoa;Platyhelminthes;Rhabditophora;Seriata;Proseriata	Proseriata	unassigned	false	Nematoplana coelogynoporoides (OP604379, 97.31%)	detection	true	
Church2025__YPM-IZ-110616	Arthropoda	metazoan	validated	18	2	phyloflash	89.31	Arthropoda (novel lineage)	class_or_phylum	Eukaryota;Amorphea;Obazoa;Opisthokonta;Holozoa;Choanozoa;Metazoa;Animalia;BCP clade;Bilateria;Protostomia;Ecdysozoa;Arthropoda;Chelicerata;Arachnida;Acari	Acari	unassigned	false	Nanorchestes sp. AD1283 (KY922108, 79.26%); Derocheilocaris typica (L81937, 88.59%)	detection	true	
Church2025__YPM-IZ-110631	Amorphea;Obazoa;Opisthokonta;Nucletmycea;Fungi	non_metazoan	trace	2	0		97	Eukaryota;Amorphea;Obazoa;Opisthokonta;Nucletmycea;Fungi;Dikarya;Ascomycota;Pezizomycotina;Eurotiomycetes;Eurotiales	genus	Eukaryota;Amorphea;Obazoa;Opisthokonta;Nucletmycea;Fungi;Dikarya;Ascomycota;Pezizomycotina;Eurotiomycetes;Eurotiales	Eurotiales	unassigned	false		trace_evidence	false	
Church2025__YPM-IZ-110631	Arthropoda	metazoan	trace	2	0		97	Eukaryota;Amorphea;Obazoa;Opisthokonta;Holozoa;Choanozoa;Metazoa;Animalia;BCP clade;Bilateria;Protostomia;Ecdysozoa;Arthropoda	genus	Eukaryota;Amorphea;Obazoa;Opisthokonta;Holozoa;Choanozoa;Metazoa;Animalia;BCP clade;Bilateria;Protostomia;Ecdysozoa;Arthropoda	Arthropoda	unassigned	false		trace_evidence	false	
Church2025__YPM-IZ-110631	Platyhelminthes	metazoan	high_confidence	474	1	phyloflash	99.28	Eukaryota;Amorphea;Obazoa;Opisthokonta;Holozoa;Choanozoa;Metazoa;Animalia;BCP clade;Bilateria;Protostomia;Lophotrochozoa;Platyhelminthes;Trematoda;Digenea;Plagiorchiida	genus	Eukaryota;Amorphea;Obazoa;Opisthokonta;Holozoa;Choanozoa;Metazoa;Animalia;BCP clade;Bilateria;Protostomia;Lophotrochozoa;Platyhelminthes;Trematoda;Digenea;Plagiorchiida	Plagiorchiida	parasite	false	Preptetos caballeroi (AJ287563, 99.28%)	detection	true	
Church2025__YPM-IZ-110633	Platyhelminthes	metazoan	trace	22	0		97	Eukaryota;Amorphea;Obazoa;Opisthokonta;Holozoa;Choanozoa;Metazoa;Animalia;BCP clade;Bilateria;Protostomia;Lophotrochozoa;Platyhelminthes;Trematoda;Digenea	genus	Eukaryota;Amorphea;Obazoa;Opisthokonta;Holozoa;Choanozoa;Metazoa;Animalia;BCP clade;Bilateria;Protostomia;Lophotrochozoa;Platyhelminthes;Trematoda;Digenea	Digenea	parasite	false		trace_evidence	false	
Church2025__YPM-IZ-110694	Platyhelminthes	metazoan	high_confidence	358	1	phyloflash	99.02	Eukaryota;Amorphea;Obazoa;Opisthokonta;Holozoa;Choanozoa;Metazoa;Animalia;BCP clade;Bilateria;Protostomia;Lophotrochozoa;Platyhelminthes;Trematoda;Digenea;Plagiorchiida	genus	Eukaryota;Amorphea;Obazoa;Opisthokonta;Holozoa;Choanozoa;Metazoa;Animalia;BCP clade;Bilateria;Protostomia;Lophotrochozoa;Platyhelminthes;Trematoda;Digenea;Plagiorchiida	Plagiorchiida	parasite	false	Preptetos caballeroi (AJ287563, 99.02%)	detection	true	
Church2025__YPM-IZ-110738	SAR;Stramenopiles;Ochrophyta;Diatomea;Bacillariophytina	non_metazoan	trace	2	0		97	Eukaryota;SAR;Stramenopiles;Ochrophyta;Diatomea;Bacillariophytina;Mediophyceae	genus	Eukaryota;SAR;Stramenopiles;Ochrophyta;Diatomea;Bacillariophytina;Mediophyceae	Mediophyceae	unassigned	false		trace_evidence	false	
Church2025__YPM-IZ-110777	Mollusca	metazoan	trace	4	0		97	Eukaryota;Amorphea;Obazoa;Opisthokonta;Holozoa;Choanozoa;Metazoa;Animalia;BCP clade;Bilateria;Protostomia;Lophotrochozoa;Mollusca;Bivalvia;Pteriomorphia;Mytiloida	genus	Eukaryota;Amorphea;Obazoa;Opisthokonta;Holozoa;Choanozoa;Metazoa;Animalia;BCP clade;Bilateria;Protostomia;Lophotrochozoa;Mollusca;Bivalvia;Pteriomorphia;Mytiloida	Mytiloida	prey	false		trace_evidence	false	
Church2025__YPM-IZ-110777	Platyhelminthes	metazoan	high_confidence	436	1	phyloflash	97.77	Eukaryota;Amorphea;Obazoa;Opisthokonta;Holozoa;Choanozoa;Metazoa;Animalia;BCP clade;Bilateria;Protostomia;Lophotrochozoa;Platyhelminthes;Cestoda;Eucestoda;Tetraphyllidea	genus	Eukaryota;Amorphea;Obazoa;Opisthokonta;Holozoa;Choanozoa;Metazoa;Animalia;BCP clade;Bilateria;Protostomia;Lophotrochozoa;Platyhelminthes;Cestoda;Eucestoda;Tetraphyllidea	Tetraphyllidea	parasite	false	Crossobothrium sp. PWK-2012 (JX845132, 96.38%)	detection	true	
Church2025__YPM-IZ-110780	Amorphea;Amoebozoa;Discosea;Flabellinia;Dactylopodida	non_metazoan	trace	2	0		97	Eukaryota;Amorphea;Amoebozoa;Discosea;Flabellinia;Dactylopodida;Paramoeba	genus	Eukaryota;Amorphea;Amoebozoa;Discosea;Flabellinia;Dactylopodida;Paramoeba	Paramoeba	unassigned	false		trace_evidence	false	
Church2025__YPM-IZ-110780	Discoba;Discicristata;Euglenozoa;Kinetoplastea;Prokinetoplastina	non_metazoan	trace	3	0		97	Eukaryota;Discoba;Discicristata;Euglenozoa;Kinetoplastea;Prokinetoplastina;Ichthyobodo	genus	Eukaryota;Discoba;Discicristata;Euglenozoa;Kinetoplastea;Prokinetoplastina;Ichthyobodo	Ichthyobodo	unassigned	false		trace_evidence	false	
Church2025__YPM-IZ-110785	Amorphea;Amoebozoa;Discosea;Flabellinia;Dactylopodida	non_metazoan	high_confidence	523	1	phyloflash	93.01	Eukaryota;Amorphea;Amoebozoa;Discosea;Flabellinia;Dactylopodida	family_or_order	Eukaryota;Amorphea;Amoebozoa;Discosea;Flabellinia;Dactylopodida;Paramoeba	Paramoeba	unassigned	false	Paramoeba invadens (KC790386, 91.87%)	detection	true	
Church2025__YPM-IZ-110785	Discoba;Discicristata;Euglenozoa;Kinetoplastea	non_metazoan	trace	2	0		97	Eukaryota;Discoba;Discicristata;Euglenozoa;Kinetoplastea	genus	Eukaryota;Discoba;Discicristata;Euglenozoa;Kinetoplastea	Kinetoplastea	unassigned	false		unresolved_ancestor	false	Discoba;Discicristata;Euglenozoa;Kinetoplastea;Prokinetoplastina
Church2025__YPM-IZ-110785	Discoba;Discicristata;Euglenozoa;Kinetoplastea;Prokinetoplastina	non_metazoan	high_confidence	1074	2	assembly18s,phyloflash	95.39	Eukaryota;Discoba;Discicristata;Euglenozoa;Kinetoplastea;Prokinetoplastina	family_or_order	Eukaryota;Discoba;Discicristata;Euglenozoa;Kinetoplastea;Prokinetoplastina;Ichthyobodo	Ichthyobodo	endosymbiont of Paramoeba	false	PLO of Paramoeba invadens AGS-2013 (KC790388, 95.4%); PLO of Paramoeba invadens AGS-2013 (KC790388, 95.4%)	detection	true	
Church2025__YPM-IZ-110786	Amorphea;Amoebozoa;Discosea;Flabellinia;Dactylopodida	non_metazoan	trace	20	0		97	Eukaryota;Amorphea;Amoebozoa;Discosea;Flabellinia;Dactylopodida	genus	Eukaryota;Amorphea;Amoebozoa;Discosea;Flabellinia;Dactylopodida	Dactylopodida	unassigned	false		trace_evidence	false	
Church2025__YPM-IZ-110786	Discoba;Discicristata;Euglenozoa;Kinetoplastea;Prokinetoplastina	non_metazoan	trace	14	0		97	Eukaryota;Discoba;Discicristata;Euglenozoa;Kinetoplastea;Prokinetoplastina;Ichthyobodo	genus	Eukaryota;Discoba;Discicristata;Euglenozoa;Kinetoplastea;Prokinetoplastina;Ichthyobodo	Ichthyobodo	unassigned	false		trace_evidence	false	
Church2025__YPM-IZ-110828	Amorphea;Amoebozoa;Discosea;Flabellinia;Dactylopodida	non_metazoan	trace	2	0		97	Eukaryota;Amorphea;Amoebozoa;Discosea;Flabellinia;Dactylopodida;Paramoeba	genus	Eukaryota;Amorphea;Amoebozoa;Discosea;Flabellinia;Dactylopodida;Paramoeba	Paramoeba	unassigned	false		trace_evidence	false	
Church2025__YPM-IZ-110828	Amorphea;Obazoa;Opisthokonta;Nucletmycea;Fungi	non_metazoan	trace	24	0		97	Eukaryota;Amorphea;Obazoa;Opisthokonta;Nucletmycea;Fungi;Dikarya;Ascomycota;Pezizomycotina;Sordariomycetes;Lulworthiales;Lulworthiaceae;Lindra	genus	Eukaryota;Amorphea;Obazoa;Opisthokonta;Nucletmycea;Fungi;Dikarya;Ascomycota;Pezizomycotina;Sordariomycetes;Lulworthiales;Lulworthiaceae;Lindra	Lindra	unassigned	false		trace_evidence	false	
Church2025__YPM-IZ-110828	Discoba;Discicristata;Euglenozoa;Kinetoplastea;Metakinetoplastina	non_metazoan	trace	29	0		97	Eukaryota;Discoba;Discicristata;Euglenozoa;Kinetoplastea;Metakinetoplastina;Parabodonida	genus	Eukaryota;Discoba;Discicristata;Euglenozoa;Kinetoplastea;Metakinetoplastina;Parabodonida	Parabodonida	unassigned	false		trace_evidence	false	
Church2025__YPM-IZ-110828	Nematozoa	metazoan	high_confidence	401	1	phyloflash	98.54	Eukaryota;Amorphea;Obazoa;Opisthokonta;Holozoa;Choanozoa;Metazoa;Animalia;BCP clade;Bilateria;Protostomia;Ecdysozoa;Nematozoa;Nematoda;Chromadorea;Rhabditida	genus	Eukaryota;Amorphea;Obazoa;Opisthokonta;Holozoa;Choanozoa;Metazoa;Animalia;BCP clade;Bilateria;Protostomia;Ecdysozoa;Nematozoa;Nematoda;Chromadorea;Rhabditida	Rhabditida	unassigned	false	Litoditis marina (AF083021, 98.54%)	detection	true	
Church2025__YPM-IZ-110828	SAR;Alveolata;Ciliophora;Intramacronucleata;Spirotrichea	non_metazoan	trace	8	0		97	Eukaryota;SAR;Alveolata;Ciliophora;Intramacronucleata;Spirotrichea;Euplotia;Euplotes	genus	Eukaryota;SAR;Alveolata;Ciliophora;Intramacronucleata;Spirotrichea;Euplotia;Euplotes	Euplotes	unassigned	false		trace_evidence	false	
Church2025__YPM-IZ-110828	SAR;Stramenopiles;Bicosoecida;Caecitellus	non_metazoan	trace	11	0		97	Eukaryota;SAR;Stramenopiles;Bicosoecida;Caecitellus	genus	Eukaryota;SAR;Stramenopiles;Bicosoecida;Caecitellus	Caecitellus	unassigned	false		trace_evidence	false	
Church2025__YPM-IZ-110828	SAR;Stramenopiles;Labyrinthulomycetes;Labyrinthulaceae;Labyrinthula	non_metazoan	trace	5	0		97	Eukaryota;SAR;Stramenopiles;Labyrinthulomycetes;Labyrinthulaceae;Labyrinthula	genus	Eukaryota;SAR;Stramenopiles;Labyrinthulomycetes;Labyrinthulaceae;Labyrinthula	Labyrinthula	unassigned	false		trace_evidence	false	
Church2025__YPM-IZ-110828	SAR;Stramenopiles;Ochrophyta;Chrysophyceae	non_metazoan	trace	4	0		97	Eukaryota;SAR;Stramenopiles;Ochrophyta;Chrysophyceae	genus	Eukaryota;SAR;Stramenopiles;Ochrophyta;Chrysophyceae	Chrysophyceae	unassigned	false		trace_evidence	false	
Church2025__YPM-IZ-110829	Amorphea;Obazoa;Opisthokonta;Nucletmycea;Fungi	non_metazoan	high_confidence	170	1	phyloflash	99.94	Eukaryota;Amorphea;Obazoa;Opisthokonta;Nucletmycea;Fungi;Dikarya;Ascomycota;Pezizomycotina;Sordariomycetes;Lulworthiales;Lulworthiaceae;Lindra	genus	Eukaryota;Amorphea;Obazoa;Opisthokonta;Nucletmycea;Fungi;Dikarya;Ascomycota;Pezizomycotina;Sordariomycetes;Lulworthiales;Lulworthiaceae;Lindra	Lindra	unassigned	false	Lindra obtusa (AY878996, 99.94%)	detection	true	
Church2025__YPM-IZ-110829	Discoba;Discicristata;Euglenozoa;Kinetoplastea;Metakinetoplastina	non_metazoan	trace	8	0		97	Eukaryota;Discoba;Discicristata;Euglenozoa;Kinetoplastea;Metakinetoplastina;Parabodonida	genus	Eukaryota;Discoba;Discicristata;Euglenozoa;Kinetoplastea;Metakinetoplastina;Parabodonida	Parabodonida	unassigned	false		trace_evidence	false	
Church2025__YPM-IZ-110829	Nematozoa	metazoan	high_confidence	454	2	phyloflash	98.59	Eukaryota;Amorphea;Obazoa;Opisthokonta;Holozoa;Choanozoa;Metazoa;Animalia;BCP clade;Bilateria;Protostomia;Ecdysozoa;Nematozoa;Nematoda;Chromadorea;Rhabditida	genus	Eukaryota;Amorphea;Obazoa;Opisthokonta;Holozoa;Choanozoa;Metazoa;Animalia;BCP clade;Bilateria;Protostomia;Ecdysozoa;Nematozoa;Nematoda;Chromadorea;Rhabditida	Rhabditida	unassigned	false	Litoditis marina (AF083021, 98.59%); Distolabrellus veechi (AF082999, 95.76%)	detection	true	
Church2025__YPM-IZ-110830	Amorphea;Obazoa;Opisthokonta;Nucletmycea;Fungi	non_metazoan	trace	3	0		97	Eukaryota;Amorphea;Obazoa;Opisthokonta;Nucletmycea;Fungi;Dikarya;Ascomycota;Pezizomycotina	genus	Eukaryota;Amorphea;Obazoa;Opisthokonta;Nucletmycea;Fungi;Dikarya;Ascomycota;Pezizomycotina	Pezizomycotina	unassigned	false		trace_evidence	false	
Church2025__YPM-IZ-110830	Mollusca	metazoan	trace	4	0		97	Eukaryota;Amorphea;Obazoa;Opisthokonta;Holozoa;Choanozoa;Metazoa;Animalia;BCP clade;Bilateria;Protostomia;Lophotrochozoa;Mollusca;Gastropoda;Caenogastropoda	genus	Eukaryota;Amorphea;Obazoa;Opisthokonta;Holozoa;Choanozoa;Metazoa;Animalia;BCP clade;Bilateria;Protostomia;Lophotrochozoa;Mollusca;Gastropoda;Caenogastropoda	Caenogastropoda	prey	false		trace_evidence	false	
Church2025__YPM-IZ-110842	Chordata	metazoan	trace	7	0		97	Eukaryota;Amorphea;Obazoa;Opisthokonta;Holozoa;Choanozoa;Metazoa;Animalia;BCP clade;Bilateria;Deuterostomia;Chordata;Vertebrata;Gnathostomata;Euteleostomi;Actinopterygii;Neopterygii;Teleostei	genus	Eukaryota;Amorphea;Obazoa;Opisthokonta;Holozoa;Choanozoa;Metazoa;Animalia;BCP clade;Bilateria;Deuterostomia;Chordata;Vertebrata;Gnathostomata;Euteleostomi;Actinopterygii;Neopterygii;Teleostei	Teleostei	prey	false		trace_evidence	false	
Church2025__YPM-IZ-110842	SAR;Alveolata;Protalveolata;Perkinsidae;Parvilucifera	non_metazoan	trace	3	0		97	Eukaryota;SAR;Alveolata;Protalveolata;Perkinsidae;Parvilucifera	genus	Eukaryota;SAR;Alveolata;Protalveolata;Perkinsidae;Parvilucifera	Parvilucifera	unassigned	false		trace_evidence	false	
Church2025__YPM-IZ-110846	Platyhelminthes	metazoan	high_confidence	127	1	phyloflash	97.27	Eukaryota;Amorphea;Obazoa;Opisthokonta;Holozoa;Choanozoa;Metazoa;Animalia;BCP clade;Bilateria;Protostomia;Lophotrochozoa;Platyhelminthes;Trematoda;Digenea;Plagiorchiida	genus	Eukaryota;Amorphea;Obazoa;Opisthokonta;Holozoa;Choanozoa;Metazoa;Animalia;BCP clade;Bilateria;Protostomia;Lophotrochozoa;Platyhelminthes;Trematoda;Digenea;Plagiorchiida	Plagiorchiida	parasite	false	Preptetos caballeroi (AJ287563, 97.27%)	detection	true	
Church2025__YPM-IZ-110847	SAR;Rhizaria;Cercozoa;Imbricatea;Silicofilosea	non_metazoan	trace	2	0		97	Eukaryota;SAR;Rhizaria;Cercozoa;Imbricatea;Silicofilosea;Thaumatomonadida;Peregriniidae;D2P04A09	genus	Eukaryota;SAR;Rhizaria;Cercozoa;Imbricatea;Silicofilosea;Thaumatomonadida;Peregriniidae;D2P04A09	D2P04A09	unassigned	false		trace_evidence	false	
Church2025__YPM-IZ-110876	SAR;Alveolata;Ciliophora;Intramacronucleata;Spirotrichea	non_metazoan	trace	10	0		97	Eukaryota;SAR;Alveolata;Ciliophora;Intramacronucleata;Spirotrichea;Choreotrichia;Strombidinopsis	genus	Eukaryota;SAR;Alveolata;Ciliophora;Intramacronucleata;Spirotrichea;Choreotrichia;Strombidinopsis	Strombidinopsis	unassigned	false		trace_evidence	false	
Church2025__YPM-IZ-110876	SAR;Stramenopiles;Ochrophyta;Diatomea;Coscinodiscophytina	non_metazoan	trace	3	0		97	Eukaryota;SAR;Stramenopiles;Ochrophyta;Diatomea;Coscinodiscophytina;Rhizosolenids;Guinardia	genus	Eukaryota;SAR;Stramenopiles;Ochrophyta;Diatomea;Coscinodiscophytina;Rhizosolenids;Guinardia	Guinardia	unassigned	false		trace_evidence	false	
Church2025__YPM-IZ-110877	Arthropoda	metazoan	trace	4	0		97	Eukaryota;Amorphea;Obazoa;Opisthokonta;Holozoa;Choanozoa;Metazoa;Animalia;BCP clade;Bilateria;Protostomia;Ecdysozoa;Arthropoda;Crustacea;Maxillopoda;Copepoda	genus	Eukaryota;Amorphea;Obazoa;Opisthokonta;Holozoa;Choanozoa;Metazoa;Animalia;BCP clade;Bilateria;Protostomia;Ecdysozoa;Arthropoda;Crustacea;Maxillopoda;Copepoda	Copepoda	prey	false		trace_evidence	false	
Church2025__YPM-IZ-110877	Mollusca	metazoan	trace	3	0		97	Eukaryota;Amorphea;Obazoa;Opisthokonta;Holozoa;Choanozoa;Metazoa;Animalia;BCP clade;Bilateria;Protostomia;Lophotrochozoa;Mollusca;Cephalopoda;Coleoidea	genus	Eukaryota;Amorphea;Obazoa;Opisthokonta;Holozoa;Choanozoa;Metazoa;Animalia;BCP clade;Bilateria;Protostomia;Lophotrochozoa;Mollusca;Cephalopoda;Coleoidea	Coleoidea	prey	false		trace_evidence	false	
Church2025__YPM-IZ-110881	Chaetognatha	metazoan	trace	2	0		97	Eukaryota;Amorphea;Obazoa;Opisthokonta;Holozoa;Choanozoa;Metazoa;Animalia;BCP clade;Bilateria;Protostomia;Chaetognatha;Sagittoidea	genus	Eukaryota;Amorphea;Obazoa;Opisthokonta;Holozoa;Choanozoa;Metazoa;Animalia;BCP clade;Bilateria;Protostomia;Chaetognatha;Sagittoidea	Sagittoidea	prey	false		trace_evidence	false	
Church2025__YPM-IZ-110881	Mollusca	metazoan	high_confidence	67	1	phyloflash	99.89	Eukaryota;Amorphea;Obazoa;Opisthokonta;Holozoa;Choanozoa;Metazoa;Animalia;BCP clade;Bilateria;Protostomia;Lophotrochozoa;Mollusca;Bivalvia;Pteriomorphia;Mytiloida	genus	Eukaryota;Amorphea;Obazoa;Opisthokonta;Holozoa;Choanozoa;Metazoa;Animalia;BCP clade;Bilateria;Protostomia;Lophotrochozoa;Mollusca;Bivalvia;Pteriomorphia;Mytiloida	Mytiloida	prey	false	Mytilus trossulus (XR_010104426, 100.0%)	detection	true	
Church2025__YPM-IZ-110881	SAR;Alveolata;Apicomplexa;Conoidasida;Gregarinasina	non_metazoan	trace	3	0		97	Eukaryota;SAR;Alveolata;Apicomplexa;Conoidasida;Gregarinasina;Eugregarinorida	genus	Eukaryota;SAR;Alveolata;Apicomplexa;Conoidasida;Gregarinasina;Eugregarinorida	Eugregarinorida	parasite	false		trace_evidence	false	
Church2025__YPM-IZ-110882	Platyhelminthes	metazoan	high_confidence	139	1	phyloflash	99.95	Eukaryota;Amorphea;Obazoa;Opisthokonta;Holozoa;Choanozoa;Metazoa;Animalia;BCP clade;Bilateria;Protostomia;Lophotrochozoa;Platyhelminthes;Trematoda;Digenea;Azygiida	genus	Eukaryota;Amorphea;Obazoa;Opisthokonta;Holozoa;Choanozoa;Metazoa;Animalia;BCP clade;Bilateria;Protostomia;Lophotrochozoa;Platyhelminthes;Trematoda;Digenea;Azygiida	Azygiida	parasite	false	Dinurus longisinus (AJ287501, 99.95%)	detection	true	
Church2025__YPM-IZ-110882	SAR;Alveolata;Apicomplexa;Conoidasida;Gregarinasina	non_metazoan	trace	5	0		97	Eukaryota;SAR;Alveolata;Apicomplexa;Conoidasida;Gregarinasina;Eugregarinorida	genus	Eukaryota;SAR;Alveolata;Apicomplexa;Conoidasida;Gregarinasina;Eugregarinorida	Eugregarinorida	parasite	false		trace_evidence	false	
Church2025__YPM-IZ-110883	Amorphea;Obazoa;Opisthokonta;Nucletmycea;Fungi	non_metazoan	trace	5	0		97	Eukaryota;Amorphea;Obazoa;Opisthokonta;Nucletmycea;Fungi;Dikarya;Ascomycota;Pezizomycotina;Eurotiomycetes;Eurotiales	genus	Eukaryota;Amorphea;Obazoa;Opisthokonta;Nucletmycea;Fungi;Dikarya;Ascomycota;Pezizomycotina;Eurotiomycetes;Eurotiales	Eurotiales	unassigned	false		trace_evidence	false	
Church2025__YPM-IZ-110883	Chaetognatha	metazoan	high_confidence	80	1	phyloflash	99.7	Eukaryota;Amorphea;Obazoa;Opisthokonta;Holozoa;Choanozoa;Metazoa;Animalia;BCP clade;Bilateria;Protostomia;Chaetognatha;Sagittoidea;Aphragmophora	genus	Eukaryota;Amorphea;Obazoa;Opisthokonta;Holozoa;Choanozoa;Metazoa;Animalia;BCP clade;Bilateria;Protostomia;Chaetognatha;Sagittoidea;Aphragmophora	Aphragmophora	prey	false	Aidanosagitta neglecta (DQ351882, 99.11%)	detection	true	
Church2025__YPM-IZ-110883	Mollusca	metazoan	high_confidence	1689	1	phyloflash	99.89	Eukaryota;Amorphea;Obazoa;Opisthokonta;Holozoa;Choanozoa;Metazoa;Animalia;BCP clade;Bilateria;Protostomia;Lophotrochozoa;Mollusca;Bivalvia;Pteriomorphia;Mytiloida	genus	Eukaryota;Amorphea;Obazoa;Opisthokonta;Holozoa;Choanozoa;Metazoa;Animalia;BCP clade;Bilateria;Protostomia;Lophotrochozoa;Mollusca;Bivalvia;Pteriomorphia;Mytiloida	Mytiloida	prey	false	Mytilus trossulus (XR_010104426, 100.0%)	detection	true	
Church2025__YPM-IZ-110883	SAR;Alveolata;Apicomplexa;Conoidasida;Gregarinasina	non_metazoan	trace	7	0		97	Eukaryota;SAR;Alveolata;Apicomplexa;Conoidasida;Gregarinasina;Eugregarinorida	genus	Eukaryota;SAR;Alveolata;Apicomplexa;Conoidasida;Gregarinasina;Eugregarinorida	Eugregarinorida	parasite	false		trace_evidence	false	
Church2025__YPM-IZ-110906	Arthropoda	metazoan	trace	5	0		97	Eukaryota;Amorphea;Obazoa;Opisthokonta;Holozoa;Choanozoa;Metazoa;Animalia;BCP clade;Bilateria;Protostomia;Ecdysozoa;Arthropoda;Crustacea;Maxillopoda;Copepoda;Calanoida	genus	Eukaryota;Amorphea;Obazoa;Opisthokonta;Holozoa;Choanozoa;Metazoa;Animalia;BCP clade;Bilateria;Protostomia;Ecdysozoa;Arthropoda;Crustacea;Maxillopoda;Copepoda;Calanoida	Calanoida	prey	false		trace_evidence	false	
Church2025__YPM-IZ-110906	Chaetognatha	metazoan	trace	15	0		97	Eukaryota;Amorphea;Obazoa;Opisthokonta;Holozoa;Choanozoa;Metazoa;Animalia;BCP clade;Bilateria;Protostomia;Chaetognatha;Sagittoidea;Aphragmophora	genus	Eukaryota;Amorphea;Obazoa;Opisthokonta;Holozoa;Choanozoa;Metazoa;Animalia;BCP clade;Bilateria;Protostomia;Chaetognatha;Sagittoidea;Aphragmophora	Aphragmophora	prey	false		trace_evidence	false	
Church2025__YPM-IZ-110906	Chordata	metazoan	trace	20	0		97	Eukaryota;Amorphea;Obazoa;Opisthokonta;Holozoa;Choanozoa;Metazoa;Animalia;BCP clade;Bilateria;Deuterostomia;Chordata;Vertebrata;Gnathostomata	genus	Eukaryota;Amorphea;Obazoa;Opisthokonta;Holozoa;Choanozoa;Metazoa;Animalia;BCP clade;Bilateria;Deuterostomia;Chordata;Vertebrata;Gnathostomata	Gnathostomata	unassigned	false		trace_evidence	false	
Church2025__YPM-IZ-110906	Mollusca	metazoan	trace	3	0		97	Eukaryota;Amorphea;Obazoa;Opisthokonta;Holozoa;Choanozoa;Metazoa;Animalia;BCP clade;Bilateria;Protostomia;Lophotrochozoa;Mollusca;Cephalopoda;Coleoidea	genus	Eukaryota;Amorphea;Obazoa;Opisthokonta;Holozoa;Choanozoa;Metazoa;Animalia;BCP clade;Bilateria;Protostomia;Lophotrochozoa;Mollusca;Cephalopoda;Coleoidea	Coleoidea	prey	false		trace_evidence	false	
Church2025__YPM-IZ-110906	SAR;Alveolata;Apicomplexa;Conoidasida;Gregarinasina	non_metazoan	trace	2	0		97	Eukaryota;SAR;Alveolata;Apicomplexa;Conoidasida;Gregarinasina;Eugregarinorida	genus	Eukaryota;SAR;Alveolata;Apicomplexa;Conoidasida;Gregarinasina;Eugregarinorida	Eugregarinorida	parasite	false		trace_evidence	false	
Church2025__YPM-IZ-110906	SAR;Rhizaria;Retaria;Polycystinea;Collodaria	non_metazoan	trace	7	0		97	Eukaryota;SAR;Rhizaria;Retaria;Polycystinea;Collodaria;Sphaerozoum	genus	Eukaryota;SAR;Rhizaria;Retaria;Polycystinea;Collodaria;Sphaerozoum	Sphaerozoum	unassigned	false		trace_evidence	false	
Church2025__YPM-IZ-110907	Annelida	metazoan	trace	7	0		97	Eukaryota;Amorphea;Obazoa;Opisthokonta;Holozoa;Choanozoa;Metazoa;Animalia;BCP clade;Bilateria;Protostomia;Lophotrochozoa;Annelida;Polychaeta;Palpata;Phyllodocida	genus	Eukaryota;Amorphea;Obazoa;Opisthokonta;Holozoa;Choanozoa;Metazoa;Animalia;BCP clade;Bilateria;Protostomia;Lophotrochozoa;Annelida;Polychaeta;Palpata;Phyllodocida	Phyllodocida	prey	false		trace_evidence	false	
Church2025__YPM-IZ-110907	Arthropoda	metazoan	trace	22	0		97	Eukaryota;Amorphea;Obazoa;Opisthokonta;Holozoa;Choanozoa;Metazoa;Animalia;BCP clade;Bilateria;Protostomia;Ecdysozoa;Arthropoda;Crustacea;Malacostraca;Eumalacostraca;Eucarida	genus	Eukaryota;Amorphea;Obazoa;Opisthokonta;Holozoa;Choanozoa;Metazoa;Animalia;BCP clade;Bilateria;Protostomia;Ecdysozoa;Arthropoda;Crustacea;Malacostraca;Eumalacostraca;Eucarida	Eucarida	unassigned	false		trace_evidence	false	
Church2025__YPM-IZ-110907	Chaetognatha	metazoan	trace	11	0		97	Eukaryota;Amorphea;Obazoa;Opisthokonta;Holozoa;Choanozoa;Metazoa;Animalia;BCP clade;Bilateria;Protostomia;Chaetognatha;Sagittoidea;Aphragmophora	genus	Eukaryota;Amorphea;Obazoa;Opisthokonta;Holozoa;Choanozoa;Metazoa;Animalia;BCP clade;Bilateria;Protostomia;Chaetognatha;Sagittoidea;Aphragmophora	Aphragmophora	prey	false		trace_evidence	false	
Church2025__YPM-IZ-110907	Chordata	metazoan	high_confidence	131	1	phyloflash	99.43	Eukaryota;Amorphea;Obazoa;Opisthokonta;Holozoa;Choanozoa;Metazoa;Animalia;BCP clade;Bilateria;Deuterostomia;Chordata;Vertebrata;Gnathostomata;Euteleostomi;Actinopterygii;Neopterygii;Teleostei	genus	Eukaryota;Amorphea;Obazoa;Opisthokonta;Holozoa;Choanozoa;Metazoa;Animalia;BCP clade;Bilateria;Deuterostomia;Chordata;Vertebrata;Gnathostomata;Euteleostomi;Actinopterygii;Neopterygii;Teleostei	Teleostei	prey	false	Centroberyx gerrardi (XR_013504110, 99.95%)	detection	true	
Church2025__YPM-IZ-110907	SAR;Alveolata;Apicomplexa;Conoidasida;Gregarinasina	non_metazoan	trace	6	0		97	Eukaryota;SAR;Alveolata;Apicomplexa;Conoidasida;Gregarinasina;Eugregarinorida	genus	Eukaryota;SAR;Alveolata;Apicomplexa;Conoidasida;Gregarinasina;Eugregarinorida	Eugregarinorida	parasite	false		trace_evidence	false	
Church2025__YPM-IZ-110907	SAR;Rhizaria;Retaria;Polycystinea;Collodaria	non_metazoan	trace	9	0		97	Eukaryota;SAR;Rhizaria;Retaria;Polycystinea;Collodaria	genus	Eukaryota;SAR;Rhizaria;Retaria;Polycystinea;Collodaria	Collodaria	unassigned	false		trace_evidence	false	
Church2025__YPM-IZ-110925	Arthropoda	metazoan	trace	2	0		97	Eukaryota;Amorphea;Obazoa;Opisthokonta;Holozoa;Choanozoa;Metazoa;Animalia;BCP clade;Bilateria;Protostomia;Ecdysozoa;Arthropoda;Crustacea	genus	Eukaryota;Amorphea;Obazoa;Opisthokonta;Holozoa;Choanozoa;Metazoa;Animalia;BCP clade;Bilateria;Protostomia;Ecdysozoa;Arthropoda;Crustacea	Crustacea	unassigned	false		trace_evidence	false	
Church2025__YPM-IZ-110925	Discoba;Discicristata;Euglenozoa;Kinetoplastea;Metakinetoplastina	non_metazoan	trace	2	0		97	Eukaryota;Discoba;Discicristata;Euglenozoa;Kinetoplastea;Metakinetoplastina;Neobodonida;Neobodo	genus	Eukaryota;Discoba;Discicristata;Euglenozoa;Kinetoplastea;Metakinetoplastina;Neobodonida;Neobodo	Neobodo	unassigned	false		trace_evidence	false	
Church2025__YPM-IZ-110931	Amorphea;Obazoa;Opisthokonta;Nucletmycea;Fungi	non_metazoan	high_confidence	67	1	phyloflash	100.0	Eukaryota;Amorphea;Obazoa;Opisthokonta;Nucletmycea;Fungi;Dikarya;Ascomycota;Pezizomycotina;Dothideomycetes;Pleosporales;Pleosporaceae;Alternaria	genus	Eukaryota;Amorphea;Obazoa;Opisthokonta;Nucletmycea;Fungi;Dikarya;Ascomycota;Pezizomycotina;Dothideomycetes;Pleosporales;Pleosporaceae;Alternaria	Alternaria	unassigned	false	Ochraceocephala foeniculi (PP177346, 100.0%)	detection	true	
Church2025__YPM-IZ-110931	Platyhelminthes	metazoan	high_confidence	1705	1	phyloflash	100.0	Eukaryota;Amorphea;Obazoa;Opisthokonta;Holozoa;Choanozoa;Metazoa;Animalia;BCP clade;Bilateria;Protostomia;Lophotrochozoa;Platyhelminthes;Trematoda;Digenea;Azygiida	genus	Eukaryota;Amorphea;Obazoa;Opisthokonta;Holozoa;Choanozoa;Metazoa;Animalia;BCP clade;Bilateria;Protostomia;Lophotrochozoa;Platyhelminthes;Trematoda;Digenea;Azygiida	Azygiida	parasite	false	Dinurus longisinus (AJ287501, 100.0%)	detection	true	
Church2025__YPM-IZ-110972	SAR;Rhizaria;Cercozoa;Thecofilosea	non_metazoan	trace	4	0		97	Eukaryota;SAR;Rhizaria;Cercozoa;Thecofilosea	genus	Eukaryota;SAR;Rhizaria;Cercozoa;Thecofilosea	Thecofilosea	unassigned	false		trace_evidence	false	
Church2025__YPM-IZ-111006	Chordata	metazoan	trace	5	0		97	Eukaryota;Amorphea;Obazoa;Opisthokonta;Holozoa;Choanozoa;Metazoa;Animalia;BCP clade;Bilateria;Deuterostomia;Chordata;Tunicata;Ascidiacea;Stolidobranchia	genus	Eukaryota;Amorphea;Obazoa;Opisthokonta;Holozoa;Choanozoa;Metazoa;Animalia;BCP clade;Bilateria;Deuterostomia;Chordata;Tunicata;Ascidiacea;Stolidobranchia	Stolidobranchia	unassigned	false		trace_evidence	false	
Church2025__YPM-IZ-111007	Annelida	metazoan	trace	2	0		97	Eukaryota;Amorphea;Obazoa;Opisthokonta;Holozoa;Choanozoa;Metazoa;Animalia;BCP clade;Bilateria;Protostomia;Lophotrochozoa;Annelida;Polychaeta;Palpata;Sabellida	genus	Eukaryota;Amorphea;Obazoa;Opisthokonta;Holozoa;Choanozoa;Metazoa;Animalia;BCP clade;Bilateria;Protostomia;Lophotrochozoa;Annelida;Polychaeta;Palpata;Sabellida	Sabellida	prey	false		trace_evidence	false	
Church2025__YPM-IZ-111007	Mollusca	metazoan	trace	2	0		97	Eukaryota;Amorphea;Obazoa;Opisthokonta;Holozoa;Choanozoa;Metazoa;Animalia;BCP clade;Bilateria;Protostomia;Lophotrochozoa;Mollusca;Bivalvia;Pteriomorphia;Ostreoida	genus	Eukaryota;Amorphea;Obazoa;Opisthokonta;Holozoa;Choanozoa;Metazoa;Animalia;BCP clade;Bilateria;Protostomia;Lophotrochozoa;Mollusca;Bivalvia;Pteriomorphia;Ostreoida	Ostreoida	prey	false		trace_evidence	false	
Church2025__YPM-IZ-111009	Amorphea;Amoebozoa;Discosea;Flabellinia;Dactylopodida	non_metazoan	trace	8	0		97	Eukaryota;Amorphea;Amoebozoa;Discosea;Flabellinia;Dactylopodida	genus	Eukaryota;Amorphea;Amoebozoa;Discosea;Flabellinia;Dactylopodida	Dactylopodida	unassigned	false		trace_evidence	false	
Church2025__YPM-IZ-111009	Discoba;Discicristata;Euglenozoa;Kinetoplastea;Prokinetoplastina	non_metazoan	validated	17	1	assembly18s	97.94	Eukaryota;Discoba;Discicristata;Euglenozoa;Kinetoplastea;Prokinetoplastina;Ichthyobodo	genus	Eukaryota;Discoba;Discicristata;Euglenozoa;Kinetoplastea;Prokinetoplastina;Ichthyobodo	Ichthyobodo	endosymbiont of Paramoeba	false	PLO of Paramoeba invadens AGS-2013 (KC790389, 97.64%)	detection	true	
Church2025__YPM-IZ-111012	Arthropoda	metazoan	trace	2	0		97	Eukaryota;Amorphea;Obazoa;Opisthokonta;Holozoa;Choanozoa;Metazoa;Animalia;BCP clade;Bilateria;Protostomia;Ecdysozoa;Arthropoda	genus	Eukaryota;Amorphea;Obazoa;Opisthokonta;Holozoa;Choanozoa;Metazoa;Animalia;BCP clade;Bilateria;Protostomia;Ecdysozoa;Arthropoda	Arthropoda	unassigned	false		trace_evidence	false	
Church2025__YPM-IZ-111012	Platyhelminthes	metazoan	trace	3	0		97	Eukaryota;Amorphea;Obazoa;Opisthokonta;Holozoa;Choanozoa;Metazoa;Animalia;BCP clade;Bilateria;Protostomia;Lophotrochozoa;Platyhelminthes;Rhabditophora;Macrostomida	genus	Eukaryota;Amorphea;Obazoa;Opisthokonta;Holozoa;Choanozoa;Metazoa;Animalia;BCP clade;Bilateria;Protostomia;Lophotrochozoa;Platyhelminthes;Rhabditophora;Macrostomida	Macrostomida	unassigned	false		trace_evidence	false	
Church2025__YPM-IZ-111014	Nematozoa	metazoan	trace	3	0		97	Eukaryota;Amorphea;Obazoa;Opisthokonta;Holozoa;Choanozoa;Metazoa;Animalia;BCP clade;Bilateria;Protostomia;Ecdysozoa;Nematozoa;Nematoda;Chromadorea	genus	Eukaryota;Amorphea;Obazoa;Opisthokonta;Holozoa;Choanozoa;Metazoa;Animalia;BCP clade;Bilateria;Protostomia;Ecdysozoa;Nematozoa;Nematoda;Chromadorea	Chromadorea	unassigned	false		trace_evidence	false	
Church2025__YPM-IZ-111017	Nematozoa	metazoan	trace	10	0		97	Eukaryota;Amorphea;Obazoa;Opisthokonta;Holozoa;Choanozoa;Metazoa;Animalia;BCP clade;Bilateria;Protostomia;Ecdysozoa;Nematozoa;Nematoda;Chromadorea	genus	Eukaryota;Amorphea;Obazoa;Opisthokonta;Holozoa;Choanozoa;Metazoa;Animalia;BCP clade;Bilateria;Protostomia;Ecdysozoa;Nematozoa;Nematoda;Chromadorea	Chromadorea	unassigned	false		trace_evidence	false	
Church2025__YPM-IZ-111018	Arthropoda	metazoan	trace	2	0		97	Eukaryota;Amorphea;Obazoa;Opisthokonta;Holozoa;Choanozoa;Metazoa;Animalia;BCP clade;Bilateria;Protostomia;Ecdysozoa;Arthropoda	genus	Eukaryota;Amorphea;Obazoa;Opisthokonta;Holozoa;Choanozoa;Metazoa;Animalia;BCP clade;Bilateria;Protostomia;Ecdysozoa;Arthropoda	Arthropoda	unassigned	false		trace_evidence	false	
Church2025__YPM-IZ-111156	Chordata	metazoan	validated	70	0		97	Eukaryota;Amorphea;Obazoa;Opisthokonta;Holozoa;Choanozoa;Metazoa;Animalia;BCP clade;Bilateria;Deuterostomia;Chordata;Vertebrata;Gnathostomata;Euteleostomi;Actinopterygii;Neopterygii;Teleostei	genus	Eukaryota;Amorphea;Obazoa;Opisthokonta;Holozoa;Choanozoa;Metazoa;Animalia;BCP clade;Bilateria;Deuterostomia;Chordata;Vertebrata;Gnathostomata;Euteleostomi;Actinopterygii;Neopterygii;Teleostei	Teleostei	prey	false		detection	true	
Church2025__YPM-IZ-111158	Chordata	metazoan	validated	151	0		97	Eukaryota;Amorphea;Obazoa;Opisthokonta;Holozoa;Choanozoa;Metazoa;Animalia;BCP clade;Bilateria;Deuterostomia;Chordata;Vertebrata;Gnathostomata;Euteleostomi;Actinopterygii;Neopterygii;Teleostei	genus	Eukaryota;Amorphea;Obazoa;Opisthokonta;Holozoa;Choanozoa;Metazoa;Animalia;BCP clade;Bilateria;Deuterostomia;Chordata;Vertebrata;Gnathostomata;Euteleostomi;Actinopterygii;Neopterygii;Teleostei	Teleostei	prey	false		detection	true	
Church2025__YPM-IZ-111207	Amorphea;Amoebozoa;Discosea;Flabellinia;Dactylopodida	non_metazoan	high_confidence	536	1	phyloflash	93.01	Eukaryota;Amorphea;Amoebozoa;Discosea;Flabellinia;Dactylopodida	family_or_order	Eukaryota;Amorphea;Amoebozoa;Discosea;Flabellinia;Dactylopodida;Paramoeba	Paramoeba	unassigned	false	Paramoeba invadens (KC790386, 92.14%)	detection	true	
Church2025__YPM-IZ-111207	Discoba;Discicristata;Euglenozoa;Kinetoplastea;Prokinetoplastina	non_metazoan	high_confidence	876	2	assembly18s,phyloflash	95.45	Eukaryota;Discoba;Discicristata;Euglenozoa;Kinetoplastea;Prokinetoplastina	family_or_order	Eukaryota;Discoba;Discicristata;Euglenozoa;Kinetoplastea;Prokinetoplastina;Ichthyobodo	Ichthyobodo	endosymbiont of Paramoeba	false	PLO of Paramoeba invadens AGS-2013 (KC790388, 95.4%); PLO of Paramoeba invadens AGS-2013 (KC790388, 95.3%)	detection	true	
Church2025__YPM-IZ-111208	Amorphea;Amoebozoa;Discosea;Flabellinia;Dactylopodida	non_metazoan	high_confidence	211	1	phyloflash	92.89	Eukaryota;Amorphea;Amoebozoa;Discosea;Flabellinia;Dactylopodida	family_or_order	Eukaryota;Amorphea;Amoebozoa;Discosea;Flabellinia;Dactylopodida;Paramoeba	Paramoeba	unassigned	false	Paramoeba invadens (KC790386, 92.05%)	detection	true	
Church2025__YPM-IZ-111208	Discoba;Discicristata;Euglenozoa;Kinetoplastea;Prokinetoplastina	non_metazoan	high_confidence	471	2	assembly18s,phyloflash	95.39	Eukaryota;Discoba;Discicristata;Euglenozoa;Kinetoplastea;Prokinetoplastina	family_or_order	Eukaryota;Discoba;Discicristata;Euglenozoa;Kinetoplastea;Prokinetoplastina;Ichthyobodo	Ichthyobodo	endosymbiont of Paramoeba	false	PLO of Paramoeba invadens AGS-2013 (KC790388, 95.4%); PLO of Paramoeba invadens AGS-2013 (KC790388, 95.14%)	detection	true	
Church2025__YPM-IZ-111208	SAR;Rhizaria;Cercozoa;Thecofilosea	non_metazoan	trace	3	0		97	Eukaryota;SAR;Rhizaria;Cercozoa;Thecofilosea	genus	Eukaryota;SAR;Rhizaria;Cercozoa;Thecofilosea	Thecofilosea	unassigned	false		trace_evidence	false	
Church2025__YPM-IZ-111209	Amorphea;Amoebozoa;Discosea;Flabellinia;Dactylopodida	non_metazoan	high_confidence	49	1	phyloflash	93.01	Eukaryota;Amorphea;Amoebozoa;Discosea;Flabellinia;Dactylopodida	family_or_order	Eukaryota;Amorphea;Amoebozoa;Discosea;Flabellinia;Dactylopodida;Paramoeba	Paramoeba	unassigned	false	Paramoeba invadens (KC790386, 92.14%)	detection	true	
Church2025__YPM-IZ-111209	Chaetognatha	metazoan	trace	2	0		97	Eukaryota;Amorphea;Obazoa;Opisthokonta;Holozoa;Choanozoa;Metazoa;Animalia;BCP clade;Bilateria;Protostomia;Chaetognatha;Sagittoidea	genus	Eukaryota;Amorphea;Obazoa;Opisthokonta;Holozoa;Choanozoa;Metazoa;Animalia;BCP clade;Bilateria;Protostomia;Chaetognatha;Sagittoidea	Sagittoidea	prey	false		trace_evidence	false	
Church2025__YPM-IZ-111209	Discoba;Discicristata;Euglenozoa;Kinetoplastea;Prokinetoplastina	non_metazoan	high_confidence	49	2	assembly18s,phyloflash	96.52	Eukaryota;Discoba;Discicristata;Euglenozoa;Kinetoplastea;Prokinetoplastina	family_or_order	Eukaryota;Discoba;Discicristata;Euglenozoa;Kinetoplastea;Prokinetoplastina;Ichthyobodo	Ichthyobodo	endosymbiont of Paramoeba	false	PLO of Paramoeba invadens AGS-2013 (KC790388, 95.4%); PLO of Paramoeba invadens AGS-2013 (KC790389, 96.39%)	detection	true	
Church2025__YPM-IZ-111210	Amorphea;Amoebozoa;Discosea;Flabellinia;Dactylopodida	non_metazoan	high_confidence	217	1	phyloflash	92.76	Eukaryota;Amorphea;Amoebozoa;Discosea;Flabellinia;Dactylopodida	family_or_order	Eukaryota;Amorphea;Amoebozoa;Discosea;Flabellinia;Dactylopodida;Paramoeba	Paramoeba	unassigned	false	Paramoeba invadens (KC790386, 91.78%)	detection	true	
Church2025__YPM-IZ-111210	Amorphea;Obazoa;Opisthokonta;Nucletmycea;Fungi	non_metazoan	trace	4	0		97	Eukaryota;Amorphea;Obazoa;Opisthokonta;Nucletmycea;Fungi;Dikarya;Ascomycota;Pezizomycotina	genus	Eukaryota;Amorphea;Obazoa;Opisthokonta;Nucletmycea;Fungi;Dikarya;Ascomycota;Pezizomycotina	Pezizomycotina	unassigned	false		trace_evidence	false	
Church2025__YPM-IZ-111210	Arthropoda	metazoan	trace	2	0		97	Eukaryota;Amorphea;Obazoa;Opisthokonta;Holozoa;Choanozoa;Metazoa;Animalia;BCP clade;Bilateria;Protostomia;Ecdysozoa;Arthropoda	genus	Eukaryota;Amorphea;Obazoa;Opisthokonta;Holozoa;Choanozoa;Metazoa;Animalia;BCP clade;Bilateria;Protostomia;Ecdysozoa;Arthropoda	Arthropoda	unassigned	false		trace_evidence	false	
Church2025__YPM-IZ-111210	Discoba;Discicristata;Euglenozoa;Kinetoplastea;Prokinetoplastina	non_metazoan	high_confidence	325	2	assembly18s,phyloflash	96.23	Eukaryota;Discoba;Discicristata;Euglenozoa;Kinetoplastea;Prokinetoplastina	family_or_order	Eukaryota;Discoba;Discicristata;Euglenozoa;Kinetoplastea;Prokinetoplastina;Ichthyobodo	Ichthyobodo	endosymbiont of Paramoeba	false	PLO of Paramoeba invadens AGS-2013 (KC790388, 95.4%); PLO of Paramoeba invadens AGS-2013 (KC790389, 96.12%)	detection	true	
Church2025__YPM-IZ-111243	Amorphea;Amoebozoa;Discosea;Flabellinia;Dactylopodida	non_metazoan	trace	2	0		97	Eukaryota;Amorphea;Amoebozoa;Discosea;Flabellinia;Dactylopodida	genus	Eukaryota;Amorphea;Amoebozoa;Discosea;Flabellinia;Dactylopodida	Dactylopodida	unassigned	false		trace_evidence	false	
Church2025__YPM-IZ-111243	Platyhelminthes	metazoan	high_confidence	643	1	phyloflash	99.95	Eukaryota;Amorphea;Obazoa;Opisthokonta;Holozoa;Choanozoa;Metazoa;Animalia;BCP clade;Bilateria;Protostomia;Lophotrochozoa;Platyhelminthes;Cestoda;Eucestoda;Bothriocephalidea	genus	Eukaryota;Amorphea;Obazoa;Opisthokonta;Holozoa;Choanozoa;Metazoa;Animalia;BCP clade;Bilateria;Protostomia;Lophotrochozoa;Platyhelminthes;Cestoda;Eucestoda;Bothriocephalidea	Bothriocephalidea	parasite	false	Echinophallus wageneri (DQ925311, 99.95%)	detection	true	
Church2025__YPM-IZ-111517	Arthropoda	metazoan	trace	11	0		97	Eukaryota;Amorphea;Obazoa;Opisthokonta;Holozoa;Choanozoa;Metazoa;Animalia;BCP clade;Bilateria;Protostomia;Ecdysozoa;Arthropoda;Crustacea;Maxillopoda;Copepoda;Calanoida	genus	Eukaryota;Amorphea;Obazoa;Opisthokonta;Holozoa;Choanozoa;Metazoa;Animalia;BCP clade;Bilateria;Protostomia;Ecdysozoa;Arthropoda;Crustacea;Maxillopoda;Copepoda;Calanoida	Calanoida	prey	false		trace_evidence	false	
Church2025__YPM-IZ-111517	Chordata	metazoan	trace	7	0		97	Eukaryota;Amorphea;Obazoa;Opisthokonta;Holozoa;Choanozoa;Metazoa;Animalia;BCP clade;Bilateria;Deuterostomia;Chordata;Vertebrata;Gnathostomata;Euteleostomi;Actinopterygii;Neopterygii;Teleostei	genus	Eukaryota;Amorphea;Obazoa;Opisthokonta;Holozoa;Choanozoa;Metazoa;Animalia;BCP clade;Bilateria;Deuterostomia;Chordata;Vertebrata;Gnathostomata;Euteleostomi;Actinopterygii;Neopterygii;Teleostei	Teleostei	prey	false		trace_evidence	false	
Church2025__YPM-IZ-111517	SAR;Alveolata;Apicomplexa;Conoidasida;Coccidia	non_metazoan	trace	2	0		97	Eukaryota;SAR;Alveolata;Apicomplexa;Conoidasida;Coccidia;Eimeriorina	genus	Eukaryota;SAR;Alveolata;Apicomplexa;Conoidasida;Coccidia;Eimeriorina	Eimeriorina	parasite	false		trace_evidence	false	
Church2025__YPM-IZ-111518	Chordata	metazoan	trace	9	0		97	Eukaryota;Amorphea;Obazoa;Opisthokonta;Holozoa;Choanozoa;Metazoa;Animalia;BCP clade;Bilateria;Deuterostomia;Chordata;Vertebrata;Gnathostomata	genus	Eukaryota;Amorphea;Obazoa;Opisthokonta;Holozoa;Choanozoa;Metazoa;Animalia;BCP clade;Bilateria;Deuterostomia;Chordata;Vertebrata;Gnathostomata	Gnathostomata	unassigned	false		trace_evidence	false	
Church2025__YPM-IZ-111518	SAR;Stramenopiles;Ochrophyta;Diatomea	non_metazoan	trace	13	0		97	Eukaryota;SAR;Stramenopiles;Ochrophyta;Diatomea	genus	Eukaryota;SAR;Stramenopiles;Ochrophyta;Diatomea	Diatomea	unassigned	false		unresolved_ancestor	false	SAR;Stramenopiles;Ochrophyta;Diatomea;Bacillariophytina
Church2025__YPM-IZ-111518	SAR;Stramenopiles;Ochrophyta;Diatomea;Bacillariophytina	non_metazoan	validated	8	1	phyloflash	96.66	Eukaryota;SAR;Stramenopiles;Ochrophyta;Diatomea;Bacillariophytina;Mediophyceae	family_or_order	Eukaryota;SAR;Stramenopiles;Ochrophyta;Diatomea;Bacillariophytina;Mediophyceae;Attheya	Attheya	unassigned	false	Attheya septentrionalis (OR922679, 96.71%)	detection	true	
Church2025__YPM-IZ-111519	Amorphea;Obazoa;Opisthokonta;Nucletmycea;Fungi	non_metazoan	trace	2	0		97	Eukaryota;Amorphea;Obazoa;Opisthokonta;Nucletmycea;Fungi;Dikarya;Ascomycota;Pezizomycotina	genus	Eukaryota;Amorphea;Obazoa;Opisthokonta;Nucletmycea;Fungi;Dikarya;Ascomycota;Pezizomycotina	Pezizomycotina	unassigned	false		trace_evidence	false	
Church2025__YPM-IZ-111519	SAR;Stramenopiles;Ochrophyta;Diatomea	non_metazoan	trace	2	0		97	Eukaryota;SAR;Stramenopiles;Ochrophyta;Diatomea	genus	Eukaryota;SAR;Stramenopiles;Ochrophyta;Diatomea	Diatomea	unassigned	false		trace_evidence	false	
Church2025__YPM-IZ-111519	SAR;Stramenopiles;Ochrophyta;Diatomea;Bacillariophytina	non_metazoan	trace	4	0		97	Eukaryota;SAR;Stramenopiles;Ochrophyta;Diatomea;Bacillariophytina;Bacillariophyceae	genus	Eukaryota;SAR;Stramenopiles;Ochrophyta;Diatomea;Bacillariophytina;Bacillariophyceae	Bacillariophyceae	unassigned	false		trace_evidence	false	
Church2025__YPM-IZ-111520	SAR;Stramenopiles;Ochrophyta;Diatomea	non_metazoan	trace	11	0		97	Eukaryota;SAR;Stramenopiles;Ochrophyta;Diatomea	genus	Eukaryota;SAR;Stramenopiles;Ochrophyta;Diatomea	Diatomea	unassigned	false		trace_evidence	false	
Church2025__YPM-IZ-111520	SAR;Stramenopiles;Ochrophyta;Diatomea;Bacillariophytina	non_metazoan	trace	17	0		97	Eukaryota;SAR;Stramenopiles;Ochrophyta;Diatomea;Bacillariophytina;Mediophyceae	genus	Eukaryota;SAR;Stramenopiles;Ochrophyta;Diatomea;Bacillariophytina;Mediophyceae	Mediophyceae	unassigned	false		trace_evidence	false	
Church2025__YPM-IZ-111521	Arthropoda	metazoan	trace	10	0		97	Eukaryota;Amorphea;Obazoa;Opisthokonta;Holozoa;Choanozoa;Metazoa;Animalia;BCP clade;Bilateria;Protostomia;Ecdysozoa;Arthropoda;Crustacea;Maxillopoda;Copepoda	genus	Eukaryota;Amorphea;Obazoa;Opisthokonta;Holozoa;Choanozoa;Metazoa;Animalia;BCP clade;Bilateria;Protostomia;Ecdysozoa;Arthropoda;Crustacea;Maxillopoda;Copepoda	Copepoda	prey	false		trace_evidence	false	
Church2025__YPM-IZ-111521	SAR;Stramenopiles;Ochrophyta	non_metazoan	trace	4	0		97	Eukaryota;SAR;Stramenopiles;Ochrophyta	genus	Eukaryota;SAR;Stramenopiles;Ochrophyta	Ochrophyta	unassigned	false		trace_evidence	false	
Church2025__YPM-IZ-111521	SAR;Stramenopiles;Ochrophyta;Diatomea	non_metazoan	trace	4	0		97	Eukaryota;SAR;Stramenopiles;Ochrophyta;Diatomea	genus	Eukaryota;SAR;Stramenopiles;Ochrophyta;Diatomea	Diatomea	unassigned	false		trace_evidence	false	
Church2025__YPM-IZ-111521	SAR;Stramenopiles;Ochrophyta;Diatomea;Bacillariophytina	non_metazoan	trace	3	0		97	Eukaryota;SAR;Stramenopiles;Ochrophyta;Diatomea;Bacillariophytina	genus	Eukaryota;SAR;Stramenopiles;Ochrophyta;Diatomea;Bacillariophytina	Bacillariophytina	unassigned	false		trace_evidence	false	
Church2025__YPM-IZ-111529	SAR;Stramenopiles;Ochrophyta;Diatomea	non_metazoan	trace	2	0		97	Eukaryota;SAR;Stramenopiles;Ochrophyta;Diatomea	genus	Eukaryota;SAR;Stramenopiles;Ochrophyta;Diatomea	Diatomea	unassigned	false		trace_evidence	false	
Church2025__YPM-IZ-111530	SAR;Stramenopiles;Ochrophyta	non_metazoan	trace	3	0		97	Eukaryota;SAR;Stramenopiles;Ochrophyta	genus	Eukaryota;SAR;Stramenopiles;Ochrophyta	Ochrophyta	unassigned	false		trace_evidence	false	
Church2025__YPM-IZ-111530	SAR;Stramenopiles;Ochrophyta;Diatomea	non_metazoan	trace	5	0		97	Eukaryota;SAR;Stramenopiles;Ochrophyta;Diatomea	genus	Eukaryota;SAR;Stramenopiles;Ochrophyta;Diatomea	Diatomea	unassigned	false		trace_evidence	false	
Church2025__YPM-IZ-111547	Platyhelminthes	metazoan	trace	10	0		97	Eukaryota;Amorphea;Obazoa;Opisthokonta;Holozoa;Choanozoa;Metazoa;Animalia;BCP clade;Bilateria;Protostomia;Lophotrochozoa;Platyhelminthes;Trematoda;Digenea;Azygiida	genus	Eukaryota;Amorphea;Obazoa;Opisthokonta;Holozoa;Choanozoa;Metazoa;Animalia;BCP clade;Bilateria;Protostomia;Lophotrochozoa;Platyhelminthes;Trematoda;Digenea;Azygiida	Azygiida	parasite	false		trace_evidence	false	
Church2025__YPM-IZ-111839	Amorphea;Obazoa;Opisthokonta;Nucletmycea;Fungi	non_metazoan	trace	4	0		97	Eukaryota;Amorphea;Obazoa;Opisthokonta;Nucletmycea;Fungi;Dikarya;Basidiomycota;Ustilaginomycotina;Ustilaginomycetes;Ustilaginales;Ustilaginaceae	genus	Eukaryota;Amorphea;Obazoa;Opisthokonta;Nucletmycea;Fungi;Dikarya;Basidiomycota;Ustilaginomycotina;Ustilaginomycetes;Ustilaginales;Ustilaginaceae	Ustilaginaceae	unassigned	false		trace_evidence	false	
Church2025__YPM-IZ-111839	SAR;Rhizaria;Retaria;Acantharia;Arthracanthida	non_metazoan	trace	5	0		97	Eukaryota;SAR;Rhizaria;Retaria;Acantharia;Arthracanthida;Hexaconus	genus	Eukaryota;SAR;Rhizaria;Retaria;Acantharia;Arthracanthida;Hexaconus	Hexaconus	unassigned	false		trace_evidence	false	
Church2025__YPM-IZ-111840	Amorphea;Obazoa;Opisthokonta;Nucletmycea;Fungi	non_metazoan	trace	2	0		97	Eukaryota;Amorphea;Obazoa;Opisthokonta;Nucletmycea;Fungi;Dikarya	genus	Eukaryota;Amorphea;Obazoa;Opisthokonta;Nucletmycea;Fungi;Dikarya	Dikarya	unassigned	false		trace_evidence	false	
