library_id	specimen_id	study	species_current	dataset_key	searched_catalog_numbers	batch	query_url	response_file	response_sha256	search_status	exact_matches	notes
Church2025:FM-16644	FM-16644	Church2025	Physalia physalis	854e35e6-f762-11e1-a439-00145eb45e9a						not_searched_no_exact_ypm_iz_voucher		No exact YPM IZ voucher eligible for this dataset-specific check.
Church2025:NIWA-173304	NIWA-173304	Church2025	Physalia minuta	854e35e6-f762-11e1-a439-00145eb45e9a						not_searched_no_exact_ypm_iz_voucher		No exact YPM IZ voucher eligible for this dataset-specific check.
Church2025:NIWA-173305	NIWA-173305	Church2025	Physalia minuta	854e35e6-f762-11e1-a439-00145eb45e9a						not_searched_no_exact_ypm_iz_voucher		No exact YPM IZ voucher eligible for this dataset-specific check.
Church2025:OA-190531-1	OA-190531-1	Church2025	Physalia utriculus	854e35e6-f762-11e1-a439-00145eb45e9a						not_searched_no_exact_ypm_iz_voucher		No exact YPM IZ voucher eligible for this dataset-specific check.
Church2025:OA-Bluebottle	OA-Bluebottle	Church2025	Physalia utriculus	854e35e6-f762-11e1-a439-00145eb45e9a						not_searched_no_exact_ypm_iz_voucher		No exact YPM IZ voucher eligible for this dataset-specific check.
Church2025:TMAG-K5632	TMAG-K5632	Church2025	Physalia megalista	854e35e6-f762-11e1-a439-00145eb45e9a						not_searched_no_exact_ypm_iz_voucher		No exact YPM IZ voucher eligible for this dataset-specific check.
Church2025:TMAG-K5633	TMAG-K5633	Church2025	Physalia minuta	854e35e6-f762-11e1-a439-00145eb45e9a						not_searched_no_exact_ypm_iz_voucher		No exact YPM IZ voucher eligible for this dataset-specific check.
Church2025:TMAG-K5634	TMAG-K5634	Church2025	Physalia minuta	854e35e6-f762-11e1-a439-00145eb45e9a						not_searched_no_exact_ypm_iz_voucher		No exact YPM IZ voucher eligible for this dataset-specific check.
Church2025:TMAG-K5635	TMAG-K5635	Church2025	Physalia minuta	854e35e6-f762-11e1-a439-00145eb45e9a						not_searched_no_exact_ypm_iz_voucher		No exact YPM IZ voucher eligible for this dataset-specific check.
Church2025:TMAG-K5636	TMAG-K5636	Church2025	Physalia minuta	854e35e6-f762-11e1-a439-00145eb45e9a						not_searched_no_exact_ypm_iz_voucher		No exact YPM IZ voucher eligible for this dataset-specific check.
Church2025:WAM-Z88480	WAM-Z88480	Church2025	Physalia megalista	854e35e6-f762-11e1-a439-00145eb45e9a						not_searched_no_exact_ypm_iz_voucher		No exact YPM IZ voucher eligible for this dataset-specific check.
Church2025:WAM-Z97900	WAM-Z97900	Church2025	Physalia megalista	854e35e6-f762-11e1-a439-00145eb45e9a						not_searched_no_exact_ypm_iz_voucher		No exact YPM IZ voucher eligible for this dataset-specific check.
Church2025:WAM-Z97901	WAM-Z97901	Church2025	Physalia megalista	854e35e6-f762-11e1-a439-00145eb45e9a						not_searched_no_exact_ypm_iz_voucher		No exact YPM IZ voucher eligible for this dataset-specific check.
Church2025:WAM-Z97902	WAM-Z97902	Church2025	Physalia utriculus	854e35e6-f762-11e1-a439-00145eb45e9a						not_searched_no_exact_ypm_iz_voucher		No exact YPM IZ voucher eligible for this dataset-specific check.
Church2025:WAM-Z97903	WAM-Z97903	Church2025	Physalia megalista	854e35e6-f762-11e1-a439-00145eb45e9a						not_searched_no_exact_ypm_iz_voucher		No exact YPM IZ voucher eligible for this dataset-specific check.
Church2025:WAM-Z97906	WAM-Z97906	Church2025	Physalia megalista	854e35e6-f762-11e1-a439-00145eb45e9a						not_searched_no_exact_ypm_iz_voucher		No exact YPM IZ voucher eligible for this dataset-specific check.
Church2025:WAM-Z97907	WAM-Z97907	Church2025	Physalia utriculus	854e35e6-f762-11e1-a439-00145eb45e9a						not_searched_no_exact_ypm_iz_voucher		No exact YPM IZ voucher eligible for this dataset-specific check.
Church2025:WAM-Z97908	WAM-Z97908	Church2025	Physalia utriculus	854e35e6-f762-11e1-a439-00145eb45e9a						not_searched_no_exact_ypm_iz_voucher		No exact YPM IZ voucher eligible for this dataset-specific check.
Church2025:WAM-Z97910	WAM-Z97910	Church2025	Physalia utriculus	854e35e6-f762-11e1-a439-00145eb45e9a						not_searched_no_exact_ypm_iz_voucher		No exact YPM IZ voucher eligible for this dataset-specific check.
Church2025:WAM-Z97911	WAM-Z97911	Church2025	Physalia utriculus	854e35e6-f762-11e1-a439-00145eb45e9a						not_searched_no_exact_ypm_iz_voucher		No exact YPM IZ voucher eligible for this dataset-specific check.
Church2025:WAM-Z97914	WAM-Z97914	Church2025	Physalia utriculus	854e35e6-f762-11e1-a439-00145eb45e9a						not_searched_no_exact_ypm_iz_voucher		No exact YPM IZ voucher eligible for this dataset-specific check.
Church2025:WAM-Z97916	WAM-Z97916	Church2025	Physalia utriculus	854e35e6-f762-11e1-a439-00145eb45e9a						not_searched_no_exact_ypm_iz_voucher		No exact YPM IZ voucher eligible for this dataset-specific check.
Church2025:WAM-Z97917	WAM-Z97917	Church2025	Physalia utriculus	854e35e6-f762-11e1-a439-00145eb45e9a						not_searched_no_exact_ypm_iz_voucher		No exact YPM IZ voucher eligible for this dataset-specific check.
Church2025:WAM-Z97920	WAM-Z97920	Church2025	Physalia megalista	854e35e6-f762-11e1-a439-00145eb45e9a						not_searched_no_exact_ypm_iz_voucher		No exact YPM IZ voucher eligible for this dataset-specific check.
Church2025:WAM-Z97921	WAM-Z97921	Church2025	Physalia utriculus	854e35e6-f762-11e1-a439-00145eb45e9a						not_searched_no_exact_ypm_iz_voucher		No exact YPM IZ voucher eligible for this dataset-specific check.
Church2025:WAM-Z97923	WAM-Z97923	Church2025	Physalia utriculus	854e35e6-f762-11e1-a439-00145eb45e9a						not_searched_no_exact_ypm_iz_voucher		No exact YPM IZ voucher eligible for this dataset-specific check.
Church2025:YPM-IZ-104460	YPM:IZ:104460	Church2025	Physalia utriculus	854e35e6-f762-11e1-a439-00145eb45e9a	YPM IZ 104460	cohort_01	https://api.gbif.org/v1/occurrence/search?datasetKey=854e35e6-f762-11e1-a439-00145eb45e9a&limit=300&catalogNumber=YPM+IZ+104460&catalogNumber=YPM+IZ+104461&catalogNumber=YPM+IZ+104464&catalogNumber=YPM+IZ+104465&catalogNumber=YPM+IZ+106919&catalogNumber=YPM+IZ+106920&catalogNumber=YPM+IZ+106923&catalogNumber=YPM+IZ+106935&catalogNumber=YPM+IZ+106936&catalogNumber=YPM+IZ+106937&catalogNumber=YPM+IZ+106941&catalogNumber=YPM+IZ+106943&catalogNumber=YPM+IZ+106954&catalogNumber=YPM+IZ+106958&catalogNumber=YPM+IZ+110251&catalogNumber=YPM+IZ+110254&catalogNumber=YPM+IZ+110264&catalogNumber=YPM+IZ+110268&catalogNumber=YPM+IZ+110269&catalogNumber=YPM+IZ+110276&catalogNumber=YPM+IZ+110277&catalogNumber=YPM+IZ+110278&catalogNumber=YPM+IZ+110433&catalogNumber=YPM+IZ+110434&catalogNumber=YPM+IZ+110436&catalogNumber=YPM+IZ+110438&catalogNumber=YPM+IZ+110443&catalogNumber=YPM+IZ+110460&catalogNumber=YPM+IZ+110467&catalogNumber=YPM+IZ+110468	cohort_01.json	895e98c4fc942ab7d7a88a36b939ef457d89aa6b53c9aed51a7fd67ff354269a	searched_success_no_exact_match	0	Complete successful batch response; no matching occurrence returned.
Church2025:YPM-IZ-104461	YPM:IZ:104461	Church2025	Physalia utriculus	854e35e6-f762-11e1-a439-00145eb45e9a	YPM IZ 104461	cohort_01	https://api.gbif.org/v1/occurrence/search?datasetKey=854e35e6-f762-11e1-a439-00145eb45e9a&limit=300&catalogNumber=YPM+IZ+104460&catalogNumber=YPM+IZ+104461&catalogNumber=YPM+IZ+104464&catalogNumber=YPM+IZ+104465&catalogNumber=YPM+IZ+106919&catalogNumber=YPM+IZ+106920&catalogNumber=YPM+IZ+106923&catalogNumber=YPM+IZ+106935&catalogNumber=YPM+IZ+106936&catalogNumber=YPM+IZ+106937&catalogNumber=YPM+IZ+106941&catalogNumber=YPM+IZ+106943&catalogNumber=YPM+IZ+106954&catalogNumber=YPM+IZ+106958&catalogNumber=YPM+IZ+110251&catalogNumber=YPM+IZ+110254&catalogNumber=YPM+IZ+110264&catalogNumber=YPM+IZ+110268&catalogNumber=YPM+IZ+110269&catalogNumber=YPM+IZ+110276&catalogNumber=YPM+IZ+110277&catalogNumber=YPM+IZ+110278&catalogNumber=YPM+IZ+110433&catalogNumber=YPM+IZ+110434&catalogNumber=YPM+IZ+110436&catalogNumber=YPM+IZ+110438&catalogNumber=YPM+IZ+110443&catalogNumber=YPM+IZ+110460&catalogNumber=YPM+IZ+110467&catalogNumber=YPM+IZ+110468	cohort_01.json	895e98c4fc942ab7d7a88a36b939ef457d89aa6b53c9aed51a7fd67ff354269a	searched_success_no_exact_match	0	Complete successful batch response; no matching occurrence returned.
Church2025:YPM-IZ-104464	YPM:IZ:104464	Church2025	Physalia utriculus	854e35e6-f762-11e1-a439-00145eb45e9a	YPM IZ 104464	cohort_01	https://api.gbif.org/v1/occurrence/search?datasetKey=854e35e6-f762-11e1-a439-00145eb45e9a&limit=300&catalogNumber=YPM+IZ+104460&catalogNumber=YPM+IZ+104461&catalogNumber=YPM+IZ+104464&catalogNumber=YPM+IZ+104465&catalogNumber=YPM+IZ+106919&catalogNumber=YPM+IZ+106920&catalogNumber=YPM+IZ+106923&catalogNumber=YPM+IZ+106935&catalogNumber=YPM+IZ+106936&catalogNumber=YPM+IZ+106937&catalogNumber=YPM+IZ+106941&catalogNumber=YPM+IZ+106943&catalogNumber=YPM+IZ+106954&catalogNumber=YPM+IZ+106958&catalogNumber=YPM+IZ+110251&catalogNumber=YPM+IZ+110254&catalogNumber=YPM+IZ+110264&catalogNumber=YPM+IZ+110268&catalogNumber=YPM+IZ+110269&catalogNumber=YPM+IZ+110276&catalogNumber=YPM+IZ+110277&catalogNumber=YPM+IZ+110278&catalogNumber=YPM+IZ+110433&catalogNumber=YPM+IZ+110434&catalogNumber=YPM+IZ+110436&catalogNumber=YPM+IZ+110438&catalogNumber=YPM+IZ+110443&catalogNumber=YPM+IZ+110460&catalogNumber=YPM+IZ+110467&catalogNumber=YPM+IZ+110468	cohort_01.json	895e98c4fc942ab7d7a88a36b939ef457d89aa6b53c9aed51a7fd67ff354269a	searched_success_no_exact_match	0	Complete successful batch response; no matching occurrence returned.
Church2025:YPM-IZ-104465	YPM:IZ:104465	Church2025	Physalia utriculus	854e35e6-f762-11e1-a439-00145eb45e9a	YPM IZ 104465	cohort_01	https://api.gbif.org/v1/occurrence/search?datasetKey=854e35e6-f762-11e1-a439-00145eb45e9a&limit=300&catalogNumber=YPM+IZ+104460&catalogNumber=YPM+IZ+104461&catalogNumber=YPM+IZ+104464&catalogNumber=YPM+IZ+104465&catalogNumber=YPM+IZ+106919&catalogNumber=YPM+IZ+106920&catalogNumber=YPM+IZ+106923&catalogNumber=YPM+IZ+106935&catalogNumber=YPM+IZ+106936&catalogNumber=YPM+IZ+106937&catalogNumber=YPM+IZ+106941&catalogNumber=YPM+IZ+106943&catalogNumber=YPM+IZ+106954&catalogNumber=YPM+IZ+106958&catalogNumber=YPM+IZ+110251&catalogNumber=YPM+IZ+110254&catalogNumber=YPM+IZ+110264&catalogNumber=YPM+IZ+110268&catalogNumber=YPM+IZ+110269&catalogNumber=YPM+IZ+110276&catalogNumber=YPM+IZ+110277&catalogNumber=YPM+IZ+110278&catalogNumber=YPM+IZ+110433&catalogNumber=YPM+IZ+110434&catalogNumber=YPM+IZ+110436&catalogNumber=YPM+IZ+110438&catalogNumber=YPM+IZ+110443&catalogNumber=YPM+IZ+110460&catalogNumber=YPM+IZ+110467&catalogNumber=YPM+IZ+110468	cohort_01.json	895e98c4fc942ab7d7a88a36b939ef457d89aa6b53c9aed51a7fd67ff354269a	searched_success_no_exact_match	0	Complete successful batch response; no matching occurrence returned.
Church2025:YPM-IZ-106919	YPM:IZ:106919	Church2025	Physalia utriculus	854e35e6-f762-11e1-a439-00145eb45e9a	YPM IZ 106919	cohort_01	https://api.gbif.org/v1/occurrence/search?datasetKey=854e35e6-f762-11e1-a439-00145eb45e9a&limit=300&catalogNumber=YPM+IZ+104460&catalogNumber=YPM+IZ+104461&catalogNumber=YPM+IZ+104464&catalogNumber=YPM+IZ+104465&catalogNumber=YPM+IZ+106919&catalogNumber=YPM+IZ+106920&catalogNumber=YPM+IZ+106923&catalogNumber=YPM+IZ+106935&catalogNumber=YPM+IZ+106936&catalogNumber=YPM+IZ+106937&catalogNumber=YPM+IZ+106941&catalogNumber=YPM+IZ+106943&catalogNumber=YPM+IZ+106954&catalogNumber=YPM+IZ+106958&catalogNumber=YPM+IZ+110251&catalogNumber=YPM+IZ+110254&catalogNumber=YPM+IZ+110264&catalogNumber=YPM+IZ+110268&catalogNumber=YPM+IZ+110269&catalogNumber=YPM+IZ+110276&catalogNumber=YPM+IZ+110277&catalogNumber=YPM+IZ+110278&catalogNumber=YPM+IZ+110433&catalogNumber=YPM+IZ+110434&catalogNumber=YPM+IZ+110436&catalogNumber=YPM+IZ+110438&catalogNumber=YPM+IZ+110443&catalogNumber=YPM+IZ+110460&catalogNumber=YPM+IZ+110467&catalogNumber=YPM+IZ+110468	cohort_01.json	895e98c4fc942ab7d7a88a36b939ef457d89aa6b53c9aed51a7fd67ff354269a	searched_success_no_exact_match	0	Complete successful batch response; no matching occurrence returned.
Church2025:YPM-IZ-106920	YPM:IZ:106920	Church2025	Physalia utriculus	854e35e6-f762-11e1-a439-00145eb45e9a	YPM IZ 106920	cohort_01	https://api.gbif.org/v1/occurrence/search?datasetKey=854e35e6-f762-11e1-a439-00145eb45e9a&limit=300&catalogNumber=YPM+IZ+104460&catalogNumber=YPM+IZ+104461&catalogNumber=YPM+IZ+104464&catalogNumber=YPM+IZ+104465&catalogNumber=YPM+IZ+106919&catalogNumber=YPM+IZ+106920&catalogNumber=YPM+IZ+106923&catalogNumber=YPM+IZ+106935&catalogNumber=YPM+IZ+106936&catalogNumber=YPM+IZ+106937&catalogNumber=YPM+IZ+106941&catalogNumber=YPM+IZ+106943&catalogNumber=YPM+IZ+106954&catalogNumber=YPM+IZ+106958&catalogNumber=YPM+IZ+110251&catalogNumber=YPM+IZ+110254&catalogNumber=YPM+IZ+110264&catalogNumber=YPM+IZ+110268&catalogNumber=YPM+IZ+110269&catalogNumber=YPM+IZ+110276&catalogNumber=YPM+IZ+110277&catalogNumber=YPM+IZ+110278&catalogNumber=YPM+IZ+110433&catalogNumber=YPM+IZ+110434&catalogNumber=YPM+IZ+110436&catalogNumber=YPM+IZ+110438&catalogNumber=YPM+IZ+110443&catalogNumber=YPM+IZ+110460&catalogNumber=YPM+IZ+110467&catalogNumber=YPM+IZ+110468	cohort_01.json	895e98c4fc942ab7d7a88a36b939ef457d89aa6b53c9aed51a7fd67ff354269a	searched_success_no_exact_match	0	Complete successful batch response; no matching occurrence returned.
Church2025:YPM-IZ-106923	YPM:IZ:106923	Church2025	Physalia utriculus	854e35e6-f762-11e1-a439-00145eb45e9a	YPM IZ 106923	cohort_01	https://api.gbif.org/v1/occurrence/search?datasetKey=854e35e6-f762-11e1-a439-00145eb45e9a&limit=300&catalogNumber=YPM+IZ+104460&catalogNumber=YPM+IZ+104461&catalogNumber=YPM+IZ+104464&catalogNumber=YPM+IZ+104465&catalogNumber=YPM+IZ+106919&catalogNumber=YPM+IZ+106920&catalogNumber=YPM+IZ+106923&catalogNumber=YPM+IZ+106935&catalogNumber=YPM+IZ+106936&catalogNumber=YPM+IZ+106937&catalogNumber=YPM+IZ+106941&catalogNumber=YPM+IZ+106943&catalogNumber=YPM+IZ+106954&catalogNumber=YPM+IZ+106958&catalogNumber=YPM+IZ+110251&catalogNumber=YPM+IZ+110254&catalogNumber=YPM+IZ+110264&catalogNumber=YPM+IZ+110268&catalogNumber=YPM+IZ+110269&catalogNumber=YPM+IZ+110276&catalogNumber=YPM+IZ+110277&catalogNumber=YPM+IZ+110278&catalogNumber=YPM+IZ+110433&catalogNumber=YPM+IZ+110434&catalogNumber=YPM+IZ+110436&catalogNumber=YPM+IZ+110438&catalogNumber=YPM+IZ+110443&catalogNumber=YPM+IZ+110460&catalogNumber=YPM+IZ+110467&catalogNumber=YPM+IZ+110468	cohort_01.json	895e98c4fc942ab7d7a88a36b939ef457d89aa6b53c9aed51a7fd67ff354269a	searched_success_no_exact_match	0	Complete successful batch response; no matching occurrence returned.
Church2025:YPM-IZ-106935	YPM:IZ:106935	Church2025	Physalia physalis	854e35e6-f762-11e1-a439-00145eb45e9a	YPM IZ 106935	cohort_01	https://api.gbif.org/v1/occurrence/search?datasetKey=854e35e6-f762-11e1-a439-00145eb45e9a&limit=300&catalogNumber=YPM+IZ+104460&catalogNumber=YPM+IZ+104461&catalogNumber=YPM+IZ+104464&catalogNumber=YPM+IZ+104465&catalogNumber=YPM+IZ+106919&catalogNumber=YPM+IZ+106920&catalogNumber=YPM+IZ+106923&catalogNumber=YPM+IZ+106935&catalogNumber=YPM+IZ+106936&catalogNumber=YPM+IZ+106937&catalogNumber=YPM+IZ+106941&catalogNumber=YPM+IZ+106943&catalogNumber=YPM+IZ+106954&catalogNumber=YPM+IZ+106958&catalogNumber=YPM+IZ+110251&catalogNumber=YPM+IZ+110254&catalogNumber=YPM+IZ+110264&catalogNumber=YPM+IZ+110268&catalogNumber=YPM+IZ+110269&catalogNumber=YPM+IZ+110276&catalogNumber=YPM+IZ+110277&catalogNumber=YPM+IZ+110278&catalogNumber=YPM+IZ+110433&catalogNumber=YPM+IZ+110434&catalogNumber=YPM+IZ+110436&catalogNumber=YPM+IZ+110438&catalogNumber=YPM+IZ+110443&catalogNumber=YPM+IZ+110460&catalogNumber=YPM+IZ+110467&catalogNumber=YPM+IZ+110468	cohort_01.json	895e98c4fc942ab7d7a88a36b939ef457d89aa6b53c9aed51a7fd67ff354269a	searched_success_no_exact_match	0	Complete successful batch response; no matching occurrence returned.
Church2025:YPM-IZ-106936	YPM:IZ:106936	Church2025	Physalia physalis	854e35e6-f762-11e1-a439-00145eb45e9a	YPM IZ 106936	cohort_01	https://api.gbif.org/v1/occurrence/search?datasetKey=854e35e6-f762-11e1-a439-00145eb45e9a&limit=300&catalogNumber=YPM+IZ+104460&catalogNumber=YPM+IZ+104461&catalogNumber=YPM+IZ+104464&catalogNumber=YPM+IZ+104465&catalogNumber=YPM+IZ+106919&catalogNumber=YPM+IZ+106920&catalogNumber=YPM+IZ+106923&catalogNumber=YPM+IZ+106935&catalogNumber=YPM+IZ+106936&catalogNumber=YPM+IZ+106937&catalogNumber=YPM+IZ+106941&catalogNumber=YPM+IZ+106943&catalogNumber=YPM+IZ+106954&catalogNumber=YPM+IZ+106958&catalogNumber=YPM+IZ+110251&catalogNumber=YPM+IZ+110254&catalogNumber=YPM+IZ+110264&catalogNumber=YPM+IZ+110268&catalogNumber=YPM+IZ+110269&catalogNumber=YPM+IZ+110276&catalogNumber=YPM+IZ+110277&catalogNumber=YPM+IZ+110278&catalogNumber=YPM+IZ+110433&catalogNumber=YPM+IZ+110434&catalogNumber=YPM+IZ+110436&catalogNumber=YPM+IZ+110438&catalogNumber=YPM+IZ+110443&catalogNumber=YPM+IZ+110460&catalogNumber=YPM+IZ+110467&catalogNumber=YPM+IZ+110468	cohort_01.json	895e98c4fc942ab7d7a88a36b939ef457d89aa6b53c9aed51a7fd67ff354269a	searched_success_no_exact_match	0	Complete successful batch response; no matching occurrence returned.
Church2025:YPM-IZ-106937	YPM:IZ:106937	Church2025	Physalia physalis	854e35e6-f762-11e1-a439-00145eb45e9a	YPM IZ 106937	cohort_01	https://api.gbif.org/v1/occurrence/search?datasetKey=854e35e6-f762-11e1-a439-00145eb45e9a&limit=300&catalogNumber=YPM+IZ+104460&catalogNumber=YPM+IZ+104461&catalogNumber=YPM+IZ+104464&catalogNumber=YPM+IZ+104465&catalogNumber=YPM+IZ+106919&catalogNumber=YPM+IZ+106920&catalogNumber=YPM+IZ+106923&catalogNumber=YPM+IZ+106935&catalogNumber=YPM+IZ+106936&catalogNumber=YPM+IZ+106937&catalogNumber=YPM+IZ+106941&catalogNumber=YPM+IZ+106943&catalogNumber=YPM+IZ+106954&catalogNumber=YPM+IZ+106958&catalogNumber=YPM+IZ+110251&catalogNumber=YPM+IZ+110254&catalogNumber=YPM+IZ+110264&catalogNumber=YPM+IZ+110268&catalogNumber=YPM+IZ+110269&catalogNumber=YPM+IZ+110276&catalogNumber=YPM+IZ+110277&catalogNumber=YPM+IZ+110278&catalogNumber=YPM+IZ+110433&catalogNumber=YPM+IZ+110434&catalogNumber=YPM+IZ+110436&catalogNumber=YPM+IZ+110438&catalogNumber=YPM+IZ+110443&catalogNumber=YPM+IZ+110460&catalogNumber=YPM+IZ+110467&catalogNumber=YPM+IZ+110468	cohort_01.json	895e98c4fc942ab7d7a88a36b939ef457d89aa6b53c9aed51a7fd67ff354269a	searched_success_no_exact_match	0	Complete successful batch response; no matching occurrence returned.
Church2025:YPM-IZ-106941	YPM:IZ:106941	Church2025	Physalia physalis	854e35e6-f762-11e1-a439-00145eb45e9a	YPM IZ 106941	cohort_01	https://api.gbif.org/v1/occurrence/search?datasetKey=854e35e6-f762-11e1-a439-00145eb45e9a&limit=300&catalogNumber=YPM+IZ+104460&catalogNumber=YPM+IZ+104461&catalogNumber=YPM+IZ+104464&catalogNumber=YPM+IZ+104465&catalogNumber=YPM+IZ+106919&catalogNumber=YPM+IZ+106920&catalogNumber=YPM+IZ+106923&catalogNumber=YPM+IZ+106935&catalogNumber=YPM+IZ+106936&catalogNumber=YPM+IZ+106937&catalogNumber=YPM+IZ+106941&catalogNumber=YPM+IZ+106943&catalogNumber=YPM+IZ+106954&catalogNumber=YPM+IZ+106958&catalogNumber=YPM+IZ+110251&catalogNumber=YPM+IZ+110254&catalogNumber=YPM+IZ+110264&catalogNumber=YPM+IZ+110268&catalogNumber=YPM+IZ+110269&catalogNumber=YPM+IZ+110276&catalogNumber=YPM+IZ+110277&catalogNumber=YPM+IZ+110278&catalogNumber=YPM+IZ+110433&catalogNumber=YPM+IZ+110434&catalogNumber=YPM+IZ+110436&catalogNumber=YPM+IZ+110438&catalogNumber=YPM+IZ+110443&catalogNumber=YPM+IZ+110460&catalogNumber=YPM+IZ+110467&catalogNumber=YPM+IZ+110468	cohort_01.json	895e98c4fc942ab7d7a88a36b939ef457d89aa6b53c9aed51a7fd67ff354269a	searched_success_no_exact_match	0	Complete successful batch response; no matching occurrence returned.
Church2025:YPM-IZ-106943	YPM:IZ:106943	Church2025	Physalia physalis	854e35e6-f762-11e1-a439-00145eb45e9a	YPM IZ 106943	cohort_01	https://api.gbif.org/v1/occurrence/search?datasetKey=854e35e6-f762-11e1-a439-00145eb45e9a&limit=300&catalogNumber=YPM+IZ+104460&catalogNumber=YPM+IZ+104461&catalogNumber=YPM+IZ+104464&catalogNumber=YPM+IZ+104465&catalogNumber=YPM+IZ+106919&catalogNumber=YPM+IZ+106920&catalogNumber=YPM+IZ+106923&catalogNumber=YPM+IZ+106935&catalogNumber=YPM+IZ+106936&catalogNumber=YPM+IZ+106937&catalogNumber=YPM+IZ+106941&catalogNumber=YPM+IZ+106943&catalogNumber=YPM+IZ+106954&catalogNumber=YPM+IZ+106958&catalogNumber=YPM+IZ+110251&catalogNumber=YPM+IZ+110254&catalogNumber=YPM+IZ+110264&catalogNumber=YPM+IZ+110268&catalogNumber=YPM+IZ+110269&catalogNumber=YPM+IZ+110276&catalogNumber=YPM+IZ+110277&catalogNumber=YPM+IZ+110278&catalogNumber=YPM+IZ+110433&catalogNumber=YPM+IZ+110434&catalogNumber=YPM+IZ+110436&catalogNumber=YPM+IZ+110438&catalogNumber=YPM+IZ+110443&catalogNumber=YPM+IZ+110460&catalogNumber=YPM+IZ+110467&catalogNumber=YPM+IZ+110468	cohort_01.json	895e98c4fc942ab7d7a88a36b939ef457d89aa6b53c9aed51a7fd67ff354269a	searched_success_no_exact_match	0	Complete successful batch response; no matching occurrence returned.
Church2025:YPM-IZ-106954	YPM:IZ:106954	Church2025	Physalia physalis	854e35e6-f762-11e1-a439-00145eb45e9a	YPM IZ 106954	cohort_01	https://api.gbif.org/v1/occurrence/search?datasetKey=854e35e6-f762-11e1-a439-00145eb45e9a&limit=300&catalogNumber=YPM+IZ+104460&catalogNumber=YPM+IZ+104461&catalogNumber=YPM+IZ+104464&catalogNumber=YPM+IZ+104465&catalogNumber=YPM+IZ+106919&catalogNumber=YPM+IZ+106920&catalogNumber=YPM+IZ+106923&catalogNumber=YPM+IZ+106935&catalogNumber=YPM+IZ+106936&catalogNumber=YPM+IZ+106937&catalogNumber=YPM+IZ+106941&catalogNumber=YPM+IZ+106943&catalogNumber=YPM+IZ+106954&catalogNumber=YPM+IZ+106958&catalogNumber=YPM+IZ+110251&catalogNumber=YPM+IZ+110254&catalogNumber=YPM+IZ+110264&catalogNumber=YPM+IZ+110268&catalogNumber=YPM+IZ+110269&catalogNumber=YPM+IZ+110276&catalogNumber=YPM+IZ+110277&catalogNumber=YPM+IZ+110278&catalogNumber=YPM+IZ+110433&catalogNumber=YPM+IZ+110434&catalogNumber=YPM+IZ+110436&catalogNumber=YPM+IZ+110438&catalogNumber=YPM+IZ+110443&catalogNumber=YPM+IZ+110460&catalogNumber=YPM+IZ+110467&catalogNumber=YPM+IZ+110468	cohort_01.json	895e98c4fc942ab7d7a88a36b939ef457d89aa6b53c9aed51a7fd67ff354269a	searched_success_no_exact_match	0	Complete successful batch response; no matching occurrence returned.
Church2025:YPM-IZ-106958	YPM:IZ:106958	Church2025	Physalia physalis	854e35e6-f762-11e1-a439-00145eb45e9a	YPM IZ 106958	cohort_01	https://api.gbif.org/v1/occurrence/search?datasetKey=854e35e6-f762-11e1-a439-00145eb45e9a&limit=300&catalogNumber=YPM+IZ+104460&catalogNumber=YPM+IZ+104461&catalogNumber=YPM+IZ+104464&catalogNumber=YPM+IZ+104465&catalogNumber=YPM+IZ+106919&catalogNumber=YPM+IZ+106920&catalogNumber=YPM+IZ+106923&catalogNumber=YPM+IZ+106935&catalogNumber=YPM+IZ+106936&catalogNumber=YPM+IZ+106937&catalogNumber=YPM+IZ+106941&catalogNumber=YPM+IZ+106943&catalogNumber=YPM+IZ+106954&catalogNumber=YPM+IZ+106958&catalogNumber=YPM+IZ+110251&catalogNumber=YPM+IZ+110254&catalogNumber=YPM+IZ+110264&catalogNumber=YPM+IZ+110268&catalogNumber=YPM+IZ+110269&catalogNumber=YPM+IZ+110276&catalogNumber=YPM+IZ+110277&catalogNumber=YPM+IZ+110278&catalogNumber=YPM+IZ+110433&catalogNumber=YPM+IZ+110434&catalogNumber=YPM+IZ+110436&catalogNumber=YPM+IZ+110438&catalogNumber=YPM+IZ+110443&catalogNumber=YPM+IZ+110460&catalogNumber=YPM+IZ+110467&catalogNumber=YPM+IZ+110468	cohort_01.json	895e98c4fc942ab7d7a88a36b939ef457d89aa6b53c9aed51a7fd67ff354269a	searched_success_no_exact_match	0	Complete successful batch response; no matching occurrence returned.
Church2025:YPM-IZ-110251	YPM:IZ:110251	Church2025	Physalia physalis	854e35e6-f762-11e1-a439-00145eb45e9a	YPM IZ 110251	cohort_01	https://api.gbif.org/v1/occurrence/search?datasetKey=854e35e6-f762-11e1-a439-00145eb45e9a&limit=300&catalogNumber=YPM+IZ+104460&catalogNumber=YPM+IZ+104461&catalogNumber=YPM+IZ+104464&catalogNumber=YPM+IZ+104465&catalogNumber=YPM+IZ+106919&catalogNumber=YPM+IZ+106920&catalogNumber=YPM+IZ+106923&catalogNumber=YPM+IZ+106935&catalogNumber=YPM+IZ+106936&catalogNumber=YPM+IZ+106937&catalogNumber=YPM+IZ+106941&catalogNumber=YPM+IZ+106943&catalogNumber=YPM+IZ+106954&catalogNumber=YPM+IZ+106958&catalogNumber=YPM+IZ+110251&catalogNumber=YPM+IZ+110254&catalogNumber=YPM+IZ+110264&catalogNumber=YPM+IZ+110268&catalogNumber=YPM+IZ+110269&catalogNumber=YPM+IZ+110276&catalogNumber=YPM+IZ+110277&catalogNumber=YPM+IZ+110278&catalogNumber=YPM+IZ+110433&catalogNumber=YPM+IZ+110434&catalogNumber=YPM+IZ+110436&catalogNumber=YPM+IZ+110438&catalogNumber=YPM+IZ+110443&catalogNumber=YPM+IZ+110460&catalogNumber=YPM+IZ+110467&catalogNumber=YPM+IZ+110468	cohort_01.json	895e98c4fc942ab7d7a88a36b939ef457d89aa6b53c9aed51a7fd67ff354269a	searched_success_no_exact_match	0	Complete successful batch response; no matching occurrence returned.
Church2025:YPM-IZ-110254	YPM:IZ:110254	Church2025	Physalia physalis	854e35e6-f762-11e1-a439-00145eb45e9a	YPM IZ 110254	cohort_01	https://api.gbif.org/v1/occurrence/search?datasetKey=854e35e6-f762-11e1-a439-00145eb45e9a&limit=300&catalogNumber=YPM+IZ+104460&catalogNumber=YPM+IZ+104461&catalogNumber=YPM+IZ+104464&catalogNumber=YPM+IZ+104465&catalogNumber=YPM+IZ+106919&catalogNumber=YPM+IZ+106920&catalogNumber=YPM+IZ+106923&catalogNumber=YPM+IZ+106935&catalogNumber=YPM+IZ+106936&catalogNumber=YPM+IZ+106937&catalogNumber=YPM+IZ+106941&catalogNumber=YPM+IZ+106943&catalogNumber=YPM+IZ+106954&catalogNumber=YPM+IZ+106958&catalogNumber=YPM+IZ+110251&catalogNumber=YPM+IZ+110254&catalogNumber=YPM+IZ+110264&catalogNumber=YPM+IZ+110268&catalogNumber=YPM+IZ+110269&catalogNumber=YPM+IZ+110276&catalogNumber=YPM+IZ+110277&catalogNumber=YPM+IZ+110278&catalogNumber=YPM+IZ+110433&catalogNumber=YPM+IZ+110434&catalogNumber=YPM+IZ+110436&catalogNumber=YPM+IZ+110438&catalogNumber=YPM+IZ+110443&catalogNumber=YPM+IZ+110460&catalogNumber=YPM+IZ+110467&catalogNumber=YPM+IZ+110468	cohort_01.json	895e98c4fc942ab7d7a88a36b939ef457d89aa6b53c9aed51a7fd67ff354269a	searched_success_no_exact_match	0	Complete successful batch response; no matching occurrence returned.
Church2025:YPM-IZ-110264	YPM:IZ:110264	Church2025	Physalia utriculus	854e35e6-f762-11e1-a439-00145eb45e9a	YPM IZ 110264	cohort_01	https://api.gbif.org/v1/occurrence/search?datasetKey=854e35e6-f762-11e1-a439-00145eb45e9a&limit=300&catalogNumber=YPM+IZ+104460&catalogNumber=YPM+IZ+104461&catalogNumber=YPM+IZ+104464&catalogNumber=YPM+IZ+104465&catalogNumber=YPM+IZ+106919&catalogNumber=YPM+IZ+106920&catalogNumber=YPM+IZ+106923&catalogNumber=YPM+IZ+106935&catalogNumber=YPM+IZ+106936&catalogNumber=YPM+IZ+106937&catalogNumber=YPM+IZ+106941&catalogNumber=YPM+IZ+106943&catalogNumber=YPM+IZ+106954&catalogNumber=YPM+IZ+106958&catalogNumber=YPM+IZ+110251&catalogNumber=YPM+IZ+110254&catalogNumber=YPM+IZ+110264&catalogNumber=YPM+IZ+110268&catalogNumber=YPM+IZ+110269&catalogNumber=YPM+IZ+110276&catalogNumber=YPM+IZ+110277&catalogNumber=YPM+IZ+110278&catalogNumber=YPM+IZ+110433&catalogNumber=YPM+IZ+110434&catalogNumber=YPM+IZ+110436&catalogNumber=YPM+IZ+110438&catalogNumber=YPM+IZ+110443&catalogNumber=YPM+IZ+110460&catalogNumber=YPM+IZ+110467&catalogNumber=YPM+IZ+110468	cohort_01.json	895e98c4fc942ab7d7a88a36b939ef457d89aa6b53c9aed51a7fd67ff354269a	searched_success_no_exact_match	0	Complete successful batch response; no matching occurrence returned.
Church2025:YPM-IZ-110268	YPM:IZ:110268	Church2025	Physalia utriculus	854e35e6-f762-11e1-a439-00145eb45e9a	YPM IZ 110268	cohort_01	https://api.gbif.org/v1/occurrence/search?datasetKey=854e35e6-f762-11e1-a439-00145eb45e9a&limit=300&catalogNumber=YPM+IZ+104460&catalogNumber=YPM+IZ+104461&catalogNumber=YPM+IZ+104464&catalogNumber=YPM+IZ+104465&catalogNumber=YPM+IZ+106919&catalogNumber=YPM+IZ+106920&catalogNumber=YPM+IZ+106923&catalogNumber=YPM+IZ+106935&catalogNumber=YPM+IZ+106936&catalogNumber=YPM+IZ+106937&catalogNumber=YPM+IZ+106941&catalogNumber=YPM+IZ+106943&catalogNumber=YPM+IZ+106954&catalogNumber=YPM+IZ+106958&catalogNumber=YPM+IZ+110251&catalogNumber=YPM+IZ+110254&catalogNumber=YPM+IZ+110264&catalogNumber=YPM+IZ+110268&catalogNumber=YPM+IZ+110269&catalogNumber=YPM+IZ+110276&catalogNumber=YPM+IZ+110277&catalogNumber=YPM+IZ+110278&catalogNumber=YPM+IZ+110433&catalogNumber=YPM+IZ+110434&catalogNumber=YPM+IZ+110436&catalogNumber=YPM+IZ+110438&catalogNumber=YPM+IZ+110443&catalogNumber=YPM+IZ+110460&catalogNumber=YPM+IZ+110467&catalogNumber=YPM+IZ+110468	cohort_01.json	895e98c4fc942ab7d7a88a36b939ef457d89aa6b53c9aed51a7fd67ff354269a	searched_success_no_exact_match	0	Complete successful batch response; no matching occurrence returned.
Church2025:YPM-IZ-110269	YPM:IZ:110269	Church2025	Physalia utriculus	854e35e6-f762-11e1-a439-00145eb45e9a	YPM IZ 110269	cohort_01	https://api.gbif.org/v1/occurrence/search?datasetKey=854e35e6-f762-11e1-a439-00145eb45e9a&limit=300&catalogNumber=YPM+IZ+104460&catalogNumber=YPM+IZ+104461&catalogNumber=YPM+IZ+104464&catalogNumber=YPM+IZ+104465&catalogNumber=YPM+IZ+106919&catalogNumber=YPM+IZ+106920&catalogNumber=YPM+IZ+106923&catalogNumber=YPM+IZ+106935&catalogNumber=YPM+IZ+106936&catalogNumber=YPM+IZ+106937&catalogNumber=YPM+IZ+106941&catalogNumber=YPM+IZ+106943&catalogNumber=YPM+IZ+106954&catalogNumber=YPM+IZ+106958&catalogNumber=YPM+IZ+110251&catalogNumber=YPM+IZ+110254&catalogNumber=YPM+IZ+110264&catalogNumber=YPM+IZ+110268&catalogNumber=YPM+IZ+110269&catalogNumber=YPM+IZ+110276&catalogNumber=YPM+IZ+110277&catalogNumber=YPM+IZ+110278&catalogNumber=YPM+IZ+110433&catalogNumber=YPM+IZ+110434&catalogNumber=YPM+IZ+110436&catalogNumber=YPM+IZ+110438&catalogNumber=YPM+IZ+110443&catalogNumber=YPM+IZ+110460&catalogNumber=YPM+IZ+110467&catalogNumber=YPM+IZ+110468	cohort_01.json	895e98c4fc942ab7d7a88a36b939ef457d89aa6b53c9aed51a7fd67ff354269a	searched_success_no_exact_match	0	Complete successful batch response; no matching occurrence returned.
Church2025:YPM-IZ-110276	YPM:IZ:110276	Church2025	Physalia utriculus	854e35e6-f762-11e1-a439-00145eb45e9a	YPM IZ 110276	cohort_01	https://api.gbif.org/v1/occurrence/search?datasetKey=854e35e6-f762-11e1-a439-00145eb45e9a&limit=300&catalogNumber=YPM+IZ+104460&catalogNumber=YPM+IZ+104461&catalogNumber=YPM+IZ+104464&catalogNumber=YPM+IZ+104465&catalogNumber=YPM+IZ+106919&catalogNumber=YPM+IZ+106920&catalogNumber=YPM+IZ+106923&catalogNumber=YPM+IZ+106935&catalogNumber=YPM+IZ+106936&catalogNumber=YPM+IZ+106937&catalogNumber=YPM+IZ+106941&catalogNumber=YPM+IZ+106943&catalogNumber=YPM+IZ+106954&catalogNumber=YPM+IZ+106958&catalogNumber=YPM+IZ+110251&catalogNumber=YPM+IZ+110254&catalogNumber=YPM+IZ+110264&catalogNumber=YPM+IZ+110268&catalogNumber=YPM+IZ+110269&catalogNumber=YPM+IZ+110276&catalogNumber=YPM+IZ+110277&catalogNumber=YPM+IZ+110278&catalogNumber=YPM+IZ+110433&catalogNumber=YPM+IZ+110434&catalogNumber=YPM+IZ+110436&catalogNumber=YPM+IZ+110438&catalogNumber=YPM+IZ+110443&catalogNumber=YPM+IZ+110460&catalogNumber=YPM+IZ+110467&catalogNumber=YPM+IZ+110468	cohort_01.json	895e98c4fc942ab7d7a88a36b939ef457d89aa6b53c9aed51a7fd67ff354269a	searched_success_no_exact_match	0	Complete successful batch response; no matching occurrence returned.
Church2025:YPM-IZ-110277	YPM:IZ:110277	Church2025	Physalia utriculus	854e35e6-f762-11e1-a439-00145eb45e9a	YPM IZ 110277	cohort_01	https://api.gbif.org/v1/occurrence/search?datasetKey=854e35e6-f762-11e1-a439-00145eb45e9a&limit=300&catalogNumber=YPM+IZ+104460&catalogNumber=YPM+IZ+104461&catalogNumber=YPM+IZ+104464&catalogNumber=YPM+IZ+104465&catalogNumber=YPM+IZ+106919&catalogNumber=YPM+IZ+106920&catalogNumber=YPM+IZ+106923&catalogNumber=YPM+IZ+106935&catalogNumber=YPM+IZ+106936&catalogNumber=YPM+IZ+106937&catalogNumber=YPM+IZ+106941&catalogNumber=YPM+IZ+106943&catalogNumber=YPM+IZ+106954&catalogNumber=YPM+IZ+106958&catalogNumber=YPM+IZ+110251&catalogNumber=YPM+IZ+110254&catalogNumber=YPM+IZ+110264&catalogNumber=YPM+IZ+110268&catalogNumber=YPM+IZ+110269&catalogNumber=YPM+IZ+110276&catalogNumber=YPM+IZ+110277&catalogNumber=YPM+IZ+110278&catalogNumber=YPM+IZ+110433&catalogNumber=YPM+IZ+110434&catalogNumber=YPM+IZ+110436&catalogNumber=YPM+IZ+110438&catalogNumber=YPM+IZ+110443&catalogNumber=YPM+IZ+110460&catalogNumber=YPM+IZ+110467&catalogNumber=YPM+IZ+110468	cohort_01.json	895e98c4fc942ab7d7a88a36b939ef457d89aa6b53c9aed51a7fd67ff354269a	searched_success_no_exact_match	0	Complete successful batch response; no matching occurrence returned.
Church2025:YPM-IZ-110278	YPM:IZ:110278	Church2025	Physalia utriculus	854e35e6-f762-11e1-a439-00145eb45e9a	YPM IZ 110278	cohort_01	https://api.gbif.org/v1/occurrence/search?datasetKey=854e35e6-f762-11e1-a439-00145eb45e9a&limit=300&catalogNumber=YPM+IZ+104460&catalogNumber=YPM+IZ+104461&catalogNumber=YPM+IZ+104464&catalogNumber=YPM+IZ+104465&catalogNumber=YPM+IZ+106919&catalogNumber=YPM+IZ+106920&catalogNumber=YPM+IZ+106923&catalogNumber=YPM+IZ+106935&catalogNumber=YPM+IZ+106936&catalogNumber=YPM+IZ+106937&catalogNumber=YPM+IZ+106941&catalogNumber=YPM+IZ+106943&catalogNumber=YPM+IZ+106954&catalogNumber=YPM+IZ+106958&catalogNumber=YPM+IZ+110251&catalogNumber=YPM+IZ+110254&catalogNumber=YPM+IZ+110264&catalogNumber=YPM+IZ+110268&catalogNumber=YPM+IZ+110269&catalogNumber=YPM+IZ+110276&catalogNumber=YPM+IZ+110277&catalogNumber=YPM+IZ+110278&catalogNumber=YPM+IZ+110433&catalogNumber=YPM+IZ+110434&catalogNumber=YPM+IZ+110436&catalogNumber=YPM+IZ+110438&catalogNumber=YPM+IZ+110443&catalogNumber=YPM+IZ+110460&catalogNumber=YPM+IZ+110467&catalogNumber=YPM+IZ+110468	cohort_01.json	895e98c4fc942ab7d7a88a36b939ef457d89aa6b53c9aed51a7fd67ff354269a	searched_success_no_exact_match	0	Complete successful batch response; no matching occurrence returned.
Church2025:YPM-IZ-110433	YPM:IZ:110433	Church2025	Physalia physalis	854e35e6-f762-11e1-a439-00145eb45e9a	YPM IZ 110433	cohort_01	https://api.gbif.org/v1/occurrence/search?datasetKey=854e35e6-f762-11e1-a439-00145eb45e9a&limit=300&catalogNumber=YPM+IZ+104460&catalogNumber=YPM+IZ+104461&catalogNumber=YPM+IZ+104464&catalogNumber=YPM+IZ+104465&catalogNumber=YPM+IZ+106919&catalogNumber=YPM+IZ+106920&catalogNumber=YPM+IZ+106923&catalogNumber=YPM+IZ+106935&catalogNumber=YPM+IZ+106936&catalogNumber=YPM+IZ+106937&catalogNumber=YPM+IZ+106941&catalogNumber=YPM+IZ+106943&catalogNumber=YPM+IZ+106954&catalogNumber=YPM+IZ+106958&catalogNumber=YPM+IZ+110251&catalogNumber=YPM+IZ+110254&catalogNumber=YPM+IZ+110264&catalogNumber=YPM+IZ+110268&catalogNumber=YPM+IZ+110269&catalogNumber=YPM+IZ+110276&catalogNumber=YPM+IZ+110277&catalogNumber=YPM+IZ+110278&catalogNumber=YPM+IZ+110433&catalogNumber=YPM+IZ+110434&catalogNumber=YPM+IZ+110436&catalogNumber=YPM+IZ+110438&catalogNumber=YPM+IZ+110443&catalogNumber=YPM+IZ+110460&catalogNumber=YPM+IZ+110467&catalogNumber=YPM+IZ+110468	cohort_01.json	895e98c4fc942ab7d7a88a36b939ef457d89aa6b53c9aed51a7fd67ff354269a	searched_success_no_exact_match	0	Complete successful batch response; no matching occurrence returned.
Church2025:YPM-IZ-110434	YPM:IZ:110434	Church2025	Physalia physalis	854e35e6-f762-11e1-a439-00145eb45e9a	YPM IZ 110434	cohort_01	https://api.gbif.org/v1/occurrence/search?datasetKey=854e35e6-f762-11e1-a439-00145eb45e9a&limit=300&catalogNumber=YPM+IZ+104460&catalogNumber=YPM+IZ+104461&catalogNumber=YPM+IZ+104464&catalogNumber=YPM+IZ+104465&catalogNumber=YPM+IZ+106919&catalogNumber=YPM+IZ+106920&catalogNumber=YPM+IZ+106923&catalogNumber=YPM+IZ+106935&catalogNumber=YPM+IZ+106936&catalogNumber=YPM+IZ+106937&catalogNumber=YPM+IZ+106941&catalogNumber=YPM+IZ+106943&catalogNumber=YPM+IZ+106954&catalogNumber=YPM+IZ+106958&catalogNumber=YPM+IZ+110251&catalogNumber=YPM+IZ+110254&catalogNumber=YPM+IZ+110264&catalogNumber=YPM+IZ+110268&catalogNumber=YPM+IZ+110269&catalogNumber=YPM+IZ+110276&catalogNumber=YPM+IZ+110277&catalogNumber=YPM+IZ+110278&catalogNumber=YPM+IZ+110433&catalogNumber=YPM+IZ+110434&catalogNumber=YPM+IZ+110436&catalogNumber=YPM+IZ+110438&catalogNumber=YPM+IZ+110443&catalogNumber=YPM+IZ+110460&catalogNumber=YPM+IZ+110467&catalogNumber=YPM+IZ+110468	cohort_01.json	895e98c4fc942ab7d7a88a36b939ef457d89aa6b53c9aed51a7fd67ff354269a	searched_success_no_exact_match	0	Complete successful batch response; no matching occurrence returned.
Church2025:YPM-IZ-110436	YPM:IZ:110436	Church2025	Physalia physalis	854e35e6-f762-11e1-a439-00145eb45e9a	YPM IZ 110436	cohort_01	https://api.gbif.org/v1/occurrence/search?datasetKey=854e35e6-f762-11e1-a439-00145eb45e9a&limit=300&catalogNumber=YPM+IZ+104460&catalogNumber=YPM+IZ+104461&catalogNumber=YPM+IZ+104464&catalogNumber=YPM+IZ+104465&catalogNumber=YPM+IZ+106919&catalogNumber=YPM+IZ+106920&catalogNumber=YPM+IZ+106923&catalogNumber=YPM+IZ+106935&catalogNumber=YPM+IZ+106936&catalogNumber=YPM+IZ+106937&catalogNumber=YPM+IZ+106941&catalogNumber=YPM+IZ+106943&catalogNumber=YPM+IZ+106954&catalogNumber=YPM+IZ+106958&catalogNumber=YPM+IZ+110251&catalogNumber=YPM+IZ+110254&catalogNumber=YPM+IZ+110264&catalogNumber=YPM+IZ+110268&catalogNumber=YPM+IZ+110269&catalogNumber=YPM+IZ+110276&catalogNumber=YPM+IZ+110277&catalogNumber=YPM+IZ+110278&catalogNumber=YPM+IZ+110433&catalogNumber=YPM+IZ+110434&catalogNumber=YPM+IZ+110436&catalogNumber=YPM+IZ+110438&catalogNumber=YPM+IZ+110443&catalogNumber=YPM+IZ+110460&catalogNumber=YPM+IZ+110467&catalogNumber=YPM+IZ+110468	cohort_01.json	895e98c4fc942ab7d7a88a36b939ef457d89aa6b53c9aed51a7fd67ff354269a	searched_success_no_exact_match	0	Complete successful batch response; no matching occurrence returned.
Church2025:YPM-IZ-110438	YPM:IZ:110438	Church2025	Physalia physalis	854e35e6-f762-11e1-a439-00145eb45e9a	YPM IZ 110438	cohort_01	https://api.gbif.org/v1/occurrence/search?datasetKey=854e35e6-f762-11e1-a439-00145eb45e9a&limit=300&catalogNumber=YPM+IZ+104460&catalogNumber=YPM+IZ+104461&catalogNumber=YPM+IZ+104464&catalogNumber=YPM+IZ+104465&catalogNumber=YPM+IZ+106919&catalogNumber=YPM+IZ+106920&catalogNumber=YPM+IZ+106923&catalogNumber=YPM+IZ+106935&catalogNumber=YPM+IZ+106936&catalogNumber=YPM+IZ+106937&catalogNumber=YPM+IZ+106941&catalogNumber=YPM+IZ+106943&catalogNumber=YPM+IZ+106954&catalogNumber=YPM+IZ+106958&catalogNumber=YPM+IZ+110251&catalogNumber=YPM+IZ+110254&catalogNumber=YPM+IZ+110264&catalogNumber=YPM+IZ+110268&catalogNumber=YPM+IZ+110269&catalogNumber=YPM+IZ+110276&catalogNumber=YPM+IZ+110277&catalogNumber=YPM+IZ+110278&catalogNumber=YPM+IZ+110433&catalogNumber=YPM+IZ+110434&catalogNumber=YPM+IZ+110436&catalogNumber=YPM+IZ+110438&catalogNumber=YPM+IZ+110443&catalogNumber=YPM+IZ+110460&catalogNumber=YPM+IZ+110467&catalogNumber=YPM+IZ+110468	cohort_01.json	895e98c4fc942ab7d7a88a36b939ef457d89aa6b53c9aed51a7fd67ff354269a	searched_success_no_exact_match	0	Complete successful batch response; no matching occurrence returned.
Church2025:YPM-IZ-110443	YPM:IZ:110443	Church2025	Physalia physalis	854e35e6-f762-11e1-a439-00145eb45e9a	YPM IZ 110443	cohort_01	https://api.gbif.org/v1/occurrence/search?datasetKey=854e35e6-f762-11e1-a439-00145eb45e9a&limit=300&catalogNumber=YPM+IZ+104460&catalogNumber=YPM+IZ+104461&catalogNumber=YPM+IZ+104464&catalogNumber=YPM+IZ+104465&catalogNumber=YPM+IZ+106919&catalogNumber=YPM+IZ+106920&catalogNumber=YPM+IZ+106923&catalogNumber=YPM+IZ+106935&catalogNumber=YPM+IZ+106936&catalogNumber=YPM+IZ+106937&catalogNumber=YPM+IZ+106941&catalogNumber=YPM+IZ+106943&catalogNumber=YPM+IZ+106954&catalogNumber=YPM+IZ+106958&catalogNumber=YPM+IZ+110251&catalogNumber=YPM+IZ+110254&catalogNumber=YPM+IZ+110264&catalogNumber=YPM+IZ+110268&catalogNumber=YPM+IZ+110269&catalogNumber=YPM+IZ+110276&catalogNumber=YPM+IZ+110277&catalogNumber=YPM+IZ+110278&catalogNumber=YPM+IZ+110433&catalogNumber=YPM+IZ+110434&catalogNumber=YPM+IZ+110436&catalogNumber=YPM+IZ+110438&catalogNumber=YPM+IZ+110443&catalogNumber=YPM+IZ+110460&catalogNumber=YPM+IZ+110467&catalogNumber=YPM+IZ+110468	cohort_01.json	895e98c4fc942ab7d7a88a36b939ef457d89aa6b53c9aed51a7fd67ff354269a	searched_success_no_exact_match	0	Complete successful batch response; no matching occurrence returned.
Church2025:YPM-IZ-110460	YPM:IZ:110460	Church2025	Physalia utriculus	854e35e6-f762-11e1-a439-00145eb45e9a	YPM IZ 110460	cohort_01	https://api.gbif.org/v1/occurrence/search?datasetKey=854e35e6-f762-11e1-a439-00145eb45e9a&limit=300&catalogNumber=YPM+IZ+104460&catalogNumber=YPM+IZ+104461&catalogNumber=YPM+IZ+104464&catalogNumber=YPM+IZ+104465&catalogNumber=YPM+IZ+106919&catalogNumber=YPM+IZ+106920&catalogNumber=YPM+IZ+106923&catalogNumber=YPM+IZ+106935&catalogNumber=YPM+IZ+106936&catalogNumber=YPM+IZ+106937&catalogNumber=YPM+IZ+106941&catalogNumber=YPM+IZ+106943&catalogNumber=YPM+IZ+106954&catalogNumber=YPM+IZ+106958&catalogNumber=YPM+IZ+110251&catalogNumber=YPM+IZ+110254&catalogNumber=YPM+IZ+110264&catalogNumber=YPM+IZ+110268&catalogNumber=YPM+IZ+110269&catalogNumber=YPM+IZ+110276&catalogNumber=YPM+IZ+110277&catalogNumber=YPM+IZ+110278&catalogNumber=YPM+IZ+110433&catalogNumber=YPM+IZ+110434&catalogNumber=YPM+IZ+110436&catalogNumber=YPM+IZ+110438&catalogNumber=YPM+IZ+110443&catalogNumber=YPM+IZ+110460&catalogNumber=YPM+IZ+110467&catalogNumber=YPM+IZ+110468	cohort_01.json	895e98c4fc942ab7d7a88a36b939ef457d89aa6b53c9aed51a7fd67ff354269a	searched_success_no_exact_match	0	Complete successful batch response; no matching occurrence returned.
Church2025:YPM-IZ-110467	YPM:IZ:110467	Church2025	Physalia minuta	854e35e6-f762-11e1-a439-00145eb45e9a	YPM IZ 110467	cohort_01	https://api.gbif.org/v1/occurrence/search?datasetKey=854e35e6-f762-11e1-a439-00145eb45e9a&limit=300&catalogNumber=YPM+IZ+104460&catalogNumber=YPM+IZ+104461&catalogNumber=YPM+IZ+104464&catalogNumber=YPM+IZ+104465&catalogNumber=YPM+IZ+106919&catalogNumber=YPM+IZ+106920&catalogNumber=YPM+IZ+106923&catalogNumber=YPM+IZ+106935&catalogNumber=YPM+IZ+106936&catalogNumber=YPM+IZ+106937&catalogNumber=YPM+IZ+106941&catalogNumber=YPM+IZ+106943&catalogNumber=YPM+IZ+106954&catalogNumber=YPM+IZ+106958&catalogNumber=YPM+IZ+110251&catalogNumber=YPM+IZ+110254&catalogNumber=YPM+IZ+110264&catalogNumber=YPM+IZ+110268&catalogNumber=YPM+IZ+110269&catalogNumber=YPM+IZ+110276&catalogNumber=YPM+IZ+110277&catalogNumber=YPM+IZ+110278&catalogNumber=YPM+IZ+110433&catalogNumber=YPM+IZ+110434&catalogNumber=YPM+IZ+110436&catalogNumber=YPM+IZ+110438&catalogNumber=YPM+IZ+110443&catalogNumber=YPM+IZ+110460&catalogNumber=YPM+IZ+110467&catalogNumber=YPM+IZ+110468	cohort_01.json	895e98c4fc942ab7d7a88a36b939ef457d89aa6b53c9aed51a7fd67ff354269a	searched_success_no_exact_match	0	Complete successful batch response; no matching occurrence returned.
Church2025:YPM-IZ-110468	YPM:IZ:110468	Church2025	Physalia minuta	854e35e6-f762-11e1-a439-00145eb45e9a	YPM IZ 110468	cohort_01	https://api.gbif.org/v1/occurrence/search?datasetKey=854e35e6-f762-11e1-a439-00145eb45e9a&limit=300&catalogNumber=YPM+IZ+104460&catalogNumber=YPM+IZ+104461&catalogNumber=YPM+IZ+104464&catalogNumber=YPM+IZ+104465&catalogNumber=YPM+IZ+106919&catalogNumber=YPM+IZ+106920&catalogNumber=YPM+IZ+106923&catalogNumber=YPM+IZ+106935&catalogNumber=YPM+IZ+106936&catalogNumber=YPM+IZ+106937&catalogNumber=YPM+IZ+106941&catalogNumber=YPM+IZ+106943&catalogNumber=YPM+IZ+106954&catalogNumber=YPM+IZ+106958&catalogNumber=YPM+IZ+110251&catalogNumber=YPM+IZ+110254&catalogNumber=YPM+IZ+110264&catalogNumber=YPM+IZ+110268&catalogNumber=YPM+IZ+110269&catalogNumber=YPM+IZ+110276&catalogNumber=YPM+IZ+110277&catalogNumber=YPM+IZ+110278&catalogNumber=YPM+IZ+110433&catalogNumber=YPM+IZ+110434&catalogNumber=YPM+IZ+110436&catalogNumber=YPM+IZ+110438&catalogNumber=YPM+IZ+110443&catalogNumber=YPM+IZ+110460&catalogNumber=YPM+IZ+110467&catalogNumber=YPM+IZ+110468	cohort_01.json	895e98c4fc942ab7d7a88a36b939ef457d89aa6b53c9aed51a7fd67ff354269a	searched_success_no_exact_match	0	Complete successful batch response; no matching occurrence returned.
Church2025:YPM-IZ-110469	YPM:IZ:110469	Church2025	Physalia minuta	854e35e6-f762-11e1-a439-00145eb45e9a	YPM IZ 110469	cohort_02	https://api.gbif.org/v1/occurrence/search?datasetKey=854e35e6-f762-11e1-a439-00145eb45e9a&limit=300&catalogNumber=YPM+IZ+110469&catalogNumber=YPM+IZ+110470&catalogNumber=YPM+IZ+110471&catalogNumber=YPM+IZ+110473&catalogNumber=YPM+IZ+110474&catalogNumber=YPM+IZ+110480&catalogNumber=YPM+IZ+110515&catalogNumber=YPM+IZ+110520&catalogNumber=YPM+IZ+110526&catalogNumber=YPM+IZ+110556&catalogNumber=YPM+IZ+110557&catalogNumber=YPM+IZ+110558&catalogNumber=YPM+IZ+110566&catalogNumber=YPM+IZ+110569&catalogNumber=YPM+IZ+110600&catalogNumber=YPM+IZ+110602&catalogNumber=YPM+IZ+110605&catalogNumber=YPM+IZ+110612&catalogNumber=YPM+IZ+110613&catalogNumber=YPM+IZ+110616&catalogNumber=YPM+IZ+110631&catalogNumber=YPM+IZ+110633&catalogNumber=YPM+IZ+110667&catalogNumber=YPM+IZ+110694&catalogNumber=YPM+IZ+110716&catalogNumber=YPM+IZ+110726&catalogNumber=YPM+IZ+110738&catalogNumber=YPM+IZ+110777&catalogNumber=YPM+IZ+110780&catalogNumber=YPM+IZ+110785	cohort_02.json	895e98c4fc942ab7d7a88a36b939ef457d89aa6b53c9aed51a7fd67ff354269a	searched_success_no_exact_match	0	Complete successful batch response; no matching occurrence returned.
Church2025:YPM-IZ-110470	YPM:IZ:110470	Church2025	Physalia minuta	854e35e6-f762-11e1-a439-00145eb45e9a	YPM IZ 110470	cohort_02	https://api.gbif.org/v1/occurrence/search?datasetKey=854e35e6-f762-11e1-a439-00145eb45e9a&limit=300&catalogNumber=YPM+IZ+110469&catalogNumber=YPM+IZ+110470&catalogNumber=YPM+IZ+110471&catalogNumber=YPM+IZ+110473&catalogNumber=YPM+IZ+110474&catalogNumber=YPM+IZ+110480&catalogNumber=YPM+IZ+110515&catalogNumber=YPM+IZ+110520&catalogNumber=YPM+IZ+110526&catalogNumber=YPM+IZ+110556&catalogNumber=YPM+IZ+110557&catalogNumber=YPM+IZ+110558&catalogNumber=YPM+IZ+110566&catalogNumber=YPM+IZ+110569&catalogNumber=YPM+IZ+110600&catalogNumber=YPM+IZ+110602&catalogNumber=YPM+IZ+110605&catalogNumber=YPM+IZ+110612&catalogNumber=YPM+IZ+110613&catalogNumber=YPM+IZ+110616&catalogNumber=YPM+IZ+110631&catalogNumber=YPM+IZ+110633&catalogNumber=YPM+IZ+110667&catalogNumber=YPM+IZ+110694&catalogNumber=YPM+IZ+110716&catalogNumber=YPM+IZ+110726&catalogNumber=YPM+IZ+110738&catalogNumber=YPM+IZ+110777&catalogNumber=YPM+IZ+110780&catalogNumber=YPM+IZ+110785	cohort_02.json	895e98c4fc942ab7d7a88a36b939ef457d89aa6b53c9aed51a7fd67ff354269a	searched_success_no_exact_match	0	Complete successful batch response; no matching occurrence returned.
Church2025:YPM-IZ-110471	YPM:IZ:110471	Church2025	Physalia utriculus	854e35e6-f762-11e1-a439-00145eb45e9a	YPM IZ 110471	cohort_02	https://api.gbif.org/v1/occurrence/search?datasetKey=854e35e6-f762-11e1-a439-00145eb45e9a&limit=300&catalogNumber=YPM+IZ+110469&catalogNumber=YPM+IZ+110470&catalogNumber=YPM+IZ+110471&catalogNumber=YPM+IZ+110473&catalogNumber=YPM+IZ+110474&catalogNumber=YPM+IZ+110480&catalogNumber=YPM+IZ+110515&catalogNumber=YPM+IZ+110520&catalogNumber=YPM+IZ+110526&catalogNumber=YPM+IZ+110556&catalogNumber=YPM+IZ+110557&catalogNumber=YPM+IZ+110558&catalogNumber=YPM+IZ+110566&catalogNumber=YPM+IZ+110569&catalogNumber=YPM+IZ+110600&catalogNumber=YPM+IZ+110602&catalogNumber=YPM+IZ+110605&catalogNumber=YPM+IZ+110612&catalogNumber=YPM+IZ+110613&catalogNumber=YPM+IZ+110616&catalogNumber=YPM+IZ+110631&catalogNumber=YPM+IZ+110633&catalogNumber=YPM+IZ+110667&catalogNumber=YPM+IZ+110694&catalogNumber=YPM+IZ+110716&catalogNumber=YPM+IZ+110726&catalogNumber=YPM+IZ+110738&catalogNumber=YPM+IZ+110777&catalogNumber=YPM+IZ+110780&catalogNumber=YPM+IZ+110785	cohort_02.json	895e98c4fc942ab7d7a88a36b939ef457d89aa6b53c9aed51a7fd67ff354269a	searched_success_no_exact_match	0	Complete successful batch response; no matching occurrence returned.
Church2025:YPM-IZ-110473	YPM:IZ:110473	Church2025	Physalia utriculus	854e35e6-f762-11e1-a439-00145eb45e9a	YPM IZ 110473	cohort_02	https://api.gbif.org/v1/occurrence/search?datasetKey=854e35e6-f762-11e1-a439-00145eb45e9a&limit=300&catalogNumber=YPM+IZ+110469&catalogNumber=YPM+IZ+110470&catalogNumber=YPM+IZ+110471&catalogNumber=YPM+IZ+110473&catalogNumber=YPM+IZ+110474&catalogNumber=YPM+IZ+110480&catalogNumber=YPM+IZ+110515&catalogNumber=YPM+IZ+110520&catalogNumber=YPM+IZ+110526&catalogNumber=YPM+IZ+110556&catalogNumber=YPM+IZ+110557&catalogNumber=YPM+IZ+110558&catalogNumber=YPM+IZ+110566&catalogNumber=YPM+IZ+110569&catalogNumber=YPM+IZ+110600&catalogNumber=YPM+IZ+110602&catalogNumber=YPM+IZ+110605&catalogNumber=YPM+IZ+110612&catalogNumber=YPM+IZ+110613&catalogNumber=YPM+IZ+110616&catalogNumber=YPM+IZ+110631&catalogNumber=YPM+IZ+110633&catalogNumber=YPM+IZ+110667&catalogNumber=YPM+IZ+110694&catalogNumber=YPM+IZ+110716&catalogNumber=YPM+IZ+110726&catalogNumber=YPM+IZ+110738&catalogNumber=YPM+IZ+110777&catalogNumber=YPM+IZ+110780&catalogNumber=YPM+IZ+110785	cohort_02.json	895e98c4fc942ab7d7a88a36b939ef457d89aa6b53c9aed51a7fd67ff354269a	searched_success_no_exact_match	0	Complete successful batch response; no matching occurrence returned.
Church2025:YPM-IZ-110474	YPM:IZ:110474	Church2025	Physalia utriculus	854e35e6-f762-11e1-a439-00145eb45e9a	YPM IZ 110474	cohort_02	https://api.gbif.org/v1/occurrence/search?datasetKey=854e35e6-f762-11e1-a439-00145eb45e9a&limit=300&catalogNumber=YPM+IZ+110469&catalogNumber=YPM+IZ+110470&catalogNumber=YPM+IZ+110471&catalogNumber=YPM+IZ+110473&catalogNumber=YPM+IZ+110474&catalogNumber=YPM+IZ+110480&catalogNumber=YPM+IZ+110515&catalogNumber=YPM+IZ+110520&catalogNumber=YPM+IZ+110526&catalogNumber=YPM+IZ+110556&catalogNumber=YPM+IZ+110557&catalogNumber=YPM+IZ+110558&catalogNumber=YPM+IZ+110566&catalogNumber=YPM+IZ+110569&catalogNumber=YPM+IZ+110600&catalogNumber=YPM+IZ+110602&catalogNumber=YPM+IZ+110605&catalogNumber=YPM+IZ+110612&catalogNumber=YPM+IZ+110613&catalogNumber=YPM+IZ+110616&catalogNumber=YPM+IZ+110631&catalogNumber=YPM+IZ+110633&catalogNumber=YPM+IZ+110667&catalogNumber=YPM+IZ+110694&catalogNumber=YPM+IZ+110716&catalogNumber=YPM+IZ+110726&catalogNumber=YPM+IZ+110738&catalogNumber=YPM+IZ+110777&catalogNumber=YPM+IZ+110780&catalogNumber=YPM+IZ+110785	cohort_02.json	895e98c4fc942ab7d7a88a36b939ef457d89aa6b53c9aed51a7fd67ff354269a	searched_success_no_exact_match	0	Complete successful batch response; no matching occurrence returned.
Church2025:YPM-IZ-110480	YPM:IZ:110480	Church2025	Physalia utriculus	854e35e6-f762-11e1-a439-00145eb45e9a	YPM IZ 110480	cohort_02	https://api.gbif.org/v1/occurrence/search?datasetKey=854e35e6-f762-11e1-a439-00145eb45e9a&limit=300&catalogNumber=YPM+IZ+110469&catalogNumber=YPM+IZ+110470&catalogNumber=YPM+IZ+110471&catalogNumber=YPM+IZ+110473&catalogNumber=YPM+IZ+110474&catalogNumber=YPM+IZ+110480&catalogNumber=YPM+IZ+110515&catalogNumber=YPM+IZ+110520&catalogNumber=YPM+IZ+110526&catalogNumber=YPM+IZ+110556&catalogNumber=YPM+IZ+110557&catalogNumber=YPM+IZ+110558&catalogNumber=YPM+IZ+110566&catalogNumber=YPM+IZ+110569&catalogNumber=YPM+IZ+110600&catalogNumber=YPM+IZ+110602&catalogNumber=YPM+IZ+110605&catalogNumber=YPM+IZ+110612&catalogNumber=YPM+IZ+110613&catalogNumber=YPM+IZ+110616&catalogNumber=YPM+IZ+110631&catalogNumber=YPM+IZ+110633&catalogNumber=YPM+IZ+110667&catalogNumber=YPM+IZ+110694&catalogNumber=YPM+IZ+110716&catalogNumber=YPM+IZ+110726&catalogNumber=YPM+IZ+110738&catalogNumber=YPM+IZ+110777&catalogNumber=YPM+IZ+110780&catalogNumber=YPM+IZ+110785	cohort_02.json	895e98c4fc942ab7d7a88a36b939ef457d89aa6b53c9aed51a7fd67ff354269a	searched_success_no_exact_match	0	Complete successful batch response; no matching occurrence returned.
Church2025:YPM-IZ-110515	YPM:IZ:110515	Church2025	Physalia utriculus	854e35e6-f762-11e1-a439-00145eb45e9a	YPM IZ 110515	cohort_02	https://api.gbif.org/v1/occurrence/search?datasetKey=854e35e6-f762-11e1-a439-00145eb45e9a&limit=300&catalogNumber=YPM+IZ+110469&catalogNumber=YPM+IZ+110470&catalogNumber=YPM+IZ+110471&catalogNumber=YPM+IZ+110473&catalogNumber=YPM+IZ+110474&catalogNumber=YPM+IZ+110480&catalogNumber=YPM+IZ+110515&catalogNumber=YPM+IZ+110520&catalogNumber=YPM+IZ+110526&catalogNumber=YPM+IZ+110556&catalogNumber=YPM+IZ+110557&catalogNumber=YPM+IZ+110558&catalogNumber=YPM+IZ+110566&catalogNumber=YPM+IZ+110569&catalogNumber=YPM+IZ+110600&catalogNumber=YPM+IZ+110602&catalogNumber=YPM+IZ+110605&catalogNumber=YPM+IZ+110612&catalogNumber=YPM+IZ+110613&catalogNumber=YPM+IZ+110616&catalogNumber=YPM+IZ+110631&catalogNumber=YPM+IZ+110633&catalogNumber=YPM+IZ+110667&catalogNumber=YPM+IZ+110694&catalogNumber=YPM+IZ+110716&catalogNumber=YPM+IZ+110726&catalogNumber=YPM+IZ+110738&catalogNumber=YPM+IZ+110777&catalogNumber=YPM+IZ+110780&catalogNumber=YPM+IZ+110785	cohort_02.json	895e98c4fc942ab7d7a88a36b939ef457d89aa6b53c9aed51a7fd67ff354269a	searched_success_no_exact_match	0	Complete successful batch response; no matching occurrence returned.
Church2025:YPM-IZ-110520	YPM:IZ:110520	Church2025	Physalia utriculus	854e35e6-f762-11e1-a439-00145eb45e9a	YPM IZ 110520	cohort_02	https://api.gbif.org/v1/occurrence/search?datasetKey=854e35e6-f762-11e1-a439-00145eb45e9a&limit=300&catalogNumber=YPM+IZ+110469&catalogNumber=YPM+IZ+110470&catalogNumber=YPM+IZ+110471&catalogNumber=YPM+IZ+110473&catalogNumber=YPM+IZ+110474&catalogNumber=YPM+IZ+110480&catalogNumber=YPM+IZ+110515&catalogNumber=YPM+IZ+110520&catalogNumber=YPM+IZ+110526&catalogNumber=YPM+IZ+110556&catalogNumber=YPM+IZ+110557&catalogNumber=YPM+IZ+110558&catalogNumber=YPM+IZ+110566&catalogNumber=YPM+IZ+110569&catalogNumber=YPM+IZ+110600&catalogNumber=YPM+IZ+110602&catalogNumber=YPM+IZ+110605&catalogNumber=YPM+IZ+110612&catalogNumber=YPM+IZ+110613&catalogNumber=YPM+IZ+110616&catalogNumber=YPM+IZ+110631&catalogNumber=YPM+IZ+110633&catalogNumber=YPM+IZ+110667&catalogNumber=YPM+IZ+110694&catalogNumber=YPM+IZ+110716&catalogNumber=YPM+IZ+110726&catalogNumber=YPM+IZ+110738&catalogNumber=YPM+IZ+110777&catalogNumber=YPM+IZ+110780&catalogNumber=YPM+IZ+110785	cohort_02.json	895e98c4fc942ab7d7a88a36b939ef457d89aa6b53c9aed51a7fd67ff354269a	searched_success_no_exact_match	0	Complete successful batch response; no matching occurrence returned.
Church2025:YPM-IZ-110526	YPM:IZ:110526	Church2025	Physalia utriculus	854e35e6-f762-11e1-a439-00145eb45e9a	YPM IZ 110526	cohort_02	https://api.gbif.org/v1/occurrence/search?datasetKey=854e35e6-f762-11e1-a439-00145eb45e9a&limit=300&catalogNumber=YPM+IZ+110469&catalogNumber=YPM+IZ+110470&catalogNumber=YPM+IZ+110471&catalogNumber=YPM+IZ+110473&catalogNumber=YPM+IZ+110474&catalogNumber=YPM+IZ+110480&catalogNumber=YPM+IZ+110515&catalogNumber=YPM+IZ+110520&catalogNumber=YPM+IZ+110526&catalogNumber=YPM+IZ+110556&catalogNumber=YPM+IZ+110557&catalogNumber=YPM+IZ+110558&catalogNumber=YPM+IZ+110566&catalogNumber=YPM+IZ+110569&catalogNumber=YPM+IZ+110600&catalogNumber=YPM+IZ+110602&catalogNumber=YPM+IZ+110605&catalogNumber=YPM+IZ+110612&catalogNumber=YPM+IZ+110613&catalogNumber=YPM+IZ+110616&catalogNumber=YPM+IZ+110631&catalogNumber=YPM+IZ+110633&catalogNumber=YPM+IZ+110667&catalogNumber=YPM+IZ+110694&catalogNumber=YPM+IZ+110716&catalogNumber=YPM+IZ+110726&catalogNumber=YPM+IZ+110738&catalogNumber=YPM+IZ+110777&catalogNumber=YPM+IZ+110780&catalogNumber=YPM+IZ+110785	cohort_02.json	895e98c4fc942ab7d7a88a36b939ef457d89aa6b53c9aed51a7fd67ff354269a	searched_success_no_exact_match	0	Complete successful batch response; no matching occurrence returned.
Church2025:YPM-IZ-110556	YPM:IZ:110556	Church2025	Physalia minuta	854e35e6-f762-11e1-a439-00145eb45e9a	YPM IZ 110556	cohort_02	https://api.gbif.org/v1/occurrence/search?datasetKey=854e35e6-f762-11e1-a439-00145eb45e9a&limit=300&catalogNumber=YPM+IZ+110469&catalogNumber=YPM+IZ+110470&catalogNumber=YPM+IZ+110471&catalogNumber=YPM+IZ+110473&catalogNumber=YPM+IZ+110474&catalogNumber=YPM+IZ+110480&catalogNumber=YPM+IZ+110515&catalogNumber=YPM+IZ+110520&catalogNumber=YPM+IZ+110526&catalogNumber=YPM+IZ+110556&catalogNumber=YPM+IZ+110557&catalogNumber=YPM+IZ+110558&catalogNumber=YPM+IZ+110566&catalogNumber=YPM+IZ+110569&catalogNumber=YPM+IZ+110600&catalogNumber=YPM+IZ+110602&catalogNumber=YPM+IZ+110605&catalogNumber=YPM+IZ+110612&catalogNumber=YPM+IZ+110613&catalogNumber=YPM+IZ+110616&catalogNumber=YPM+IZ+110631&catalogNumber=YPM+IZ+110633&catalogNumber=YPM+IZ+110667&catalogNumber=YPM+IZ+110694&catalogNumber=YPM+IZ+110716&catalogNumber=YPM+IZ+110726&catalogNumber=YPM+IZ+110738&catalogNumber=YPM+IZ+110777&catalogNumber=YPM+IZ+110780&catalogNumber=YPM+IZ+110785	cohort_02.json	895e98c4fc942ab7d7a88a36b939ef457d89aa6b53c9aed51a7fd67ff354269a	searched_success_no_exact_match	0	Complete successful batch response; no matching occurrence returned.
Church2025:YPM-IZ-110557	YPM:IZ:110557	Church2025	Physalia minuta	854e35e6-f762-11e1-a439-00145eb45e9a	YPM IZ 110557	cohort_02	https://api.gbif.org/v1/occurrence/search?datasetKey=854e35e6-f762-11e1-a439-00145eb45e9a&limit=300&catalogNumber=YPM+IZ+110469&catalogNumber=YPM+IZ+110470&catalogNumber=YPM+IZ+110471&catalogNumber=YPM+IZ+110473&catalogNumber=YPM+IZ+110474&catalogNumber=YPM+IZ+110480&catalogNumber=YPM+IZ+110515&catalogNumber=YPM+IZ+110520&catalogNumber=YPM+IZ+110526&catalogNumber=YPM+IZ+110556&catalogNumber=YPM+IZ+110557&catalogNumber=YPM+IZ+110558&catalogNumber=YPM+IZ+110566&catalogNumber=YPM+IZ+110569&catalogNumber=YPM+IZ+110600&catalogNumber=YPM+IZ+110602&catalogNumber=YPM+IZ+110605&catalogNumber=YPM+IZ+110612&catalogNumber=YPM+IZ+110613&catalogNumber=YPM+IZ+110616&catalogNumber=YPM+IZ+110631&catalogNumber=YPM+IZ+110633&catalogNumber=YPM+IZ+110667&catalogNumber=YPM+IZ+110694&catalogNumber=YPM+IZ+110716&catalogNumber=YPM+IZ+110726&catalogNumber=YPM+IZ+110738&catalogNumber=YPM+IZ+110777&catalogNumber=YPM+IZ+110780&catalogNumber=YPM+IZ+110785	cohort_02.json	895e98c4fc942ab7d7a88a36b939ef457d89aa6b53c9aed51a7fd67ff354269a	searched_success_no_exact_match	0	Complete successful batch response; no matching occurrence returned.
Church2025:YPM-IZ-110558	YPM:IZ:110558	Church2025	Physalia minuta	854e35e6-f762-11e1-a439-00145eb45e9a	YPM IZ 110558	cohort_02	https://api.gbif.org/v1/occurrence/search?datasetKey=854e35e6-f762-11e1-a439-00145eb45e9a&limit=300&catalogNumber=YPM+IZ+110469&catalogNumber=YPM+IZ+110470&catalogNumber=YPM+IZ+110471&catalogNumber=YPM+IZ+110473&catalogNumber=YPM+IZ+110474&catalogNumber=YPM+IZ+110480&catalogNumber=YPM+IZ+110515&catalogNumber=YPM+IZ+110520&catalogNumber=YPM+IZ+110526&catalogNumber=YPM+IZ+110556&catalogNumber=YPM+IZ+110557&catalogNumber=YPM+IZ+110558&catalogNumber=YPM+IZ+110566&catalogNumber=YPM+IZ+110569&catalogNumber=YPM+IZ+110600&catalogNumber=YPM+IZ+110602&catalogNumber=YPM+IZ+110605&catalogNumber=YPM+IZ+110612&catalogNumber=YPM+IZ+110613&catalogNumber=YPM+IZ+110616&catalogNumber=YPM+IZ+110631&catalogNumber=YPM+IZ+110633&catalogNumber=YPM+IZ+110667&catalogNumber=YPM+IZ+110694&catalogNumber=YPM+IZ+110716&catalogNumber=YPM+IZ+110726&catalogNumber=YPM+IZ+110738&catalogNumber=YPM+IZ+110777&catalogNumber=YPM+IZ+110780&catalogNumber=YPM+IZ+110785	cohort_02.json	895e98c4fc942ab7d7a88a36b939ef457d89aa6b53c9aed51a7fd67ff354269a	searched_success_no_exact_match	0	Complete successful batch response; no matching occurrence returned.
Church2025:YPM-IZ-110566	YPM:IZ:110566	Church2025	Physalia utriculus	854e35e6-f762-11e1-a439-00145eb45e9a	YPM IZ 110566	cohort_02	https://api.gbif.org/v1/occurrence/search?datasetKey=854e35e6-f762-11e1-a439-00145eb45e9a&limit=300&catalogNumber=YPM+IZ+110469&catalogNumber=YPM+IZ+110470&catalogNumber=YPM+IZ+110471&catalogNumber=YPM+IZ+110473&catalogNumber=YPM+IZ+110474&catalogNumber=YPM+IZ+110480&catalogNumber=YPM+IZ+110515&catalogNumber=YPM+IZ+110520&catalogNumber=YPM+IZ+110526&catalogNumber=YPM+IZ+110556&catalogNumber=YPM+IZ+110557&catalogNumber=YPM+IZ+110558&catalogNumber=YPM+IZ+110566&catalogNumber=YPM+IZ+110569&catalogNumber=YPM+IZ+110600&catalogNumber=YPM+IZ+110602&catalogNumber=YPM+IZ+110605&catalogNumber=YPM+IZ+110612&catalogNumber=YPM+IZ+110613&catalogNumber=YPM+IZ+110616&catalogNumber=YPM+IZ+110631&catalogNumber=YPM+IZ+110633&catalogNumber=YPM+IZ+110667&catalogNumber=YPM+IZ+110694&catalogNumber=YPM+IZ+110716&catalogNumber=YPM+IZ+110726&catalogNumber=YPM+IZ+110738&catalogNumber=YPM+IZ+110777&catalogNumber=YPM+IZ+110780&catalogNumber=YPM+IZ+110785	cohort_02.json	895e98c4fc942ab7d7a88a36b939ef457d89aa6b53c9aed51a7fd67ff354269a	searched_success_no_exact_match	0	Complete successful batch response; no matching occurrence returned.
Church2025:YPM-IZ-110569	YPM:IZ:110569	Church2025	Physalia utriculus	854e35e6-f762-11e1-a439-00145eb45e9a	YPM IZ 110569	cohort_02	https://api.gbif.org/v1/occurrence/search?datasetKey=854e35e6-f762-11e1-a439-00145eb45e9a&limit=300&catalogNumber=YPM+IZ+110469&catalogNumber=YPM+IZ+110470&catalogNumber=YPM+IZ+110471&catalogNumber=YPM+IZ+110473&catalogNumber=YPM+IZ+110474&catalogNumber=YPM+IZ+110480&catalogNumber=YPM+IZ+110515&catalogNumber=YPM+IZ+110520&catalogNumber=YPM+IZ+110526&catalogNumber=YPM+IZ+110556&catalogNumber=YPM+IZ+110557&catalogNumber=YPM+IZ+110558&catalogNumber=YPM+IZ+110566&catalogNumber=YPM+IZ+110569&catalogNumber=YPM+IZ+110600&catalogNumber=YPM+IZ+110602&catalogNumber=YPM+IZ+110605&catalogNumber=YPM+IZ+110612&catalogNumber=YPM+IZ+110613&catalogNumber=YPM+IZ+110616&catalogNumber=YPM+IZ+110631&catalogNumber=YPM+IZ+110633&catalogNumber=YPM+IZ+110667&catalogNumber=YPM+IZ+110694&catalogNumber=YPM+IZ+110716&catalogNumber=YPM+IZ+110726&catalogNumber=YPM+IZ+110738&catalogNumber=YPM+IZ+110777&catalogNumber=YPM+IZ+110780&catalogNumber=YPM+IZ+110785	cohort_02.json	895e98c4fc942ab7d7a88a36b939ef457d89aa6b53c9aed51a7fd67ff354269a	searched_success_no_exact_match	0	Complete successful batch response; no matching occurrence returned.
Church2025:YPM-IZ-110600	YPM:IZ:110600	Church2025	Physalia utriculus	854e35e6-f762-11e1-a439-00145eb45e9a	YPM IZ 110600	cohort_02	https://api.gbif.org/v1/occurrence/search?datasetKey=854e35e6-f762-11e1-a439-00145eb45e9a&limit=300&catalogNumber=YPM+IZ+110469&catalogNumber=YPM+IZ+110470&catalogNumber=YPM+IZ+110471&catalogNumber=YPM+IZ+110473&catalogNumber=YPM+IZ+110474&catalogNumber=YPM+IZ+110480&catalogNumber=YPM+IZ+110515&catalogNumber=YPM+IZ+110520&catalogNumber=YPM+IZ+110526&catalogNumber=YPM+IZ+110556&catalogNumber=YPM+IZ+110557&catalogNumber=YPM+IZ+110558&catalogNumber=YPM+IZ+110566&catalogNumber=YPM+IZ+110569&catalogNumber=YPM+IZ+110600&catalogNumber=YPM+IZ+110602&catalogNumber=YPM+IZ+110605&catalogNumber=YPM+IZ+110612&catalogNumber=YPM+IZ+110613&catalogNumber=YPM+IZ+110616&catalogNumber=YPM+IZ+110631&catalogNumber=YPM+IZ+110633&catalogNumber=YPM+IZ+110667&catalogNumber=YPM+IZ+110694&catalogNumber=YPM+IZ+110716&catalogNumber=YPM+IZ+110726&catalogNumber=YPM+IZ+110738&catalogNumber=YPM+IZ+110777&catalogNumber=YPM+IZ+110780&catalogNumber=YPM+IZ+110785	cohort_02.json	895e98c4fc942ab7d7a88a36b939ef457d89aa6b53c9aed51a7fd67ff354269a	searched_success_no_exact_match	0	Complete successful batch response; no matching occurrence returned.
Church2025:YPM-IZ-110602	YPM:IZ:110602	Church2025	Physalia utriculus	854e35e6-f762-11e1-a439-00145eb45e9a	YPM IZ 110602	cohort_02	https://api.gbif.org/v1/occurrence/search?datasetKey=854e35e6-f762-11e1-a439-00145eb45e9a&limit=300&catalogNumber=YPM+IZ+110469&catalogNumber=YPM+IZ+110470&catalogNumber=YPM+IZ+110471&catalogNumber=YPM+IZ+110473&catalogNumber=YPM+IZ+110474&catalogNumber=YPM+IZ+110480&catalogNumber=YPM+IZ+110515&catalogNumber=YPM+IZ+110520&catalogNumber=YPM+IZ+110526&catalogNumber=YPM+IZ+110556&catalogNumber=YPM+IZ+110557&catalogNumber=YPM+IZ+110558&catalogNumber=YPM+IZ+110566&catalogNumber=YPM+IZ+110569&catalogNumber=YPM+IZ+110600&catalogNumber=YPM+IZ+110602&catalogNumber=YPM+IZ+110605&catalogNumber=YPM+IZ+110612&catalogNumber=YPM+IZ+110613&catalogNumber=YPM+IZ+110616&catalogNumber=YPM+IZ+110631&catalogNumber=YPM+IZ+110633&catalogNumber=YPM+IZ+110667&catalogNumber=YPM+IZ+110694&catalogNumber=YPM+IZ+110716&catalogNumber=YPM+IZ+110726&catalogNumber=YPM+IZ+110738&catalogNumber=YPM+IZ+110777&catalogNumber=YPM+IZ+110780&catalogNumber=YPM+IZ+110785	cohort_02.json	895e98c4fc942ab7d7a88a36b939ef457d89aa6b53c9aed51a7fd67ff354269a	searched_success_no_exact_match	0	Complete successful batch response; no matching occurrence returned.
Church2025:YPM-IZ-110605	YPM:IZ:110605	Church2025	Physalia utriculus	854e35e6-f762-11e1-a439-00145eb45e9a	YPM IZ 110605	cohort_02	https://api.gbif.org/v1/occurrence/search?datasetKey=854e35e6-f762-11e1-a439-00145eb45e9a&limit=300&catalogNumber=YPM+IZ+110469&catalogNumber=YPM+IZ+110470&catalogNumber=YPM+IZ+110471&catalogNumber=YPM+IZ+110473&catalogNumber=YPM+IZ+110474&catalogNumber=YPM+IZ+110480&catalogNumber=YPM+IZ+110515&catalogNumber=YPM+IZ+110520&catalogNumber=YPM+IZ+110526&catalogNumber=YPM+IZ+110556&catalogNumber=YPM+IZ+110557&catalogNumber=YPM+IZ+110558&catalogNumber=YPM+IZ+110566&catalogNumber=YPM+IZ+110569&catalogNumber=YPM+IZ+110600&catalogNumber=YPM+IZ+110602&catalogNumber=YPM+IZ+110605&catalogNumber=YPM+IZ+110612&catalogNumber=YPM+IZ+110613&catalogNumber=YPM+IZ+110616&catalogNumber=YPM+IZ+110631&catalogNumber=YPM+IZ+110633&catalogNumber=YPM+IZ+110667&catalogNumber=YPM+IZ+110694&catalogNumber=YPM+IZ+110716&catalogNumber=YPM+IZ+110726&catalogNumber=YPM+IZ+110738&catalogNumber=YPM+IZ+110777&catalogNumber=YPM+IZ+110780&catalogNumber=YPM+IZ+110785	cohort_02.json	895e98c4fc942ab7d7a88a36b939ef457d89aa6b53c9aed51a7fd67ff354269a	searched_success_no_exact_match	0	Complete successful batch response; no matching occurrence returned.
Church2025:YPM-IZ-110612	YPM:IZ:110612	Church2025	Physalia utriculus	854e35e6-f762-11e1-a439-00145eb45e9a	YPM IZ 110612	cohort_02	https://api.gbif.org/v1/occurrence/search?datasetKey=854e35e6-f762-11e1-a439-00145eb45e9a&limit=300&catalogNumber=YPM+IZ+110469&catalogNumber=YPM+IZ+110470&catalogNumber=YPM+IZ+110471&catalogNumber=YPM+IZ+110473&catalogNumber=YPM+IZ+110474&catalogNumber=YPM+IZ+110480&catalogNumber=YPM+IZ+110515&catalogNumber=YPM+IZ+110520&catalogNumber=YPM+IZ+110526&catalogNumber=YPM+IZ+110556&catalogNumber=YPM+IZ+110557&catalogNumber=YPM+IZ+110558&catalogNumber=YPM+IZ+110566&catalogNumber=YPM+IZ+110569&catalogNumber=YPM+IZ+110600&catalogNumber=YPM+IZ+110602&catalogNumber=YPM+IZ+110605&catalogNumber=YPM+IZ+110612&catalogNumber=YPM+IZ+110613&catalogNumber=YPM+IZ+110616&catalogNumber=YPM+IZ+110631&catalogNumber=YPM+IZ+110633&catalogNumber=YPM+IZ+110667&catalogNumber=YPM+IZ+110694&catalogNumber=YPM+IZ+110716&catalogNumber=YPM+IZ+110726&catalogNumber=YPM+IZ+110738&catalogNumber=YPM+IZ+110777&catalogNumber=YPM+IZ+110780&catalogNumber=YPM+IZ+110785	cohort_02.json	895e98c4fc942ab7d7a88a36b939ef457d89aa6b53c9aed51a7fd67ff354269a	searched_success_no_exact_match	0	Complete successful batch response; no matching occurrence returned.
Church2025:YPM-IZ-110613	YPM:IZ:110613	Church2025	Physalia utriculus	854e35e6-f762-11e1-a439-00145eb45e9a	YPM IZ 110613	cohort_02	https://api.gbif.org/v1/occurrence/search?datasetKey=854e35e6-f762-11e1-a439-00145eb45e9a&limit=300&catalogNumber=YPM+IZ+110469&catalogNumber=YPM+IZ+110470&catalogNumber=YPM+IZ+110471&catalogNumber=YPM+IZ+110473&catalogNumber=YPM+IZ+110474&catalogNumber=YPM+IZ+110480&catalogNumber=YPM+IZ+110515&catalogNumber=YPM+IZ+110520&catalogNumber=YPM+IZ+110526&catalogNumber=YPM+IZ+110556&catalogNumber=YPM+IZ+110557&catalogNumber=YPM+IZ+110558&catalogNumber=YPM+IZ+110566&catalogNumber=YPM+IZ+110569&catalogNumber=YPM+IZ+110600&catalogNumber=YPM+IZ+110602&catalogNumber=YPM+IZ+110605&catalogNumber=YPM+IZ+110612&catalogNumber=YPM+IZ+110613&catalogNumber=YPM+IZ+110616&catalogNumber=YPM+IZ+110631&catalogNumber=YPM+IZ+110633&catalogNumber=YPM+IZ+110667&catalogNumber=YPM+IZ+110694&catalogNumber=YPM+IZ+110716&catalogNumber=YPM+IZ+110726&catalogNumber=YPM+IZ+110738&catalogNumber=YPM+IZ+110777&catalogNumber=YPM+IZ+110780&catalogNumber=YPM+IZ+110785	cohort_02.json	895e98c4fc942ab7d7a88a36b939ef457d89aa6b53c9aed51a7fd67ff354269a	searched_success_no_exact_match	0	Complete successful batch response; no matching occurrence returned.
Church2025:YPM-IZ-110616	YPM:IZ:110616	Church2025	Physalia utriculus	854e35e6-f762-11e1-a439-00145eb45e9a	YPM IZ 110616	cohort_02	https://api.gbif.org/v1/occurrence/search?datasetKey=854e35e6-f762-11e1-a439-00145eb45e9a&limit=300&catalogNumber=YPM+IZ+110469&catalogNumber=YPM+IZ+110470&catalogNumber=YPM+IZ+110471&catalogNumber=YPM+IZ+110473&catalogNumber=YPM+IZ+110474&catalogNumber=YPM+IZ+110480&catalogNumber=YPM+IZ+110515&catalogNumber=YPM+IZ+110520&catalogNumber=YPM+IZ+110526&catalogNumber=YPM+IZ+110556&catalogNumber=YPM+IZ+110557&catalogNumber=YPM+IZ+110558&catalogNumber=YPM+IZ+110566&catalogNumber=YPM+IZ+110569&catalogNumber=YPM+IZ+110600&catalogNumber=YPM+IZ+110602&catalogNumber=YPM+IZ+110605&catalogNumber=YPM+IZ+110612&catalogNumber=YPM+IZ+110613&catalogNumber=YPM+IZ+110616&catalogNumber=YPM+IZ+110631&catalogNumber=YPM+IZ+110633&catalogNumber=YPM+IZ+110667&catalogNumber=YPM+IZ+110694&catalogNumber=YPM+IZ+110716&catalogNumber=YPM+IZ+110726&catalogNumber=YPM+IZ+110738&catalogNumber=YPM+IZ+110777&catalogNumber=YPM+IZ+110780&catalogNumber=YPM+IZ+110785	cohort_02.json	895e98c4fc942ab7d7a88a36b939ef457d89aa6b53c9aed51a7fd67ff354269a	searched_success_no_exact_match	0	Complete successful batch response; no matching occurrence returned.
Church2025:YPM-IZ-110631	YPM:IZ:110631	Church2025	Physalia physalis	854e35e6-f762-11e1-a439-00145eb45e9a	YPM IZ 110631	cohort_02	https://api.gbif.org/v1/occurrence/search?datasetKey=854e35e6-f762-11e1-a439-00145eb45e9a&limit=300&catalogNumber=YPM+IZ+110469&catalogNumber=YPM+IZ+110470&catalogNumber=YPM+IZ+110471&catalogNumber=YPM+IZ+110473&catalogNumber=YPM+IZ+110474&catalogNumber=YPM+IZ+110480&catalogNumber=YPM+IZ+110515&catalogNumber=YPM+IZ+110520&catalogNumber=YPM+IZ+110526&catalogNumber=YPM+IZ+110556&catalogNumber=YPM+IZ+110557&catalogNumber=YPM+IZ+110558&catalogNumber=YPM+IZ+110566&catalogNumber=YPM+IZ+110569&catalogNumber=YPM+IZ+110600&catalogNumber=YPM+IZ+110602&catalogNumber=YPM+IZ+110605&catalogNumber=YPM+IZ+110612&catalogNumber=YPM+IZ+110613&catalogNumber=YPM+IZ+110616&catalogNumber=YPM+IZ+110631&catalogNumber=YPM+IZ+110633&catalogNumber=YPM+IZ+110667&catalogNumber=YPM+IZ+110694&catalogNumber=YPM+IZ+110716&catalogNumber=YPM+IZ+110726&catalogNumber=YPM+IZ+110738&catalogNumber=YPM+IZ+110777&catalogNumber=YPM+IZ+110780&catalogNumber=YPM+IZ+110785	cohort_02.json	895e98c4fc942ab7d7a88a36b939ef457d89aa6b53c9aed51a7fd67ff354269a	searched_success_no_exact_match	0	Complete successful batch response; no matching occurrence returned.
Church2025:YPM-IZ-110633	YPM:IZ:110633	Church2025	Physalia physalis	854e35e6-f762-11e1-a439-00145eb45e9a	YPM IZ 110633	cohort_02	https://api.gbif.org/v1/occurrence/search?datasetKey=854e35e6-f762-11e1-a439-00145eb45e9a&limit=300&catalogNumber=YPM+IZ+110469&catalogNumber=YPM+IZ+110470&catalogNumber=YPM+IZ+110471&catalogNumber=YPM+IZ+110473&catalogNumber=YPM+IZ+110474&catalogNumber=YPM+IZ+110480&catalogNumber=YPM+IZ+110515&catalogNumber=YPM+IZ+110520&catalogNumber=YPM+IZ+110526&catalogNumber=YPM+IZ+110556&catalogNumber=YPM+IZ+110557&catalogNumber=YPM+IZ+110558&catalogNumber=YPM+IZ+110566&catalogNumber=YPM+IZ+110569&catalogNumber=YPM+IZ+110600&catalogNumber=YPM+IZ+110602&catalogNumber=YPM+IZ+110605&catalogNumber=YPM+IZ+110612&catalogNumber=YPM+IZ+110613&catalogNumber=YPM+IZ+110616&catalogNumber=YPM+IZ+110631&catalogNumber=YPM+IZ+110633&catalogNumber=YPM+IZ+110667&catalogNumber=YPM+IZ+110694&catalogNumber=YPM+IZ+110716&catalogNumber=YPM+IZ+110726&catalogNumber=YPM+IZ+110738&catalogNumber=YPM+IZ+110777&catalogNumber=YPM+IZ+110780&catalogNumber=YPM+IZ+110785	cohort_02.json	895e98c4fc942ab7d7a88a36b939ef457d89aa6b53c9aed51a7fd67ff354269a	searched_success_no_exact_match	0	Complete successful batch response; no matching occurrence returned.
Church2025:YPM-IZ-110667	YPM:IZ:110667	Church2025	Physalia physalis	854e35e6-f762-11e1-a439-00145eb45e9a	YPM IZ 110667	cohort_02	https://api.gbif.org/v1/occurrence/search?datasetKey=854e35e6-f762-11e1-a439-00145eb45e9a&limit=300&catalogNumber=YPM+IZ+110469&catalogNumber=YPM+IZ+110470&catalogNumber=YPM+IZ+110471&catalogNumber=YPM+IZ+110473&catalogNumber=YPM+IZ+110474&catalogNumber=YPM+IZ+110480&catalogNumber=YPM+IZ+110515&catalogNumber=YPM+IZ+110520&catalogNumber=YPM+IZ+110526&catalogNumber=YPM+IZ+110556&catalogNumber=YPM+IZ+110557&catalogNumber=YPM+IZ+110558&catalogNumber=YPM+IZ+110566&catalogNumber=YPM+IZ+110569&catalogNumber=YPM+IZ+110600&catalogNumber=YPM+IZ+110602&catalogNumber=YPM+IZ+110605&catalogNumber=YPM+IZ+110612&catalogNumber=YPM+IZ+110613&catalogNumber=YPM+IZ+110616&catalogNumber=YPM+IZ+110631&catalogNumber=YPM+IZ+110633&catalogNumber=YPM+IZ+110667&catalogNumber=YPM+IZ+110694&catalogNumber=YPM+IZ+110716&catalogNumber=YPM+IZ+110726&catalogNumber=YPM+IZ+110738&catalogNumber=YPM+IZ+110777&catalogNumber=YPM+IZ+110780&catalogNumber=YPM+IZ+110785	cohort_02.json	895e98c4fc942ab7d7a88a36b939ef457d89aa6b53c9aed51a7fd67ff354269a	searched_success_no_exact_match	0	Complete successful batch response; no matching occurrence returned.
Church2025:YPM-IZ-110694	YPM:IZ:110694	Church2025	Physalia physalis	854e35e6-f762-11e1-a439-00145eb45e9a	YPM IZ 110694	cohort_02	https://api.gbif.org/v1/occurrence/search?datasetKey=854e35e6-f762-11e1-a439-00145eb45e9a&limit=300&catalogNumber=YPM+IZ+110469&catalogNumber=YPM+IZ+110470&catalogNumber=YPM+IZ+110471&catalogNumber=YPM+IZ+110473&catalogNumber=YPM+IZ+110474&catalogNumber=YPM+IZ+110480&catalogNumber=YPM+IZ+110515&catalogNumber=YPM+IZ+110520&catalogNumber=YPM+IZ+110526&catalogNumber=YPM+IZ+110556&catalogNumber=YPM+IZ+110557&catalogNumber=YPM+IZ+110558&catalogNumber=YPM+IZ+110566&catalogNumber=YPM+IZ+110569&catalogNumber=YPM+IZ+110600&catalogNumber=YPM+IZ+110602&catalogNumber=YPM+IZ+110605&catalogNumber=YPM+IZ+110612&catalogNumber=YPM+IZ+110613&catalogNumber=YPM+IZ+110616&catalogNumber=YPM+IZ+110631&catalogNumber=YPM+IZ+110633&catalogNumber=YPM+IZ+110667&catalogNumber=YPM+IZ+110694&catalogNumber=YPM+IZ+110716&catalogNumber=YPM+IZ+110726&catalogNumber=YPM+IZ+110738&catalogNumber=YPM+IZ+110777&catalogNumber=YPM+IZ+110780&catalogNumber=YPM+IZ+110785	cohort_02.json	895e98c4fc942ab7d7a88a36b939ef457d89aa6b53c9aed51a7fd67ff354269a	searched_success_no_exact_match	0	Complete successful batch response; no matching occurrence returned.
Church2025:YPM-IZ-110716	YPM:IZ:110716	Church2025	Physalia physalis	854e35e6-f762-11e1-a439-00145eb45e9a	YPM IZ 110716	cohort_02	https://api.gbif.org/v1/occurrence/search?datasetKey=854e35e6-f762-11e1-a439-00145eb45e9a&limit=300&catalogNumber=YPM+IZ+110469&catalogNumber=YPM+IZ+110470&catalogNumber=YPM+IZ+110471&catalogNumber=YPM+IZ+110473&catalogNumber=YPM+IZ+110474&catalogNumber=YPM+IZ+110480&catalogNumber=YPM+IZ+110515&catalogNumber=YPM+IZ+110520&catalogNumber=YPM+IZ+110526&catalogNumber=YPM+IZ+110556&catalogNumber=YPM+IZ+110557&catalogNumber=YPM+IZ+110558&catalogNumber=YPM+IZ+110566&catalogNumber=YPM+IZ+110569&catalogNumber=YPM+IZ+110600&catalogNumber=YPM+IZ+110602&catalogNumber=YPM+IZ+110605&catalogNumber=YPM+IZ+110612&catalogNumber=YPM+IZ+110613&catalogNumber=YPM+IZ+110616&catalogNumber=YPM+IZ+110631&catalogNumber=YPM+IZ+110633&catalogNumber=YPM+IZ+110667&catalogNumber=YPM+IZ+110694&catalogNumber=YPM+IZ+110716&catalogNumber=YPM+IZ+110726&catalogNumber=YPM+IZ+110738&catalogNumber=YPM+IZ+110777&catalogNumber=YPM+IZ+110780&catalogNumber=YPM+IZ+110785	cohort_02.json	895e98c4fc942ab7d7a88a36b939ef457d89aa6b53c9aed51a7fd67ff354269a	searched_success_no_exact_match	0	Complete successful batch response; no matching occurrence returned.
Church2025:YPM-IZ-110726	YPM:IZ:110726	Church2025	Physalia physalis	854e35e6-f762-11e1-a439-00145eb45e9a	YPM IZ 110726	cohort_02	https://api.gbif.org/v1/occurrence/search?datasetKey=854e35e6-f762-11e1-a439-00145eb45e9a&limit=300&catalogNumber=YPM+IZ+110469&catalogNumber=YPM+IZ+110470&catalogNumber=YPM+IZ+110471&catalogNumber=YPM+IZ+110473&catalogNumber=YPM+IZ+110474&catalogNumber=YPM+IZ+110480&catalogNumber=YPM+IZ+110515&catalogNumber=YPM+IZ+110520&catalogNumber=YPM+IZ+110526&catalogNumber=YPM+IZ+110556&catalogNumber=YPM+IZ+110557&catalogNumber=YPM+IZ+110558&catalogNumber=YPM+IZ+110566&catalogNumber=YPM+IZ+110569&catalogNumber=YPM+IZ+110600&catalogNumber=YPM+IZ+110602&catalogNumber=YPM+IZ+110605&catalogNumber=YPM+IZ+110612&catalogNumber=YPM+IZ+110613&catalogNumber=YPM+IZ+110616&catalogNumber=YPM+IZ+110631&catalogNumber=YPM+IZ+110633&catalogNumber=YPM+IZ+110667&catalogNumber=YPM+IZ+110694&catalogNumber=YPM+IZ+110716&catalogNumber=YPM+IZ+110726&catalogNumber=YPM+IZ+110738&catalogNumber=YPM+IZ+110777&catalogNumber=YPM+IZ+110780&catalogNumber=YPM+IZ+110785	cohort_02.json	895e98c4fc942ab7d7a88a36b939ef457d89aa6b53c9aed51a7fd67ff354269a	searched_success_no_exact_match	0	Complete successful batch response; no matching occurrence returned.
Church2025:YPM-IZ-110738	YPM:IZ:110738	Church2025	Physalia physalis	854e35e6-f762-11e1-a439-00145eb45e9a	YPM IZ 110738	cohort_02	https://api.gbif.org/v1/occurrence/search?datasetKey=854e35e6-f762-11e1-a439-00145eb45e9a&limit=300&catalogNumber=YPM+IZ+110469&catalogNumber=YPM+IZ+110470&catalogNumber=YPM+IZ+110471&catalogNumber=YPM+IZ+110473&catalogNumber=YPM+IZ+110474&catalogNumber=YPM+IZ+110480&catalogNumber=YPM+IZ+110515&catalogNumber=YPM+IZ+110520&catalogNumber=YPM+IZ+110526&catalogNumber=YPM+IZ+110556&catalogNumber=YPM+IZ+110557&catalogNumber=YPM+IZ+110558&catalogNumber=YPM+IZ+110566&catalogNumber=YPM+IZ+110569&catalogNumber=YPM+IZ+110600&catalogNumber=YPM+IZ+110602&catalogNumber=YPM+IZ+110605&catalogNumber=YPM+IZ+110612&catalogNumber=YPM+IZ+110613&catalogNumber=YPM+IZ+110616&catalogNumber=YPM+IZ+110631&catalogNumber=YPM+IZ+110633&catalogNumber=YPM+IZ+110667&catalogNumber=YPM+IZ+110694&catalogNumber=YPM+IZ+110716&catalogNumber=YPM+IZ+110726&catalogNumber=YPM+IZ+110738&catalogNumber=YPM+IZ+110777&catalogNumber=YPM+IZ+110780&catalogNumber=YPM+IZ+110785	cohort_02.json	895e98c4fc942ab7d7a88a36b939ef457d89aa6b53c9aed51a7fd67ff354269a	searched_success_no_exact_match	0	Complete successful batch response; no matching occurrence returned.
Church2025:YPM-IZ-110777	YPM:IZ:110777	Church2025	Physalia utriculus	854e35e6-f762-11e1-a439-00145eb45e9a	YPM IZ 110777	cohort_02	https://api.gbif.org/v1/occurrence/search?datasetKey=854e35e6-f762-11e1-a439-00145eb45e9a&limit=300&catalogNumber=YPM+IZ+110469&catalogNumber=YPM+IZ+110470&catalogNumber=YPM+IZ+110471&catalogNumber=YPM+IZ+110473&catalogNumber=YPM+IZ+110474&catalogNumber=YPM+IZ+110480&catalogNumber=YPM+IZ+110515&catalogNumber=YPM+IZ+110520&catalogNumber=YPM+IZ+110526&catalogNumber=YPM+IZ+110556&catalogNumber=YPM+IZ+110557&catalogNumber=YPM+IZ+110558&catalogNumber=YPM+IZ+110566&catalogNumber=YPM+IZ+110569&catalogNumber=YPM+IZ+110600&catalogNumber=YPM+IZ+110602&catalogNumber=YPM+IZ+110605&catalogNumber=YPM+IZ+110612&catalogNumber=YPM+IZ+110613&catalogNumber=YPM+IZ+110616&catalogNumber=YPM+IZ+110631&catalogNumber=YPM+IZ+110633&catalogNumber=YPM+IZ+110667&catalogNumber=YPM+IZ+110694&catalogNumber=YPM+IZ+110716&catalogNumber=YPM+IZ+110726&catalogNumber=YPM+IZ+110738&catalogNumber=YPM+IZ+110777&catalogNumber=YPM+IZ+110780&catalogNumber=YPM+IZ+110785	cohort_02.json	895e98c4fc942ab7d7a88a36b939ef457d89aa6b53c9aed51a7fd67ff354269a	searched_success_no_exact_match	0	Complete successful batch response; no matching occurrence returned.
Church2025:YPM-IZ-110780	YPM:IZ:110780	Church2025	Physalia utriculus	854e35e6-f762-11e1-a439-00145eb45e9a	YPM IZ 110780	cohort_02	https://api.gbif.org/v1/occurrence/search?datasetKey=854e35e6-f762-11e1-a439-00145eb45e9a&limit=300&catalogNumber=YPM+IZ+110469&catalogNumber=YPM+IZ+110470&catalogNumber=YPM+IZ+110471&catalogNumber=YPM+IZ+110473&catalogNumber=YPM+IZ+110474&catalogNumber=YPM+IZ+110480&catalogNumber=YPM+IZ+110515&catalogNumber=YPM+IZ+110520&catalogNumber=YPM+IZ+110526&catalogNumber=YPM+IZ+110556&catalogNumber=YPM+IZ+110557&catalogNumber=YPM+IZ+110558&catalogNumber=YPM+IZ+110566&catalogNumber=YPM+IZ+110569&catalogNumber=YPM+IZ+110600&catalogNumber=YPM+IZ+110602&catalogNumber=YPM+IZ+110605&catalogNumber=YPM+IZ+110612&catalogNumber=YPM+IZ+110613&catalogNumber=YPM+IZ+110616&catalogNumber=YPM+IZ+110631&catalogNumber=YPM+IZ+110633&catalogNumber=YPM+IZ+110667&catalogNumber=YPM+IZ+110694&catalogNumber=YPM+IZ+110716&catalogNumber=YPM+IZ+110726&catalogNumber=YPM+IZ+110738&catalogNumber=YPM+IZ+110777&catalogNumber=YPM+IZ+110780&catalogNumber=YPM+IZ+110785	cohort_02.json	895e98c4fc942ab7d7a88a36b939ef457d89aa6b53c9aed51a7fd67ff354269a	searched_success_no_exact_match	0	Complete successful batch response; no matching occurrence returned.
Church2025:YPM-IZ-110785	YPM:IZ:110785	Church2025	Physalia utriculus	854e35e6-f762-11e1-a439-00145eb45e9a	YPM IZ 110785	cohort_02	https://api.gbif.org/v1/occurrence/search?datasetKey=854e35e6-f762-11e1-a439-00145eb45e9a&limit=300&catalogNumber=YPM+IZ+110469&catalogNumber=YPM+IZ+110470&catalogNumber=YPM+IZ+110471&catalogNumber=YPM+IZ+110473&catalogNumber=YPM+IZ+110474&catalogNumber=YPM+IZ+110480&catalogNumber=YPM+IZ+110515&catalogNumber=YPM+IZ+110520&catalogNumber=YPM+IZ+110526&catalogNumber=YPM+IZ+110556&catalogNumber=YPM+IZ+110557&catalogNumber=YPM+IZ+110558&catalogNumber=YPM+IZ+110566&catalogNumber=YPM+IZ+110569&catalogNumber=YPM+IZ+110600&catalogNumber=YPM+IZ+110602&catalogNumber=YPM+IZ+110605&catalogNumber=YPM+IZ+110612&catalogNumber=YPM+IZ+110613&catalogNumber=YPM+IZ+110616&catalogNumber=YPM+IZ+110631&catalogNumber=YPM+IZ+110633&catalogNumber=YPM+IZ+110667&catalogNumber=YPM+IZ+110694&catalogNumber=YPM+IZ+110716&catalogNumber=YPM+IZ+110726&catalogNumber=YPM+IZ+110738&catalogNumber=YPM+IZ+110777&catalogNumber=YPM+IZ+110780&catalogNumber=YPM+IZ+110785	cohort_02.json	895e98c4fc942ab7d7a88a36b939ef457d89aa6b53c9aed51a7fd67ff354269a	searched_success_no_exact_match	0	Complete successful batch response; no matching occurrence returned.
Church2025:YPM-IZ-110786	YPM:IZ:110786	Church2025	Physalia utriculus	854e35e6-f762-11e1-a439-00145eb45e9a	YPM IZ 110786	cohort_03	https://api.gbif.org/v1/occurrence/search?datasetKey=854e35e6-f762-11e1-a439-00145eb45e9a&limit=300&catalogNumber=YPM+IZ+110786&catalogNumber=YPM+IZ+110828&catalogNumber=YPM+IZ+110829&catalogNumber=YPM+IZ+110830&catalogNumber=YPM+IZ+110842&catalogNumber=YPM+IZ+110843&catalogNumber=YPM+IZ+110844&catalogNumber=YPM+IZ+110845&catalogNumber=YPM+IZ+110846&catalogNumber=YPM+IZ+110847&catalogNumber=YPM+IZ+110876&catalogNumber=YPM+IZ+110877&catalogNumber=YPM+IZ+110878&catalogNumber=YPM+IZ+110880&catalogNumber=YPM+IZ+110881&catalogNumber=YPM+IZ+110882&catalogNumber=YPM+IZ+110883&catalogNumber=YPM+IZ+110906&catalogNumber=YPM+IZ+110907&catalogNumber=YPM+IZ+110925&catalogNumber=YPM+IZ+110926&catalogNumber=YPM+IZ+110930&catalogNumber=YPM+IZ+110931&catalogNumber=YPM+IZ+110933&catalogNumber=YPM+IZ+110937&catalogNumber=YPM+IZ+110938&catalogNumber=YPM+IZ+110943&catalogNumber=YPM+IZ+110972&catalogNumber=YPM+IZ+111006&catalogNumber=YPM+IZ+111007	cohort_03.json	895e98c4fc942ab7d7a88a36b939ef457d89aa6b53c9aed51a7fd67ff354269a	searched_success_no_exact_match	0	Complete successful batch response; no matching occurrence returned.
Church2025:YPM-IZ-110828	YPM:IZ:110828	Church2025	Physalia megalista	854e35e6-f762-11e1-a439-00145eb45e9a	YPM IZ 110828	cohort_03	https://api.gbif.org/v1/occurrence/search?datasetKey=854e35e6-f762-11e1-a439-00145eb45e9a&limit=300&catalogNumber=YPM+IZ+110786&catalogNumber=YPM+IZ+110828&catalogNumber=YPM+IZ+110829&catalogNumber=YPM+IZ+110830&catalogNumber=YPM+IZ+110842&catalogNumber=YPM+IZ+110843&catalogNumber=YPM+IZ+110844&catalogNumber=YPM+IZ+110845&catalogNumber=YPM+IZ+110846&catalogNumber=YPM+IZ+110847&catalogNumber=YPM+IZ+110876&catalogNumber=YPM+IZ+110877&catalogNumber=YPM+IZ+110878&catalogNumber=YPM+IZ+110880&catalogNumber=YPM+IZ+110881&catalogNumber=YPM+IZ+110882&catalogNumber=YPM+IZ+110883&catalogNumber=YPM+IZ+110906&catalogNumber=YPM+IZ+110907&catalogNumber=YPM+IZ+110925&catalogNumber=YPM+IZ+110926&catalogNumber=YPM+IZ+110930&catalogNumber=YPM+IZ+110931&catalogNumber=YPM+IZ+110933&catalogNumber=YPM+IZ+110937&catalogNumber=YPM+IZ+110938&catalogNumber=YPM+IZ+110943&catalogNumber=YPM+IZ+110972&catalogNumber=YPM+IZ+111006&catalogNumber=YPM+IZ+111007	cohort_03.json	895e98c4fc942ab7d7a88a36b939ef457d89aa6b53c9aed51a7fd67ff354269a	searched_success_no_exact_match	0	Complete successful batch response; no matching occurrence returned.
Church2025:YPM-IZ-110829	YPM:IZ:110829	Church2025	Physalia megalista	854e35e6-f762-11e1-a439-00145eb45e9a	YPM IZ 110829	cohort_03	https://api.gbif.org/v1/occurrence/search?datasetKey=854e35e6-f762-11e1-a439-00145eb45e9a&limit=300&catalogNumber=YPM+IZ+110786&catalogNumber=YPM+IZ+110828&catalogNumber=YPM+IZ+110829&catalogNumber=YPM+IZ+110830&catalogNumber=YPM+IZ+110842&catalogNumber=YPM+IZ+110843&catalogNumber=YPM+IZ+110844&catalogNumber=YPM+IZ+110845&catalogNumber=YPM+IZ+110846&catalogNumber=YPM+IZ+110847&catalogNumber=YPM+IZ+110876&catalogNumber=YPM+IZ+110877&catalogNumber=YPM+IZ+110878&catalogNumber=YPM+IZ+110880&catalogNumber=YPM+IZ+110881&catalogNumber=YPM+IZ+110882&catalogNumber=YPM+IZ+110883&catalogNumber=YPM+IZ+110906&catalogNumber=YPM+IZ+110907&catalogNumber=YPM+IZ+110925&catalogNumber=YPM+IZ+110926&catalogNumber=YPM+IZ+110930&catalogNumber=YPM+IZ+110931&catalogNumber=YPM+IZ+110933&catalogNumber=YPM+IZ+110937&catalogNumber=YPM+IZ+110938&catalogNumber=YPM+IZ+110943&catalogNumber=YPM+IZ+110972&catalogNumber=YPM+IZ+111006&catalogNumber=YPM+IZ+111007	cohort_03.json	895e98c4fc942ab7d7a88a36b939ef457d89aa6b53c9aed51a7fd67ff354269a	searched_success_no_exact_match	0	Complete successful batch response; no matching occurrence returned.
Church2025:YPM-IZ-110830	YPM:IZ:110830	Church2025	Physalia utriculus	854e35e6-f762-11e1-a439-00145eb45e9a	YPM IZ 110830	cohort_03	https://api.gbif.org/v1/occurrence/search?datasetKey=854e35e6-f762-11e1-a439-00145eb45e9a&limit=300&catalogNumber=YPM+IZ+110786&catalogNumber=YPM+IZ+110828&catalogNumber=YPM+IZ+110829&catalogNumber=YPM+IZ+110830&catalogNumber=YPM+IZ+110842&catalogNumber=YPM+IZ+110843&catalogNumber=YPM+IZ+110844&catalogNumber=YPM+IZ+110845&catalogNumber=YPM+IZ+110846&catalogNumber=YPM+IZ+110847&catalogNumber=YPM+IZ+110876&catalogNumber=YPM+IZ+110877&catalogNumber=YPM+IZ+110878&catalogNumber=YPM+IZ+110880&catalogNumber=YPM+IZ+110881&catalogNumber=YPM+IZ+110882&catalogNumber=YPM+IZ+110883&catalogNumber=YPM+IZ+110906&catalogNumber=YPM+IZ+110907&catalogNumber=YPM+IZ+110925&catalogNumber=YPM+IZ+110926&catalogNumber=YPM+IZ+110930&catalogNumber=YPM+IZ+110931&catalogNumber=YPM+IZ+110933&catalogNumber=YPM+IZ+110937&catalogNumber=YPM+IZ+110938&catalogNumber=YPM+IZ+110943&catalogNumber=YPM+IZ+110972&catalogNumber=YPM+IZ+111006&catalogNumber=YPM+IZ+111007	cohort_03.json	895e98c4fc942ab7d7a88a36b939ef457d89aa6b53c9aed51a7fd67ff354269a	searched_success_no_exact_match	0	Complete successful batch response; no matching occurrence returned.
Church2025:YPM-IZ-110842	YPM:IZ:110842	Church2025	Physalia physalis	854e35e6-f762-11e1-a439-00145eb45e9a	YPM IZ 110842	cohort_03	https://api.gbif.org/v1/occurrence/search?datasetKey=854e35e6-f762-11e1-a439-00145eb45e9a&limit=300&catalogNumber=YPM+IZ+110786&catalogNumber=YPM+IZ+110828&catalogNumber=YPM+IZ+110829&catalogNumber=YPM+IZ+110830&catalogNumber=YPM+IZ+110842&catalogNumber=YPM+IZ+110843&catalogNumber=YPM+IZ+110844&catalogNumber=YPM+IZ+110845&catalogNumber=YPM+IZ+110846&catalogNumber=YPM+IZ+110847&catalogNumber=YPM+IZ+110876&catalogNumber=YPM+IZ+110877&catalogNumber=YPM+IZ+110878&catalogNumber=YPM+IZ+110880&catalogNumber=YPM+IZ+110881&catalogNumber=YPM+IZ+110882&catalogNumber=YPM+IZ+110883&catalogNumber=YPM+IZ+110906&catalogNumber=YPM+IZ+110907&catalogNumber=YPM+IZ+110925&catalogNumber=YPM+IZ+110926&catalogNumber=YPM+IZ+110930&catalogNumber=YPM+IZ+110931&catalogNumber=YPM+IZ+110933&catalogNumber=YPM+IZ+110937&catalogNumber=YPM+IZ+110938&catalogNumber=YPM+IZ+110943&catalogNumber=YPM+IZ+110972&catalogNumber=YPM+IZ+111006&catalogNumber=YPM+IZ+111007	cohort_03.json	895e98c4fc942ab7d7a88a36b939ef457d89aa6b53c9aed51a7fd67ff354269a	searched_success_no_exact_match	0	Complete successful batch response; no matching occurrence returned.
Church2025:YPM-IZ-110843	YPM:IZ:110843	Church2025	Physalia physalis	854e35e6-f762-11e1-a439-00145eb45e9a	YPM IZ 110843	cohort_03	https://api.gbif.org/v1/occurrence/search?datasetKey=854e35e6-f762-11e1-a439-00145eb45e9a&limit=300&catalogNumber=YPM+IZ+110786&catalogNumber=YPM+IZ+110828&catalogNumber=YPM+IZ+110829&catalogNumber=YPM+IZ+110830&catalogNumber=YPM+IZ+110842&catalogNumber=YPM+IZ+110843&catalogNumber=YPM+IZ+110844&catalogNumber=YPM+IZ+110845&catalogNumber=YPM+IZ+110846&catalogNumber=YPM+IZ+110847&catalogNumber=YPM+IZ+110876&catalogNumber=YPM+IZ+110877&catalogNumber=YPM+IZ+110878&catalogNumber=YPM+IZ+110880&catalogNumber=YPM+IZ+110881&catalogNumber=YPM+IZ+110882&catalogNumber=YPM+IZ+110883&catalogNumber=YPM+IZ+110906&catalogNumber=YPM+IZ+110907&catalogNumber=YPM+IZ+110925&catalogNumber=YPM+IZ+110926&catalogNumber=YPM+IZ+110930&catalogNumber=YPM+IZ+110931&catalogNumber=YPM+IZ+110933&catalogNumber=YPM+IZ+110937&catalogNumber=YPM+IZ+110938&catalogNumber=YPM+IZ+110943&catalogNumber=YPM+IZ+110972&catalogNumber=YPM+IZ+111006&catalogNumber=YPM+IZ+111007	cohort_03.json	895e98c4fc942ab7d7a88a36b939ef457d89aa6b53c9aed51a7fd67ff354269a	searched_success_no_exact_match	0	Complete successful batch response; no matching occurrence returned.
Church2025:YPM-IZ-110844	YPM:IZ:110844	Church2025	Physalia physalis	854e35e6-f762-11e1-a439-00145eb45e9a	YPM IZ 110844	cohort_03	https://api.gbif.org/v1/occurrence/search?datasetKey=854e35e6-f762-11e1-a439-00145eb45e9a&limit=300&catalogNumber=YPM+IZ+110786&catalogNumber=YPM+IZ+110828&catalogNumber=YPM+IZ+110829&catalogNumber=YPM+IZ+110830&catalogNumber=YPM+IZ+110842&catalogNumber=YPM+IZ+110843&catalogNumber=YPM+IZ+110844&catalogNumber=YPM+IZ+110845&catalogNumber=YPM+IZ+110846&catalogNumber=YPM+IZ+110847&catalogNumber=YPM+IZ+110876&catalogNumber=YPM+IZ+110877&catalogNumber=YPM+IZ+110878&catalogNumber=YPM+IZ+110880&catalogNumber=YPM+IZ+110881&catalogNumber=YPM+IZ+110882&catalogNumber=YPM+IZ+110883&catalogNumber=YPM+IZ+110906&catalogNumber=YPM+IZ+110907&catalogNumber=YPM+IZ+110925&catalogNumber=YPM+IZ+110926&catalogNumber=YPM+IZ+110930&catalogNumber=YPM+IZ+110931&catalogNumber=YPM+IZ+110933&catalogNumber=YPM+IZ+110937&catalogNumber=YPM+IZ+110938&catalogNumber=YPM+IZ+110943&catalogNumber=YPM+IZ+110972&catalogNumber=YPM+IZ+111006&catalogNumber=YPM+IZ+111007	cohort_03.json	895e98c4fc942ab7d7a88a36b939ef457d89aa6b53c9aed51a7fd67ff354269a	searched_success_no_exact_match	0	Complete successful batch response; no matching occurrence returned.
Church2025:YPM-IZ-110845	YPM:IZ:110845	Church2025	Physalia physalis	854e35e6-f762-11e1-a439-00145eb45e9a	YPM IZ 110845	cohort_03	https://api.gbif.org/v1/occurrence/search?datasetKey=854e35e6-f762-11e1-a439-00145eb45e9a&limit=300&catalogNumber=YPM+IZ+110786&catalogNumber=YPM+IZ+110828&catalogNumber=YPM+IZ+110829&catalogNumber=YPM+IZ+110830&catalogNumber=YPM+IZ+110842&catalogNumber=YPM+IZ+110843&catalogNumber=YPM+IZ+110844&catalogNumber=YPM+IZ+110845&catalogNumber=YPM+IZ+110846&catalogNumber=YPM+IZ+110847&catalogNumber=YPM+IZ+110876&catalogNumber=YPM+IZ+110877&catalogNumber=YPM+IZ+110878&catalogNumber=YPM+IZ+110880&catalogNumber=YPM+IZ+110881&catalogNumber=YPM+IZ+110882&catalogNumber=YPM+IZ+110883&catalogNumber=YPM+IZ+110906&catalogNumber=YPM+IZ+110907&catalogNumber=YPM+IZ+110925&catalogNumber=YPM+IZ+110926&catalogNumber=YPM+IZ+110930&catalogNumber=YPM+IZ+110931&catalogNumber=YPM+IZ+110933&catalogNumber=YPM+IZ+110937&catalogNumber=YPM+IZ+110938&catalogNumber=YPM+IZ+110943&catalogNumber=YPM+IZ+110972&catalogNumber=YPM+IZ+111006&catalogNumber=YPM+IZ+111007	cohort_03.json	895e98c4fc942ab7d7a88a36b939ef457d89aa6b53c9aed51a7fd67ff354269a	searched_success_no_exact_match	0	Complete successful batch response; no matching occurrence returned.
Church2025:YPM-IZ-110846	YPM:IZ:110846	Church2025	Physalia physalis	854e35e6-f762-11e1-a439-00145eb45e9a	YPM IZ 110846	cohort_03	https://api.gbif.org/v1/occurrence/search?datasetKey=854e35e6-f762-11e1-a439-00145eb45e9a&limit=300&catalogNumber=YPM+IZ+110786&catalogNumber=YPM+IZ+110828&catalogNumber=YPM+IZ+110829&catalogNumber=YPM+IZ+110830&catalogNumber=YPM+IZ+110842&catalogNumber=YPM+IZ+110843&catalogNumber=YPM+IZ+110844&catalogNumber=YPM+IZ+110845&catalogNumber=YPM+IZ+110846&catalogNumber=YPM+IZ+110847&catalogNumber=YPM+IZ+110876&catalogNumber=YPM+IZ+110877&catalogNumber=YPM+IZ+110878&catalogNumber=YPM+IZ+110880&catalogNumber=YPM+IZ+110881&catalogNumber=YPM+IZ+110882&catalogNumber=YPM+IZ+110883&catalogNumber=YPM+IZ+110906&catalogNumber=YPM+IZ+110907&catalogNumber=YPM+IZ+110925&catalogNumber=YPM+IZ+110926&catalogNumber=YPM+IZ+110930&catalogNumber=YPM+IZ+110931&catalogNumber=YPM+IZ+110933&catalogNumber=YPM+IZ+110937&catalogNumber=YPM+IZ+110938&catalogNumber=YPM+IZ+110943&catalogNumber=YPM+IZ+110972&catalogNumber=YPM+IZ+111006&catalogNumber=YPM+IZ+111007	cohort_03.json	895e98c4fc942ab7d7a88a36b939ef457d89aa6b53c9aed51a7fd67ff354269a	searched_success_no_exact_match	0	Complete successful batch response; no matching occurrence returned.
Church2025:YPM-IZ-110847	YPM:IZ:110847	Church2025	Physalia physalis	854e35e6-f762-11e1-a439-00145eb45e9a	YPM IZ 110847	cohort_03	https://api.gbif.org/v1/occurrence/search?datasetKey=854e35e6-f762-11e1-a439-00145eb45e9a&limit=300&catalogNumber=YPM+IZ+110786&catalogNumber=YPM+IZ+110828&catalogNumber=YPM+IZ+110829&catalogNumber=YPM+IZ+110830&catalogNumber=YPM+IZ+110842&catalogNumber=YPM+IZ+110843&catalogNumber=YPM+IZ+110844&catalogNumber=YPM+IZ+110845&catalogNumber=YPM+IZ+110846&catalogNumber=YPM+IZ+110847&catalogNumber=YPM+IZ+110876&catalogNumber=YPM+IZ+110877&catalogNumber=YPM+IZ+110878&catalogNumber=YPM+IZ+110880&catalogNumber=YPM+IZ+110881&catalogNumber=YPM+IZ+110882&catalogNumber=YPM+IZ+110883&catalogNumber=YPM+IZ+110906&catalogNumber=YPM+IZ+110907&catalogNumber=YPM+IZ+110925&catalogNumber=YPM+IZ+110926&catalogNumber=YPM+IZ+110930&catalogNumber=YPM+IZ+110931&catalogNumber=YPM+IZ+110933&catalogNumber=YPM+IZ+110937&catalogNumber=YPM+IZ+110938&catalogNumber=YPM+IZ+110943&catalogNumber=YPM+IZ+110972&catalogNumber=YPM+IZ+111006&catalogNumber=YPM+IZ+111007	cohort_03.json	895e98c4fc942ab7d7a88a36b939ef457d89aa6b53c9aed51a7fd67ff354269a	searched_success_no_exact_match	0	Complete successful batch response; no matching occurrence returned.
Church2025:YPM-IZ-110876	YPM:IZ:110876	Church2025	Physalia physalis	854e35e6-f762-11e1-a439-00145eb45e9a	YPM IZ 110876	cohort_03	https://api.gbif.org/v1/occurrence/search?datasetKey=854e35e6-f762-11e1-a439-00145eb45e9a&limit=300&catalogNumber=YPM+IZ+110786&catalogNumber=YPM+IZ+110828&catalogNumber=YPM+IZ+110829&catalogNumber=YPM+IZ+110830&catalogNumber=YPM+IZ+110842&catalogNumber=YPM+IZ+110843&catalogNumber=YPM+IZ+110844&catalogNumber=YPM+IZ+110845&catalogNumber=YPM+IZ+110846&catalogNumber=YPM+IZ+110847&catalogNumber=YPM+IZ+110876&catalogNumber=YPM+IZ+110877&catalogNumber=YPM+IZ+110878&catalogNumber=YPM+IZ+110880&catalogNumber=YPM+IZ+110881&catalogNumber=YPM+IZ+110882&catalogNumber=YPM+IZ+110883&catalogNumber=YPM+IZ+110906&catalogNumber=YPM+IZ+110907&catalogNumber=YPM+IZ+110925&catalogNumber=YPM+IZ+110926&catalogNumber=YPM+IZ+110930&catalogNumber=YPM+IZ+110931&catalogNumber=YPM+IZ+110933&catalogNumber=YPM+IZ+110937&catalogNumber=YPM+IZ+110938&catalogNumber=YPM+IZ+110943&catalogNumber=YPM+IZ+110972&catalogNumber=YPM+IZ+111006&catalogNumber=YPM+IZ+111007	cohort_03.json	895e98c4fc942ab7d7a88a36b939ef457d89aa6b53c9aed51a7fd67ff354269a	searched_success_no_exact_match	0	Complete successful batch response; no matching occurrence returned.
Church2025:YPM-IZ-110877	YPM:IZ:110877	Church2025	Physalia sp1	854e35e6-f762-11e1-a439-00145eb45e9a	YPM IZ 110877	cohort_03	https://api.gbif.org/v1/occurrence/search?datasetKey=854e35e6-f762-11e1-a439-00145eb45e9a&limit=300&catalogNumber=YPM+IZ+110786&catalogNumber=YPM+IZ+110828&catalogNumber=YPM+IZ+110829&catalogNumber=YPM+IZ+110830&catalogNumber=YPM+IZ+110842&catalogNumber=YPM+IZ+110843&catalogNumber=YPM+IZ+110844&catalogNumber=YPM+IZ+110845&catalogNumber=YPM+IZ+110846&catalogNumber=YPM+IZ+110847&catalogNumber=YPM+IZ+110876&catalogNumber=YPM+IZ+110877&catalogNumber=YPM+IZ+110878&catalogNumber=YPM+IZ+110880&catalogNumber=YPM+IZ+110881&catalogNumber=YPM+IZ+110882&catalogNumber=YPM+IZ+110883&catalogNumber=YPM+IZ+110906&catalogNumber=YPM+IZ+110907&catalogNumber=YPM+IZ+110925&catalogNumber=YPM+IZ+110926&catalogNumber=YPM+IZ+110930&catalogNumber=YPM+IZ+110931&catalogNumber=YPM+IZ+110933&catalogNumber=YPM+IZ+110937&catalogNumber=YPM+IZ+110938&catalogNumber=YPM+IZ+110943&catalogNumber=YPM+IZ+110972&catalogNumber=YPM+IZ+111006&catalogNumber=YPM+IZ+111007	cohort_03.json	895e98c4fc942ab7d7a88a36b939ef457d89aa6b53c9aed51a7fd67ff354269a	searched_success_no_exact_match	0	Complete successful batch response; no matching occurrence returned.
Church2025:YPM-IZ-110878	YPM:IZ:110878	Church2025	Physalia sp1	854e35e6-f762-11e1-a439-00145eb45e9a	YPM IZ 110878	cohort_03	https://api.gbif.org/v1/occurrence/search?datasetKey=854e35e6-f762-11e1-a439-00145eb45e9a&limit=300&catalogNumber=YPM+IZ+110786&catalogNumber=YPM+IZ+110828&catalogNumber=YPM+IZ+110829&catalogNumber=YPM+IZ+110830&catalogNumber=YPM+IZ+110842&catalogNumber=YPM+IZ+110843&catalogNumber=YPM+IZ+110844&catalogNumber=YPM+IZ+110845&catalogNumber=YPM+IZ+110846&catalogNumber=YPM+IZ+110847&catalogNumber=YPM+IZ+110876&catalogNumber=YPM+IZ+110877&catalogNumber=YPM+IZ+110878&catalogNumber=YPM+IZ+110880&catalogNumber=YPM+IZ+110881&catalogNumber=YPM+IZ+110882&catalogNumber=YPM+IZ+110883&catalogNumber=YPM+IZ+110906&catalogNumber=YPM+IZ+110907&catalogNumber=YPM+IZ+110925&catalogNumber=YPM+IZ+110926&catalogNumber=YPM+IZ+110930&catalogNumber=YPM+IZ+110931&catalogNumber=YPM+IZ+110933&catalogNumber=YPM+IZ+110937&catalogNumber=YPM+IZ+110938&catalogNumber=YPM+IZ+110943&catalogNumber=YPM+IZ+110972&catalogNumber=YPM+IZ+111006&catalogNumber=YPM+IZ+111007	cohort_03.json	895e98c4fc942ab7d7a88a36b939ef457d89aa6b53c9aed51a7fd67ff354269a	searched_success_no_exact_match	0	Complete successful batch response; no matching occurrence returned.
Church2025:YPM-IZ-110880	YPM:IZ:110880	Church2025	Physalia physalis	854e35e6-f762-11e1-a439-00145eb45e9a	YPM IZ 110880	cohort_03	https://api.gbif.org/v1/occurrence/search?datasetKey=854e35e6-f762-11e1-a439-00145eb45e9a&limit=300&catalogNumber=YPM+IZ+110786&catalogNumber=YPM+IZ+110828&catalogNumber=YPM+IZ+110829&catalogNumber=YPM+IZ+110830&catalogNumber=YPM+IZ+110842&catalogNumber=YPM+IZ+110843&catalogNumber=YPM+IZ+110844&catalogNumber=YPM+IZ+110845&catalogNumber=YPM+IZ+110846&catalogNumber=YPM+IZ+110847&catalogNumber=YPM+IZ+110876&catalogNumber=YPM+IZ+110877&catalogNumber=YPM+IZ+110878&catalogNumber=YPM+IZ+110880&catalogNumber=YPM+IZ+110881&catalogNumber=YPM+IZ+110882&catalogNumber=YPM+IZ+110883&catalogNumber=YPM+IZ+110906&catalogNumber=YPM+IZ+110907&catalogNumber=YPM+IZ+110925&catalogNumber=YPM+IZ+110926&catalogNumber=YPM+IZ+110930&catalogNumber=YPM+IZ+110931&catalogNumber=YPM+IZ+110933&catalogNumber=YPM+IZ+110937&catalogNumber=YPM+IZ+110938&catalogNumber=YPM+IZ+110943&catalogNumber=YPM+IZ+110972&catalogNumber=YPM+IZ+111006&catalogNumber=YPM+IZ+111007	cohort_03.json	895e98c4fc942ab7d7a88a36b939ef457d89aa6b53c9aed51a7fd67ff354269a	searched_success_no_exact_match	0	Complete successful batch response; no matching occurrence returned.
Church2025:YPM-IZ-110881	YPM:IZ:110881	Church2025	Physalia utriculus	854e35e6-f762-11e1-a439-00145eb45e9a	YPM IZ 110881	cohort_03	https://api.gbif.org/v1/occurrence/search?datasetKey=854e35e6-f762-11e1-a439-00145eb45e9a&limit=300&catalogNumber=YPM+IZ+110786&catalogNumber=YPM+IZ+110828&catalogNumber=YPM+IZ+110829&catalogNumber=YPM+IZ+110830&catalogNumber=YPM+IZ+110842&catalogNumber=YPM+IZ+110843&catalogNumber=YPM+IZ+110844&catalogNumber=YPM+IZ+110845&catalogNumber=YPM+IZ+110846&catalogNumber=YPM+IZ+110847&catalogNumber=YPM+IZ+110876&catalogNumber=YPM+IZ+110877&catalogNumber=YPM+IZ+110878&catalogNumber=YPM+IZ+110880&catalogNumber=YPM+IZ+110881&catalogNumber=YPM+IZ+110882&catalogNumber=YPM+IZ+110883&catalogNumber=YPM+IZ+110906&catalogNumber=YPM+IZ+110907&catalogNumber=YPM+IZ+110925&catalogNumber=YPM+IZ+110926&catalogNumber=YPM+IZ+110930&catalogNumber=YPM+IZ+110931&catalogNumber=YPM+IZ+110933&catalogNumber=YPM+IZ+110937&catalogNumber=YPM+IZ+110938&catalogNumber=YPM+IZ+110943&catalogNumber=YPM+IZ+110972&catalogNumber=YPM+IZ+111006&catalogNumber=YPM+IZ+111007	cohort_03.json	895e98c4fc942ab7d7a88a36b939ef457d89aa6b53c9aed51a7fd67ff354269a	searched_success_no_exact_match	0	Complete successful batch response; no matching occurrence returned.
Church2025:YPM-IZ-110882	YPM:IZ:110882	Church2025	Physalia utriculus	854e35e6-f762-11e1-a439-00145eb45e9a	YPM IZ 110882	cohort_03	https://api.gbif.org/v1/occurrence/search?datasetKey=854e35e6-f762-11e1-a439-00145eb45e9a&limit=300&catalogNumber=YPM+IZ+110786&catalogNumber=YPM+IZ+110828&catalogNumber=YPM+IZ+110829&catalogNumber=YPM+IZ+110830&catalogNumber=YPM+IZ+110842&catalogNumber=YPM+IZ+110843&catalogNumber=YPM+IZ+110844&catalogNumber=YPM+IZ+110845&catalogNumber=YPM+IZ+110846&catalogNumber=YPM+IZ+110847&catalogNumber=YPM+IZ+110876&catalogNumber=YPM+IZ+110877&catalogNumber=YPM+IZ+110878&catalogNumber=YPM+IZ+110880&catalogNumber=YPM+IZ+110881&catalogNumber=YPM+IZ+110882&catalogNumber=YPM+IZ+110883&catalogNumber=YPM+IZ+110906&catalogNumber=YPM+IZ+110907&catalogNumber=YPM+IZ+110925&catalogNumber=YPM+IZ+110926&catalogNumber=YPM+IZ+110930&catalogNumber=YPM+IZ+110931&catalogNumber=YPM+IZ+110933&catalogNumber=YPM+IZ+110937&catalogNumber=YPM+IZ+110938&catalogNumber=YPM+IZ+110943&catalogNumber=YPM+IZ+110972&catalogNumber=YPM+IZ+111006&catalogNumber=YPM+IZ+111007	cohort_03.json	895e98c4fc942ab7d7a88a36b939ef457d89aa6b53c9aed51a7fd67ff354269a	searched_success_no_exact_match	0	Complete successful batch response; no matching occurrence returned.
Church2025:YPM-IZ-110883	YPM:IZ:110883	Church2025	Physalia utriculus	854e35e6-f762-11e1-a439-00145eb45e9a	YPM IZ 110883	cohort_03	https://api.gbif.org/v1/occurrence/search?datasetKey=854e35e6-f762-11e1-a439-00145eb45e9a&limit=300&catalogNumber=YPM+IZ+110786&catalogNumber=YPM+IZ+110828&catalogNumber=YPM+IZ+110829&catalogNumber=YPM+IZ+110830&catalogNumber=YPM+IZ+110842&catalogNumber=YPM+IZ+110843&catalogNumber=YPM+IZ+110844&catalogNumber=YPM+IZ+110845&catalogNumber=YPM+IZ+110846&catalogNumber=YPM+IZ+110847&catalogNumber=YPM+IZ+110876&catalogNumber=YPM+IZ+110877&catalogNumber=YPM+IZ+110878&catalogNumber=YPM+IZ+110880&catalogNumber=YPM+IZ+110881&catalogNumber=YPM+IZ+110882&catalogNumber=YPM+IZ+110883&catalogNumber=YPM+IZ+110906&catalogNumber=YPM+IZ+110907&catalogNumber=YPM+IZ+110925&catalogNumber=YPM+IZ+110926&catalogNumber=YPM+IZ+110930&catalogNumber=YPM+IZ+110931&catalogNumber=YPM+IZ+110933&catalogNumber=YPM+IZ+110937&catalogNumber=YPM+IZ+110938&catalogNumber=YPM+IZ+110943&catalogNumber=YPM+IZ+110972&catalogNumber=YPM+IZ+111006&catalogNumber=YPM+IZ+111007	cohort_03.json	895e98c4fc942ab7d7a88a36b939ef457d89aa6b53c9aed51a7fd67ff354269a	searched_success_no_exact_match	0	Complete successful batch response; no matching occurrence returned.
Church2025:YPM-IZ-110906	YPM:IZ:110906	Church2025	Physalia utriculus	854e35e6-f762-11e1-a439-00145eb45e9a	YPM IZ 110906	cohort_03	https://api.gbif.org/v1/occurrence/search?datasetKey=854e35e6-f762-11e1-a439-00145eb45e9a&limit=300&catalogNumber=YPM+IZ+110786&catalogNumber=YPM+IZ+110828&catalogNumber=YPM+IZ+110829&catalogNumber=YPM+IZ+110830&catalogNumber=YPM+IZ+110842&catalogNumber=YPM+IZ+110843&catalogNumber=YPM+IZ+110844&catalogNumber=YPM+IZ+110845&catalogNumber=YPM+IZ+110846&catalogNumber=YPM+IZ+110847&catalogNumber=YPM+IZ+110876&catalogNumber=YPM+IZ+110877&catalogNumber=YPM+IZ+110878&catalogNumber=YPM+IZ+110880&catalogNumber=YPM+IZ+110881&catalogNumber=YPM+IZ+110882&catalogNumber=YPM+IZ+110883&catalogNumber=YPM+IZ+110906&catalogNumber=YPM+IZ+110907&catalogNumber=YPM+IZ+110925&catalogNumber=YPM+IZ+110926&catalogNumber=YPM+IZ+110930&catalogNumber=YPM+IZ+110931&catalogNumber=YPM+IZ+110933&catalogNumber=YPM+IZ+110937&catalogNumber=YPM+IZ+110938&catalogNumber=YPM+IZ+110943&catalogNumber=YPM+IZ+110972&catalogNumber=YPM+IZ+111006&catalogNumber=YPM+IZ+111007	cohort_03.json	895e98c4fc942ab7d7a88a36b939ef457d89aa6b53c9aed51a7fd67ff354269a	searched_success_no_exact_match	0	Complete successful batch response; no matching occurrence returned.
Church2025:YPM-IZ-110907	YPM:IZ:110907	Church2025	Physalia utriculus	854e35e6-f762-11e1-a439-00145eb45e9a	YPM IZ 110907	cohort_03	https://api.gbif.org/v1/occurrence/search?datasetKey=854e35e6-f762-11e1-a439-00145eb45e9a&limit=300&catalogNumber=YPM+IZ+110786&catalogNumber=YPM+IZ+110828&catalogNumber=YPM+IZ+110829&catalogNumber=YPM+IZ+110830&catalogNumber=YPM+IZ+110842&catalogNumber=YPM+IZ+110843&catalogNumber=YPM+IZ+110844&catalogNumber=YPM+IZ+110845&catalogNumber=YPM+IZ+110846&catalogNumber=YPM+IZ+110847&catalogNumber=YPM+IZ+110876&catalogNumber=YPM+IZ+110877&catalogNumber=YPM+IZ+110878&catalogNumber=YPM+IZ+110880&catalogNumber=YPM+IZ+110881&catalogNumber=YPM+IZ+110882&catalogNumber=YPM+IZ+110883&catalogNumber=YPM+IZ+110906&catalogNumber=YPM+IZ+110907&catalogNumber=YPM+IZ+110925&catalogNumber=YPM+IZ+110926&catalogNumber=YPM+IZ+110930&catalogNumber=YPM+IZ+110931&catalogNumber=YPM+IZ+110933&catalogNumber=YPM+IZ+110937&catalogNumber=YPM+IZ+110938&catalogNumber=YPM+IZ+110943&catalogNumber=YPM+IZ+110972&catalogNumber=YPM+IZ+111006&catalogNumber=YPM+IZ+111007	cohort_03.json	895e98c4fc942ab7d7a88a36b939ef457d89aa6b53c9aed51a7fd67ff354269a	searched_success_no_exact_match	0	Complete successful batch response; no matching occurrence returned.
Church2025:YPM-IZ-110925	YPM:IZ:110925	Church2025	Physalia utriculus	854e35e6-f762-11e1-a439-00145eb45e9a	YPM IZ 110925	cohort_03	https://api.gbif.org/v1/occurrence/search?datasetKey=854e35e6-f762-11e1-a439-00145eb45e9a&limit=300&catalogNumber=YPM+IZ+110786&catalogNumber=YPM+IZ+110828&catalogNumber=YPM+IZ+110829&catalogNumber=YPM+IZ+110830&catalogNumber=YPM+IZ+110842&catalogNumber=YPM+IZ+110843&catalogNumber=YPM+IZ+110844&catalogNumber=YPM+IZ+110845&catalogNumber=YPM+IZ+110846&catalogNumber=YPM+IZ+110847&catalogNumber=YPM+IZ+110876&catalogNumber=YPM+IZ+110877&catalogNumber=YPM+IZ+110878&catalogNumber=YPM+IZ+110880&catalogNumber=YPM+IZ+110881&catalogNumber=YPM+IZ+110882&catalogNumber=YPM+IZ+110883&catalogNumber=YPM+IZ+110906&catalogNumber=YPM+IZ+110907&catalogNumber=YPM+IZ+110925&catalogNumber=YPM+IZ+110926&catalogNumber=YPM+IZ+110930&catalogNumber=YPM+IZ+110931&catalogNumber=YPM+IZ+110933&catalogNumber=YPM+IZ+110937&catalogNumber=YPM+IZ+110938&catalogNumber=YPM+IZ+110943&catalogNumber=YPM+IZ+110972&catalogNumber=YPM+IZ+111006&catalogNumber=YPM+IZ+111007	cohort_03.json	895e98c4fc942ab7d7a88a36b939ef457d89aa6b53c9aed51a7fd67ff354269a	searched_success_no_exact_match	0	Complete successful batch response; no matching occurrence returned.
Church2025:YPM-IZ-110926	YPM:IZ:110926	Church2025	Physalia utriculus	854e35e6-f762-11e1-a439-00145eb45e9a	YPM IZ 110926	cohort_03	https://api.gbif.org/v1/occurrence/search?datasetKey=854e35e6-f762-11e1-a439-00145eb45e9a&limit=300&catalogNumber=YPM+IZ+110786&catalogNumber=YPM+IZ+110828&catalogNumber=YPM+IZ+110829&catalogNumber=YPM+IZ+110830&catalogNumber=YPM+IZ+110842&catalogNumber=YPM+IZ+110843&catalogNumber=YPM+IZ+110844&catalogNumber=YPM+IZ+110845&catalogNumber=YPM+IZ+110846&catalogNumber=YPM+IZ+110847&catalogNumber=YPM+IZ+110876&catalogNumber=YPM+IZ+110877&catalogNumber=YPM+IZ+110878&catalogNumber=YPM+IZ+110880&catalogNumber=YPM+IZ+110881&catalogNumber=YPM+IZ+110882&catalogNumber=YPM+IZ+110883&catalogNumber=YPM+IZ+110906&catalogNumber=YPM+IZ+110907&catalogNumber=YPM+IZ+110925&catalogNumber=YPM+IZ+110926&catalogNumber=YPM+IZ+110930&catalogNumber=YPM+IZ+110931&catalogNumber=YPM+IZ+110933&catalogNumber=YPM+IZ+110937&catalogNumber=YPM+IZ+110938&catalogNumber=YPM+IZ+110943&catalogNumber=YPM+IZ+110972&catalogNumber=YPM+IZ+111006&catalogNumber=YPM+IZ+111007	cohort_03.json	895e98c4fc942ab7d7a88a36b939ef457d89aa6b53c9aed51a7fd67ff354269a	searched_success_no_exact_match	0	Complete successful batch response; no matching occurrence returned.
Church2025:YPM-IZ-110930	YPM:IZ:110930	Church2025	Physalia utriculus	854e35e6-f762-11e1-a439-00145eb45e9a	YPM IZ 110930	cohort_03	https://api.gbif.org/v1/occurrence/search?datasetKey=854e35e6-f762-11e1-a439-00145eb45e9a&limit=300&catalogNumber=YPM+IZ+110786&catalogNumber=YPM+IZ+110828&catalogNumber=YPM+IZ+110829&catalogNumber=YPM+IZ+110830&catalogNumber=YPM+IZ+110842&catalogNumber=YPM+IZ+110843&catalogNumber=YPM+IZ+110844&catalogNumber=YPM+IZ+110845&catalogNumber=YPM+IZ+110846&catalogNumber=YPM+IZ+110847&catalogNumber=YPM+IZ+110876&catalogNumber=YPM+IZ+110877&catalogNumber=YPM+IZ+110878&catalogNumber=YPM+IZ+110880&catalogNumber=YPM+IZ+110881&catalogNumber=YPM+IZ+110882&catalogNumber=YPM+IZ+110883&catalogNumber=YPM+IZ+110906&catalogNumber=YPM+IZ+110907&catalogNumber=YPM+IZ+110925&catalogNumber=YPM+IZ+110926&catalogNumber=YPM+IZ+110930&catalogNumber=YPM+IZ+110931&catalogNumber=YPM+IZ+110933&catalogNumber=YPM+IZ+110937&catalogNumber=YPM+IZ+110938&catalogNumber=YPM+IZ+110943&catalogNumber=YPM+IZ+110972&catalogNumber=YPM+IZ+111006&catalogNumber=YPM+IZ+111007	cohort_03.json	895e98c4fc942ab7d7a88a36b939ef457d89aa6b53c9aed51a7fd67ff354269a	searched_success_no_exact_match	0	Complete successful batch response; no matching occurrence returned.
Church2025:YPM-IZ-110931	YPM:IZ:110931	Church2025	Physalia sp1	854e35e6-f762-11e1-a439-00145eb45e9a	YPM IZ 110931	cohort_03	https://api.gbif.org/v1/occurrence/search?datasetKey=854e35e6-f762-11e1-a439-00145eb45e9a&limit=300&catalogNumber=YPM+IZ+110786&catalogNumber=YPM+IZ+110828&catalogNumber=YPM+IZ+110829&catalogNumber=YPM+IZ+110830&catalogNumber=YPM+IZ+110842&catalogNumber=YPM+IZ+110843&catalogNumber=YPM+IZ+110844&catalogNumber=YPM+IZ+110845&catalogNumber=YPM+IZ+110846&catalogNumber=YPM+IZ+110847&catalogNumber=YPM+IZ+110876&catalogNumber=YPM+IZ+110877&catalogNumber=YPM+IZ+110878&catalogNumber=YPM+IZ+110880&catalogNumber=YPM+IZ+110881&catalogNumber=YPM+IZ+110882&catalogNumber=YPM+IZ+110883&catalogNumber=YPM+IZ+110906&catalogNumber=YPM+IZ+110907&catalogNumber=YPM+IZ+110925&catalogNumber=YPM+IZ+110926&catalogNumber=YPM+IZ+110930&catalogNumber=YPM+IZ+110931&catalogNumber=YPM+IZ+110933&catalogNumber=YPM+IZ+110937&catalogNumber=YPM+IZ+110938&catalogNumber=YPM+IZ+110943&catalogNumber=YPM+IZ+110972&catalogNumber=YPM+IZ+111006&catalogNumber=YPM+IZ+111007	cohort_03.json	895e98c4fc942ab7d7a88a36b939ef457d89aa6b53c9aed51a7fd67ff354269a	searched_success_no_exact_match	0	Complete successful batch response; no matching occurrence returned.
Church2025:YPM-IZ-110933	YPM:IZ:110933	Church2025	Physalia utriculus	854e35e6-f762-11e1-a439-00145eb45e9a	YPM IZ 110933	cohort_03	https://api.gbif.org/v1/occurrence/search?datasetKey=854e35e6-f762-11e1-a439-00145eb45e9a&limit=300&catalogNumber=YPM+IZ+110786&catalogNumber=YPM+IZ+110828&catalogNumber=YPM+IZ+110829&catalogNumber=YPM+IZ+110830&catalogNumber=YPM+IZ+110842&catalogNumber=YPM+IZ+110843&catalogNumber=YPM+IZ+110844&catalogNumber=YPM+IZ+110845&catalogNumber=YPM+IZ+110846&catalogNumber=YPM+IZ+110847&catalogNumber=YPM+IZ+110876&catalogNumber=YPM+IZ+110877&catalogNumber=YPM+IZ+110878&catalogNumber=YPM+IZ+110880&catalogNumber=YPM+IZ+110881&catalogNumber=YPM+IZ+110882&catalogNumber=YPM+IZ+110883&catalogNumber=YPM+IZ+110906&catalogNumber=YPM+IZ+110907&catalogNumber=YPM+IZ+110925&catalogNumber=YPM+IZ+110926&catalogNumber=YPM+IZ+110930&catalogNumber=YPM+IZ+110931&catalogNumber=YPM+IZ+110933&catalogNumber=YPM+IZ+110937&catalogNumber=YPM+IZ+110938&catalogNumber=YPM+IZ+110943&catalogNumber=YPM+IZ+110972&catalogNumber=YPM+IZ+111006&catalogNumber=YPM+IZ+111007	cohort_03.json	895e98c4fc942ab7d7a88a36b939ef457d89aa6b53c9aed51a7fd67ff354269a	searched_success_no_exact_match	0	Complete successful batch response; no matching occurrence returned.
Church2025:YPM-IZ-110937	YPM:IZ:110937	Church2025	Physalia utriculus	854e35e6-f762-11e1-a439-00145eb45e9a	YPM IZ 110937	cohort_03	https://api.gbif.org/v1/occurrence/search?datasetKey=854e35e6-f762-11e1-a439-00145eb45e9a&limit=300&catalogNumber=YPM+IZ+110786&catalogNumber=YPM+IZ+110828&catalogNumber=YPM+IZ+110829&catalogNumber=YPM+IZ+110830&catalogNumber=YPM+IZ+110842&catalogNumber=YPM+IZ+110843&catalogNumber=YPM+IZ+110844&catalogNumber=YPM+IZ+110845&catalogNumber=YPM+IZ+110846&catalogNumber=YPM+IZ+110847&catalogNumber=YPM+IZ+110876&catalogNumber=YPM+IZ+110877&catalogNumber=YPM+IZ+110878&catalogNumber=YPM+IZ+110880&catalogNumber=YPM+IZ+110881&catalogNumber=YPM+IZ+110882&catalogNumber=YPM+IZ+110883&catalogNumber=YPM+IZ+110906&catalogNumber=YPM+IZ+110907&catalogNumber=YPM+IZ+110925&catalogNumber=YPM+IZ+110926&catalogNumber=YPM+IZ+110930&catalogNumber=YPM+IZ+110931&catalogNumber=YPM+IZ+110933&catalogNumber=YPM+IZ+110937&catalogNumber=YPM+IZ+110938&catalogNumber=YPM+IZ+110943&catalogNumber=YPM+IZ+110972&catalogNumber=YPM+IZ+111006&catalogNumber=YPM+IZ+111007	cohort_03.json	895e98c4fc942ab7d7a88a36b939ef457d89aa6b53c9aed51a7fd67ff354269a	searched_success_no_exact_match	0	Complete successful batch response; no matching occurrence returned.
Church2025:YPM-IZ-110938	YPM:IZ:110938	Church2025	Physalia utriculus	854e35e6-f762-11e1-a439-00145eb45e9a	YPM IZ 110938	cohort_03	https://api.gbif.org/v1/occurrence/search?datasetKey=854e35e6-f762-11e1-a439-00145eb45e9a&limit=300&catalogNumber=YPM+IZ+110786&catalogNumber=YPM+IZ+110828&catalogNumber=YPM+IZ+110829&catalogNumber=YPM+IZ+110830&catalogNumber=YPM+IZ+110842&catalogNumber=YPM+IZ+110843&catalogNumber=YPM+IZ+110844&catalogNumber=YPM+IZ+110845&catalogNumber=YPM+IZ+110846&catalogNumber=YPM+IZ+110847&catalogNumber=YPM+IZ+110876&catalogNumber=YPM+IZ+110877&catalogNumber=YPM+IZ+110878&catalogNumber=YPM+IZ+110880&catalogNumber=YPM+IZ+110881&catalogNumber=YPM+IZ+110882&catalogNumber=YPM+IZ+110883&catalogNumber=YPM+IZ+110906&catalogNumber=YPM+IZ+110907&catalogNumber=YPM+IZ+110925&catalogNumber=YPM+IZ+110926&catalogNumber=YPM+IZ+110930&catalogNumber=YPM+IZ+110931&catalogNumber=YPM+IZ+110933&catalogNumber=YPM+IZ+110937&catalogNumber=YPM+IZ+110938&catalogNumber=YPM+IZ+110943&catalogNumber=YPM+IZ+110972&catalogNumber=YPM+IZ+111006&catalogNumber=YPM+IZ+111007	cohort_03.json	895e98c4fc942ab7d7a88a36b939ef457d89aa6b53c9aed51a7fd67ff354269a	searched_success_no_exact_match	0	Complete successful batch response; no matching occurrence returned.
Church2025:YPM-IZ-110943	YPM:IZ:110943	Church2025	Physalia sp1	854e35e6-f762-11e1-a439-00145eb45e9a	YPM IZ 110943	cohort_03	https://api.gbif.org/v1/occurrence/search?datasetKey=854e35e6-f762-11e1-a439-00145eb45e9a&limit=300&catalogNumber=YPM+IZ+110786&catalogNumber=YPM+IZ+110828&catalogNumber=YPM+IZ+110829&catalogNumber=YPM+IZ+110830&catalogNumber=YPM+IZ+110842&catalogNumber=YPM+IZ+110843&catalogNumber=YPM+IZ+110844&catalogNumber=YPM+IZ+110845&catalogNumber=YPM+IZ+110846&catalogNumber=YPM+IZ+110847&catalogNumber=YPM+IZ+110876&catalogNumber=YPM+IZ+110877&catalogNumber=YPM+IZ+110878&catalogNumber=YPM+IZ+110880&catalogNumber=YPM+IZ+110881&catalogNumber=YPM+IZ+110882&catalogNumber=YPM+IZ+110883&catalogNumber=YPM+IZ+110906&catalogNumber=YPM+IZ+110907&catalogNumber=YPM+IZ+110925&catalogNumber=YPM+IZ+110926&catalogNumber=YPM+IZ+110930&catalogNumber=YPM+IZ+110931&catalogNumber=YPM+IZ+110933&catalogNumber=YPM+IZ+110937&catalogNumber=YPM+IZ+110938&catalogNumber=YPM+IZ+110943&catalogNumber=YPM+IZ+110972&catalogNumber=YPM+IZ+111006&catalogNumber=YPM+IZ+111007	cohort_03.json	895e98c4fc942ab7d7a88a36b939ef457d89aa6b53c9aed51a7fd67ff354269a	searched_success_no_exact_match	0	Complete successful batch response; no matching occurrence returned.
Church2025:YPM-IZ-110972	YPM:IZ:110972	Church2025	Physalia physalis	854e35e6-f762-11e1-a439-00145eb45e9a	YPM IZ 110972	cohort_03	https://api.gbif.org/v1/occurrence/search?datasetKey=854e35e6-f762-11e1-a439-00145eb45e9a&limit=300&catalogNumber=YPM+IZ+110786&catalogNumber=YPM+IZ+110828&catalogNumber=YPM+IZ+110829&catalogNumber=YPM+IZ+110830&catalogNumber=YPM+IZ+110842&catalogNumber=YPM+IZ+110843&catalogNumber=YPM+IZ+110844&catalogNumber=YPM+IZ+110845&catalogNumber=YPM+IZ+110846&catalogNumber=YPM+IZ+110847&catalogNumber=YPM+IZ+110876&catalogNumber=YPM+IZ+110877&catalogNumber=YPM+IZ+110878&catalogNumber=YPM+IZ+110880&catalogNumber=YPM+IZ+110881&catalogNumber=YPM+IZ+110882&catalogNumber=YPM+IZ+110883&catalogNumber=YPM+IZ+110906&catalogNumber=YPM+IZ+110907&catalogNumber=YPM+IZ+110925&catalogNumber=YPM+IZ+110926&catalogNumber=YPM+IZ+110930&catalogNumber=YPM+IZ+110931&catalogNumber=YPM+IZ+110933&catalogNumber=YPM+IZ+110937&catalogNumber=YPM+IZ+110938&catalogNumber=YPM+IZ+110943&catalogNumber=YPM+IZ+110972&catalogNumber=YPM+IZ+111006&catalogNumber=YPM+IZ+111007	cohort_03.json	895e98c4fc942ab7d7a88a36b939ef457d89aa6b53c9aed51a7fd67ff354269a	searched_success_no_exact_match	0	Complete successful batch response; no matching occurrence returned.
Church2025:YPM-IZ-111006	YPM:IZ:111006	Church2025	Physalia utriculus	854e35e6-f762-11e1-a439-00145eb45e9a	YPM IZ 111006	cohort_03	https://api.gbif.org/v1/occurrence/search?datasetKey=854e35e6-f762-11e1-a439-00145eb45e9a&limit=300&catalogNumber=YPM+IZ+110786&catalogNumber=YPM+IZ+110828&catalogNumber=YPM+IZ+110829&catalogNumber=YPM+IZ+110830&catalogNumber=YPM+IZ+110842&catalogNumber=YPM+IZ+110843&catalogNumber=YPM+IZ+110844&catalogNumber=YPM+IZ+110845&catalogNumber=YPM+IZ+110846&catalogNumber=YPM+IZ+110847&catalogNumber=YPM+IZ+110876&catalogNumber=YPM+IZ+110877&catalogNumber=YPM+IZ+110878&catalogNumber=YPM+IZ+110880&catalogNumber=YPM+IZ+110881&catalogNumber=YPM+IZ+110882&catalogNumber=YPM+IZ+110883&catalogNumber=YPM+IZ+110906&catalogNumber=YPM+IZ+110907&catalogNumber=YPM+IZ+110925&catalogNumber=YPM+IZ+110926&catalogNumber=YPM+IZ+110930&catalogNumber=YPM+IZ+110931&catalogNumber=YPM+IZ+110933&catalogNumber=YPM+IZ+110937&catalogNumber=YPM+IZ+110938&catalogNumber=YPM+IZ+110943&catalogNumber=YPM+IZ+110972&catalogNumber=YPM+IZ+111006&catalogNumber=YPM+IZ+111007	cohort_03.json	895e98c4fc942ab7d7a88a36b939ef457d89aa6b53c9aed51a7fd67ff354269a	searched_success_no_exact_match	0	Complete successful batch response; no matching occurrence returned.
Church2025:YPM-IZ-111007	YPM:IZ:111007	Church2025	Physalia utriculus	854e35e6-f762-11e1-a439-00145eb45e9a	YPM IZ 111007	cohort_03	https://api.gbif.org/v1/occurrence/search?datasetKey=854e35e6-f762-11e1-a439-00145eb45e9a&limit=300&catalogNumber=YPM+IZ+110786&catalogNumber=YPM+IZ+110828&catalogNumber=YPM+IZ+110829&catalogNumber=YPM+IZ+110830&catalogNumber=YPM+IZ+110842&catalogNumber=YPM+IZ+110843&catalogNumber=YPM+IZ+110844&catalogNumber=YPM+IZ+110845&catalogNumber=YPM+IZ+110846&catalogNumber=YPM+IZ+110847&catalogNumber=YPM+IZ+110876&catalogNumber=YPM+IZ+110877&catalogNumber=YPM+IZ+110878&catalogNumber=YPM+IZ+110880&catalogNumber=YPM+IZ+110881&catalogNumber=YPM+IZ+110882&catalogNumber=YPM+IZ+110883&catalogNumber=YPM+IZ+110906&catalogNumber=YPM+IZ+110907&catalogNumber=YPM+IZ+110925&catalogNumber=YPM+IZ+110926&catalogNumber=YPM+IZ+110930&catalogNumber=YPM+IZ+110931&catalogNumber=YPM+IZ+110933&catalogNumber=YPM+IZ+110937&catalogNumber=YPM+IZ+110938&catalogNumber=YPM+IZ+110943&catalogNumber=YPM+IZ+110972&catalogNumber=YPM+IZ+111006&catalogNumber=YPM+IZ+111007	cohort_03.json	895e98c4fc942ab7d7a88a36b939ef457d89aa6b53c9aed51a7fd67ff354269a	searched_success_no_exact_match	0	Complete successful batch response; no matching occurrence returned.
Church2025:YPM-IZ-111008	YPM:IZ:111008	Church2025	Physalia utriculus	854e35e6-f762-11e1-a439-00145eb45e9a	YPM IZ 111008	cohort_04	https://api.gbif.org/v1/occurrence/search?datasetKey=854e35e6-f762-11e1-a439-00145eb45e9a&limit=300&catalogNumber=YPM+IZ+111008&catalogNumber=YPM+IZ+111009&catalogNumber=YPM+IZ+111010&catalogNumber=YPM+IZ+111012&catalogNumber=YPM+IZ+111013&catalogNumber=YPM+IZ+111014&catalogNumber=YPM+IZ+111016&catalogNumber=YPM+IZ+111017&catalogNumber=YPM+IZ+111018&catalogNumber=YPM+IZ+111156&catalogNumber=YPM+IZ+111157&catalogNumber=YPM+IZ+111158&catalogNumber=YPM+IZ+111159&catalogNumber=YPM+IZ+111160&catalogNumber=YPM+IZ+111163&catalogNumber=YPM+IZ+111207&catalogNumber=YPM+IZ+111208&catalogNumber=YPM+IZ+111209&catalogNumber=YPM+IZ+111210&catalogNumber=YPM+IZ+111241&catalogNumber=YPM+IZ+111243&catalogNumber=YPM+IZ+111495&catalogNumber=YPM+IZ+111513&catalogNumber=YPM+IZ+111514&catalogNumber=YPM+IZ+111517&catalogNumber=YPM+IZ+111518&catalogNumber=YPM+IZ+111519&catalogNumber=YPM+IZ+111520&catalogNumber=YPM+IZ+111521&catalogNumber=YPM+IZ+111529	cohort_04.json	895e98c4fc942ab7d7a88a36b939ef457d89aa6b53c9aed51a7fd67ff354269a	searched_success_no_exact_match	0	Complete successful batch response; no matching occurrence returned.
Church2025:YPM-IZ-111009	YPM:IZ:111009	Church2025	Physalia utriculus	854e35e6-f762-11e1-a439-00145eb45e9a	YPM IZ 111009	cohort_04	https://api.gbif.org/v1/occurrence/search?datasetKey=854e35e6-f762-11e1-a439-00145eb45e9a&limit=300&catalogNumber=YPM+IZ+111008&catalogNumber=YPM+IZ+111009&catalogNumber=YPM+IZ+111010&catalogNumber=YPM+IZ+111012&catalogNumber=YPM+IZ+111013&catalogNumber=YPM+IZ+111014&catalogNumber=YPM+IZ+111016&catalogNumber=YPM+IZ+111017&catalogNumber=YPM+IZ+111018&catalogNumber=YPM+IZ+111156&catalogNumber=YPM+IZ+111157&catalogNumber=YPM+IZ+111158&catalogNumber=YPM+IZ+111159&catalogNumber=YPM+IZ+111160&catalogNumber=YPM+IZ+111163&catalogNumber=YPM+IZ+111207&catalogNumber=YPM+IZ+111208&catalogNumber=YPM+IZ+111209&catalogNumber=YPM+IZ+111210&catalogNumber=YPM+IZ+111241&catalogNumber=YPM+IZ+111243&catalogNumber=YPM+IZ+111495&catalogNumber=YPM+IZ+111513&catalogNumber=YPM+IZ+111514&catalogNumber=YPM+IZ+111517&catalogNumber=YPM+IZ+111518&catalogNumber=YPM+IZ+111519&catalogNumber=YPM+IZ+111520&catalogNumber=YPM+IZ+111521&catalogNumber=YPM+IZ+111529	cohort_04.json	895e98c4fc942ab7d7a88a36b939ef457d89aa6b53c9aed51a7fd67ff354269a	searched_success_no_exact_match	0	Complete successful batch response; no matching occurrence returned.
Church2025:YPM-IZ-111010	YPM:IZ:111010	Church2025	Physalia megalista	854e35e6-f762-11e1-a439-00145eb45e9a	YPM IZ 111010	cohort_04	https://api.gbif.org/v1/occurrence/search?datasetKey=854e35e6-f762-11e1-a439-00145eb45e9a&limit=300&catalogNumber=YPM+IZ+111008&catalogNumber=YPM+IZ+111009&catalogNumber=YPM+IZ+111010&catalogNumber=YPM+IZ+111012&catalogNumber=YPM+IZ+111013&catalogNumber=YPM+IZ+111014&catalogNumber=YPM+IZ+111016&catalogNumber=YPM+IZ+111017&catalogNumber=YPM+IZ+111018&catalogNumber=YPM+IZ+111156&catalogNumber=YPM+IZ+111157&catalogNumber=YPM+IZ+111158&catalogNumber=YPM+IZ+111159&catalogNumber=YPM+IZ+111160&catalogNumber=YPM+IZ+111163&catalogNumber=YPM+IZ+111207&catalogNumber=YPM+IZ+111208&catalogNumber=YPM+IZ+111209&catalogNumber=YPM+IZ+111210&catalogNumber=YPM+IZ+111241&catalogNumber=YPM+IZ+111243&catalogNumber=YPM+IZ+111495&catalogNumber=YPM+IZ+111513&catalogNumber=YPM+IZ+111514&catalogNumber=YPM+IZ+111517&catalogNumber=YPM+IZ+111518&catalogNumber=YPM+IZ+111519&catalogNumber=YPM+IZ+111520&catalogNumber=YPM+IZ+111521&catalogNumber=YPM+IZ+111529	cohort_04.json	895e98c4fc942ab7d7a88a36b939ef457d89aa6b53c9aed51a7fd67ff354269a	searched_success_no_exact_match	0	Complete successful batch response; no matching occurrence returned.
Church2025:YPM-IZ-111012	YPM:IZ:111012	Church2025	Physalia physalis	854e35e6-f762-11e1-a439-00145eb45e9a	YPM IZ 111012	cohort_04	https://api.gbif.org/v1/occurrence/search?datasetKey=854e35e6-f762-11e1-a439-00145eb45e9a&limit=300&catalogNumber=YPM+IZ+111008&catalogNumber=YPM+IZ+111009&catalogNumber=YPM+IZ+111010&catalogNumber=YPM+IZ+111012&catalogNumber=YPM+IZ+111013&catalogNumber=YPM+IZ+111014&catalogNumber=YPM+IZ+111016&catalogNumber=YPM+IZ+111017&catalogNumber=YPM+IZ+111018&catalogNumber=YPM+IZ+111156&catalogNumber=YPM+IZ+111157&catalogNumber=YPM+IZ+111158&catalogNumber=YPM+IZ+111159&catalogNumber=YPM+IZ+111160&catalogNumber=YPM+IZ+111163&catalogNumber=YPM+IZ+111207&catalogNumber=YPM+IZ+111208&catalogNumber=YPM+IZ+111209&catalogNumber=YPM+IZ+111210&catalogNumber=YPM+IZ+111241&catalogNumber=YPM+IZ+111243&catalogNumber=YPM+IZ+111495&catalogNumber=YPM+IZ+111513&catalogNumber=YPM+IZ+111514&catalogNumber=YPM+IZ+111517&catalogNumber=YPM+IZ+111518&catalogNumber=YPM+IZ+111519&catalogNumber=YPM+IZ+111520&catalogNumber=YPM+IZ+111521&catalogNumber=YPM+IZ+111529	cohort_04.json	895e98c4fc942ab7d7a88a36b939ef457d89aa6b53c9aed51a7fd67ff354269a	searched_success_no_exact_match	0	Complete successful batch response; no matching occurrence returned.
Church2025:YPM-IZ-111013	YPM:IZ:111013	Church2025	Physalia physalis	854e35e6-f762-11e1-a439-00145eb45e9a	YPM IZ 111013	cohort_04	https://api.gbif.org/v1/occurrence/search?datasetKey=854e35e6-f762-11e1-a439-00145eb45e9a&limit=300&catalogNumber=YPM+IZ+111008&catalogNumber=YPM+IZ+111009&catalogNumber=YPM+IZ+111010&catalogNumber=YPM+IZ+111012&catalogNumber=YPM+IZ+111013&catalogNumber=YPM+IZ+111014&catalogNumber=YPM+IZ+111016&catalogNumber=YPM+IZ+111017&catalogNumber=YPM+IZ+111018&catalogNumber=YPM+IZ+111156&catalogNumber=YPM+IZ+111157&catalogNumber=YPM+IZ+111158&catalogNumber=YPM+IZ+111159&catalogNumber=YPM+IZ+111160&catalogNumber=YPM+IZ+111163&catalogNumber=YPM+IZ+111207&catalogNumber=YPM+IZ+111208&catalogNumber=YPM+IZ+111209&catalogNumber=YPM+IZ+111210&catalogNumber=YPM+IZ+111241&catalogNumber=YPM+IZ+111243&catalogNumber=YPM+IZ+111495&catalogNumber=YPM+IZ+111513&catalogNumber=YPM+IZ+111514&catalogNumber=YPM+IZ+111517&catalogNumber=YPM+IZ+111518&catalogNumber=YPM+IZ+111519&catalogNumber=YPM+IZ+111520&catalogNumber=YPM+IZ+111521&catalogNumber=YPM+IZ+111529	cohort_04.json	895e98c4fc942ab7d7a88a36b939ef457d89aa6b53c9aed51a7fd67ff354269a	searched_success_no_exact_match	0	Complete successful batch response; no matching occurrence returned.
Church2025:YPM-IZ-111014	YPM:IZ:111014	Church2025	Physalia physalis	854e35e6-f762-11e1-a439-00145eb45e9a	YPM IZ 111014	cohort_04	https://api.gbif.org/v1/occurrence/search?datasetKey=854e35e6-f762-11e1-a439-00145eb45e9a&limit=300&catalogNumber=YPM+IZ+111008&catalogNumber=YPM+IZ+111009&catalogNumber=YPM+IZ+111010&catalogNumber=YPM+IZ+111012&catalogNumber=YPM+IZ+111013&catalogNumber=YPM+IZ+111014&catalogNumber=YPM+IZ+111016&catalogNumber=YPM+IZ+111017&catalogNumber=YPM+IZ+111018&catalogNumber=YPM+IZ+111156&catalogNumber=YPM+IZ+111157&catalogNumber=YPM+IZ+111158&catalogNumber=YPM+IZ+111159&catalogNumber=YPM+IZ+111160&catalogNumber=YPM+IZ+111163&catalogNumber=YPM+IZ+111207&catalogNumber=YPM+IZ+111208&catalogNumber=YPM+IZ+111209&catalogNumber=YPM+IZ+111210&catalogNumber=YPM+IZ+111241&catalogNumber=YPM+IZ+111243&catalogNumber=YPM+IZ+111495&catalogNumber=YPM+IZ+111513&catalogNumber=YPM+IZ+111514&catalogNumber=YPM+IZ+111517&catalogNumber=YPM+IZ+111518&catalogNumber=YPM+IZ+111519&catalogNumber=YPM+IZ+111520&catalogNumber=YPM+IZ+111521&catalogNumber=YPM+IZ+111529	cohort_04.json	895e98c4fc942ab7d7a88a36b939ef457d89aa6b53c9aed51a7fd67ff354269a	searched_success_no_exact_match	0	Complete successful batch response; no matching occurrence returned.
Church2025:YPM-IZ-111016	YPM:IZ:111016	Church2025	Physalia physalis	854e35e6-f762-11e1-a439-00145eb45e9a	YPM IZ 111016	cohort_04	https://api.gbif.org/v1/occurrence/search?datasetKey=854e35e6-f762-11e1-a439-00145eb45e9a&limit=300&catalogNumber=YPM+IZ+111008&catalogNumber=YPM+IZ+111009&catalogNumber=YPM+IZ+111010&catalogNumber=YPM+IZ+111012&catalogNumber=YPM+IZ+111013&catalogNumber=YPM+IZ+111014&catalogNumber=YPM+IZ+111016&catalogNumber=YPM+IZ+111017&catalogNumber=YPM+IZ+111018&catalogNumber=YPM+IZ+111156&catalogNumber=YPM+IZ+111157&catalogNumber=YPM+IZ+111158&catalogNumber=YPM+IZ+111159&catalogNumber=YPM+IZ+111160&catalogNumber=YPM+IZ+111163&catalogNumber=YPM+IZ+111207&catalogNumber=YPM+IZ+111208&catalogNumber=YPM+IZ+111209&catalogNumber=YPM+IZ+111210&catalogNumber=YPM+IZ+111241&catalogNumber=YPM+IZ+111243&catalogNumber=YPM+IZ+111495&catalogNumber=YPM+IZ+111513&catalogNumber=YPM+IZ+111514&catalogNumber=YPM+IZ+111517&catalogNumber=YPM+IZ+111518&catalogNumber=YPM+IZ+111519&catalogNumber=YPM+IZ+111520&catalogNumber=YPM+IZ+111521&catalogNumber=YPM+IZ+111529	cohort_04.json	895e98c4fc942ab7d7a88a36b939ef457d89aa6b53c9aed51a7fd67ff354269a	searched_success_no_exact_match	0	Complete successful batch response; no matching occurrence returned.
Church2025:YPM-IZ-111017	YPM:IZ:111017	Church2025	Physalia physalis	854e35e6-f762-11e1-a439-00145eb45e9a	YPM IZ 111017	cohort_04	https://api.gbif.org/v1/occurrence/search?datasetKey=854e35e6-f762-11e1-a439-00145eb45e9a&limit=300&catalogNumber=YPM+IZ+111008&catalogNumber=YPM+IZ+111009&catalogNumber=YPM+IZ+111010&catalogNumber=YPM+IZ+111012&catalogNumber=YPM+IZ+111013&catalogNumber=YPM+IZ+111014&catalogNumber=YPM+IZ+111016&catalogNumber=YPM+IZ+111017&catalogNumber=YPM+IZ+111018&catalogNumber=YPM+IZ+111156&catalogNumber=YPM+IZ+111157&catalogNumber=YPM+IZ+111158&catalogNumber=YPM+IZ+111159&catalogNumber=YPM+IZ+111160&catalogNumber=YPM+IZ+111163&catalogNumber=YPM+IZ+111207&catalogNumber=YPM+IZ+111208&catalogNumber=YPM+IZ+111209&catalogNumber=YPM+IZ+111210&catalogNumber=YPM+IZ+111241&catalogNumber=YPM+IZ+111243&catalogNumber=YPM+IZ+111495&catalogNumber=YPM+IZ+111513&catalogNumber=YPM+IZ+111514&catalogNumber=YPM+IZ+111517&catalogNumber=YPM+IZ+111518&catalogNumber=YPM+IZ+111519&catalogNumber=YPM+IZ+111520&catalogNumber=YPM+IZ+111521&catalogNumber=YPM+IZ+111529	cohort_04.json	895e98c4fc942ab7d7a88a36b939ef457d89aa6b53c9aed51a7fd67ff354269a	searched_success_no_exact_match	0	Complete successful batch response; no matching occurrence returned.
Church2025:YPM-IZ-111018	YPM:IZ:111018	Church2025	Physalia physalis	854e35e6-f762-11e1-a439-00145eb45e9a	YPM IZ 111018	cohort_04	https://api.gbif.org/v1/occurrence/search?datasetKey=854e35e6-f762-11e1-a439-00145eb45e9a&limit=300&catalogNumber=YPM+IZ+111008&catalogNumber=YPM+IZ+111009&catalogNumber=YPM+IZ+111010&catalogNumber=YPM+IZ+111012&catalogNumber=YPM+IZ+111013&catalogNumber=YPM+IZ+111014&catalogNumber=YPM+IZ+111016&catalogNumber=YPM+IZ+111017&catalogNumber=YPM+IZ+111018&catalogNumber=YPM+IZ+111156&catalogNumber=YPM+IZ+111157&catalogNumber=YPM+IZ+111158&catalogNumber=YPM+IZ+111159&catalogNumber=YPM+IZ+111160&catalogNumber=YPM+IZ+111163&catalogNumber=YPM+IZ+111207&catalogNumber=YPM+IZ+111208&catalogNumber=YPM+IZ+111209&catalogNumber=YPM+IZ+111210&catalogNumber=YPM+IZ+111241&catalogNumber=YPM+IZ+111243&catalogNumber=YPM+IZ+111495&catalogNumber=YPM+IZ+111513&catalogNumber=YPM+IZ+111514&catalogNumber=YPM+IZ+111517&catalogNumber=YPM+IZ+111518&catalogNumber=YPM+IZ+111519&catalogNumber=YPM+IZ+111520&catalogNumber=YPM+IZ+111521&catalogNumber=YPM+IZ+111529	cohort_04.json	895e98c4fc942ab7d7a88a36b939ef457d89aa6b53c9aed51a7fd67ff354269a	searched_success_no_exact_match	0	Complete successful batch response; no matching occurrence returned.
Church2025:YPM-IZ-111156	YPM:IZ:111156	Church2025	Physalia megalista	854e35e6-f762-11e1-a439-00145eb45e9a	YPM IZ 111156	cohort_04	https://api.gbif.org/v1/occurrence/search?datasetKey=854e35e6-f762-11e1-a439-00145eb45e9a&limit=300&catalogNumber=YPM+IZ+111008&catalogNumber=YPM+IZ+111009&catalogNumber=YPM+IZ+111010&catalogNumber=YPM+IZ+111012&catalogNumber=YPM+IZ+111013&catalogNumber=YPM+IZ+111014&catalogNumber=YPM+IZ+111016&catalogNumber=YPM+IZ+111017&catalogNumber=YPM+IZ+111018&catalogNumber=YPM+IZ+111156&catalogNumber=YPM+IZ+111157&catalogNumber=YPM+IZ+111158&catalogNumber=YPM+IZ+111159&catalogNumber=YPM+IZ+111160&catalogNumber=YPM+IZ+111163&catalogNumber=YPM+IZ+111207&catalogNumber=YPM+IZ+111208&catalogNumber=YPM+IZ+111209&catalogNumber=YPM+IZ+111210&catalogNumber=YPM+IZ+111241&catalogNumber=YPM+IZ+111243&catalogNumber=YPM+IZ+111495&catalogNumber=YPM+IZ+111513&catalogNumber=YPM+IZ+111514&catalogNumber=YPM+IZ+111517&catalogNumber=YPM+IZ+111518&catalogNumber=YPM+IZ+111519&catalogNumber=YPM+IZ+111520&catalogNumber=YPM+IZ+111521&catalogNumber=YPM+IZ+111529	cohort_04.json	895e98c4fc942ab7d7a88a36b939ef457d89aa6b53c9aed51a7fd67ff354269a	searched_success_no_exact_match	0	Complete successful batch response; no matching occurrence returned.
Church2025:YPM-IZ-111157	YPM:IZ:111157	Church2025	Physalia megalista	854e35e6-f762-11e1-a439-00145eb45e9a	YPM IZ 111157	cohort_04	https://api.gbif.org/v1/occurrence/search?datasetKey=854e35e6-f762-11e1-a439-00145eb45e9a&limit=300&catalogNumber=YPM+IZ+111008&catalogNumber=YPM+IZ+111009&catalogNumber=YPM+IZ+111010&catalogNumber=YPM+IZ+111012&catalogNumber=YPM+IZ+111013&catalogNumber=YPM+IZ+111014&catalogNumber=YPM+IZ+111016&catalogNumber=YPM+IZ+111017&catalogNumber=YPM+IZ+111018&catalogNumber=YPM+IZ+111156&catalogNumber=YPM+IZ+111157&catalogNumber=YPM+IZ+111158&catalogNumber=YPM+IZ+111159&catalogNumber=YPM+IZ+111160&catalogNumber=YPM+IZ+111163&catalogNumber=YPM+IZ+111207&catalogNumber=YPM+IZ+111208&catalogNumber=YPM+IZ+111209&catalogNumber=YPM+IZ+111210&catalogNumber=YPM+IZ+111241&catalogNumber=YPM+IZ+111243&catalogNumber=YPM+IZ+111495&catalogNumber=YPM+IZ+111513&catalogNumber=YPM+IZ+111514&catalogNumber=YPM+IZ+111517&catalogNumber=YPM+IZ+111518&catalogNumber=YPM+IZ+111519&catalogNumber=YPM+IZ+111520&catalogNumber=YPM+IZ+111521&catalogNumber=YPM+IZ+111529	cohort_04.json	895e98c4fc942ab7d7a88a36b939ef457d89aa6b53c9aed51a7fd67ff354269a	searched_success_no_exact_match	0	Complete successful batch response; no matching occurrence returned.
Church2025:YPM-IZ-111158	YPM:IZ:111158	Church2025	Physalia megalista	854e35e6-f762-11e1-a439-00145eb45e9a	YPM IZ 111158	cohort_04	https://api.gbif.org/v1/occurrence/search?datasetKey=854e35e6-f762-11e1-a439-00145eb45e9a&limit=300&catalogNumber=YPM+IZ+111008&catalogNumber=YPM+IZ+111009&catalogNumber=YPM+IZ+111010&catalogNumber=YPM+IZ+111012&catalogNumber=YPM+IZ+111013&catalogNumber=YPM+IZ+111014&catalogNumber=YPM+IZ+111016&catalogNumber=YPM+IZ+111017&catalogNumber=YPM+IZ+111018&catalogNumber=YPM+IZ+111156&catalogNumber=YPM+IZ+111157&catalogNumber=YPM+IZ+111158&catalogNumber=YPM+IZ+111159&catalogNumber=YPM+IZ+111160&catalogNumber=YPM+IZ+111163&catalogNumber=YPM+IZ+111207&catalogNumber=YPM+IZ+111208&catalogNumber=YPM+IZ+111209&catalogNumber=YPM+IZ+111210&catalogNumber=YPM+IZ+111241&catalogNumber=YPM+IZ+111243&catalogNumber=YPM+IZ+111495&catalogNumber=YPM+IZ+111513&catalogNumber=YPM+IZ+111514&catalogNumber=YPM+IZ+111517&catalogNumber=YPM+IZ+111518&catalogNumber=YPM+IZ+111519&catalogNumber=YPM+IZ+111520&catalogNumber=YPM+IZ+111521&catalogNumber=YPM+IZ+111529	cohort_04.json	895e98c4fc942ab7d7a88a36b939ef457d89aa6b53c9aed51a7fd67ff354269a	searched_success_no_exact_match	0	Complete successful batch response; no matching occurrence returned.
Church2025:YPM-IZ-111159	YPM:IZ:111159	Church2025	Physalia megalista	854e35e6-f762-11e1-a439-00145eb45e9a	YPM IZ 111159	cohort_04	https://api.gbif.org/v1/occurrence/search?datasetKey=854e35e6-f762-11e1-a439-00145eb45e9a&limit=300&catalogNumber=YPM+IZ+111008&catalogNumber=YPM+IZ+111009&catalogNumber=YPM+IZ+111010&catalogNumber=YPM+IZ+111012&catalogNumber=YPM+IZ+111013&catalogNumber=YPM+IZ+111014&catalogNumber=YPM+IZ+111016&catalogNumber=YPM+IZ+111017&catalogNumber=YPM+IZ+111018&catalogNumber=YPM+IZ+111156&catalogNumber=YPM+IZ+111157&catalogNumber=YPM+IZ+111158&catalogNumber=YPM+IZ+111159&catalogNumber=YPM+IZ+111160&catalogNumber=YPM+IZ+111163&catalogNumber=YPM+IZ+111207&catalogNumber=YPM+IZ+111208&catalogNumber=YPM+IZ+111209&catalogNumber=YPM+IZ+111210&catalogNumber=YPM+IZ+111241&catalogNumber=YPM+IZ+111243&catalogNumber=YPM+IZ+111495&catalogNumber=YPM+IZ+111513&catalogNumber=YPM+IZ+111514&catalogNumber=YPM+IZ+111517&catalogNumber=YPM+IZ+111518&catalogNumber=YPM+IZ+111519&catalogNumber=YPM+IZ+111520&catalogNumber=YPM+IZ+111521&catalogNumber=YPM+IZ+111529	cohort_04.json	895e98c4fc942ab7d7a88a36b939ef457d89aa6b53c9aed51a7fd67ff354269a	searched_success_no_exact_match	0	Complete successful batch response; no matching occurrence returned.
Church2025:YPM-IZ-111160	YPM:IZ:111160	Church2025	Physalia megalista	854e35e6-f762-11e1-a439-00145eb45e9a	YPM IZ 111160	cohort_04	https://api.gbif.org/v1/occurrence/search?datasetKey=854e35e6-f762-11e1-a439-00145eb45e9a&limit=300&catalogNumber=YPM+IZ+111008&catalogNumber=YPM+IZ+111009&catalogNumber=YPM+IZ+111010&catalogNumber=YPM+IZ+111012&catalogNumber=YPM+IZ+111013&catalogNumber=YPM+IZ+111014&catalogNumber=YPM+IZ+111016&catalogNumber=YPM+IZ+111017&catalogNumber=YPM+IZ+111018&catalogNumber=YPM+IZ+111156&catalogNumber=YPM+IZ+111157&catalogNumber=YPM+IZ+111158&catalogNumber=YPM+IZ+111159&catalogNumber=YPM+IZ+111160&catalogNumber=YPM+IZ+111163&catalogNumber=YPM+IZ+111207&catalogNumber=YPM+IZ+111208&catalogNumber=YPM+IZ+111209&catalogNumber=YPM+IZ+111210&catalogNumber=YPM+IZ+111241&catalogNumber=YPM+IZ+111243&catalogNumber=YPM+IZ+111495&catalogNumber=YPM+IZ+111513&catalogNumber=YPM+IZ+111514&catalogNumber=YPM+IZ+111517&catalogNumber=YPM+IZ+111518&catalogNumber=YPM+IZ+111519&catalogNumber=YPM+IZ+111520&catalogNumber=YPM+IZ+111521&catalogNumber=YPM+IZ+111529	cohort_04.json	895e98c4fc942ab7d7a88a36b939ef457d89aa6b53c9aed51a7fd67ff354269a	searched_success_no_exact_match	0	Complete successful batch response; no matching occurrence returned.
Church2025:YPM-IZ-111163	YPM:IZ:111163	Church2025	Physalia utriculus	854e35e6-f762-11e1-a439-00145eb45e9a	YPM IZ 111163	cohort_04	https://api.gbif.org/v1/occurrence/search?datasetKey=854e35e6-f762-11e1-a439-00145eb45e9a&limit=300&catalogNumber=YPM+IZ+111008&catalogNumber=YPM+IZ+111009&catalogNumber=YPM+IZ+111010&catalogNumber=YPM+IZ+111012&catalogNumber=YPM+IZ+111013&catalogNumber=YPM+IZ+111014&catalogNumber=YPM+IZ+111016&catalogNumber=YPM+IZ+111017&catalogNumber=YPM+IZ+111018&catalogNumber=YPM+IZ+111156&catalogNumber=YPM+IZ+111157&catalogNumber=YPM+IZ+111158&catalogNumber=YPM+IZ+111159&catalogNumber=YPM+IZ+111160&catalogNumber=YPM+IZ+111163&catalogNumber=YPM+IZ+111207&catalogNumber=YPM+IZ+111208&catalogNumber=YPM+IZ+111209&catalogNumber=YPM+IZ+111210&catalogNumber=YPM+IZ+111241&catalogNumber=YPM+IZ+111243&catalogNumber=YPM+IZ+111495&catalogNumber=YPM+IZ+111513&catalogNumber=YPM+IZ+111514&catalogNumber=YPM+IZ+111517&catalogNumber=YPM+IZ+111518&catalogNumber=YPM+IZ+111519&catalogNumber=YPM+IZ+111520&catalogNumber=YPM+IZ+111521&catalogNumber=YPM+IZ+111529	cohort_04.json	895e98c4fc942ab7d7a88a36b939ef457d89aa6b53c9aed51a7fd67ff354269a	searched_success_no_exact_match	0	Complete successful batch response; no matching occurrence returned.
Church2025:YPM-IZ-111207	YPM:IZ:111207	Church2025	Physalia minuta	854e35e6-f762-11e1-a439-00145eb45e9a	YPM IZ 111207	cohort_04	https://api.gbif.org/v1/occurrence/search?datasetKey=854e35e6-f762-11e1-a439-00145eb45e9a&limit=300&catalogNumber=YPM+IZ+111008&catalogNumber=YPM+IZ+111009&catalogNumber=YPM+IZ+111010&catalogNumber=YPM+IZ+111012&catalogNumber=YPM+IZ+111013&catalogNumber=YPM+IZ+111014&catalogNumber=YPM+IZ+111016&catalogNumber=YPM+IZ+111017&catalogNumber=YPM+IZ+111018&catalogNumber=YPM+IZ+111156&catalogNumber=YPM+IZ+111157&catalogNumber=YPM+IZ+111158&catalogNumber=YPM+IZ+111159&catalogNumber=YPM+IZ+111160&catalogNumber=YPM+IZ+111163&catalogNumber=YPM+IZ+111207&catalogNumber=YPM+IZ+111208&catalogNumber=YPM+IZ+111209&catalogNumber=YPM+IZ+111210&catalogNumber=YPM+IZ+111241&catalogNumber=YPM+IZ+111243&catalogNumber=YPM+IZ+111495&catalogNumber=YPM+IZ+111513&catalogNumber=YPM+IZ+111514&catalogNumber=YPM+IZ+111517&catalogNumber=YPM+IZ+111518&catalogNumber=YPM+IZ+111519&catalogNumber=YPM+IZ+111520&catalogNumber=YPM+IZ+111521&catalogNumber=YPM+IZ+111529	cohort_04.json	895e98c4fc942ab7d7a88a36b939ef457d89aa6b53c9aed51a7fd67ff354269a	searched_success_no_exact_match	0	Complete successful batch response; no matching occurrence returned.
Church2025:YPM-IZ-111208	YPM:IZ:111208	Church2025	Physalia minuta	854e35e6-f762-11e1-a439-00145eb45e9a	YPM IZ 111208	cohort_04	https://api.gbif.org/v1/occurrence/search?datasetKey=854e35e6-f762-11e1-a439-00145eb45e9a&limit=300&catalogNumber=YPM+IZ+111008&catalogNumber=YPM+IZ+111009&catalogNumber=YPM+IZ+111010&catalogNumber=YPM+IZ+111012&catalogNumber=YPM+IZ+111013&catalogNumber=YPM+IZ+111014&catalogNumber=YPM+IZ+111016&catalogNumber=YPM+IZ+111017&catalogNumber=YPM+IZ+111018&catalogNumber=YPM+IZ+111156&catalogNumber=YPM+IZ+111157&catalogNumber=YPM+IZ+111158&catalogNumber=YPM+IZ+111159&catalogNumber=YPM+IZ+111160&catalogNumber=YPM+IZ+111163&catalogNumber=YPM+IZ+111207&catalogNumber=YPM+IZ+111208&catalogNumber=YPM+IZ+111209&catalogNumber=YPM+IZ+111210&catalogNumber=YPM+IZ+111241&catalogNumber=YPM+IZ+111243&catalogNumber=YPM+IZ+111495&catalogNumber=YPM+IZ+111513&catalogNumber=YPM+IZ+111514&catalogNumber=YPM+IZ+111517&catalogNumber=YPM+IZ+111518&catalogNumber=YPM+IZ+111519&catalogNumber=YPM+IZ+111520&catalogNumber=YPM+IZ+111521&catalogNumber=YPM+IZ+111529	cohort_04.json	895e98c4fc942ab7d7a88a36b939ef457d89aa6b53c9aed51a7fd67ff354269a	searched_success_no_exact_match	0	Complete successful batch response; no matching occurrence returned.
Church2025:YPM-IZ-111209	YPM:IZ:111209	Church2025	Physalia minuta	854e35e6-f762-11e1-a439-00145eb45e9a	YPM IZ 111209	cohort_04	https://api.gbif.org/v1/occurrence/search?datasetKey=854e35e6-f762-11e1-a439-00145eb45e9a&limit=300&catalogNumber=YPM+IZ+111008&catalogNumber=YPM+IZ+111009&catalogNumber=YPM+IZ+111010&catalogNumber=YPM+IZ+111012&catalogNumber=YPM+IZ+111013&catalogNumber=YPM+IZ+111014&catalogNumber=YPM+IZ+111016&catalogNumber=YPM+IZ+111017&catalogNumber=YPM+IZ+111018&catalogNumber=YPM+IZ+111156&catalogNumber=YPM+IZ+111157&catalogNumber=YPM+IZ+111158&catalogNumber=YPM+IZ+111159&catalogNumber=YPM+IZ+111160&catalogNumber=YPM+IZ+111163&catalogNumber=YPM+IZ+111207&catalogNumber=YPM+IZ+111208&catalogNumber=YPM+IZ+111209&catalogNumber=YPM+IZ+111210&catalogNumber=YPM+IZ+111241&catalogNumber=YPM+IZ+111243&catalogNumber=YPM+IZ+111495&catalogNumber=YPM+IZ+111513&catalogNumber=YPM+IZ+111514&catalogNumber=YPM+IZ+111517&catalogNumber=YPM+IZ+111518&catalogNumber=YPM+IZ+111519&catalogNumber=YPM+IZ+111520&catalogNumber=YPM+IZ+111521&catalogNumber=YPM+IZ+111529	cohort_04.json	895e98c4fc942ab7d7a88a36b939ef457d89aa6b53c9aed51a7fd67ff354269a	searched_success_no_exact_match	0	Complete successful batch response; no matching occurrence returned.
Church2025:YPM-IZ-111210	YPM:IZ:111210	Church2025	Physalia minuta	854e35e6-f762-11e1-a439-00145eb45e9a	YPM IZ 111210	cohort_04	https://api.gbif.org/v1/occurrence/search?datasetKey=854e35e6-f762-11e1-a439-00145eb45e9a&limit=300&catalogNumber=YPM+IZ+111008&catalogNumber=YPM+IZ+111009&catalogNumber=YPM+IZ+111010&catalogNumber=YPM+IZ+111012&catalogNumber=YPM+IZ+111013&catalogNumber=YPM+IZ+111014&catalogNumber=YPM+IZ+111016&catalogNumber=YPM+IZ+111017&catalogNumber=YPM+IZ+111018&catalogNumber=YPM+IZ+111156&catalogNumber=YPM+IZ+111157&catalogNumber=YPM+IZ+111158&catalogNumber=YPM+IZ+111159&catalogNumber=YPM+IZ+111160&catalogNumber=YPM+IZ+111163&catalogNumber=YPM+IZ+111207&catalogNumber=YPM+IZ+111208&catalogNumber=YPM+IZ+111209&catalogNumber=YPM+IZ+111210&catalogNumber=YPM+IZ+111241&catalogNumber=YPM+IZ+111243&catalogNumber=YPM+IZ+111495&catalogNumber=YPM+IZ+111513&catalogNumber=YPM+IZ+111514&catalogNumber=YPM+IZ+111517&catalogNumber=YPM+IZ+111518&catalogNumber=YPM+IZ+111519&catalogNumber=YPM+IZ+111520&catalogNumber=YPM+IZ+111521&catalogNumber=YPM+IZ+111529	cohort_04.json	895e98c4fc942ab7d7a88a36b939ef457d89aa6b53c9aed51a7fd67ff354269a	searched_success_no_exact_match	0	Complete successful batch response; no matching occurrence returned.
Church2025:YPM-IZ-111241	YPM:IZ:111241	Church2025	Physalia minuta	854e35e6-f762-11e1-a439-00145eb45e9a	YPM IZ 111241	cohort_04	https://api.gbif.org/v1/occurrence/search?datasetKey=854e35e6-f762-11e1-a439-00145eb45e9a&limit=300&catalogNumber=YPM+IZ+111008&catalogNumber=YPM+IZ+111009&catalogNumber=YPM+IZ+111010&catalogNumber=YPM+IZ+111012&catalogNumber=YPM+IZ+111013&catalogNumber=YPM+IZ+111014&catalogNumber=YPM+IZ+111016&catalogNumber=YPM+IZ+111017&catalogNumber=YPM+IZ+111018&catalogNumber=YPM+IZ+111156&catalogNumber=YPM+IZ+111157&catalogNumber=YPM+IZ+111158&catalogNumber=YPM+IZ+111159&catalogNumber=YPM+IZ+111160&catalogNumber=YPM+IZ+111163&catalogNumber=YPM+IZ+111207&catalogNumber=YPM+IZ+111208&catalogNumber=YPM+IZ+111209&catalogNumber=YPM+IZ+111210&catalogNumber=YPM+IZ+111241&catalogNumber=YPM+IZ+111243&catalogNumber=YPM+IZ+111495&catalogNumber=YPM+IZ+111513&catalogNumber=YPM+IZ+111514&catalogNumber=YPM+IZ+111517&catalogNumber=YPM+IZ+111518&catalogNumber=YPM+IZ+111519&catalogNumber=YPM+IZ+111520&catalogNumber=YPM+IZ+111521&catalogNumber=YPM+IZ+111529	cohort_04.json	895e98c4fc942ab7d7a88a36b939ef457d89aa6b53c9aed51a7fd67ff354269a	searched_success_no_exact_match	0	Complete successful batch response; no matching occurrence returned.
Church2025:YPM-IZ-111243	YPM:IZ:111243	Church2025	Physalia minuta	854e35e6-f762-11e1-a439-00145eb45e9a	YPM IZ 111243	cohort_04	https://api.gbif.org/v1/occurrence/search?datasetKey=854e35e6-f762-11e1-a439-00145eb45e9a&limit=300&catalogNumber=YPM+IZ+111008&catalogNumber=YPM+IZ+111009&catalogNumber=YPM+IZ+111010&catalogNumber=YPM+IZ+111012&catalogNumber=YPM+IZ+111013&catalogNumber=YPM+IZ+111014&catalogNumber=YPM+IZ+111016&catalogNumber=YPM+IZ+111017&catalogNumber=YPM+IZ+111018&catalogNumber=YPM+IZ+111156&catalogNumber=YPM+IZ+111157&catalogNumber=YPM+IZ+111158&catalogNumber=YPM+IZ+111159&catalogNumber=YPM+IZ+111160&catalogNumber=YPM+IZ+111163&catalogNumber=YPM+IZ+111207&catalogNumber=YPM+IZ+111208&catalogNumber=YPM+IZ+111209&catalogNumber=YPM+IZ+111210&catalogNumber=YPM+IZ+111241&catalogNumber=YPM+IZ+111243&catalogNumber=YPM+IZ+111495&catalogNumber=YPM+IZ+111513&catalogNumber=YPM+IZ+111514&catalogNumber=YPM+IZ+111517&catalogNumber=YPM+IZ+111518&catalogNumber=YPM+IZ+111519&catalogNumber=YPM+IZ+111520&catalogNumber=YPM+IZ+111521&catalogNumber=YPM+IZ+111529	cohort_04.json	895e98c4fc942ab7d7a88a36b939ef457d89aa6b53c9aed51a7fd67ff354269a	searched_success_no_exact_match	0	Complete successful batch response; no matching occurrence returned.
Church2025:YPM-IZ-111495	YPM:IZ:111495	Church2025	Physalia megalista	854e35e6-f762-11e1-a439-00145eb45e9a	YPM IZ 111495	cohort_04	https://api.gbif.org/v1/occurrence/search?datasetKey=854e35e6-f762-11e1-a439-00145eb45e9a&limit=300&catalogNumber=YPM+IZ+111008&catalogNumber=YPM+IZ+111009&catalogNumber=YPM+IZ+111010&catalogNumber=YPM+IZ+111012&catalogNumber=YPM+IZ+111013&catalogNumber=YPM+IZ+111014&catalogNumber=YPM+IZ+111016&catalogNumber=YPM+IZ+111017&catalogNumber=YPM+IZ+111018&catalogNumber=YPM+IZ+111156&catalogNumber=YPM+IZ+111157&catalogNumber=YPM+IZ+111158&catalogNumber=YPM+IZ+111159&catalogNumber=YPM+IZ+111160&catalogNumber=YPM+IZ+111163&catalogNumber=YPM+IZ+111207&catalogNumber=YPM+IZ+111208&catalogNumber=YPM+IZ+111209&catalogNumber=YPM+IZ+111210&catalogNumber=YPM+IZ+111241&catalogNumber=YPM+IZ+111243&catalogNumber=YPM+IZ+111495&catalogNumber=YPM+IZ+111513&catalogNumber=YPM+IZ+111514&catalogNumber=YPM+IZ+111517&catalogNumber=YPM+IZ+111518&catalogNumber=YPM+IZ+111519&catalogNumber=YPM+IZ+111520&catalogNumber=YPM+IZ+111521&catalogNumber=YPM+IZ+111529	cohort_04.json	895e98c4fc942ab7d7a88a36b939ef457d89aa6b53c9aed51a7fd67ff354269a	searched_success_no_exact_match	0	Complete successful batch response; no matching occurrence returned.
Church2025:YPM-IZ-111513	YPM:IZ:111513	Church2025	Physalia megalista	854e35e6-f762-11e1-a439-00145eb45e9a	YPM IZ 111513	cohort_04	https://api.gbif.org/v1/occurrence/search?datasetKey=854e35e6-f762-11e1-a439-00145eb45e9a&limit=300&catalogNumber=YPM+IZ+111008&catalogNumber=YPM+IZ+111009&catalogNumber=YPM+IZ+111010&catalogNumber=YPM+IZ+111012&catalogNumber=YPM+IZ+111013&catalogNumber=YPM+IZ+111014&catalogNumber=YPM+IZ+111016&catalogNumber=YPM+IZ+111017&catalogNumber=YPM+IZ+111018&catalogNumber=YPM+IZ+111156&catalogNumber=YPM+IZ+111157&catalogNumber=YPM+IZ+111158&catalogNumber=YPM+IZ+111159&catalogNumber=YPM+IZ+111160&catalogNumber=YPM+IZ+111163&catalogNumber=YPM+IZ+111207&catalogNumber=YPM+IZ+111208&catalogNumber=YPM+IZ+111209&catalogNumber=YPM+IZ+111210&catalogNumber=YPM+IZ+111241&catalogNumber=YPM+IZ+111243&catalogNumber=YPM+IZ+111495&catalogNumber=YPM+IZ+111513&catalogNumber=YPM+IZ+111514&catalogNumber=YPM+IZ+111517&catalogNumber=YPM+IZ+111518&catalogNumber=YPM+IZ+111519&catalogNumber=YPM+IZ+111520&catalogNumber=YPM+IZ+111521&catalogNumber=YPM+IZ+111529	cohort_04.json	895e98c4fc942ab7d7a88a36b939ef457d89aa6b53c9aed51a7fd67ff354269a	searched_success_no_exact_match	0	Complete successful batch response; no matching occurrence returned.
Church2025:YPM-IZ-111514	YPM:IZ:111514	Church2025	Physalia megalista	854e35e6-f762-11e1-a439-00145eb45e9a	YPM IZ 111514	cohort_04	https://api.gbif.org/v1/occurrence/search?datasetKey=854e35e6-f762-11e1-a439-00145eb45e9a&limit=300&catalogNumber=YPM+IZ+111008&catalogNumber=YPM+IZ+111009&catalogNumber=YPM+IZ+111010&catalogNumber=YPM+IZ+111012&catalogNumber=YPM+IZ+111013&catalogNumber=YPM+IZ+111014&catalogNumber=YPM+IZ+111016&catalogNumber=YPM+IZ+111017&catalogNumber=YPM+IZ+111018&catalogNumber=YPM+IZ+111156&catalogNumber=YPM+IZ+111157&catalogNumber=YPM+IZ+111158&catalogNumber=YPM+IZ+111159&catalogNumber=YPM+IZ+111160&catalogNumber=YPM+IZ+111163&catalogNumber=YPM+IZ+111207&catalogNumber=YPM+IZ+111208&catalogNumber=YPM+IZ+111209&catalogNumber=YPM+IZ+111210&catalogNumber=YPM+IZ+111241&catalogNumber=YPM+IZ+111243&catalogNumber=YPM+IZ+111495&catalogNumber=YPM+IZ+111513&catalogNumber=YPM+IZ+111514&catalogNumber=YPM+IZ+111517&catalogNumber=YPM+IZ+111518&catalogNumber=YPM+IZ+111519&catalogNumber=YPM+IZ+111520&catalogNumber=YPM+IZ+111521&catalogNumber=YPM+IZ+111529	cohort_04.json	895e98c4fc942ab7d7a88a36b939ef457d89aa6b53c9aed51a7fd67ff354269a	searched_success_no_exact_match	0	Complete successful batch response; no matching occurrence returned.
Church2025:YPM-IZ-111517	YPM:IZ:111517	Church2025	Physalia megalista	854e35e6-f762-11e1-a439-00145eb45e9a	YPM IZ 111517	cohort_04	https://api.gbif.org/v1/occurrence/search?datasetKey=854e35e6-f762-11e1-a439-00145eb45e9a&limit=300&catalogNumber=YPM+IZ+111008&catalogNumber=YPM+IZ+111009&catalogNumber=YPM+IZ+111010&catalogNumber=YPM+IZ+111012&catalogNumber=YPM+IZ+111013&catalogNumber=YPM+IZ+111014&catalogNumber=YPM+IZ+111016&catalogNumber=YPM+IZ+111017&catalogNumber=YPM+IZ+111018&catalogNumber=YPM+IZ+111156&catalogNumber=YPM+IZ+111157&catalogNumber=YPM+IZ+111158&catalogNumber=YPM+IZ+111159&catalogNumber=YPM+IZ+111160&catalogNumber=YPM+IZ+111163&catalogNumber=YPM+IZ+111207&catalogNumber=YPM+IZ+111208&catalogNumber=YPM+IZ+111209&catalogNumber=YPM+IZ+111210&catalogNumber=YPM+IZ+111241&catalogNumber=YPM+IZ+111243&catalogNumber=YPM+IZ+111495&catalogNumber=YPM+IZ+111513&catalogNumber=YPM+IZ+111514&catalogNumber=YPM+IZ+111517&catalogNumber=YPM+IZ+111518&catalogNumber=YPM+IZ+111519&catalogNumber=YPM+IZ+111520&catalogNumber=YPM+IZ+111521&catalogNumber=YPM+IZ+111529	cohort_04.json	895e98c4fc942ab7d7a88a36b939ef457d89aa6b53c9aed51a7fd67ff354269a	searched_success_no_exact_match	0	Complete successful batch response; no matching occurrence returned.
Church2025:YPM-IZ-111518	YPM:IZ:111518	Church2025	Physalia megalista	854e35e6-f762-11e1-a439-00145eb45e9a	YPM IZ 111518	cohort_04	https://api.gbif.org/v1/occurrence/search?datasetKey=854e35e6-f762-11e1-a439-00145eb45e9a&limit=300&catalogNumber=YPM+IZ+111008&catalogNumber=YPM+IZ+111009&catalogNumber=YPM+IZ+111010&catalogNumber=YPM+IZ+111012&catalogNumber=YPM+IZ+111013&catalogNumber=YPM+IZ+111014&catalogNumber=YPM+IZ+111016&catalogNumber=YPM+IZ+111017&catalogNumber=YPM+IZ+111018&catalogNumber=YPM+IZ+111156&catalogNumber=YPM+IZ+111157&catalogNumber=YPM+IZ+111158&catalogNumber=YPM+IZ+111159&catalogNumber=YPM+IZ+111160&catalogNumber=YPM+IZ+111163&catalogNumber=YPM+IZ+111207&catalogNumber=YPM+IZ+111208&catalogNumber=YPM+IZ+111209&catalogNumber=YPM+IZ+111210&catalogNumber=YPM+IZ+111241&catalogNumber=YPM+IZ+111243&catalogNumber=YPM+IZ+111495&catalogNumber=YPM+IZ+111513&catalogNumber=YPM+IZ+111514&catalogNumber=YPM+IZ+111517&catalogNumber=YPM+IZ+111518&catalogNumber=YPM+IZ+111519&catalogNumber=YPM+IZ+111520&catalogNumber=YPM+IZ+111521&catalogNumber=YPM+IZ+111529	cohort_04.json	895e98c4fc942ab7d7a88a36b939ef457d89aa6b53c9aed51a7fd67ff354269a	searched_success_no_exact_match	0	Complete successful batch response; no matching occurrence returned.
Church2025:YPM-IZ-111519	YPM:IZ:111519	Church2025	Physalia megalista	854e35e6-f762-11e1-a439-00145eb45e9a	YPM IZ 111519	cohort_04	https://api.gbif.org/v1/occurrence/search?datasetKey=854e35e6-f762-11e1-a439-00145eb45e9a&limit=300&catalogNumber=YPM+IZ+111008&catalogNumber=YPM+IZ+111009&catalogNumber=YPM+IZ+111010&catalogNumber=YPM+IZ+111012&catalogNumber=YPM+IZ+111013&catalogNumber=YPM+IZ+111014&catalogNumber=YPM+IZ+111016&catalogNumber=YPM+IZ+111017&catalogNumber=YPM+IZ+111018&catalogNumber=YPM+IZ+111156&catalogNumber=YPM+IZ+111157&catalogNumber=YPM+IZ+111158&catalogNumber=YPM+IZ+111159&catalogNumber=YPM+IZ+111160&catalogNumber=YPM+IZ+111163&catalogNumber=YPM+IZ+111207&catalogNumber=YPM+IZ+111208&catalogNumber=YPM+IZ+111209&catalogNumber=YPM+IZ+111210&catalogNumber=YPM+IZ+111241&catalogNumber=YPM+IZ+111243&catalogNumber=YPM+IZ+111495&catalogNumber=YPM+IZ+111513&catalogNumber=YPM+IZ+111514&catalogNumber=YPM+IZ+111517&catalogNumber=YPM+IZ+111518&catalogNumber=YPM+IZ+111519&catalogNumber=YPM+IZ+111520&catalogNumber=YPM+IZ+111521&catalogNumber=YPM+IZ+111529	cohort_04.json	895e98c4fc942ab7d7a88a36b939ef457d89aa6b53c9aed51a7fd67ff354269a	searched_success_no_exact_match	0	Complete successful batch response; no matching occurrence returned.
Church2025:YPM-IZ-111520	YPM:IZ:111520	Church2025	Physalia megalista	854e35e6-f762-11e1-a439-00145eb45e9a	YPM IZ 111520	cohort_04	https://api.gbif.org/v1/occurrence/search?datasetKey=854e35e6-f762-11e1-a439-00145eb45e9a&limit=300&catalogNumber=YPM+IZ+111008&catalogNumber=YPM+IZ+111009&catalogNumber=YPM+IZ+111010&catalogNumber=YPM+IZ+111012&catalogNumber=YPM+IZ+111013&catalogNumber=YPM+IZ+111014&catalogNumber=YPM+IZ+111016&catalogNumber=YPM+IZ+111017&catalogNumber=YPM+IZ+111018&catalogNumber=YPM+IZ+111156&catalogNumber=YPM+IZ+111157&catalogNumber=YPM+IZ+111158&catalogNumber=YPM+IZ+111159&catalogNumber=YPM+IZ+111160&catalogNumber=YPM+IZ+111163&catalogNumber=YPM+IZ+111207&catalogNumber=YPM+IZ+111208&catalogNumber=YPM+IZ+111209&catalogNumber=YPM+IZ+111210&catalogNumber=YPM+IZ+111241&catalogNumber=YPM+IZ+111243&catalogNumber=YPM+IZ+111495&catalogNumber=YPM+IZ+111513&catalogNumber=YPM+IZ+111514&catalogNumber=YPM+IZ+111517&catalogNumber=YPM+IZ+111518&catalogNumber=YPM+IZ+111519&catalogNumber=YPM+IZ+111520&catalogNumber=YPM+IZ+111521&catalogNumber=YPM+IZ+111529	cohort_04.json	895e98c4fc942ab7d7a88a36b939ef457d89aa6b53c9aed51a7fd67ff354269a	searched_success_no_exact_match	0	Complete successful batch response; no matching occurrence returned.
Church2025:YPM-IZ-111521	YPM:IZ:111521	Church2025	Physalia megalista	854e35e6-f762-11e1-a439-00145eb45e9a	YPM IZ 111521	cohort_04	https://api.gbif.org/v1/occurrence/search?datasetKey=854e35e6-f762-11e1-a439-00145eb45e9a&limit=300&catalogNumber=YPM+IZ+111008&catalogNumber=YPM+IZ+111009&catalogNumber=YPM+IZ+111010&catalogNumber=YPM+IZ+111012&catalogNumber=YPM+IZ+111013&catalogNumber=YPM+IZ+111014&catalogNumber=YPM+IZ+111016&catalogNumber=YPM+IZ+111017&catalogNumber=YPM+IZ+111018&catalogNumber=YPM+IZ+111156&catalogNumber=YPM+IZ+111157&catalogNumber=YPM+IZ+111158&catalogNumber=YPM+IZ+111159&catalogNumber=YPM+IZ+111160&catalogNumber=YPM+IZ+111163&catalogNumber=YPM+IZ+111207&catalogNumber=YPM+IZ+111208&catalogNumber=YPM+IZ+111209&catalogNumber=YPM+IZ+111210&catalogNumber=YPM+IZ+111241&catalogNumber=YPM+IZ+111243&catalogNumber=YPM+IZ+111495&catalogNumber=YPM+IZ+111513&catalogNumber=YPM+IZ+111514&catalogNumber=YPM+IZ+111517&catalogNumber=YPM+IZ+111518&catalogNumber=YPM+IZ+111519&catalogNumber=YPM+IZ+111520&catalogNumber=YPM+IZ+111521&catalogNumber=YPM+IZ+111529	cohort_04.json	895e98c4fc942ab7d7a88a36b939ef457d89aa6b53c9aed51a7fd67ff354269a	searched_success_no_exact_match	0	Complete successful batch response; no matching occurrence returned.
Church2025:YPM-IZ-111529	YPM:IZ:111529	Church2025	Physalia megalista	854e35e6-f762-11e1-a439-00145eb45e9a	YPM IZ 111529	cohort_04	https://api.gbif.org/v1/occurrence/search?datasetKey=854e35e6-f762-11e1-a439-00145eb45e9a&limit=300&catalogNumber=YPM+IZ+111008&catalogNumber=YPM+IZ+111009&catalogNumber=YPM+IZ+111010&catalogNumber=YPM+IZ+111012&catalogNumber=YPM+IZ+111013&catalogNumber=YPM+IZ+111014&catalogNumber=YPM+IZ+111016&catalogNumber=YPM+IZ+111017&catalogNumber=YPM+IZ+111018&catalogNumber=YPM+IZ+111156&catalogNumber=YPM+IZ+111157&catalogNumber=YPM+IZ+111158&catalogNumber=YPM+IZ+111159&catalogNumber=YPM+IZ+111160&catalogNumber=YPM+IZ+111163&catalogNumber=YPM+IZ+111207&catalogNumber=YPM+IZ+111208&catalogNumber=YPM+IZ+111209&catalogNumber=YPM+IZ+111210&catalogNumber=YPM+IZ+111241&catalogNumber=YPM+IZ+111243&catalogNumber=YPM+IZ+111495&catalogNumber=YPM+IZ+111513&catalogNumber=YPM+IZ+111514&catalogNumber=YPM+IZ+111517&catalogNumber=YPM+IZ+111518&catalogNumber=YPM+IZ+111519&catalogNumber=YPM+IZ+111520&catalogNumber=YPM+IZ+111521&catalogNumber=YPM+IZ+111529	cohort_04.json	895e98c4fc942ab7d7a88a36b939ef457d89aa6b53c9aed51a7fd67ff354269a	searched_success_no_exact_match	0	Complete successful batch response; no matching occurrence returned.
Church2025:YPM-IZ-111530	YPM:IZ:111530	Church2025	Physalia megalista	854e35e6-f762-11e1-a439-00145eb45e9a	YPM IZ 111530	cohort_05	https://api.gbif.org/v1/occurrence/search?datasetKey=854e35e6-f762-11e1-a439-00145eb45e9a&limit=300&catalogNumber=YPM+IZ+111530&catalogNumber=YPM+IZ+111539&catalogNumber=YPM+IZ+111547&catalogNumber=YPM+IZ+111839&catalogNumber=YPM+IZ+111840&catalogNumber=YPM+IZ+35024&catalogNumber=YPM+IZ+035024&catalogNumber=YPM+IZ+35090&catalogNumber=YPM+IZ+035090&catalogNumber=YPM+IZ+35076&catalogNumber=YPM+IZ+035076&catalogNumber=YPM+IZ+35045&catalogNumber=YPM+IZ+035045&catalogNumber=YPM+IZ+35038&catalogNumber=YPM+IZ+035038&catalogNumber=YPM+IZ+35350&catalogNumber=YPM+IZ+035350&catalogNumber=YPM+IZ+35049&catalogNumber=YPM+IZ+035049&catalogNumber=YPM+IZ+35355&catalogNumber=YPM+IZ+035355&catalogNumber=YPM+IZ+35358&catalogNumber=YPM+IZ+035358&catalogNumber=YPM+IZ+35360&catalogNumber=YPM+IZ+035360&catalogNumber=YPM+IZ+35362&catalogNumber=YPM+IZ+035362&catalogNumber=YPM+IZ+35039&catalogNumber=YPM+IZ+035039&catalogNumber=YPM+IZ+35040&catalogNumber=YPM+IZ+035040&catalogNumber=YPM+IZ+35346&catalogNumber=YPM+IZ+035346&catalogNumber=YPM+IZ+35029&catalogNumber=YPM+IZ+035029&catalogNumber=YPM+IZ+35347&catalogNumber=YPM+IZ+035347&catalogNumber=YPM+IZ+35041&catalogNumber=YPM+IZ+035041&catalogNumber=YPM+IZ+35030&catalogNumber=YPM+IZ+035030&catalogNumber=YPM+IZ+35032&catalogNumber=YPM+IZ+035032&catalogNumber=YPM+IZ+35033&catalogNumber=YPM+IZ+035033&catalogNumber=YPM+IZ+110225&catalogNumber=YPM+IZ+110226&catalogNumber=YPM+IZ+111744&catalogNumber=YPM+IZ+110451&catalogNumber=YPM+IZ+111733	cohort_05.json	895e98c4fc942ab7d7a88a36b939ef457d89aa6b53c9aed51a7fd67ff354269a	searched_success_no_exact_match	0	Complete successful batch response; no matching occurrence returned.
Church2025:YPM-IZ-111539	YPM:IZ:111539	Church2025	Physalia megalista	854e35e6-f762-11e1-a439-00145eb45e9a	YPM IZ 111539	cohort_05	https://api.gbif.org/v1/occurrence/search?datasetKey=854e35e6-f762-11e1-a439-00145eb45e9a&limit=300&catalogNumber=YPM+IZ+111530&catalogNumber=YPM+IZ+111539&catalogNumber=YPM+IZ+111547&catalogNumber=YPM+IZ+111839&catalogNumber=YPM+IZ+111840&catalogNumber=YPM+IZ+35024&catalogNumber=YPM+IZ+035024&catalogNumber=YPM+IZ+35090&catalogNumber=YPM+IZ+035090&catalogNumber=YPM+IZ+35076&catalogNumber=YPM+IZ+035076&catalogNumber=YPM+IZ+35045&catalogNumber=YPM+IZ+035045&catalogNumber=YPM+IZ+35038&catalogNumber=YPM+IZ+035038&catalogNumber=YPM+IZ+35350&catalogNumber=YPM+IZ+035350&catalogNumber=YPM+IZ+35049&catalogNumber=YPM+IZ+035049&catalogNumber=YPM+IZ+35355&catalogNumber=YPM+IZ+035355&catalogNumber=YPM+IZ+35358&catalogNumber=YPM+IZ+035358&catalogNumber=YPM+IZ+35360&catalogNumber=YPM+IZ+035360&catalogNumber=YPM+IZ+35362&catalogNumber=YPM+IZ+035362&catalogNumber=YPM+IZ+35039&catalogNumber=YPM+IZ+035039&catalogNumber=YPM+IZ+35040&catalogNumber=YPM+IZ+035040&catalogNumber=YPM+IZ+35346&catalogNumber=YPM+IZ+035346&catalogNumber=YPM+IZ+35029&catalogNumber=YPM+IZ+035029&catalogNumber=YPM+IZ+35347&catalogNumber=YPM+IZ+035347&catalogNumber=YPM+IZ+35041&catalogNumber=YPM+IZ+035041&catalogNumber=YPM+IZ+35030&catalogNumber=YPM+IZ+035030&catalogNumber=YPM+IZ+35032&catalogNumber=YPM+IZ+035032&catalogNumber=YPM+IZ+35033&catalogNumber=YPM+IZ+035033&catalogNumber=YPM+IZ+110225&catalogNumber=YPM+IZ+110226&catalogNumber=YPM+IZ+111744&catalogNumber=YPM+IZ+110451&catalogNumber=YPM+IZ+111733	cohort_05.json	895e98c4fc942ab7d7a88a36b939ef457d89aa6b53c9aed51a7fd67ff354269a	searched_success_no_exact_match	0	Complete successful batch response; no matching occurrence returned.
Church2025:YPM-IZ-111547	YPM:IZ:111547	Church2025	Physalia utriculus	854e35e6-f762-11e1-a439-00145eb45e9a	YPM IZ 111547	cohort_05	https://api.gbif.org/v1/occurrence/search?datasetKey=854e35e6-f762-11e1-a439-00145eb45e9a&limit=300&catalogNumber=YPM+IZ+111530&catalogNumber=YPM+IZ+111539&catalogNumber=YPM+IZ+111547&catalogNumber=YPM+IZ+111839&catalogNumber=YPM+IZ+111840&catalogNumber=YPM+IZ+35024&catalogNumber=YPM+IZ+035024&catalogNumber=YPM+IZ+35090&catalogNumber=YPM+IZ+035090&catalogNumber=YPM+IZ+35076&catalogNumber=YPM+IZ+035076&catalogNumber=YPM+IZ+35045&catalogNumber=YPM+IZ+035045&catalogNumber=YPM+IZ+35038&catalogNumber=YPM+IZ+035038&catalogNumber=YPM+IZ+35350&catalogNumber=YPM+IZ+035350&catalogNumber=YPM+IZ+35049&catalogNumber=YPM+IZ+035049&catalogNumber=YPM+IZ+35355&catalogNumber=YPM+IZ+035355&catalogNumber=YPM+IZ+35358&catalogNumber=YPM+IZ+035358&catalogNumber=YPM+IZ+35360&catalogNumber=YPM+IZ+035360&catalogNumber=YPM+IZ+35362&catalogNumber=YPM+IZ+035362&catalogNumber=YPM+IZ+35039&catalogNumber=YPM+IZ+035039&catalogNumber=YPM+IZ+35040&catalogNumber=YPM+IZ+035040&catalogNumber=YPM+IZ+35346&catalogNumber=YPM+IZ+035346&catalogNumber=YPM+IZ+35029&catalogNumber=YPM+IZ+035029&catalogNumber=YPM+IZ+35347&catalogNumber=YPM+IZ+035347&catalogNumber=YPM+IZ+35041&catalogNumber=YPM+IZ+035041&catalogNumber=YPM+IZ+35030&catalogNumber=YPM+IZ+035030&catalogNumber=YPM+IZ+35032&catalogNumber=YPM+IZ+035032&catalogNumber=YPM+IZ+35033&catalogNumber=YPM+IZ+035033&catalogNumber=YPM+IZ+110225&catalogNumber=YPM+IZ+110226&catalogNumber=YPM+IZ+111744&catalogNumber=YPM+IZ+110451&catalogNumber=YPM+IZ+111733	cohort_05.json	895e98c4fc942ab7d7a88a36b939ef457d89aa6b53c9aed51a7fd67ff354269a	searched_success_no_exact_match	0	Complete successful batch response; no matching occurrence returned.
Church2025:YPM-IZ-111839	YPM:IZ:111839	Church2025	Physalia sp1	854e35e6-f762-11e1-a439-00145eb45e9a	YPM IZ 111839	cohort_05	https://api.gbif.org/v1/occurrence/search?datasetKey=854e35e6-f762-11e1-a439-00145eb45e9a&limit=300&catalogNumber=YPM+IZ+111530&catalogNumber=YPM+IZ+111539&catalogNumber=YPM+IZ+111547&catalogNumber=YPM+IZ+111839&catalogNumber=YPM+IZ+111840&catalogNumber=YPM+IZ+35024&catalogNumber=YPM+IZ+035024&catalogNumber=YPM+IZ+35090&catalogNumber=YPM+IZ+035090&catalogNumber=YPM+IZ+35076&catalogNumber=YPM+IZ+035076&catalogNumber=YPM+IZ+35045&catalogNumber=YPM+IZ+035045&catalogNumber=YPM+IZ+35038&catalogNumber=YPM+IZ+035038&catalogNumber=YPM+IZ+35350&catalogNumber=YPM+IZ+035350&catalogNumber=YPM+IZ+35049&catalogNumber=YPM+IZ+035049&catalogNumber=YPM+IZ+35355&catalogNumber=YPM+IZ+035355&catalogNumber=YPM+IZ+35358&catalogNumber=YPM+IZ+035358&catalogNumber=YPM+IZ+35360&catalogNumber=YPM+IZ+035360&catalogNumber=YPM+IZ+35362&catalogNumber=YPM+IZ+035362&catalogNumber=YPM+IZ+35039&catalogNumber=YPM+IZ+035039&catalogNumber=YPM+IZ+35040&catalogNumber=YPM+IZ+035040&catalogNumber=YPM+IZ+35346&catalogNumber=YPM+IZ+035346&catalogNumber=YPM+IZ+35029&catalogNumber=YPM+IZ+035029&catalogNumber=YPM+IZ+35347&catalogNumber=YPM+IZ+035347&catalogNumber=YPM+IZ+35041&catalogNumber=YPM+IZ+035041&catalogNumber=YPM+IZ+35030&catalogNumber=YPM+IZ+035030&catalogNumber=YPM+IZ+35032&catalogNumber=YPM+IZ+035032&catalogNumber=YPM+IZ+35033&catalogNumber=YPM+IZ+035033&catalogNumber=YPM+IZ+110225&catalogNumber=YPM+IZ+110226&catalogNumber=YPM+IZ+111744&catalogNumber=YPM+IZ+110451&catalogNumber=YPM+IZ+111733	cohort_05.json	895e98c4fc942ab7d7a88a36b939ef457d89aa6b53c9aed51a7fd67ff354269a	searched_success_no_exact_match	0	Complete successful batch response; no matching occurrence returned.
Church2025:YPM-IZ-111840	YPM:IZ:111840	Church2025	Physalia utriculus	854e35e6-f762-11e1-a439-00145eb45e9a	YPM IZ 111840	cohort_05	https://api.gbif.org/v1/occurrence/search?datasetKey=854e35e6-f762-11e1-a439-00145eb45e9a&limit=300&catalogNumber=YPM+IZ+111530&catalogNumber=YPM+IZ+111539&catalogNumber=YPM+IZ+111547&catalogNumber=YPM+IZ+111839&catalogNumber=YPM+IZ+111840&catalogNumber=YPM+IZ+35024&catalogNumber=YPM+IZ+035024&catalogNumber=YPM+IZ+35090&catalogNumber=YPM+IZ+035090&catalogNumber=YPM+IZ+35076&catalogNumber=YPM+IZ+035076&catalogNumber=YPM+IZ+35045&catalogNumber=YPM+IZ+035045&catalogNumber=YPM+IZ+35038&catalogNumber=YPM+IZ+035038&catalogNumber=YPM+IZ+35350&catalogNumber=YPM+IZ+035350&catalogNumber=YPM+IZ+35049&catalogNumber=YPM+IZ+035049&catalogNumber=YPM+IZ+35355&catalogNumber=YPM+IZ+035355&catalogNumber=YPM+IZ+35358&catalogNumber=YPM+IZ+035358&catalogNumber=YPM+IZ+35360&catalogNumber=YPM+IZ+035360&catalogNumber=YPM+IZ+35362&catalogNumber=YPM+IZ+035362&catalogNumber=YPM+IZ+35039&catalogNumber=YPM+IZ+035039&catalogNumber=YPM+IZ+35040&catalogNumber=YPM+IZ+035040&catalogNumber=YPM+IZ+35346&catalogNumber=YPM+IZ+035346&catalogNumber=YPM+IZ+35029&catalogNumber=YPM+IZ+035029&catalogNumber=YPM+IZ+35347&catalogNumber=YPM+IZ+035347&catalogNumber=YPM+IZ+35041&catalogNumber=YPM+IZ+035041&catalogNumber=YPM+IZ+35030&catalogNumber=YPM+IZ+035030&catalogNumber=YPM+IZ+35032&catalogNumber=YPM+IZ+035032&catalogNumber=YPM+IZ+35033&catalogNumber=YPM+IZ+035033&catalogNumber=YPM+IZ+110225&catalogNumber=YPM+IZ+110226&catalogNumber=YPM+IZ+111744&catalogNumber=YPM+IZ+110451&catalogNumber=YPM+IZ+111733	cohort_05.json	895e98c4fc942ab7d7a88a36b939ef457d89aa6b53c9aed51a7fd67ff354269a	searched_success_no_exact_match	0	Complete successful batch response; no matching occurrence returned.
Ahuja2024:CWD1	YPM:IZ:35024	Ahuja2024	Agalma clausi	854e35e6-f762-11e1-a439-00145eb45e9a	YPM IZ 35024; YPM IZ 035024	cohort_05	https://api.gbif.org/v1/occurrence/search?datasetKey=854e35e6-f762-11e1-a439-00145eb45e9a&limit=300&catalogNumber=YPM+IZ+111530&catalogNumber=YPM+IZ+111539&catalogNumber=YPM+IZ+111547&catalogNumber=YPM+IZ+111839&catalogNumber=YPM+IZ+111840&catalogNumber=YPM+IZ+35024&catalogNumber=YPM+IZ+035024&catalogNumber=YPM+IZ+35090&catalogNumber=YPM+IZ+035090&catalogNumber=YPM+IZ+35076&catalogNumber=YPM+IZ+035076&catalogNumber=YPM+IZ+35045&catalogNumber=YPM+IZ+035045&catalogNumber=YPM+IZ+35038&catalogNumber=YPM+IZ+035038&catalogNumber=YPM+IZ+35350&catalogNumber=YPM+IZ+035350&catalogNumber=YPM+IZ+35049&catalogNumber=YPM+IZ+035049&catalogNumber=YPM+IZ+35355&catalogNumber=YPM+IZ+035355&catalogNumber=YPM+IZ+35358&catalogNumber=YPM+IZ+035358&catalogNumber=YPM+IZ+35360&catalogNumber=YPM+IZ+035360&catalogNumber=YPM+IZ+35362&catalogNumber=YPM+IZ+035362&catalogNumber=YPM+IZ+35039&catalogNumber=YPM+IZ+035039&catalogNumber=YPM+IZ+35040&catalogNumber=YPM+IZ+035040&catalogNumber=YPM+IZ+35346&catalogNumber=YPM+IZ+035346&catalogNumber=YPM+IZ+35029&catalogNumber=YPM+IZ+035029&catalogNumber=YPM+IZ+35347&catalogNumber=YPM+IZ+035347&catalogNumber=YPM+IZ+35041&catalogNumber=YPM+IZ+035041&catalogNumber=YPM+IZ+35030&catalogNumber=YPM+IZ+035030&catalogNumber=YPM+IZ+35032&catalogNumber=YPM+IZ+035032&catalogNumber=YPM+IZ+35033&catalogNumber=YPM+IZ+035033&catalogNumber=YPM+IZ+110225&catalogNumber=YPM+IZ+110226&catalogNumber=YPM+IZ+111744&catalogNumber=YPM+IZ+110451&catalogNumber=YPM+IZ+111733	cohort_05.json	895e98c4fc942ab7d7a88a36b939ef457d89aa6b53c9aed51a7fd67ff354269a	searched_success_no_exact_match	0	Complete successful batch response; no matching occurrence returned.
Ahuja2024:CWD101	YPM:IZ:35090	Ahuja2024	Apolemia sp. 3 CWD-2005	854e35e6-f762-11e1-a439-00145eb45e9a	YPM IZ 35090; YPM IZ 035090	cohort_05	https://api.gbif.org/v1/occurrence/search?datasetKey=854e35e6-f762-11e1-a439-00145eb45e9a&limit=300&catalogNumber=YPM+IZ+111530&catalogNumber=YPM+IZ+111539&catalogNumber=YPM+IZ+111547&catalogNumber=YPM+IZ+111839&catalogNumber=YPM+IZ+111840&catalogNumber=YPM+IZ+35024&catalogNumber=YPM+IZ+035024&catalogNumber=YPM+IZ+35090&catalogNumber=YPM+IZ+035090&catalogNumber=YPM+IZ+35076&catalogNumber=YPM+IZ+035076&catalogNumber=YPM+IZ+35045&catalogNumber=YPM+IZ+035045&catalogNumber=YPM+IZ+35038&catalogNumber=YPM+IZ+035038&catalogNumber=YPM+IZ+35350&catalogNumber=YPM+IZ+035350&catalogNumber=YPM+IZ+35049&catalogNumber=YPM+IZ+035049&catalogNumber=YPM+IZ+35355&catalogNumber=YPM+IZ+035355&catalogNumber=YPM+IZ+35358&catalogNumber=YPM+IZ+035358&catalogNumber=YPM+IZ+35360&catalogNumber=YPM+IZ+035360&catalogNumber=YPM+IZ+35362&catalogNumber=YPM+IZ+035362&catalogNumber=YPM+IZ+35039&catalogNumber=YPM+IZ+035039&catalogNumber=YPM+IZ+35040&catalogNumber=YPM+IZ+035040&catalogNumber=YPM+IZ+35346&catalogNumber=YPM+IZ+035346&catalogNumber=YPM+IZ+35029&catalogNumber=YPM+IZ+035029&catalogNumber=YPM+IZ+35347&catalogNumber=YPM+IZ+035347&catalogNumber=YPM+IZ+35041&catalogNumber=YPM+IZ+035041&catalogNumber=YPM+IZ+35030&catalogNumber=YPM+IZ+035030&catalogNumber=YPM+IZ+35032&catalogNumber=YPM+IZ+035032&catalogNumber=YPM+IZ+35033&catalogNumber=YPM+IZ+035033&catalogNumber=YPM+IZ+110225&catalogNumber=YPM+IZ+110226&catalogNumber=YPM+IZ+111744&catalogNumber=YPM+IZ+110451&catalogNumber=YPM+IZ+111733	cohort_05.json	895e98c4fc942ab7d7a88a36b939ef457d89aa6b53c9aed51a7fd67ff354269a	searched_success_no_exact_match	0	Complete successful batch response; no matching occurrence returned.
Ahuja2024:CWD104	Tib596SS12	Ahuja2024	Bargmannia elongata	854e35e6-f762-11e1-a439-00145eb45e9a						not_searched_no_exact_ypm_iz_voucher		No exact YPM IZ voucher eligible for this dataset-specific check.
Ahuja2024:CWD11	YPM:IZ:35076	Ahuja2024	Stephanomia amphytridis	854e35e6-f762-11e1-a439-00145eb45e9a	YPM IZ 35076; YPM IZ 035076	cohort_05	https://api.gbif.org/v1/occurrence/search?datasetKey=854e35e6-f762-11e1-a439-00145eb45e9a&limit=300&catalogNumber=YPM+IZ+111530&catalogNumber=YPM+IZ+111539&catalogNumber=YPM+IZ+111547&catalogNumber=YPM+IZ+111839&catalogNumber=YPM+IZ+111840&catalogNumber=YPM+IZ+35024&catalogNumber=YPM+IZ+035024&catalogNumber=YPM+IZ+35090&catalogNumber=YPM+IZ+035090&catalogNumber=YPM+IZ+35076&catalogNumber=YPM+IZ+035076&catalogNumber=YPM+IZ+35045&catalogNumber=YPM+IZ+035045&catalogNumber=YPM+IZ+35038&catalogNumber=YPM+IZ+035038&catalogNumber=YPM+IZ+35350&catalogNumber=YPM+IZ+035350&catalogNumber=YPM+IZ+35049&catalogNumber=YPM+IZ+035049&catalogNumber=YPM+IZ+35355&catalogNumber=YPM+IZ+035355&catalogNumber=YPM+IZ+35358&catalogNumber=YPM+IZ+035358&catalogNumber=YPM+IZ+35360&catalogNumber=YPM+IZ+035360&catalogNumber=YPM+IZ+35362&catalogNumber=YPM+IZ+035362&catalogNumber=YPM+IZ+35039&catalogNumber=YPM+IZ+035039&catalogNumber=YPM+IZ+35040&catalogNumber=YPM+IZ+035040&catalogNumber=YPM+IZ+35346&catalogNumber=YPM+IZ+035346&catalogNumber=YPM+IZ+35029&catalogNumber=YPM+IZ+035029&catalogNumber=YPM+IZ+35347&catalogNumber=YPM+IZ+035347&catalogNumber=YPM+IZ+35041&catalogNumber=YPM+IZ+035041&catalogNumber=YPM+IZ+35030&catalogNumber=YPM+IZ+035030&catalogNumber=YPM+IZ+35032&catalogNumber=YPM+IZ+035032&catalogNumber=YPM+IZ+35033&catalogNumber=YPM+IZ+035033&catalogNumber=YPM+IZ+110225&catalogNumber=YPM+IZ+110226&catalogNumber=YPM+IZ+111744&catalogNumber=YPM+IZ+110451&catalogNumber=YPM+IZ+111733	cohort_05.json	895e98c4fc942ab7d7a88a36b939ef457d89aa6b53c9aed51a7fd67ff354269a	searched_success_no_exact_match	0	Complete successful batch response; no matching occurrence returned.
Ahuja2024:CWD116	MBARI071903BW	Ahuja2024	Agalma elegans	854e35e6-f762-11e1-a439-00145eb45e9a						not_searched_no_exact_ypm_iz_voucher		No exact YPM IZ voucher eligible for this dataset-specific check.
Ahuja2024:CWD117	YPM:IZ:35045	Ahuja2024	Hippopodius hippopus	854e35e6-f762-11e1-a439-00145eb45e9a	YPM IZ 35045; YPM IZ 035045	cohort_05	https://api.gbif.org/v1/occurrence/search?datasetKey=854e35e6-f762-11e1-a439-00145eb45e9a&limit=300&catalogNumber=YPM+IZ+111530&catalogNumber=YPM+IZ+111539&catalogNumber=YPM+IZ+111547&catalogNumber=YPM+IZ+111839&catalogNumber=YPM+IZ+111840&catalogNumber=YPM+IZ+35024&catalogNumber=YPM+IZ+035024&catalogNumber=YPM+IZ+35090&catalogNumber=YPM+IZ+035090&catalogNumber=YPM+IZ+35076&catalogNumber=YPM+IZ+035076&catalogNumber=YPM+IZ+35045&catalogNumber=YPM+IZ+035045&catalogNumber=YPM+IZ+35038&catalogNumber=YPM+IZ+035038&catalogNumber=YPM+IZ+35350&catalogNumber=YPM+IZ+035350&catalogNumber=YPM+IZ+35049&catalogNumber=YPM+IZ+035049&catalogNumber=YPM+IZ+35355&catalogNumber=YPM+IZ+035355&catalogNumber=YPM+IZ+35358&catalogNumber=YPM+IZ+035358&catalogNumber=YPM+IZ+35360&catalogNumber=YPM+IZ+035360&catalogNumber=YPM+IZ+35362&catalogNumber=YPM+IZ+035362&catalogNumber=YPM+IZ+35039&catalogNumber=YPM+IZ+035039&catalogNumber=YPM+IZ+35040&catalogNumber=YPM+IZ+035040&catalogNumber=YPM+IZ+35346&catalogNumber=YPM+IZ+035346&catalogNumber=YPM+IZ+35029&catalogNumber=YPM+IZ+035029&catalogNumber=YPM+IZ+35347&catalogNumber=YPM+IZ+035347&catalogNumber=YPM+IZ+35041&catalogNumber=YPM+IZ+035041&catalogNumber=YPM+IZ+35030&catalogNumber=YPM+IZ+035030&catalogNumber=YPM+IZ+35032&catalogNumber=YPM+IZ+035032&catalogNumber=YPM+IZ+35033&catalogNumber=YPM+IZ+035033&catalogNumber=YPM+IZ+110225&catalogNumber=YPM+IZ+110226&catalogNumber=YPM+IZ+111744&catalogNumber=YPM+IZ+110451&catalogNumber=YPM+IZ+111733	cohort_05.json	895e98c4fc942ab7d7a88a36b939ef457d89aa6b53c9aed51a7fd67ff354269a	searched_success_no_exact_match	0	Complete successful batch response; no matching occurrence returned.
Ahuja2024:CWD12	YPM:IZ:35038	Ahuja2024	Halistemma rubrum	854e35e6-f762-11e1-a439-00145eb45e9a	YPM IZ 35038; YPM IZ 035038	cohort_05	https://api.gbif.org/v1/occurrence/search?datasetKey=854e35e6-f762-11e1-a439-00145eb45e9a&limit=300&catalogNumber=YPM+IZ+111530&catalogNumber=YPM+IZ+111539&catalogNumber=YPM+IZ+111547&catalogNumber=YPM+IZ+111839&catalogNumber=YPM+IZ+111840&catalogNumber=YPM+IZ+35024&catalogNumber=YPM+IZ+035024&catalogNumber=YPM+IZ+35090&catalogNumber=YPM+IZ+035090&catalogNumber=YPM+IZ+35076&catalogNumber=YPM+IZ+035076&catalogNumber=YPM+IZ+35045&catalogNumber=YPM+IZ+035045&catalogNumber=YPM+IZ+35038&catalogNumber=YPM+IZ+035038&catalogNumber=YPM+IZ+35350&catalogNumber=YPM+IZ+035350&catalogNumber=YPM+IZ+35049&catalogNumber=YPM+IZ+035049&catalogNumber=YPM+IZ+35355&catalogNumber=YPM+IZ+035355&catalogNumber=YPM+IZ+35358&catalogNumber=YPM+IZ+035358&catalogNumber=YPM+IZ+35360&catalogNumber=YPM+IZ+035360&catalogNumber=YPM+IZ+35362&catalogNumber=YPM+IZ+035362&catalogNumber=YPM+IZ+35039&catalogNumber=YPM+IZ+035039&catalogNumber=YPM+IZ+35040&catalogNumber=YPM+IZ+035040&catalogNumber=YPM+IZ+35346&catalogNumber=YPM+IZ+035346&catalogNumber=YPM+IZ+35029&catalogNumber=YPM+IZ+035029&catalogNumber=YPM+IZ+35347&catalogNumber=YPM+IZ+035347&catalogNumber=YPM+IZ+35041&catalogNumber=YPM+IZ+035041&catalogNumber=YPM+IZ+35030&catalogNumber=YPM+IZ+035030&catalogNumber=YPM+IZ+35032&catalogNumber=YPM+IZ+035032&catalogNumber=YPM+IZ+35033&catalogNumber=YPM+IZ+035033&catalogNumber=YPM+IZ+110225&catalogNumber=YPM+IZ+110226&catalogNumber=YPM+IZ+111744&catalogNumber=YPM+IZ+110451&catalogNumber=YPM+IZ+111733	cohort_05.json	895e98c4fc942ab7d7a88a36b939ef457d89aa6b53c9aed51a7fd67ff354269a	searched_success_no_exact_match	0	Complete successful batch response; no matching occurrence returned.
Ahuja2024:CWD121	YPM:IZ:35350	Ahuja2024	Abylopsis tetragona	854e35e6-f762-11e1-a439-00145eb45e9a	YPM IZ 35350; YPM IZ 035350	cohort_05	https://api.gbif.org/v1/occurrence/search?datasetKey=854e35e6-f762-11e1-a439-00145eb45e9a&limit=300&catalogNumber=YPM+IZ+111530&catalogNumber=YPM+IZ+111539&catalogNumber=YPM+IZ+111547&catalogNumber=YPM+IZ+111839&catalogNumber=YPM+IZ+111840&catalogNumber=YPM+IZ+35024&catalogNumber=YPM+IZ+035024&catalogNumber=YPM+IZ+35090&catalogNumber=YPM+IZ+035090&catalogNumber=YPM+IZ+35076&catalogNumber=YPM+IZ+035076&catalogNumber=YPM+IZ+35045&catalogNumber=YPM+IZ+035045&catalogNumber=YPM+IZ+35038&catalogNumber=YPM+IZ+035038&catalogNumber=YPM+IZ+35350&catalogNumber=YPM+IZ+035350&catalogNumber=YPM+IZ+35049&catalogNumber=YPM+IZ+035049&catalogNumber=YPM+IZ+35355&catalogNumber=YPM+IZ+035355&catalogNumber=YPM+IZ+35358&catalogNumber=YPM+IZ+035358&catalogNumber=YPM+IZ+35360&catalogNumber=YPM+IZ+035360&catalogNumber=YPM+IZ+35362&catalogNumber=YPM+IZ+035362&catalogNumber=YPM+IZ+35039&catalogNumber=YPM+IZ+035039&catalogNumber=YPM+IZ+35040&catalogNumber=YPM+IZ+035040&catalogNumber=YPM+IZ+35346&catalogNumber=YPM+IZ+035346&catalogNumber=YPM+IZ+35029&catalogNumber=YPM+IZ+035029&catalogNumber=YPM+IZ+35347&catalogNumber=YPM+IZ+035347&catalogNumber=YPM+IZ+35041&catalogNumber=YPM+IZ+035041&catalogNumber=YPM+IZ+35030&catalogNumber=YPM+IZ+035030&catalogNumber=YPM+IZ+35032&catalogNumber=YPM+IZ+035032&catalogNumber=YPM+IZ+35033&catalogNumber=YPM+IZ+035033&catalogNumber=YPM+IZ+110225&catalogNumber=YPM+IZ+110226&catalogNumber=YPM+IZ+111744&catalogNumber=YPM+IZ+110451&catalogNumber=YPM+IZ+111733	cohort_05.json	895e98c4fc942ab7d7a88a36b939ef457d89aa6b53c9aed51a7fd67ff354269a	searched_success_no_exact_match	0	Complete successful batch response; no matching occurrence returned.
Ahuja2024:CWD122	YPM:IZ:35049	Ahuja2024	Chelophyes appendiculata	854e35e6-f762-11e1-a439-00145eb45e9a	YPM IZ 35049; YPM IZ 035049	cohort_05	https://api.gbif.org/v1/occurrence/search?datasetKey=854e35e6-f762-11e1-a439-00145eb45e9a&limit=300&catalogNumber=YPM+IZ+111530&catalogNumber=YPM+IZ+111539&catalogNumber=YPM+IZ+111547&catalogNumber=YPM+IZ+111839&catalogNumber=YPM+IZ+111840&catalogNumber=YPM+IZ+35024&catalogNumber=YPM+IZ+035024&catalogNumber=YPM+IZ+35090&catalogNumber=YPM+IZ+035090&catalogNumber=YPM+IZ+35076&catalogNumber=YPM+IZ+035076&catalogNumber=YPM+IZ+35045&catalogNumber=YPM+IZ+035045&catalogNumber=YPM+IZ+35038&catalogNumber=YPM+IZ+035038&catalogNumber=YPM+IZ+35350&catalogNumber=YPM+IZ+035350&catalogNumber=YPM+IZ+35049&catalogNumber=YPM+IZ+035049&catalogNumber=YPM+IZ+35355&catalogNumber=YPM+IZ+035355&catalogNumber=YPM+IZ+35358&catalogNumber=YPM+IZ+035358&catalogNumber=YPM+IZ+35360&catalogNumber=YPM+IZ+035360&catalogNumber=YPM+IZ+35362&catalogNumber=YPM+IZ+035362&catalogNumber=YPM+IZ+35039&catalogNumber=YPM+IZ+035039&catalogNumber=YPM+IZ+35040&catalogNumber=YPM+IZ+035040&catalogNumber=YPM+IZ+35346&catalogNumber=YPM+IZ+035346&catalogNumber=YPM+IZ+35029&catalogNumber=YPM+IZ+035029&catalogNumber=YPM+IZ+35347&catalogNumber=YPM+IZ+035347&catalogNumber=YPM+IZ+35041&catalogNumber=YPM+IZ+035041&catalogNumber=YPM+IZ+35030&catalogNumber=YPM+IZ+035030&catalogNumber=YPM+IZ+35032&catalogNumber=YPM+IZ+035032&catalogNumber=YPM+IZ+35033&catalogNumber=YPM+IZ+035033&catalogNumber=YPM+IZ+110225&catalogNumber=YPM+IZ+110226&catalogNumber=YPM+IZ+111744&catalogNumber=YPM+IZ+110451&catalogNumber=YPM+IZ+111733	cohort_05.json	895e98c4fc942ab7d7a88a36b939ef457d89aa6b53c9aed51a7fd67ff354269a	searched_success_no_exact_match	0	Complete successful batch response; no matching occurrence returned.
Ahuja2024:CWD131	YPM:IZ:35355	Ahuja2024	Rhizophysa eysenhardtii	854e35e6-f762-11e1-a439-00145eb45e9a	YPM IZ 35355; YPM IZ 035355	cohort_05	https://api.gbif.org/v1/occurrence/search?datasetKey=854e35e6-f762-11e1-a439-00145eb45e9a&limit=300&catalogNumber=YPM+IZ+111530&catalogNumber=YPM+IZ+111539&catalogNumber=YPM+IZ+111547&catalogNumber=YPM+IZ+111839&catalogNumber=YPM+IZ+111840&catalogNumber=YPM+IZ+35024&catalogNumber=YPM+IZ+035024&catalogNumber=YPM+IZ+35090&catalogNumber=YPM+IZ+035090&catalogNumber=YPM+IZ+35076&catalogNumber=YPM+IZ+035076&catalogNumber=YPM+IZ+35045&catalogNumber=YPM+IZ+035045&catalogNumber=YPM+IZ+35038&catalogNumber=YPM+IZ+035038&catalogNumber=YPM+IZ+35350&catalogNumber=YPM+IZ+035350&catalogNumber=YPM+IZ+35049&catalogNumber=YPM+IZ+035049&catalogNumber=YPM+IZ+35355&catalogNumber=YPM+IZ+035355&catalogNumber=YPM+IZ+35358&catalogNumber=YPM+IZ+035358&catalogNumber=YPM+IZ+35360&catalogNumber=YPM+IZ+035360&catalogNumber=YPM+IZ+35362&catalogNumber=YPM+IZ+035362&catalogNumber=YPM+IZ+35039&catalogNumber=YPM+IZ+035039&catalogNumber=YPM+IZ+35040&catalogNumber=YPM+IZ+035040&catalogNumber=YPM+IZ+35346&catalogNumber=YPM+IZ+035346&catalogNumber=YPM+IZ+35029&catalogNumber=YPM+IZ+035029&catalogNumber=YPM+IZ+35347&catalogNumber=YPM+IZ+035347&catalogNumber=YPM+IZ+35041&catalogNumber=YPM+IZ+035041&catalogNumber=YPM+IZ+35030&catalogNumber=YPM+IZ+035030&catalogNumber=YPM+IZ+35032&catalogNumber=YPM+IZ+035032&catalogNumber=YPM+IZ+35033&catalogNumber=YPM+IZ+035033&catalogNumber=YPM+IZ+110225&catalogNumber=YPM+IZ+110226&catalogNumber=YPM+IZ+111744&catalogNumber=YPM+IZ+110451&catalogNumber=YPM+IZ+111733	cohort_05.json	895e98c4fc942ab7d7a88a36b939ef457d89aa6b53c9aed51a7fd67ff354269a	searched_success_no_exact_match	0	Complete successful batch response; no matching occurrence returned.
Ahuja2024:CWD141	YPM:IZ:35358	Ahuja2024	Stephalia dilata	854e35e6-f762-11e1-a439-00145eb45e9a	YPM IZ 35358; YPM IZ 035358	cohort_05	https://api.gbif.org/v1/occurrence/search?datasetKey=854e35e6-f762-11e1-a439-00145eb45e9a&limit=300&catalogNumber=YPM+IZ+111530&catalogNumber=YPM+IZ+111539&catalogNumber=YPM+IZ+111547&catalogNumber=YPM+IZ+111839&catalogNumber=YPM+IZ+111840&catalogNumber=YPM+IZ+35024&catalogNumber=YPM+IZ+035024&catalogNumber=YPM+IZ+35090&catalogNumber=YPM+IZ+035090&catalogNumber=YPM+IZ+35076&catalogNumber=YPM+IZ+035076&catalogNumber=YPM+IZ+35045&catalogNumber=YPM+IZ+035045&catalogNumber=YPM+IZ+35038&catalogNumber=YPM+IZ+035038&catalogNumber=YPM+IZ+35350&catalogNumber=YPM+IZ+035350&catalogNumber=YPM+IZ+35049&catalogNumber=YPM+IZ+035049&catalogNumber=YPM+IZ+35355&catalogNumber=YPM+IZ+035355&catalogNumber=YPM+IZ+35358&catalogNumber=YPM+IZ+035358&catalogNumber=YPM+IZ+35360&catalogNumber=YPM+IZ+035360&catalogNumber=YPM+IZ+35362&catalogNumber=YPM+IZ+035362&catalogNumber=YPM+IZ+35039&catalogNumber=YPM+IZ+035039&catalogNumber=YPM+IZ+35040&catalogNumber=YPM+IZ+035040&catalogNumber=YPM+IZ+35346&catalogNumber=YPM+IZ+035346&catalogNumber=YPM+IZ+35029&catalogNumber=YPM+IZ+035029&catalogNumber=YPM+IZ+35347&catalogNumber=YPM+IZ+035347&catalogNumber=YPM+IZ+35041&catalogNumber=YPM+IZ+035041&catalogNumber=YPM+IZ+35030&catalogNumber=YPM+IZ+035030&catalogNumber=YPM+IZ+35032&catalogNumber=YPM+IZ+035032&catalogNumber=YPM+IZ+35033&catalogNumber=YPM+IZ+035033&catalogNumber=YPM+IZ+110225&catalogNumber=YPM+IZ+110226&catalogNumber=YPM+IZ+111744&catalogNumber=YPM+IZ+110451&catalogNumber=YPM+IZ+111733	cohort_05.json	895e98c4fc942ab7d7a88a36b939ef457d89aa6b53c9aed51a7fd67ff354269a	searched_success_no_exact_match	0	Complete successful batch response; no matching occurrence returned.
Ahuja2024:CWD144	YPM:IZ:35360	Ahuja2024	Gymnopraia lapislazula	854e35e6-f762-11e1-a439-00145eb45e9a	YPM IZ 35360; YPM IZ 035360	cohort_05	https://api.gbif.org/v1/occurrence/search?datasetKey=854e35e6-f762-11e1-a439-00145eb45e9a&limit=300&catalogNumber=YPM+IZ+111530&catalogNumber=YPM+IZ+111539&catalogNumber=YPM+IZ+111547&catalogNumber=YPM+IZ+111839&catalogNumber=YPM+IZ+111840&catalogNumber=YPM+IZ+35024&catalogNumber=YPM+IZ+035024&catalogNumber=YPM+IZ+35090&catalogNumber=YPM+IZ+035090&catalogNumber=YPM+IZ+35076&catalogNumber=YPM+IZ+035076&catalogNumber=YPM+IZ+35045&catalogNumber=YPM+IZ+035045&catalogNumber=YPM+IZ+35038&catalogNumber=YPM+IZ+035038&catalogNumber=YPM+IZ+35350&catalogNumber=YPM+IZ+035350&catalogNumber=YPM+IZ+35049&catalogNumber=YPM+IZ+035049&catalogNumber=YPM+IZ+35355&catalogNumber=YPM+IZ+035355&catalogNumber=YPM+IZ+35358&catalogNumber=YPM+IZ+035358&catalogNumber=YPM+IZ+35360&catalogNumber=YPM+IZ+035360&catalogNumber=YPM+IZ+35362&catalogNumber=YPM+IZ+035362&catalogNumber=YPM+IZ+35039&catalogNumber=YPM+IZ+035039&catalogNumber=YPM+IZ+35040&catalogNumber=YPM+IZ+035040&catalogNumber=YPM+IZ+35346&catalogNumber=YPM+IZ+035346&catalogNumber=YPM+IZ+35029&catalogNumber=YPM+IZ+035029&catalogNumber=YPM+IZ+35347&catalogNumber=YPM+IZ+035347&catalogNumber=YPM+IZ+35041&catalogNumber=YPM+IZ+035041&catalogNumber=YPM+IZ+35030&catalogNumber=YPM+IZ+035030&catalogNumber=YPM+IZ+35032&catalogNumber=YPM+IZ+035032&catalogNumber=YPM+IZ+35033&catalogNumber=YPM+IZ+035033&catalogNumber=YPM+IZ+110225&catalogNumber=YPM+IZ+110226&catalogNumber=YPM+IZ+111744&catalogNumber=YPM+IZ+110451&catalogNumber=YPM+IZ+111733	cohort_05.json	895e98c4fc942ab7d7a88a36b939ef457d89aa6b53c9aed51a7fd67ff354269a	searched_success_no_exact_match	0	Complete successful batch response; no matching occurrence returned.
Ahuja2024:CWD146	YPM:IZ:35362	Ahuja2024	Erenna sirena	854e35e6-f762-11e1-a439-00145eb45e9a	YPM IZ 35362; YPM IZ 035362	cohort_05	https://api.gbif.org/v1/occurrence/search?datasetKey=854e35e6-f762-11e1-a439-00145eb45e9a&limit=300&catalogNumber=YPM+IZ+111530&catalogNumber=YPM+IZ+111539&catalogNumber=YPM+IZ+111547&catalogNumber=YPM+IZ+111839&catalogNumber=YPM+IZ+111840&catalogNumber=YPM+IZ+35024&catalogNumber=YPM+IZ+035024&catalogNumber=YPM+IZ+35090&catalogNumber=YPM+IZ+035090&catalogNumber=YPM+IZ+35076&catalogNumber=YPM+IZ+035076&catalogNumber=YPM+IZ+35045&catalogNumber=YPM+IZ+035045&catalogNumber=YPM+IZ+35038&catalogNumber=YPM+IZ+035038&catalogNumber=YPM+IZ+35350&catalogNumber=YPM+IZ+035350&catalogNumber=YPM+IZ+35049&catalogNumber=YPM+IZ+035049&catalogNumber=YPM+IZ+35355&catalogNumber=YPM+IZ+035355&catalogNumber=YPM+IZ+35358&catalogNumber=YPM+IZ+035358&catalogNumber=YPM+IZ+35360&catalogNumber=YPM+IZ+035360&catalogNumber=YPM+IZ+35362&catalogNumber=YPM+IZ+035362&catalogNumber=YPM+IZ+35039&catalogNumber=YPM+IZ+035039&catalogNumber=YPM+IZ+35040&catalogNumber=YPM+IZ+035040&catalogNumber=YPM+IZ+35346&catalogNumber=YPM+IZ+035346&catalogNumber=YPM+IZ+35029&catalogNumber=YPM+IZ+035029&catalogNumber=YPM+IZ+35347&catalogNumber=YPM+IZ+035347&catalogNumber=YPM+IZ+35041&catalogNumber=YPM+IZ+035041&catalogNumber=YPM+IZ+35030&catalogNumber=YPM+IZ+035030&catalogNumber=YPM+IZ+35032&catalogNumber=YPM+IZ+035032&catalogNumber=YPM+IZ+35033&catalogNumber=YPM+IZ+035033&catalogNumber=YPM+IZ+110225&catalogNumber=YPM+IZ+110226&catalogNumber=YPM+IZ+111744&catalogNumber=YPM+IZ+110451&catalogNumber=YPM+IZ+111733	cohort_05.json	895e98c4fc942ab7d7a88a36b939ef457d89aa6b53c9aed51a7fd67ff354269a	searched_success_no_exact_match	0	Complete successful batch response; no matching occurrence returned.
Ahuja2024:CWD16	YPM:IZ:35039	Ahuja2024	Nanomia bijuga	854e35e6-f762-11e1-a439-00145eb45e9a	YPM IZ 35039; YPM IZ 035039	cohort_05	https://api.gbif.org/v1/occurrence/search?datasetKey=854e35e6-f762-11e1-a439-00145eb45e9a&limit=300&catalogNumber=YPM+IZ+111530&catalogNumber=YPM+IZ+111539&catalogNumber=YPM+IZ+111547&catalogNumber=YPM+IZ+111839&catalogNumber=YPM+IZ+111840&catalogNumber=YPM+IZ+35024&catalogNumber=YPM+IZ+035024&catalogNumber=YPM+IZ+35090&catalogNumber=YPM+IZ+035090&catalogNumber=YPM+IZ+35076&catalogNumber=YPM+IZ+035076&catalogNumber=YPM+IZ+35045&catalogNumber=YPM+IZ+035045&catalogNumber=YPM+IZ+35038&catalogNumber=YPM+IZ+035038&catalogNumber=YPM+IZ+35350&catalogNumber=YPM+IZ+035350&catalogNumber=YPM+IZ+35049&catalogNumber=YPM+IZ+035049&catalogNumber=YPM+IZ+35355&catalogNumber=YPM+IZ+035355&catalogNumber=YPM+IZ+35358&catalogNumber=YPM+IZ+035358&catalogNumber=YPM+IZ+35360&catalogNumber=YPM+IZ+035360&catalogNumber=YPM+IZ+35362&catalogNumber=YPM+IZ+035362&catalogNumber=YPM+IZ+35039&catalogNumber=YPM+IZ+035039&catalogNumber=YPM+IZ+35040&catalogNumber=YPM+IZ+035040&catalogNumber=YPM+IZ+35346&catalogNumber=YPM+IZ+035346&catalogNumber=YPM+IZ+35029&catalogNumber=YPM+IZ+035029&catalogNumber=YPM+IZ+35347&catalogNumber=YPM+IZ+035347&catalogNumber=YPM+IZ+35041&catalogNumber=YPM+IZ+035041&catalogNumber=YPM+IZ+35030&catalogNumber=YPM+IZ+035030&catalogNumber=YPM+IZ+35032&catalogNumber=YPM+IZ+035032&catalogNumber=YPM+IZ+35033&catalogNumber=YPM+IZ+035033&catalogNumber=YPM+IZ+110225&catalogNumber=YPM+IZ+110226&catalogNumber=YPM+IZ+111744&catalogNumber=YPM+IZ+110451&catalogNumber=YPM+IZ+111733	cohort_05.json	895e98c4fc942ab7d7a88a36b939ef457d89aa6b53c9aed51a7fd67ff354269a	searched_success_no_exact_match	0	Complete successful batch response; no matching occurrence returned.
Ahuja2024:CWD17	YPM:IZ:35040	Ahuja2024	Halistemma rubrum	854e35e6-f762-11e1-a439-00145eb45e9a	YPM IZ 35040; YPM IZ 035040	cohort_05	https://api.gbif.org/v1/occurrence/search?datasetKey=854e35e6-f762-11e1-a439-00145eb45e9a&limit=300&catalogNumber=YPM+IZ+111530&catalogNumber=YPM+IZ+111539&catalogNumber=YPM+IZ+111547&catalogNumber=YPM+IZ+111839&catalogNumber=YPM+IZ+111840&catalogNumber=YPM+IZ+35024&catalogNumber=YPM+IZ+035024&catalogNumber=YPM+IZ+35090&catalogNumber=YPM+IZ+035090&catalogNumber=YPM+IZ+35076&catalogNumber=YPM+IZ+035076&catalogNumber=YPM+IZ+35045&catalogNumber=YPM+IZ+035045&catalogNumber=YPM+IZ+35038&catalogNumber=YPM+IZ+035038&catalogNumber=YPM+IZ+35350&catalogNumber=YPM+IZ+035350&catalogNumber=YPM+IZ+35049&catalogNumber=YPM+IZ+035049&catalogNumber=YPM+IZ+35355&catalogNumber=YPM+IZ+035355&catalogNumber=YPM+IZ+35358&catalogNumber=YPM+IZ+035358&catalogNumber=YPM+IZ+35360&catalogNumber=YPM+IZ+035360&catalogNumber=YPM+IZ+35362&catalogNumber=YPM+IZ+035362&catalogNumber=YPM+IZ+35039&catalogNumber=YPM+IZ+035039&catalogNumber=YPM+IZ+35040&catalogNumber=YPM+IZ+035040&catalogNumber=YPM+IZ+35346&catalogNumber=YPM+IZ+035346&catalogNumber=YPM+IZ+35029&catalogNumber=YPM+IZ+035029&catalogNumber=YPM+IZ+35347&catalogNumber=YPM+IZ+035347&catalogNumber=YPM+IZ+35041&catalogNumber=YPM+IZ+035041&catalogNumber=YPM+IZ+35030&catalogNumber=YPM+IZ+035030&catalogNumber=YPM+IZ+35032&catalogNumber=YPM+IZ+035032&catalogNumber=YPM+IZ+35033&catalogNumber=YPM+IZ+035033&catalogNumber=YPM+IZ+110225&catalogNumber=YPM+IZ+110226&catalogNumber=YPM+IZ+111744&catalogNumber=YPM+IZ+110451&catalogNumber=YPM+IZ+111733	cohort_05.json	895e98c4fc942ab7d7a88a36b939ef457d89aa6b53c9aed51a7fd67ff354269a	searched_success_no_exact_match	0	Complete successful batch response; no matching occurrence returned.
Ahuja2024:CWD19	YPM:IZ:35346	Ahuja2024	Praya dubia	854e35e6-f762-11e1-a439-00145eb45e9a	YPM IZ 35346; YPM IZ 035346	cohort_05	https://api.gbif.org/v1/occurrence/search?datasetKey=854e35e6-f762-11e1-a439-00145eb45e9a&limit=300&catalogNumber=YPM+IZ+111530&catalogNumber=YPM+IZ+111539&catalogNumber=YPM+IZ+111547&catalogNumber=YPM+IZ+111839&catalogNumber=YPM+IZ+111840&catalogNumber=YPM+IZ+35024&catalogNumber=YPM+IZ+035024&catalogNumber=YPM+IZ+35090&catalogNumber=YPM+IZ+035090&catalogNumber=YPM+IZ+35076&catalogNumber=YPM+IZ+035076&catalogNumber=YPM+IZ+35045&catalogNumber=YPM+IZ+035045&catalogNumber=YPM+IZ+35038&catalogNumber=YPM+IZ+035038&catalogNumber=YPM+IZ+35350&catalogNumber=YPM+IZ+035350&catalogNumber=YPM+IZ+35049&catalogNumber=YPM+IZ+035049&catalogNumber=YPM+IZ+35355&catalogNumber=YPM+IZ+035355&catalogNumber=YPM+IZ+35358&catalogNumber=YPM+IZ+035358&catalogNumber=YPM+IZ+35360&catalogNumber=YPM+IZ+035360&catalogNumber=YPM+IZ+35362&catalogNumber=YPM+IZ+035362&catalogNumber=YPM+IZ+35039&catalogNumber=YPM+IZ+035039&catalogNumber=YPM+IZ+35040&catalogNumber=YPM+IZ+035040&catalogNumber=YPM+IZ+35346&catalogNumber=YPM+IZ+035346&catalogNumber=YPM+IZ+35029&catalogNumber=YPM+IZ+035029&catalogNumber=YPM+IZ+35347&catalogNumber=YPM+IZ+035347&catalogNumber=YPM+IZ+35041&catalogNumber=YPM+IZ+035041&catalogNumber=YPM+IZ+35030&catalogNumber=YPM+IZ+035030&catalogNumber=YPM+IZ+35032&catalogNumber=YPM+IZ+035032&catalogNumber=YPM+IZ+35033&catalogNumber=YPM+IZ+035033&catalogNumber=YPM+IZ+110225&catalogNumber=YPM+IZ+110226&catalogNumber=YPM+IZ+111744&catalogNumber=YPM+IZ+110451&catalogNumber=YPM+IZ+111733	cohort_05.json	895e98c4fc942ab7d7a88a36b939ef457d89aa6b53c9aed51a7fd67ff354269a	searched_success_no_exact_match	0	Complete successful batch response; no matching occurrence returned.
Ahuja2024:CWD2	YPM:IZ:35029	Ahuja2024	Agalma elegans	854e35e6-f762-11e1-a439-00145eb45e9a	YPM IZ 35029; YPM IZ 035029	cohort_05	https://api.gbif.org/v1/occurrence/search?datasetKey=854e35e6-f762-11e1-a439-00145eb45e9a&limit=300&catalogNumber=YPM+IZ+111530&catalogNumber=YPM+IZ+111539&catalogNumber=YPM+IZ+111547&catalogNumber=YPM+IZ+111839&catalogNumber=YPM+IZ+111840&catalogNumber=YPM+IZ+35024&catalogNumber=YPM+IZ+035024&catalogNumber=YPM+IZ+35090&catalogNumber=YPM+IZ+035090&catalogNumber=YPM+IZ+35076&catalogNumber=YPM+IZ+035076&catalogNumber=YPM+IZ+35045&catalogNumber=YPM+IZ+035045&catalogNumber=YPM+IZ+35038&catalogNumber=YPM+IZ+035038&catalogNumber=YPM+IZ+35350&catalogNumber=YPM+IZ+035350&catalogNumber=YPM+IZ+35049&catalogNumber=YPM+IZ+035049&catalogNumber=YPM+IZ+35355&catalogNumber=YPM+IZ+035355&catalogNumber=YPM+IZ+35358&catalogNumber=YPM+IZ+035358&catalogNumber=YPM+IZ+35360&catalogNumber=YPM+IZ+035360&catalogNumber=YPM+IZ+35362&catalogNumber=YPM+IZ+035362&catalogNumber=YPM+IZ+35039&catalogNumber=YPM+IZ+035039&catalogNumber=YPM+IZ+35040&catalogNumber=YPM+IZ+035040&catalogNumber=YPM+IZ+35346&catalogNumber=YPM+IZ+035346&catalogNumber=YPM+IZ+35029&catalogNumber=YPM+IZ+035029&catalogNumber=YPM+IZ+35347&catalogNumber=YPM+IZ+035347&catalogNumber=YPM+IZ+35041&catalogNumber=YPM+IZ+035041&catalogNumber=YPM+IZ+35030&catalogNumber=YPM+IZ+035030&catalogNumber=YPM+IZ+35032&catalogNumber=YPM+IZ+035032&catalogNumber=YPM+IZ+35033&catalogNumber=YPM+IZ+035033&catalogNumber=YPM+IZ+110225&catalogNumber=YPM+IZ+110226&catalogNumber=YPM+IZ+111744&catalogNumber=YPM+IZ+110451&catalogNumber=YPM+IZ+111733	cohort_05.json	895e98c4fc942ab7d7a88a36b939ef457d89aa6b53c9aed51a7fd67ff354269a	searched_success_no_exact_match	0	Complete successful batch response; no matching occurrence returned.
Ahuja2024:CWD20	YPM:IZ:35347	Ahuja2024	Rhizophysa filiformis	854e35e6-f762-11e1-a439-00145eb45e9a	YPM IZ 35347; YPM IZ 035347	cohort_05	https://api.gbif.org/v1/occurrence/search?datasetKey=854e35e6-f762-11e1-a439-00145eb45e9a&limit=300&catalogNumber=YPM+IZ+111530&catalogNumber=YPM+IZ+111539&catalogNumber=YPM+IZ+111547&catalogNumber=YPM+IZ+111839&catalogNumber=YPM+IZ+111840&catalogNumber=YPM+IZ+35024&catalogNumber=YPM+IZ+035024&catalogNumber=YPM+IZ+35090&catalogNumber=YPM+IZ+035090&catalogNumber=YPM+IZ+35076&catalogNumber=YPM+IZ+035076&catalogNumber=YPM+IZ+35045&catalogNumber=YPM+IZ+035045&catalogNumber=YPM+IZ+35038&catalogNumber=YPM+IZ+035038&catalogNumber=YPM+IZ+35350&catalogNumber=YPM+IZ+035350&catalogNumber=YPM+IZ+35049&catalogNumber=YPM+IZ+035049&catalogNumber=YPM+IZ+35355&catalogNumber=YPM+IZ+035355&catalogNumber=YPM+IZ+35358&catalogNumber=YPM+IZ+035358&catalogNumber=YPM+IZ+35360&catalogNumber=YPM+IZ+035360&catalogNumber=YPM+IZ+35362&catalogNumber=YPM+IZ+035362&catalogNumber=YPM+IZ+35039&catalogNumber=YPM+IZ+035039&catalogNumber=YPM+IZ+35040&catalogNumber=YPM+IZ+035040&catalogNumber=YPM+IZ+35346&catalogNumber=YPM+IZ+035346&catalogNumber=YPM+IZ+35029&catalogNumber=YPM+IZ+035029&catalogNumber=YPM+IZ+35347&catalogNumber=YPM+IZ+035347&catalogNumber=YPM+IZ+35041&catalogNumber=YPM+IZ+035041&catalogNumber=YPM+IZ+35030&catalogNumber=YPM+IZ+035030&catalogNumber=YPM+IZ+35032&catalogNumber=YPM+IZ+035032&catalogNumber=YPM+IZ+35033&catalogNumber=YPM+IZ+035033&catalogNumber=YPM+IZ+110225&catalogNumber=YPM+IZ+110226&catalogNumber=YPM+IZ+111744&catalogNumber=YPM+IZ+110451&catalogNumber=YPM+IZ+111733	cohort_05.json	895e98c4fc942ab7d7a88a36b939ef457d89aa6b53c9aed51a7fd67ff354269a	searched_success_no_exact_match	0	Complete successful batch response; no matching occurrence returned.
Ahuja2024:CWD21	YPM:IZ:35041	Ahuja2024	Rosacea flaccida	854e35e6-f762-11e1-a439-00145eb45e9a	YPM IZ 35041; YPM IZ 035041	cohort_05	https://api.gbif.org/v1/occurrence/search?datasetKey=854e35e6-f762-11e1-a439-00145eb45e9a&limit=300&catalogNumber=YPM+IZ+111530&catalogNumber=YPM+IZ+111539&catalogNumber=YPM+IZ+111547&catalogNumber=YPM+IZ+111839&catalogNumber=YPM+IZ+111840&catalogNumber=YPM+IZ+35024&catalogNumber=YPM+IZ+035024&catalogNumber=YPM+IZ+35090&catalogNumber=YPM+IZ+035090&catalogNumber=YPM+IZ+35076&catalogNumber=YPM+IZ+035076&catalogNumber=YPM+IZ+35045&catalogNumber=YPM+IZ+035045&catalogNumber=YPM+IZ+35038&catalogNumber=YPM+IZ+035038&catalogNumber=YPM+IZ+35350&catalogNumber=YPM+IZ+035350&catalogNumber=YPM+IZ+35049&catalogNumber=YPM+IZ+035049&catalogNumber=YPM+IZ+35355&catalogNumber=YPM+IZ+035355&catalogNumber=YPM+IZ+35358&catalogNumber=YPM+IZ+035358&catalogNumber=YPM+IZ+35360&catalogNumber=YPM+IZ+035360&catalogNumber=YPM+IZ+35362&catalogNumber=YPM+IZ+035362&catalogNumber=YPM+IZ+35039&catalogNumber=YPM+IZ+035039&catalogNumber=YPM+IZ+35040&catalogNumber=YPM+IZ+035040&catalogNumber=YPM+IZ+35346&catalogNumber=YPM+IZ+035346&catalogNumber=YPM+IZ+35029&catalogNumber=YPM+IZ+035029&catalogNumber=YPM+IZ+35347&catalogNumber=YPM+IZ+035347&catalogNumber=YPM+IZ+35041&catalogNumber=YPM+IZ+035041&catalogNumber=YPM+IZ+35030&catalogNumber=YPM+IZ+035030&catalogNumber=YPM+IZ+35032&catalogNumber=YPM+IZ+035032&catalogNumber=YPM+IZ+35033&catalogNumber=YPM+IZ+035033&catalogNumber=YPM+IZ+110225&catalogNumber=YPM+IZ+110226&catalogNumber=YPM+IZ+111744&catalogNumber=YPM+IZ+110451&catalogNumber=YPM+IZ+111733	cohort_05.json	895e98c4fc942ab7d7a88a36b939ef457d89aa6b53c9aed51a7fd67ff354269a	searched_success_no_exact_match	0	Complete successful batch response; no matching occurrence returned.
Ahuja2024:CWD3	YPM:IZ:35030	Ahuja2024	Agalma okenii	854e35e6-f762-11e1-a439-00145eb45e9a	YPM IZ 35030; YPM IZ 035030	cohort_05	https://api.gbif.org/v1/occurrence/search?datasetKey=854e35e6-f762-11e1-a439-00145eb45e9a&limit=300&catalogNumber=YPM+IZ+111530&catalogNumber=YPM+IZ+111539&catalogNumber=YPM+IZ+111547&catalogNumber=YPM+IZ+111839&catalogNumber=YPM+IZ+111840&catalogNumber=YPM+IZ+35024&catalogNumber=YPM+IZ+035024&catalogNumber=YPM+IZ+35090&catalogNumber=YPM+IZ+035090&catalogNumber=YPM+IZ+35076&catalogNumber=YPM+IZ+035076&catalogNumber=YPM+IZ+35045&catalogNumber=YPM+IZ+035045&catalogNumber=YPM+IZ+35038&catalogNumber=YPM+IZ+035038&catalogNumber=YPM+IZ+35350&catalogNumber=YPM+IZ+035350&catalogNumber=YPM+IZ+35049&catalogNumber=YPM+IZ+035049&catalogNumber=YPM+IZ+35355&catalogNumber=YPM+IZ+035355&catalogNumber=YPM+IZ+35358&catalogNumber=YPM+IZ+035358&catalogNumber=YPM+IZ+35360&catalogNumber=YPM+IZ+035360&catalogNumber=YPM+IZ+35362&catalogNumber=YPM+IZ+035362&catalogNumber=YPM+IZ+35039&catalogNumber=YPM+IZ+035039&catalogNumber=YPM+IZ+35040&catalogNumber=YPM+IZ+035040&catalogNumber=YPM+IZ+35346&catalogNumber=YPM+IZ+035346&catalogNumber=YPM+IZ+35029&catalogNumber=YPM+IZ+035029&catalogNumber=YPM+IZ+35347&catalogNumber=YPM+IZ+035347&catalogNumber=YPM+IZ+35041&catalogNumber=YPM+IZ+035041&catalogNumber=YPM+IZ+35030&catalogNumber=YPM+IZ+035030&catalogNumber=YPM+IZ+35032&catalogNumber=YPM+IZ+035032&catalogNumber=YPM+IZ+35033&catalogNumber=YPM+IZ+035033&catalogNumber=YPM+IZ+110225&catalogNumber=YPM+IZ+110226&catalogNumber=YPM+IZ+111744&catalogNumber=YPM+IZ+110451&catalogNumber=YPM+IZ+111733	cohort_05.json	895e98c4fc942ab7d7a88a36b939ef457d89aa6b53c9aed51a7fd67ff354269a	searched_success_no_exact_match	0	Complete successful batch response; no matching occurrence returned.
Ahuja2024:CWD6	YPM:IZ:35032	Ahuja2024	Cordagalma	854e35e6-f762-11e1-a439-00145eb45e9a	YPM IZ 35032; YPM IZ 035032	cohort_05	https://api.gbif.org/v1/occurrence/search?datasetKey=854e35e6-f762-11e1-a439-00145eb45e9a&limit=300&catalogNumber=YPM+IZ+111530&catalogNumber=YPM+IZ+111539&catalogNumber=YPM+IZ+111547&catalogNumber=YPM+IZ+111839&catalogNumber=YPM+IZ+111840&catalogNumber=YPM+IZ+35024&catalogNumber=YPM+IZ+035024&catalogNumber=YPM+IZ+35090&catalogNumber=YPM+IZ+035090&catalogNumber=YPM+IZ+35076&catalogNumber=YPM+IZ+035076&catalogNumber=YPM+IZ+35045&catalogNumber=YPM+IZ+035045&catalogNumber=YPM+IZ+35038&catalogNumber=YPM+IZ+035038&catalogNumber=YPM+IZ+35350&catalogNumber=YPM+IZ+035350&catalogNumber=YPM+IZ+35049&catalogNumber=YPM+IZ+035049&catalogNumber=YPM+IZ+35355&catalogNumber=YPM+IZ+035355&catalogNumber=YPM+IZ+35358&catalogNumber=YPM+IZ+035358&catalogNumber=YPM+IZ+35360&catalogNumber=YPM+IZ+035360&catalogNumber=YPM+IZ+35362&catalogNumber=YPM+IZ+035362&catalogNumber=YPM+IZ+35039&catalogNumber=YPM+IZ+035039&catalogNumber=YPM+IZ+35040&catalogNumber=YPM+IZ+035040&catalogNumber=YPM+IZ+35346&catalogNumber=YPM+IZ+035346&catalogNumber=YPM+IZ+35029&catalogNumber=YPM+IZ+035029&catalogNumber=YPM+IZ+35347&catalogNumber=YPM+IZ+035347&catalogNumber=YPM+IZ+35041&catalogNumber=YPM+IZ+035041&catalogNumber=YPM+IZ+35030&catalogNumber=YPM+IZ+035030&catalogNumber=YPM+IZ+35032&catalogNumber=YPM+IZ+035032&catalogNumber=YPM+IZ+35033&catalogNumber=YPM+IZ+035033&catalogNumber=YPM+IZ+110225&catalogNumber=YPM+IZ+110226&catalogNumber=YPM+IZ+111744&catalogNumber=YPM+IZ+110451&catalogNumber=YPM+IZ+111733	cohort_05.json	895e98c4fc942ab7d7a88a36b939ef457d89aa6b53c9aed51a7fd67ff354269a	searched_success_no_exact_match	0	Complete successful batch response; no matching occurrence returned.
Ahuja2024:CWD7	YPM:IZ:35033	Ahuja2024	Diphyes dispar	854e35e6-f762-11e1-a439-00145eb45e9a	YPM IZ 35033; YPM IZ 035033	cohort_05	https://api.gbif.org/v1/occurrence/search?datasetKey=854e35e6-f762-11e1-a439-00145eb45e9a&limit=300&catalogNumber=YPM+IZ+111530&catalogNumber=YPM+IZ+111539&catalogNumber=YPM+IZ+111547&catalogNumber=YPM+IZ+111839&catalogNumber=YPM+IZ+111840&catalogNumber=YPM+IZ+35024&catalogNumber=YPM+IZ+035024&catalogNumber=YPM+IZ+35090&catalogNumber=YPM+IZ+035090&catalogNumber=YPM+IZ+35076&catalogNumber=YPM+IZ+035076&catalogNumber=YPM+IZ+35045&catalogNumber=YPM+IZ+035045&catalogNumber=YPM+IZ+35038&catalogNumber=YPM+IZ+035038&catalogNumber=YPM+IZ+35350&catalogNumber=YPM+IZ+035350&catalogNumber=YPM+IZ+35049&catalogNumber=YPM+IZ+035049&catalogNumber=YPM+IZ+35355&catalogNumber=YPM+IZ+035355&catalogNumber=YPM+IZ+35358&catalogNumber=YPM+IZ+035358&catalogNumber=YPM+IZ+35360&catalogNumber=YPM+IZ+035360&catalogNumber=YPM+IZ+35362&catalogNumber=YPM+IZ+035362&catalogNumber=YPM+IZ+35039&catalogNumber=YPM+IZ+035039&catalogNumber=YPM+IZ+35040&catalogNumber=YPM+IZ+035040&catalogNumber=YPM+IZ+35346&catalogNumber=YPM+IZ+035346&catalogNumber=YPM+IZ+35029&catalogNumber=YPM+IZ+035029&catalogNumber=YPM+IZ+35347&catalogNumber=YPM+IZ+035347&catalogNumber=YPM+IZ+35041&catalogNumber=YPM+IZ+035041&catalogNumber=YPM+IZ+35030&catalogNumber=YPM+IZ+035030&catalogNumber=YPM+IZ+35032&catalogNumber=YPM+IZ+035032&catalogNumber=YPM+IZ+35033&catalogNumber=YPM+IZ+035033&catalogNumber=YPM+IZ+110225&catalogNumber=YPM+IZ+110226&catalogNumber=YPM+IZ+111744&catalogNumber=YPM+IZ+110451&catalogNumber=YPM+IZ+111733	cohort_05.json	895e98c4fc942ab7d7a88a36b939ef457d89aa6b53c9aed51a7fd67ff354269a	searched_success_no_exact_match	0	Complete successful batch response; no matching occurrence returned.
Ahuja2024:NA1	YPM:IZ:110225	Ahuja2024	Chuniphyes multidentata	854e35e6-f762-11e1-a439-00145eb45e9a	YPM IZ 110225	cohort_05	https://api.gbif.org/v1/occurrence/search?datasetKey=854e35e6-f762-11e1-a439-00145eb45e9a&limit=300&catalogNumber=YPM+IZ+111530&catalogNumber=YPM+IZ+111539&catalogNumber=YPM+IZ+111547&catalogNumber=YPM+IZ+111839&catalogNumber=YPM+IZ+111840&catalogNumber=YPM+IZ+35024&catalogNumber=YPM+IZ+035024&catalogNumber=YPM+IZ+35090&catalogNumber=YPM+IZ+035090&catalogNumber=YPM+IZ+35076&catalogNumber=YPM+IZ+035076&catalogNumber=YPM+IZ+35045&catalogNumber=YPM+IZ+035045&catalogNumber=YPM+IZ+35038&catalogNumber=YPM+IZ+035038&catalogNumber=YPM+IZ+35350&catalogNumber=YPM+IZ+035350&catalogNumber=YPM+IZ+35049&catalogNumber=YPM+IZ+035049&catalogNumber=YPM+IZ+35355&catalogNumber=YPM+IZ+035355&catalogNumber=YPM+IZ+35358&catalogNumber=YPM+IZ+035358&catalogNumber=YPM+IZ+35360&catalogNumber=YPM+IZ+035360&catalogNumber=YPM+IZ+35362&catalogNumber=YPM+IZ+035362&catalogNumber=YPM+IZ+35039&catalogNumber=YPM+IZ+035039&catalogNumber=YPM+IZ+35040&catalogNumber=YPM+IZ+035040&catalogNumber=YPM+IZ+35346&catalogNumber=YPM+IZ+035346&catalogNumber=YPM+IZ+35029&catalogNumber=YPM+IZ+035029&catalogNumber=YPM+IZ+35347&catalogNumber=YPM+IZ+035347&catalogNumber=YPM+IZ+35041&catalogNumber=YPM+IZ+035041&catalogNumber=YPM+IZ+35030&catalogNumber=YPM+IZ+035030&catalogNumber=YPM+IZ+35032&catalogNumber=YPM+IZ+035032&catalogNumber=YPM+IZ+35033&catalogNumber=YPM+IZ+035033&catalogNumber=YPM+IZ+110225&catalogNumber=YPM+IZ+110226&catalogNumber=YPM+IZ+111744&catalogNumber=YPM+IZ+110451&catalogNumber=YPM+IZ+111733	cohort_05.json	895e98c4fc942ab7d7a88a36b939ef457d89aa6b53c9aed51a7fd67ff354269a	searched_success_no_exact_match	0	Complete successful batch response; no matching occurrence returned.
Ahuja2024:NA10	T987-D2	Ahuja2024	Resomia ornicephala	854e35e6-f762-11e1-a439-00145eb45e9a						not_searched_no_exact_ypm_iz_voucher		No exact YPM IZ voucher eligible for this dataset-specific check.
Ahuja2024:NA11	T845-D3	Ahuja2024	Resomia ornicephala	854e35e6-f762-11e1-a439-00145eb45e9a						not_searched_no_exact_ypm_iz_voucher		No exact YPM IZ voucher eligible for this dataset-specific check.
Ahuja2024:NA2	D1399-D4	Ahuja2024	Physonectae	854e35e6-f762-11e1-a439-00145eb45e9a						not_searched_no_exact_ypm_iz_voucher		No exact YPM IZ voucher eligible for this dataset-specific check.
Ahuja2024:NA3	D1399-D5	Ahuja2024	Forskalia	854e35e6-f762-11e1-a439-00145eb45e9a						not_searched_no_exact_ypm_iz_voucher		No exact YPM IZ voucher eligible for this dataset-specific check.
Ahuja2024:NA4	D1398-SS11	Ahuja2024	Praya	854e35e6-f762-11e1-a439-00145eb45e9a						not_searched_no_exact_ypm_iz_voucher		No exact YPM IZ voucher eligible for this dataset-specific check.
Ahuja2024:NA5	D1399-D12	Ahuja2024	Apolemia rubriversa	854e35e6-f762-11e1-a439-00145eb45e9a						not_searched_no_exact_ypm_iz_voucher		No exact YPM IZ voucher eligible for this dataset-specific check.
Ahuja2024:NA6	V4355-SS6	Ahuja2024	Craseoa lathetica	854e35e6-f762-11e1-a439-00145eb45e9a						not_searched_no_exact_ypm_iz_voucher		No exact YPM IZ voucher eligible for this dataset-specific check.
Ahuja2024:NA7	V4355-D3	Ahuja2024	Lilyopsis fluoracantha	854e35e6-f762-11e1-a439-00145eb45e9a						not_searched_no_exact_ypm_iz_voucher		No exact YPM IZ voucher eligible for this dataset-specific check.
Ahuja2024:NA8	YPM:IZ:110226	Ahuja2024	Bargmannia lata	854e35e6-f762-11e1-a439-00145eb45e9a	YPM IZ 110226	cohort_05	https://api.gbif.org/v1/occurrence/search?datasetKey=854e35e6-f762-11e1-a439-00145eb45e9a&limit=300&catalogNumber=YPM+IZ+111530&catalogNumber=YPM+IZ+111539&catalogNumber=YPM+IZ+111547&catalogNumber=YPM+IZ+111839&catalogNumber=YPM+IZ+111840&catalogNumber=YPM+IZ+35024&catalogNumber=YPM+IZ+035024&catalogNumber=YPM+IZ+35090&catalogNumber=YPM+IZ+035090&catalogNumber=YPM+IZ+35076&catalogNumber=YPM+IZ+035076&catalogNumber=YPM+IZ+35045&catalogNumber=YPM+IZ+035045&catalogNumber=YPM+IZ+35038&catalogNumber=YPM+IZ+035038&catalogNumber=YPM+IZ+35350&catalogNumber=YPM+IZ+035350&catalogNumber=YPM+IZ+35049&catalogNumber=YPM+IZ+035049&catalogNumber=YPM+IZ+35355&catalogNumber=YPM+IZ+035355&catalogNumber=YPM+IZ+35358&catalogNumber=YPM+IZ+035358&catalogNumber=YPM+IZ+35360&catalogNumber=YPM+IZ+035360&catalogNumber=YPM+IZ+35362&catalogNumber=YPM+IZ+035362&catalogNumber=YPM+IZ+35039&catalogNumber=YPM+IZ+035039&catalogNumber=YPM+IZ+35040&catalogNumber=YPM+IZ+035040&catalogNumber=YPM+IZ+35346&catalogNumber=YPM+IZ+035346&catalogNumber=YPM+IZ+35029&catalogNumber=YPM+IZ+035029&catalogNumber=YPM+IZ+35347&catalogNumber=YPM+IZ+035347&catalogNumber=YPM+IZ+35041&catalogNumber=YPM+IZ+035041&catalogNumber=YPM+IZ+35030&catalogNumber=YPM+IZ+035030&catalogNumber=YPM+IZ+35032&catalogNumber=YPM+IZ+035032&catalogNumber=YPM+IZ+35033&catalogNumber=YPM+IZ+035033&catalogNumber=YPM+IZ+110225&catalogNumber=YPM+IZ+110226&catalogNumber=YPM+IZ+111744&catalogNumber=YPM+IZ+110451&catalogNumber=YPM+IZ+111733	cohort_05.json	895e98c4fc942ab7d7a88a36b939ef457d89aa6b53c9aed51a7fd67ff354269a	searched_success_no_exact_match	0	Complete successful batch response; no matching occurrence returned.
Ahuja2024:NA9	D199-SS8	Ahuja2024	Frillagalma vityazi	854e35e6-f762-11e1-a439-00145eb45e9a						not_searched_no_exact_ypm_iz_voucher		No exact YPM IZ voucher eligible for this dataset-specific check.
Ahuja2026:NA19	YPM:IZ:111744	Ahuja2026	Nanomia septata	854e35e6-f762-11e1-a439-00145eb45e9a	YPM IZ 111744	cohort_05	https://api.gbif.org/v1/occurrence/search?datasetKey=854e35e6-f762-11e1-a439-00145eb45e9a&limit=300&catalogNumber=YPM+IZ+111530&catalogNumber=YPM+IZ+111539&catalogNumber=YPM+IZ+111547&catalogNumber=YPM+IZ+111839&catalogNumber=YPM+IZ+111840&catalogNumber=YPM+IZ+35024&catalogNumber=YPM+IZ+035024&catalogNumber=YPM+IZ+35090&catalogNumber=YPM+IZ+035090&catalogNumber=YPM+IZ+35076&catalogNumber=YPM+IZ+035076&catalogNumber=YPM+IZ+35045&catalogNumber=YPM+IZ+035045&catalogNumber=YPM+IZ+35038&catalogNumber=YPM+IZ+035038&catalogNumber=YPM+IZ+35350&catalogNumber=YPM+IZ+035350&catalogNumber=YPM+IZ+35049&catalogNumber=YPM+IZ+035049&catalogNumber=YPM+IZ+35355&catalogNumber=YPM+IZ+035355&catalogNumber=YPM+IZ+35358&catalogNumber=YPM+IZ+035358&catalogNumber=YPM+IZ+35360&catalogNumber=YPM+IZ+035360&catalogNumber=YPM+IZ+35362&catalogNumber=YPM+IZ+035362&catalogNumber=YPM+IZ+35039&catalogNumber=YPM+IZ+035039&catalogNumber=YPM+IZ+35040&catalogNumber=YPM+IZ+035040&catalogNumber=YPM+IZ+35346&catalogNumber=YPM+IZ+035346&catalogNumber=YPM+IZ+35029&catalogNumber=YPM+IZ+035029&catalogNumber=YPM+IZ+35347&catalogNumber=YPM+IZ+035347&catalogNumber=YPM+IZ+35041&catalogNumber=YPM+IZ+035041&catalogNumber=YPM+IZ+35030&catalogNumber=YPM+IZ+035030&catalogNumber=YPM+IZ+35032&catalogNumber=YPM+IZ+035032&catalogNumber=YPM+IZ+35033&catalogNumber=YPM+IZ+035033&catalogNumber=YPM+IZ+110225&catalogNumber=YPM+IZ+110226&catalogNumber=YPM+IZ+111744&catalogNumber=YPM+IZ+110451&catalogNumber=YPM+IZ+111733	cohort_05.json	895e98c4fc942ab7d7a88a36b939ef457d89aa6b53c9aed51a7fd67ff354269a	searched_success_no_exact_match	0	Complete successful batch response; no matching occurrence returned.
Ahuja2026:NA28	YPM:IZ:110451	Ahuja2026	Nanomia sp.	854e35e6-f762-11e1-a439-00145eb45e9a	YPM IZ 110451	cohort_05	https://api.gbif.org/v1/occurrence/search?datasetKey=854e35e6-f762-11e1-a439-00145eb45e9a&limit=300&catalogNumber=YPM+IZ+111530&catalogNumber=YPM+IZ+111539&catalogNumber=YPM+IZ+111547&catalogNumber=YPM+IZ+111839&catalogNumber=YPM+IZ+111840&catalogNumber=YPM+IZ+35024&catalogNumber=YPM+IZ+035024&catalogNumber=YPM+IZ+35090&catalogNumber=YPM+IZ+035090&catalogNumber=YPM+IZ+35076&catalogNumber=YPM+IZ+035076&catalogNumber=YPM+IZ+35045&catalogNumber=YPM+IZ+035045&catalogNumber=YPM+IZ+35038&catalogNumber=YPM+IZ+035038&catalogNumber=YPM+IZ+35350&catalogNumber=YPM+IZ+035350&catalogNumber=YPM+IZ+35049&catalogNumber=YPM+IZ+035049&catalogNumber=YPM+IZ+35355&catalogNumber=YPM+IZ+035355&catalogNumber=YPM+IZ+35358&catalogNumber=YPM+IZ+035358&catalogNumber=YPM+IZ+35360&catalogNumber=YPM+IZ+035360&catalogNumber=YPM+IZ+35362&catalogNumber=YPM+IZ+035362&catalogNumber=YPM+IZ+35039&catalogNumber=YPM+IZ+035039&catalogNumber=YPM+IZ+35040&catalogNumber=YPM+IZ+035040&catalogNumber=YPM+IZ+35346&catalogNumber=YPM+IZ+035346&catalogNumber=YPM+IZ+35029&catalogNumber=YPM+IZ+035029&catalogNumber=YPM+IZ+35347&catalogNumber=YPM+IZ+035347&catalogNumber=YPM+IZ+35041&catalogNumber=YPM+IZ+035041&catalogNumber=YPM+IZ+35030&catalogNumber=YPM+IZ+035030&catalogNumber=YPM+IZ+35032&catalogNumber=YPM+IZ+035032&catalogNumber=YPM+IZ+35033&catalogNumber=YPM+IZ+035033&catalogNumber=YPM+IZ+110225&catalogNumber=YPM+IZ+110226&catalogNumber=YPM+IZ+111744&catalogNumber=YPM+IZ+110451&catalogNumber=YPM+IZ+111733	cohort_05.json	895e98c4fc942ab7d7a88a36b939ef457d89aa6b53c9aed51a7fd67ff354269a	searched_success_no_exact_match	0	Complete successful batch response; no matching occurrence returned.
Ahuja2026:NA29	YPM:IZ:111733	Ahuja2026	Nanomia sp.	854e35e6-f762-11e1-a439-00145eb45e9a	YPM IZ 111733	cohort_05	https://api.gbif.org/v1/occurrence/search?datasetKey=854e35e6-f762-11e1-a439-00145eb45e9a&limit=300&catalogNumber=YPM+IZ+111530&catalogNumber=YPM+IZ+111539&catalogNumber=YPM+IZ+111547&catalogNumber=YPM+IZ+111839&catalogNumber=YPM+IZ+111840&catalogNumber=YPM+IZ+35024&catalogNumber=YPM+IZ+035024&catalogNumber=YPM+IZ+35090&catalogNumber=YPM+IZ+035090&catalogNumber=YPM+IZ+35076&catalogNumber=YPM+IZ+035076&catalogNumber=YPM+IZ+35045&catalogNumber=YPM+IZ+035045&catalogNumber=YPM+IZ+35038&catalogNumber=YPM+IZ+035038&catalogNumber=YPM+IZ+35350&catalogNumber=YPM+IZ+035350&catalogNumber=YPM+IZ+35049&catalogNumber=YPM+IZ+035049&catalogNumber=YPM+IZ+35355&catalogNumber=YPM+IZ+035355&catalogNumber=YPM+IZ+35358&catalogNumber=YPM+IZ+035358&catalogNumber=YPM+IZ+35360&catalogNumber=YPM+IZ+035360&catalogNumber=YPM+IZ+35362&catalogNumber=YPM+IZ+035362&catalogNumber=YPM+IZ+35039&catalogNumber=YPM+IZ+035039&catalogNumber=YPM+IZ+35040&catalogNumber=YPM+IZ+035040&catalogNumber=YPM+IZ+35346&catalogNumber=YPM+IZ+035346&catalogNumber=YPM+IZ+35029&catalogNumber=YPM+IZ+035029&catalogNumber=YPM+IZ+35347&catalogNumber=YPM+IZ+035347&catalogNumber=YPM+IZ+35041&catalogNumber=YPM+IZ+035041&catalogNumber=YPM+IZ+35030&catalogNumber=YPM+IZ+035030&catalogNumber=YPM+IZ+35032&catalogNumber=YPM+IZ+035032&catalogNumber=YPM+IZ+35033&catalogNumber=YPM+IZ+035033&catalogNumber=YPM+IZ+110225&catalogNumber=YPM+IZ+110226&catalogNumber=YPM+IZ+111744&catalogNumber=YPM+IZ+110451&catalogNumber=YPM+IZ+111733	cohort_05.json	895e98c4fc942ab7d7a88a36b939ef457d89aa6b53c9aed51a7fd67ff354269a	searched_success_no_exact_match	0	Complete successful batch response; no matching occurrence returned.
Ahuja2026:NA30	YPM:IZ:111732	Ahuja2026	Nanomia bijuga	854e35e6-f762-11e1-a439-00145eb45e9a	YPM IZ 111732	cohort_06	https://api.gbif.org/v1/occurrence/search?datasetKey=854e35e6-f762-11e1-a439-00145eb45e9a&limit=300&catalogNumber=YPM+IZ+111732&catalogNumber=YPM+IZ+111742&catalogNumber=YPM+IZ+111740&catalogNumber=YPM+IZ+111741&catalogNumber=YPM+IZ+111164&catalogNumber=YPM+IZ+111165&catalogNumber=YPM+IZ+111166&catalogNumber=YPM+IZ+111590&catalogNumber=YPM+IZ+111591&catalogNumber=YPM+IZ+111745&catalogNumber=YPM+IZ+110216&catalogNumber=YPM+IZ+111734&catalogNumber=YPM+IZ+111735&catalogNumber=YPM+IZ+111736&catalogNumber=YPM+IZ+111737&catalogNumber=YPM+IZ+111738&catalogNumber=YPM+IZ+111739&catalogNumber=YPM+IZ+107008	cohort_06.json	895e98c4fc942ab7d7a88a36b939ef457d89aa6b53c9aed51a7fd67ff354269a	searched_success_no_exact_match	0	Complete successful batch response; no matching occurrence returned.
Ahuja2026:NA31	YPM:IZ:111742	Ahuja2026	Nanomia bijuga	854e35e6-f762-11e1-a439-00145eb45e9a	YPM IZ 111742	cohort_06	https://api.gbif.org/v1/occurrence/search?datasetKey=854e35e6-f762-11e1-a439-00145eb45e9a&limit=300&catalogNumber=YPM+IZ+111732&catalogNumber=YPM+IZ+111742&catalogNumber=YPM+IZ+111740&catalogNumber=YPM+IZ+111741&catalogNumber=YPM+IZ+111164&catalogNumber=YPM+IZ+111165&catalogNumber=YPM+IZ+111166&catalogNumber=YPM+IZ+111590&catalogNumber=YPM+IZ+111591&catalogNumber=YPM+IZ+111745&catalogNumber=YPM+IZ+110216&catalogNumber=YPM+IZ+111734&catalogNumber=YPM+IZ+111735&catalogNumber=YPM+IZ+111736&catalogNumber=YPM+IZ+111737&catalogNumber=YPM+IZ+111738&catalogNumber=YPM+IZ+111739&catalogNumber=YPM+IZ+107008	cohort_06.json	895e98c4fc942ab7d7a88a36b939ef457d89aa6b53c9aed51a7fd67ff354269a	searched_success_no_exact_match	0	Complete successful batch response; no matching occurrence returned.
Ahuja2026:NA32	YPM:IZ:111740	Ahuja2026	Nanomia bijuga	854e35e6-f762-11e1-a439-00145eb45e9a	YPM IZ 111740	cohort_06	https://api.gbif.org/v1/occurrence/search?datasetKey=854e35e6-f762-11e1-a439-00145eb45e9a&limit=300&catalogNumber=YPM+IZ+111732&catalogNumber=YPM+IZ+111742&catalogNumber=YPM+IZ+111740&catalogNumber=YPM+IZ+111741&catalogNumber=YPM+IZ+111164&catalogNumber=YPM+IZ+111165&catalogNumber=YPM+IZ+111166&catalogNumber=YPM+IZ+111590&catalogNumber=YPM+IZ+111591&catalogNumber=YPM+IZ+111745&catalogNumber=YPM+IZ+110216&catalogNumber=YPM+IZ+111734&catalogNumber=YPM+IZ+111735&catalogNumber=YPM+IZ+111736&catalogNumber=YPM+IZ+111737&catalogNumber=YPM+IZ+111738&catalogNumber=YPM+IZ+111739&catalogNumber=YPM+IZ+107008	cohort_06.json	895e98c4fc942ab7d7a88a36b939ef457d89aa6b53c9aed51a7fd67ff354269a	searched_success_no_exact_match	0	Complete successful batch response; no matching occurrence returned.
Ahuja2026:NA33	YPM:IZ:111741	Ahuja2026	Nanomia bijuga	854e35e6-f762-11e1-a439-00145eb45e9a	YPM IZ 111741	cohort_06	https://api.gbif.org/v1/occurrence/search?datasetKey=854e35e6-f762-11e1-a439-00145eb45e9a&limit=300&catalogNumber=YPM+IZ+111732&catalogNumber=YPM+IZ+111742&catalogNumber=YPM+IZ+111740&catalogNumber=YPM+IZ+111741&catalogNumber=YPM+IZ+111164&catalogNumber=YPM+IZ+111165&catalogNumber=YPM+IZ+111166&catalogNumber=YPM+IZ+111590&catalogNumber=YPM+IZ+111591&catalogNumber=YPM+IZ+111745&catalogNumber=YPM+IZ+110216&catalogNumber=YPM+IZ+111734&catalogNumber=YPM+IZ+111735&catalogNumber=YPM+IZ+111736&catalogNumber=YPM+IZ+111737&catalogNumber=YPM+IZ+111738&catalogNumber=YPM+IZ+111739&catalogNumber=YPM+IZ+107008	cohort_06.json	895e98c4fc942ab7d7a88a36b939ef457d89aa6b53c9aed51a7fd67ff354269a	searched_success_no_exact_match	0	Complete successful batch response; no matching occurrence returned.
Ahuja2026:NA34	YPM:IZ:111164	Ahuja2026	Nanomia septata	854e35e6-f762-11e1-a439-00145eb45e9a	YPM IZ 111164	cohort_06	https://api.gbif.org/v1/occurrence/search?datasetKey=854e35e6-f762-11e1-a439-00145eb45e9a&limit=300&catalogNumber=YPM+IZ+111732&catalogNumber=YPM+IZ+111742&catalogNumber=YPM+IZ+111740&catalogNumber=YPM+IZ+111741&catalogNumber=YPM+IZ+111164&catalogNumber=YPM+IZ+111165&catalogNumber=YPM+IZ+111166&catalogNumber=YPM+IZ+111590&catalogNumber=YPM+IZ+111591&catalogNumber=YPM+IZ+111745&catalogNumber=YPM+IZ+110216&catalogNumber=YPM+IZ+111734&catalogNumber=YPM+IZ+111735&catalogNumber=YPM+IZ+111736&catalogNumber=YPM+IZ+111737&catalogNumber=YPM+IZ+111738&catalogNumber=YPM+IZ+111739&catalogNumber=YPM+IZ+107008	cohort_06.json	895e98c4fc942ab7d7a88a36b939ef457d89aa6b53c9aed51a7fd67ff354269a	searched_success_no_exact_match	0	Complete successful batch response; no matching occurrence returned.
Ahuja2026:NA35	YPM:IZ:111165	Ahuja2026	Nanomia septata	854e35e6-f762-11e1-a439-00145eb45e9a	YPM IZ 111165	cohort_06	https://api.gbif.org/v1/occurrence/search?datasetKey=854e35e6-f762-11e1-a439-00145eb45e9a&limit=300&catalogNumber=YPM+IZ+111732&catalogNumber=YPM+IZ+111742&catalogNumber=YPM+IZ+111740&catalogNumber=YPM+IZ+111741&catalogNumber=YPM+IZ+111164&catalogNumber=YPM+IZ+111165&catalogNumber=YPM+IZ+111166&catalogNumber=YPM+IZ+111590&catalogNumber=YPM+IZ+111591&catalogNumber=YPM+IZ+111745&catalogNumber=YPM+IZ+110216&catalogNumber=YPM+IZ+111734&catalogNumber=YPM+IZ+111735&catalogNumber=YPM+IZ+111736&catalogNumber=YPM+IZ+111737&catalogNumber=YPM+IZ+111738&catalogNumber=YPM+IZ+111739&catalogNumber=YPM+IZ+107008	cohort_06.json	895e98c4fc942ab7d7a88a36b939ef457d89aa6b53c9aed51a7fd67ff354269a	searched_success_no_exact_match	0	Complete successful batch response; no matching occurrence returned.
Ahuja2026:NA36	YPM:IZ:111166	Ahuja2026	Nanomia septata	854e35e6-f762-11e1-a439-00145eb45e9a	YPM IZ 111166	cohort_06	https://api.gbif.org/v1/occurrence/search?datasetKey=854e35e6-f762-11e1-a439-00145eb45e9a&limit=300&catalogNumber=YPM+IZ+111732&catalogNumber=YPM+IZ+111742&catalogNumber=YPM+IZ+111740&catalogNumber=YPM+IZ+111741&catalogNumber=YPM+IZ+111164&catalogNumber=YPM+IZ+111165&catalogNumber=YPM+IZ+111166&catalogNumber=YPM+IZ+111590&catalogNumber=YPM+IZ+111591&catalogNumber=YPM+IZ+111745&catalogNumber=YPM+IZ+110216&catalogNumber=YPM+IZ+111734&catalogNumber=YPM+IZ+111735&catalogNumber=YPM+IZ+111736&catalogNumber=YPM+IZ+111737&catalogNumber=YPM+IZ+111738&catalogNumber=YPM+IZ+111739&catalogNumber=YPM+IZ+107008	cohort_06.json	895e98c4fc942ab7d7a88a36b939ef457d89aa6b53c9aed51a7fd67ff354269a	searched_success_no_exact_match	0	Complete successful batch response; no matching occurrence returned.
Ahuja2026:NA37	YPM:IZ:111590	Ahuja2026	Nanomia sp.	854e35e6-f762-11e1-a439-00145eb45e9a	YPM IZ 111590	cohort_06	https://api.gbif.org/v1/occurrence/search?datasetKey=854e35e6-f762-11e1-a439-00145eb45e9a&limit=300&catalogNumber=YPM+IZ+111732&catalogNumber=YPM+IZ+111742&catalogNumber=YPM+IZ+111740&catalogNumber=YPM+IZ+111741&catalogNumber=YPM+IZ+111164&catalogNumber=YPM+IZ+111165&catalogNumber=YPM+IZ+111166&catalogNumber=YPM+IZ+111590&catalogNumber=YPM+IZ+111591&catalogNumber=YPM+IZ+111745&catalogNumber=YPM+IZ+110216&catalogNumber=YPM+IZ+111734&catalogNumber=YPM+IZ+111735&catalogNumber=YPM+IZ+111736&catalogNumber=YPM+IZ+111737&catalogNumber=YPM+IZ+111738&catalogNumber=YPM+IZ+111739&catalogNumber=YPM+IZ+107008	cohort_06.json	895e98c4fc942ab7d7a88a36b939ef457d89aa6b53c9aed51a7fd67ff354269a	searched_success_no_exact_match	0	Complete successful batch response; no matching occurrence returned.
Ahuja2026:NA38	YPM:IZ:111591	Ahuja2026	Nanomia sp.	854e35e6-f762-11e1-a439-00145eb45e9a	YPM IZ 111591	cohort_06	https://api.gbif.org/v1/occurrence/search?datasetKey=854e35e6-f762-11e1-a439-00145eb45e9a&limit=300&catalogNumber=YPM+IZ+111732&catalogNumber=YPM+IZ+111742&catalogNumber=YPM+IZ+111740&catalogNumber=YPM+IZ+111741&catalogNumber=YPM+IZ+111164&catalogNumber=YPM+IZ+111165&catalogNumber=YPM+IZ+111166&catalogNumber=YPM+IZ+111590&catalogNumber=YPM+IZ+111591&catalogNumber=YPM+IZ+111745&catalogNumber=YPM+IZ+110216&catalogNumber=YPM+IZ+111734&catalogNumber=YPM+IZ+111735&catalogNumber=YPM+IZ+111736&catalogNumber=YPM+IZ+111737&catalogNumber=YPM+IZ+111738&catalogNumber=YPM+IZ+111739&catalogNumber=YPM+IZ+107008	cohort_06.json	895e98c4fc942ab7d7a88a36b939ef457d89aa6b53c9aed51a7fd67ff354269a	searched_success_no_exact_match	0	Complete successful batch response; no matching occurrence returned.
Ahuja2026:WS10	YPM:IZ:111745	Ahuja2026	Nanomia septata	854e35e6-f762-11e1-a439-00145eb45e9a	YPM IZ 111745	cohort_06	https://api.gbif.org/v1/occurrence/search?datasetKey=854e35e6-f762-11e1-a439-00145eb45e9a&limit=300&catalogNumber=YPM+IZ+111732&catalogNumber=YPM+IZ+111742&catalogNumber=YPM+IZ+111740&catalogNumber=YPM+IZ+111741&catalogNumber=YPM+IZ+111164&catalogNumber=YPM+IZ+111165&catalogNumber=YPM+IZ+111166&catalogNumber=YPM+IZ+111590&catalogNumber=YPM+IZ+111591&catalogNumber=YPM+IZ+111745&catalogNumber=YPM+IZ+110216&catalogNumber=YPM+IZ+111734&catalogNumber=YPM+IZ+111735&catalogNumber=YPM+IZ+111736&catalogNumber=YPM+IZ+111737&catalogNumber=YPM+IZ+111738&catalogNumber=YPM+IZ+111739&catalogNumber=YPM+IZ+107008	cohort_06.json	895e98c4fc942ab7d7a88a36b939ef457d89aa6b53c9aed51a7fd67ff354269a	searched_success_no_exact_match	0	Complete successful batch response; no matching occurrence returned.
Ahuja2026:WS2	YPM:IZ:110216	Ahuja2026	Nanomia sp.	854e35e6-f762-11e1-a439-00145eb45e9a	YPM IZ 110216	cohort_06	https://api.gbif.org/v1/occurrence/search?datasetKey=854e35e6-f762-11e1-a439-00145eb45e9a&limit=300&catalogNumber=YPM+IZ+111732&catalogNumber=YPM+IZ+111742&catalogNumber=YPM+IZ+111740&catalogNumber=YPM+IZ+111741&catalogNumber=YPM+IZ+111164&catalogNumber=YPM+IZ+111165&catalogNumber=YPM+IZ+111166&catalogNumber=YPM+IZ+111590&catalogNumber=YPM+IZ+111591&catalogNumber=YPM+IZ+111745&catalogNumber=YPM+IZ+110216&catalogNumber=YPM+IZ+111734&catalogNumber=YPM+IZ+111735&catalogNumber=YPM+IZ+111736&catalogNumber=YPM+IZ+111737&catalogNumber=YPM+IZ+111738&catalogNumber=YPM+IZ+111739&catalogNumber=YPM+IZ+107008	cohort_06.json	895e98c4fc942ab7d7a88a36b939ef457d89aa6b53c9aed51a7fd67ff354269a	searched_success_no_exact_match	0	Complete successful batch response; no matching occurrence returned.
Ahuja2026:WS3	YPM:IZ:111734	Ahuja2026	Nanomia sp.	854e35e6-f762-11e1-a439-00145eb45e9a	YPM IZ 111734	cohort_06	https://api.gbif.org/v1/occurrence/search?datasetKey=854e35e6-f762-11e1-a439-00145eb45e9a&limit=300&catalogNumber=YPM+IZ+111732&catalogNumber=YPM+IZ+111742&catalogNumber=YPM+IZ+111740&catalogNumber=YPM+IZ+111741&catalogNumber=YPM+IZ+111164&catalogNumber=YPM+IZ+111165&catalogNumber=YPM+IZ+111166&catalogNumber=YPM+IZ+111590&catalogNumber=YPM+IZ+111591&catalogNumber=YPM+IZ+111745&catalogNumber=YPM+IZ+110216&catalogNumber=YPM+IZ+111734&catalogNumber=YPM+IZ+111735&catalogNumber=YPM+IZ+111736&catalogNumber=YPM+IZ+111737&catalogNumber=YPM+IZ+111738&catalogNumber=YPM+IZ+111739&catalogNumber=YPM+IZ+107008	cohort_06.json	895e98c4fc942ab7d7a88a36b939ef457d89aa6b53c9aed51a7fd67ff354269a	searched_success_no_exact_match	0	Complete successful batch response; no matching occurrence returned.
Ahuja2026:WS4	YPM:IZ:111735	Ahuja2026	Nanomia sp.	854e35e6-f762-11e1-a439-00145eb45e9a	YPM IZ 111735	cohort_06	https://api.gbif.org/v1/occurrence/search?datasetKey=854e35e6-f762-11e1-a439-00145eb45e9a&limit=300&catalogNumber=YPM+IZ+111732&catalogNumber=YPM+IZ+111742&catalogNumber=YPM+IZ+111740&catalogNumber=YPM+IZ+111741&catalogNumber=YPM+IZ+111164&catalogNumber=YPM+IZ+111165&catalogNumber=YPM+IZ+111166&catalogNumber=YPM+IZ+111590&catalogNumber=YPM+IZ+111591&catalogNumber=YPM+IZ+111745&catalogNumber=YPM+IZ+110216&catalogNumber=YPM+IZ+111734&catalogNumber=YPM+IZ+111735&catalogNumber=YPM+IZ+111736&catalogNumber=YPM+IZ+111737&catalogNumber=YPM+IZ+111738&catalogNumber=YPM+IZ+111739&catalogNumber=YPM+IZ+107008	cohort_06.json	895e98c4fc942ab7d7a88a36b939ef457d89aa6b53c9aed51a7fd67ff354269a	searched_success_no_exact_match	0	Complete successful batch response; no matching occurrence returned.
Ahuja2026:WS5	YPM:IZ:111736	Ahuja2026	Nanomia septata	854e35e6-f762-11e1-a439-00145eb45e9a	YPM IZ 111736	cohort_06	https://api.gbif.org/v1/occurrence/search?datasetKey=854e35e6-f762-11e1-a439-00145eb45e9a&limit=300&catalogNumber=YPM+IZ+111732&catalogNumber=YPM+IZ+111742&catalogNumber=YPM+IZ+111740&catalogNumber=YPM+IZ+111741&catalogNumber=YPM+IZ+111164&catalogNumber=YPM+IZ+111165&catalogNumber=YPM+IZ+111166&catalogNumber=YPM+IZ+111590&catalogNumber=YPM+IZ+111591&catalogNumber=YPM+IZ+111745&catalogNumber=YPM+IZ+110216&catalogNumber=YPM+IZ+111734&catalogNumber=YPM+IZ+111735&catalogNumber=YPM+IZ+111736&catalogNumber=YPM+IZ+111737&catalogNumber=YPM+IZ+111738&catalogNumber=YPM+IZ+111739&catalogNumber=YPM+IZ+107008	cohort_06.json	895e98c4fc942ab7d7a88a36b939ef457d89aa6b53c9aed51a7fd67ff354269a	searched_success_no_exact_match	0	Complete successful batch response; no matching occurrence returned.
Ahuja2026:WS6	YPM:IZ:111737	Ahuja2026	Nanomia septata	854e35e6-f762-11e1-a439-00145eb45e9a	YPM IZ 111737	cohort_06	https://api.gbif.org/v1/occurrence/search?datasetKey=854e35e6-f762-11e1-a439-00145eb45e9a&limit=300&catalogNumber=YPM+IZ+111732&catalogNumber=YPM+IZ+111742&catalogNumber=YPM+IZ+111740&catalogNumber=YPM+IZ+111741&catalogNumber=YPM+IZ+111164&catalogNumber=YPM+IZ+111165&catalogNumber=YPM+IZ+111166&catalogNumber=YPM+IZ+111590&catalogNumber=YPM+IZ+111591&catalogNumber=YPM+IZ+111745&catalogNumber=YPM+IZ+110216&catalogNumber=YPM+IZ+111734&catalogNumber=YPM+IZ+111735&catalogNumber=YPM+IZ+111736&catalogNumber=YPM+IZ+111737&catalogNumber=YPM+IZ+111738&catalogNumber=YPM+IZ+111739&catalogNumber=YPM+IZ+107008	cohort_06.json	895e98c4fc942ab7d7a88a36b939ef457d89aa6b53c9aed51a7fd67ff354269a	searched_success_no_exact_match	0	Complete successful batch response; no matching occurrence returned.
Ahuja2026:WS7	YPM:IZ:111738	Ahuja2026	Nanomia septata	854e35e6-f762-11e1-a439-00145eb45e9a	YPM IZ 111738	cohort_06	https://api.gbif.org/v1/occurrence/search?datasetKey=854e35e6-f762-11e1-a439-00145eb45e9a&limit=300&catalogNumber=YPM+IZ+111732&catalogNumber=YPM+IZ+111742&catalogNumber=YPM+IZ+111740&catalogNumber=YPM+IZ+111741&catalogNumber=YPM+IZ+111164&catalogNumber=YPM+IZ+111165&catalogNumber=YPM+IZ+111166&catalogNumber=YPM+IZ+111590&catalogNumber=YPM+IZ+111591&catalogNumber=YPM+IZ+111745&catalogNumber=YPM+IZ+110216&catalogNumber=YPM+IZ+111734&catalogNumber=YPM+IZ+111735&catalogNumber=YPM+IZ+111736&catalogNumber=YPM+IZ+111737&catalogNumber=YPM+IZ+111738&catalogNumber=YPM+IZ+111739&catalogNumber=YPM+IZ+107008	cohort_06.json	895e98c4fc942ab7d7a88a36b939ef457d89aa6b53c9aed51a7fd67ff354269a	searched_success_no_exact_match	0	Complete successful batch response; no matching occurrence returned.
Ahuja2026:WS8	YPM:IZ:111739	Ahuja2026	Nanomia septata	854e35e6-f762-11e1-a439-00145eb45e9a	YPM IZ 111739	cohort_06	https://api.gbif.org/v1/occurrence/search?datasetKey=854e35e6-f762-11e1-a439-00145eb45e9a&limit=300&catalogNumber=YPM+IZ+111732&catalogNumber=YPM+IZ+111742&catalogNumber=YPM+IZ+111740&catalogNumber=YPM+IZ+111741&catalogNumber=YPM+IZ+111164&catalogNumber=YPM+IZ+111165&catalogNumber=YPM+IZ+111166&catalogNumber=YPM+IZ+111590&catalogNumber=YPM+IZ+111591&catalogNumber=YPM+IZ+111745&catalogNumber=YPM+IZ+110216&catalogNumber=YPM+IZ+111734&catalogNumber=YPM+IZ+111735&catalogNumber=YPM+IZ+111736&catalogNumber=YPM+IZ+111737&catalogNumber=YPM+IZ+111738&catalogNumber=YPM+IZ+111739&catalogNumber=YPM+IZ+107008	cohort_06.json	895e98c4fc942ab7d7a88a36b939ef457d89aa6b53c9aed51a7fd67ff354269a	searched_success_no_exact_match	0	Complete successful batch response; no matching occurrence returned.
Ahuja2026:WS9	YPM:IZ:107008	Ahuja2026	Nanomia septata	854e35e6-f762-11e1-a439-00145eb45e9a	YPM IZ 107008	cohort_06	https://api.gbif.org/v1/occurrence/search?datasetKey=854e35e6-f762-11e1-a439-00145eb45e9a&limit=300&catalogNumber=YPM+IZ+111732&catalogNumber=YPM+IZ+111742&catalogNumber=YPM+IZ+111740&catalogNumber=YPM+IZ+111741&catalogNumber=YPM+IZ+111164&catalogNumber=YPM+IZ+111165&catalogNumber=YPM+IZ+111166&catalogNumber=YPM+IZ+111590&catalogNumber=YPM+IZ+111591&catalogNumber=YPM+IZ+111745&catalogNumber=YPM+IZ+110216&catalogNumber=YPM+IZ+111734&catalogNumber=YPM+IZ+111735&catalogNumber=YPM+IZ+111736&catalogNumber=YPM+IZ+111737&catalogNumber=YPM+IZ+111738&catalogNumber=YPM+IZ+111739&catalogNumber=YPM+IZ+107008	cohort_06.json	895e98c4fc942ab7d7a88a36b939ef457d89aa6b53c9aed51a7fd67ff354269a	searched_success_no_exact_match	0	Complete successful batch response; no matching occurrence returned.
