library_id	field	value	source_type	source	source_locator	source_record	notes
Ahuja2024:CWD1	biosample	SAMN32803028	biosample	https://www.ncbi.nlm.nih.gov/biosample/SAMN32803028	BioSample/@accession	SAMN32803028	
Ahuja2024:CWD1	collection_date	2002-09-22	biosample	https://www.ncbi.nlm.nih.gov/biosample/SAMN32803028	Attributes/Attribute[@attribute_name='collection_date']	SAMN32803028	
Ahuja2024:CWD1	collection_depth_source	https://www.ncbi.nlm.nih.gov/biosample/SAMN32803028	biosample	https://www.ncbi.nlm.nih.gov/biosample/SAMN32803028	Attributes/Attribute[@attribute_name='depth']	SAMN32803028	
Ahuja2024:CWD1	depth_m	10	biosample	https://www.ncbi.nlm.nih.gov/biosample/SAMN32803028	Attributes/Attribute[@attribute_name='depth']	SAMN32803028	Explicit metre unit retained; source depth definition otherwise unchanged.
Ahuja2024:CWD1	depth_original	10 meters	biosample	https://www.ncbi.nlm.nih.gov/biosample/SAMN32803028	Attributes/Attribute[@attribute_name='depth']	SAMN32803028	
Ahuja2024:CWD1	lat_long_raw	37.43 N 72.68 W	biosample	https://www.ncbi.nlm.nih.gov/biosample/SAMN32803028	Attributes/Attribute[@attribute_name='lat_lon']	SAMN32803028	
Ahuja2024:CWD1	latitude	37.43	biosample	https://www.ncbi.nlm.nih.gov/biosample/SAMN32803028	Attributes/Attribute[@attribute_name='lat_lon']	SAMN32803028	Hemisphere sign applied; no geographic correction inferred.
Ahuja2024:CWD1	locality	Atlantic Ocean	biosample	https://www.ncbi.nlm.nih.gov/biosample/SAMN32803028	Attributes/Attribute[@attribute_name='geo_loc_name']	SAMN32803028	Original geographic-location label retained; not an inference-region assignment.
Ahuja2024:CWD1	longitude	-72.68	biosample	https://www.ncbi.nlm.nih.gov/biosample/SAMN32803028	Attributes/Attribute[@attribute_name='lat_lon']	SAMN32803028	Hemisphere sign applied; no geographic correction inferred.
Ahuja2024:CWD1	specimen_voucher	YPM:IZ:35024	biosample	https://www.ncbi.nlm.nih.gov/biosample/SAMN32803028	Attributes/Attribute[@attribute_name='specimen_voucher']	SAMN32803028	
Ahuja2024:CWD1	tissue	siphosome	biosample	https://www.ncbi.nlm.nih.gov/biosample/SAMN32803028	Attributes/Attribute[@attribute_name='tissue']	SAMN32803028	
Ahuja2024:CWD101	biosample	SAMN32803033	biosample	https://www.ncbi.nlm.nih.gov/biosample/SAMN32803033	BioSample/@accession	SAMN32803033	
Ahuja2024:CWD101	collection_date	2003-07-18	biosample	https://www.ncbi.nlm.nih.gov/biosample/SAMN32803033	Attributes/Attribute[@attribute_name='collection_date']	SAMN32803033	
Ahuja2024:CWD101	collection_depth_source	https://www.ncbi.nlm.nih.gov/biosample/SAMN32803033	biosample	https://www.ncbi.nlm.nih.gov/biosample/SAMN32803033	Attributes/Attribute[@attribute_name='depth']	SAMN32803033	
Ahuja2024:CWD101	depth_m	387	biosample	https://www.ncbi.nlm.nih.gov/biosample/SAMN32803033	Attributes/Attribute[@attribute_name='depth']	SAMN32803033	Explicit metre unit retained; source depth definition otherwise unchanged.
Ahuja2024:CWD101	depth_original	387 meters	biosample	https://www.ncbi.nlm.nih.gov/biosample/SAMN32803033	Attributes/Attribute[@attribute_name='depth']	SAMN32803033	
Ahuja2024:CWD101	lat_long_raw	36.23 N 122.77 W	biosample	https://www.ncbi.nlm.nih.gov/biosample/SAMN32803033	Attributes/Attribute[@attribute_name='lat_lon']	SAMN32803033	
Ahuja2024:CWD101	latitude	36.23	biosample	https://www.ncbi.nlm.nih.gov/biosample/SAMN32803033	Attributes/Attribute[@attribute_name='lat_lon']	SAMN32803033	Hemisphere sign applied; no geographic correction inferred.
Ahuja2024:CWD101	locality	Pacific Ocean	biosample	https://www.ncbi.nlm.nih.gov/biosample/SAMN32803033	Attributes/Attribute[@attribute_name='geo_loc_name']	SAMN32803033	Original geographic-location label retained; not an inference-region assignment.
Ahuja2024:CWD101	longitude	-122.77	biosample	https://www.ncbi.nlm.nih.gov/biosample/SAMN32803033	Attributes/Attribute[@attribute_name='lat_lon']	SAMN32803033	Hemisphere sign applied; no geographic correction inferred.
Ahuja2024:CWD101	specimen_voucher	YPM:IZ:35090	biosample	https://www.ncbi.nlm.nih.gov/biosample/SAMN32803033	Attributes/Attribute[@attribute_name='specimen_voucher']	SAMN32803033	
Ahuja2024:CWD101	tissue	siphosome	biosample	https://www.ncbi.nlm.nih.gov/biosample/SAMN32803033	Attributes/Attribute[@attribute_name='tissue']	SAMN32803033	
Ahuja2024:CWD104	biosample	SAMN32803034	biosample	https://www.ncbi.nlm.nih.gov/biosample/SAMN32803034	BioSample/@accession	SAMN32803034	
Ahuja2024:CWD104	collection_date	2003-07-19	biosample	https://www.ncbi.nlm.nih.gov/biosample/SAMN32803034	Attributes/Attribute[@attribute_name='collection_date']	SAMN32803034	
Ahuja2024:CWD104	collection_depth_source	https://www.ncbi.nlm.nih.gov/biosample/SAMN32803034	biosample	https://www.ncbi.nlm.nih.gov/biosample/SAMN32803034	Attributes/Attribute[@attribute_name='depth']	SAMN32803034	
Ahuja2024:CWD104	depth_m	877	biosample	https://www.ncbi.nlm.nih.gov/biosample/SAMN32803034	Attributes/Attribute[@attribute_name='depth']	SAMN32803034	Explicit metre unit retained; source depth definition otherwise unchanged.
Ahuja2024:CWD104	depth_original	877 meters	biosample	https://www.ncbi.nlm.nih.gov/biosample/SAMN32803034	Attributes/Attribute[@attribute_name='depth']	SAMN32803034	
Ahuja2024:CWD104	lat_long_raw	36.22 N 123.77 W	biosample	https://www.ncbi.nlm.nih.gov/biosample/SAMN32803034	Attributes/Attribute[@attribute_name='lat_lon']	SAMN32803034	
Ahuja2024:CWD104	latitude	36.22	biosample	https://www.ncbi.nlm.nih.gov/biosample/SAMN32803034	Attributes/Attribute[@attribute_name='lat_lon']	SAMN32803034	Hemisphere sign applied; no geographic correction inferred.
Ahuja2024:CWD104	locality	Pacific Ocean	biosample	https://www.ncbi.nlm.nih.gov/biosample/SAMN32803034	Attributes/Attribute[@attribute_name='geo_loc_name']	SAMN32803034	Original geographic-location label retained; not an inference-region assignment.
Ahuja2024:CWD104	longitude	-123.77	biosample	https://www.ncbi.nlm.nih.gov/biosample/SAMN32803034	Attributes/Attribute[@attribute_name='lat_lon']	SAMN32803034	Hemisphere sign applied; no geographic correction inferred.
Ahuja2024:CWD104	tissue	siphosome	biosample	https://www.ncbi.nlm.nih.gov/biosample/SAMN32803034	Attributes/Attribute[@attribute_name='tissue']	SAMN32803034	
Ahuja2024:CWD11	biosample	SAMN32803061	biosample	https://www.ncbi.nlm.nih.gov/biosample/SAMN32803061	BioSample/@accession	SAMN32803061	
Ahuja2024:CWD11	collection_date	2002-07-03	biosample	https://www.ncbi.nlm.nih.gov/biosample/SAMN32803061	Attributes/Attribute[@attribute_name='collection_date']	SAMN32803061	
Ahuja2024:CWD11	collection_depth_source	https://www.ncbi.nlm.nih.gov/biosample/SAMN32803061	biosample	https://www.ncbi.nlm.nih.gov/biosample/SAMN32803061	Attributes/Attribute[@attribute_name='depth']	SAMN32803061	
Ahuja2024:CWD11	depth_m	800	biosample	https://www.ncbi.nlm.nih.gov/biosample/SAMN32803061	Attributes/Attribute[@attribute_name='depth']	SAMN32803061	Explicit metre unit retained; source depth definition otherwise unchanged.
Ahuja2024:CWD11	depth_original	800 meters	biosample	https://www.ncbi.nlm.nih.gov/biosample/SAMN32803061	Attributes/Attribute[@attribute_name='depth']	SAMN32803061	
Ahuja2024:CWD11	lat_long_raw	40.31 N 68.13 W	biosample	https://www.ncbi.nlm.nih.gov/biosample/SAMN32803061	Attributes/Attribute[@attribute_name='lat_lon']	SAMN32803061	
Ahuja2024:CWD11	latitude	40.31	biosample	https://www.ncbi.nlm.nih.gov/biosample/SAMN32803061	Attributes/Attribute[@attribute_name='lat_lon']	SAMN32803061	Hemisphere sign applied; no geographic correction inferred.
Ahuja2024:CWD11	locality	Atlantic Ocean	biosample	https://www.ncbi.nlm.nih.gov/biosample/SAMN32803061	Attributes/Attribute[@attribute_name='geo_loc_name']	SAMN32803061	Original geographic-location label retained; not an inference-region assignment.
Ahuja2024:CWD11	longitude	-68.13	biosample	https://www.ncbi.nlm.nih.gov/biosample/SAMN32803061	Attributes/Attribute[@attribute_name='lat_lon']	SAMN32803061	Hemisphere sign applied; no geographic correction inferred.
Ahuja2024:CWD11	specimen_voucher	YPM:IZ:35076	biosample	https://www.ncbi.nlm.nih.gov/biosample/SAMN32803061	Attributes/Attribute[@attribute_name='specimen_voucher']	SAMN32803061	
Ahuja2024:CWD11	tissue	siphosome	biosample	https://www.ncbi.nlm.nih.gov/biosample/SAMN32803061	Attributes/Attribute[@attribute_name='tissue']	SAMN32803061	
Ahuja2024:CWD116	biosample	SAMN32803030	biosample	https://www.ncbi.nlm.nih.gov/biosample/SAMN32803030	BioSample/@accession	SAMN32803030	
Ahuja2024:CWD116	collection_date	2003-07-19	biosample	https://www.ncbi.nlm.nih.gov/biosample/SAMN32803030	Attributes/Attribute[@attribute_name='collection_date']	SAMN32803030	
Ahuja2024:CWD116	collection_depth_source	https://www.ncbi.nlm.nih.gov/biosample/SAMN32803030	biosample	https://www.ncbi.nlm.nih.gov/biosample/SAMN32803030	Attributes/Attribute[@attribute_name='depth']	SAMN32803030	
Ahuja2024:CWD116	depth_m	10	biosample	https://www.ncbi.nlm.nih.gov/biosample/SAMN32803030	Attributes/Attribute[@attribute_name='depth']	SAMN32803030	Explicit metre unit retained; source depth definition otherwise unchanged.
Ahuja2024:CWD116	depth_original	10 meters	biosample	https://www.ncbi.nlm.nih.gov/biosample/SAMN32803030	Attributes/Attribute[@attribute_name='depth']	SAMN32803030	
Ahuja2024:CWD116	lat_long_raw	36.22 N 123.77 W	biosample	https://www.ncbi.nlm.nih.gov/biosample/SAMN32803030	Attributes/Attribute[@attribute_name='lat_lon']	SAMN32803030	
Ahuja2024:CWD116	latitude	36.22	biosample	https://www.ncbi.nlm.nih.gov/biosample/SAMN32803030	Attributes/Attribute[@attribute_name='lat_lon']	SAMN32803030	Hemisphere sign applied; no geographic correction inferred.
Ahuja2024:CWD116	locality	Pacific Ocean	biosample	https://www.ncbi.nlm.nih.gov/biosample/SAMN32803030	Attributes/Attribute[@attribute_name='geo_loc_name']	SAMN32803030	Original geographic-location label retained; not an inference-region assignment.
Ahuja2024:CWD116	longitude	-123.77	biosample	https://www.ncbi.nlm.nih.gov/biosample/SAMN32803030	Attributes/Attribute[@attribute_name='lat_lon']	SAMN32803030	Hemisphere sign applied; no geographic correction inferred.
Ahuja2024:CWD116	tissue	siphosome	biosample	https://www.ncbi.nlm.nih.gov/biosample/SAMN32803030	Attributes/Attribute[@attribute_name='tissue']	SAMN32803030	
Ahuja2024:CWD117	biosample	SAMN32803047	biosample	https://www.ncbi.nlm.nih.gov/biosample/SAMN32803047	BioSample/@accession	SAMN32803047	
Ahuja2024:CWD117	collection_date	1999-06-28	biosample	https://www.ncbi.nlm.nih.gov/biosample/SAMN32803047	Attributes/Attribute[@attribute_name='collection_date']	SAMN32803047	
Ahuja2024:CWD117	collection_depth_source	https://www.ncbi.nlm.nih.gov/biosample/SAMN32803047	biosample	https://www.ncbi.nlm.nih.gov/biosample/SAMN32803047	Attributes/Attribute[@attribute_name='depth']	SAMN32803047	
Ahuja2024:CWD117	depth_m	10	biosample	https://www.ncbi.nlm.nih.gov/biosample/SAMN32803047	Attributes/Attribute[@attribute_name='depth']	SAMN32803047	Explicit metre unit retained; source depth definition otherwise unchanged.
Ahuja2024:CWD117	depth_original	10 meters	biosample	https://www.ncbi.nlm.nih.gov/biosample/SAMN32803047	Attributes/Attribute[@attribute_name='depth']	SAMN32803047	
Ahuja2024:CWD117	lat_long_raw	39.70 N 70.92 W	biosample	https://www.ncbi.nlm.nih.gov/biosample/SAMN32803047	Attributes/Attribute[@attribute_name='lat_lon']	SAMN32803047	
Ahuja2024:CWD117	latitude	39.7	biosample	https://www.ncbi.nlm.nih.gov/biosample/SAMN32803047	Attributes/Attribute[@attribute_name='lat_lon']	SAMN32803047	Hemisphere sign applied; no geographic correction inferred.
Ahuja2024:CWD117	locality	Atlantic Ocean	biosample	https://www.ncbi.nlm.nih.gov/biosample/SAMN32803047	Attributes/Attribute[@attribute_name='geo_loc_name']	SAMN32803047	Original geographic-location label retained; not an inference-region assignment.
Ahuja2024:CWD117	longitude	-70.92	biosample	https://www.ncbi.nlm.nih.gov/biosample/SAMN32803047	Attributes/Attribute[@attribute_name='lat_lon']	SAMN32803047	Hemisphere sign applied; no geographic correction inferred.
Ahuja2024:CWD117	specimen_voucher	YPM:IZ:35045	biosample	https://www.ncbi.nlm.nih.gov/biosample/SAMN32803047	Attributes/Attribute[@attribute_name='specimen_voucher']	SAMN32803047	
Ahuja2024:CWD117	tissue	siphosome	biosample	https://www.ncbi.nlm.nih.gov/biosample/SAMN32803047	Attributes/Attribute[@attribute_name='tissue']	SAMN32803047	
Ahuja2024:CWD12	biosample	SAMN32803045	biosample	https://www.ncbi.nlm.nih.gov/biosample/SAMN32803045	BioSample/@accession	SAMN32803045	
Ahuja2024:CWD12	collection_date	2003-04-16	biosample	https://www.ncbi.nlm.nih.gov/biosample/SAMN32803045	Attributes/Attribute[@attribute_name='collection_date']	SAMN32803045	
Ahuja2024:CWD12	collection_depth_source	https://www.ncbi.nlm.nih.gov/biosample/SAMN32803045	biosample	https://www.ncbi.nlm.nih.gov/biosample/SAMN32803045	Attributes/Attribute[@attribute_name='depth']	SAMN32803045	
Ahuja2024:CWD12	depth_m	10	biosample	https://www.ncbi.nlm.nih.gov/biosample/SAMN32803045	Attributes/Attribute[@attribute_name='depth']	SAMN32803045	Explicit metre unit retained; source depth definition otherwise unchanged.
Ahuja2024:CWD12	depth_original	10 meters	biosample	https://www.ncbi.nlm.nih.gov/biosample/SAMN32803045	Attributes/Attribute[@attribute_name='depth']	SAMN32803045	
Ahuja2024:CWD12	lat_long_raw	43.68 N 7.33 E	biosample	https://www.ncbi.nlm.nih.gov/biosample/SAMN32803045	Attributes/Attribute[@attribute_name='lat_lon']	SAMN32803045	
Ahuja2024:CWD12	latitude	43.68	biosample	https://www.ncbi.nlm.nih.gov/biosample/SAMN32803045	Attributes/Attribute[@attribute_name='lat_lon']	SAMN32803045	Hemisphere sign applied; no geographic correction inferred.
Ahuja2024:CWD12	locality	Mediterranean Sea	biosample	https://www.ncbi.nlm.nih.gov/biosample/SAMN32803045	Attributes/Attribute[@attribute_name='geo_loc_name']	SAMN32803045	Original geographic-location label retained; not an inference-region assignment.
Ahuja2024:CWD12	longitude	7.33	biosample	https://www.ncbi.nlm.nih.gov/biosample/SAMN32803045	Attributes/Attribute[@attribute_name='lat_lon']	SAMN32803045	Hemisphere sign applied; no geographic correction inferred.
Ahuja2024:CWD12	specimen_voucher	YPM:IZ:35038	biosample	https://www.ncbi.nlm.nih.gov/biosample/SAMN32803045	Attributes/Attribute[@attribute_name='specimen_voucher']	SAMN32803045	
Ahuja2024:CWD12	tissue	siphosome	biosample	https://www.ncbi.nlm.nih.gov/biosample/SAMN32803045	Attributes/Attribute[@attribute_name='tissue']	SAMN32803045	
Ahuja2024:CWD121	biosample	SAMN32803027	biosample	https://www.ncbi.nlm.nih.gov/biosample/SAMN32803027	BioSample/@accession	SAMN32803027	
Ahuja2024:CWD121	collection_date	1999-06-28	biosample	https://www.ncbi.nlm.nih.gov/biosample/SAMN32803027	Attributes/Attribute[@attribute_name='collection_date']	SAMN32803027	
Ahuja2024:CWD121	collection_depth_source	https://www.ncbi.nlm.nih.gov/biosample/SAMN32803027	biosample	https://www.ncbi.nlm.nih.gov/biosample/SAMN32803027	Attributes/Attribute[@attribute_name='depth']	SAMN32803027	
Ahuja2024:CWD121	depth_m	10	biosample	https://www.ncbi.nlm.nih.gov/biosample/SAMN32803027	Attributes/Attribute[@attribute_name='depth']	SAMN32803027	Explicit metre unit retained; source depth definition otherwise unchanged.
Ahuja2024:CWD121	depth_original	10 meters	biosample	https://www.ncbi.nlm.nih.gov/biosample/SAMN32803027	Attributes/Attribute[@attribute_name='depth']	SAMN32803027	
Ahuja2024:CWD121	lat_long_raw	39.75 N 70.87 W	biosample	https://www.ncbi.nlm.nih.gov/biosample/SAMN32803027	Attributes/Attribute[@attribute_name='lat_lon']	SAMN32803027	
Ahuja2024:CWD121	latitude	39.75	biosample	https://www.ncbi.nlm.nih.gov/biosample/SAMN32803027	Attributes/Attribute[@attribute_name='lat_lon']	SAMN32803027	Hemisphere sign applied; no geographic correction inferred.
Ahuja2024:CWD121	locality	Atlantic Ocean	biosample	https://www.ncbi.nlm.nih.gov/biosample/SAMN32803027	Attributes/Attribute[@attribute_name='geo_loc_name']	SAMN32803027	Original geographic-location label retained; not an inference-region assignment.
Ahuja2024:CWD121	longitude	-70.87	biosample	https://www.ncbi.nlm.nih.gov/biosample/SAMN32803027	Attributes/Attribute[@attribute_name='lat_lon']	SAMN32803027	Hemisphere sign applied; no geographic correction inferred.
Ahuja2024:CWD121	specimen_voucher	YPM:IZ:35350	biosample	https://www.ncbi.nlm.nih.gov/biosample/SAMN32803027	Attributes/Attribute[@attribute_name='specimen_voucher']	SAMN32803027	
Ahuja2024:CWD121	tissue	siphosome	biosample	https://www.ncbi.nlm.nih.gov/biosample/SAMN32803027	Attributes/Attribute[@attribute_name='tissue']	SAMN32803027	
Ahuja2024:CWD122	biosample	SAMN32803036	biosample	https://www.ncbi.nlm.nih.gov/biosample/SAMN32803036	BioSample/@accession	SAMN32803036	
Ahuja2024:CWD122	collection_date	1999-06-28	biosample	https://www.ncbi.nlm.nih.gov/biosample/SAMN32803036	Attributes/Attribute[@attribute_name='collection_date']	SAMN32803036	
Ahuja2024:CWD122	collection_depth_source	https://www.ncbi.nlm.nih.gov/biosample/SAMN32803036	biosample	https://www.ncbi.nlm.nih.gov/biosample/SAMN32803036	Attributes/Attribute[@attribute_name='depth']	SAMN32803036	
Ahuja2024:CWD122	depth_m	10	biosample	https://www.ncbi.nlm.nih.gov/biosample/SAMN32803036	Attributes/Attribute[@attribute_name='depth']	SAMN32803036	Explicit metre unit retained; source depth definition otherwise unchanged.
Ahuja2024:CWD122	depth_original	10 meters	biosample	https://www.ncbi.nlm.nih.gov/biosample/SAMN32803036	Attributes/Attribute[@attribute_name='depth']	SAMN32803036	
Ahuja2024:CWD122	lat_long_raw	39.7 N 70.90 W	biosample	https://www.ncbi.nlm.nih.gov/biosample/SAMN32803036	Attributes/Attribute[@attribute_name='lat_lon']	SAMN32803036	
Ahuja2024:CWD122	latitude	39.7	biosample	https://www.ncbi.nlm.nih.gov/biosample/SAMN32803036	Attributes/Attribute[@attribute_name='lat_lon']	SAMN32803036	Hemisphere sign applied; no geographic correction inferred.
Ahuja2024:CWD122	locality	Atlantic Ocean	biosample	https://www.ncbi.nlm.nih.gov/biosample/SAMN32803036	Attributes/Attribute[@attribute_name='geo_loc_name']	SAMN32803036	Original geographic-location label retained; not an inference-region assignment.
Ahuja2024:CWD122	longitude	-70.9	biosample	https://www.ncbi.nlm.nih.gov/biosample/SAMN32803036	Attributes/Attribute[@attribute_name='lat_lon']	SAMN32803036	Hemisphere sign applied; no geographic correction inferred.
Ahuja2024:CWD122	specimen_voucher	YPM:IZ:35049	biosample	https://www.ncbi.nlm.nih.gov/biosample/SAMN32803036	Attributes/Attribute[@attribute_name='specimen_voucher']	SAMN32803036	
Ahuja2024:CWD122	tissue	siphosome	biosample	https://www.ncbi.nlm.nih.gov/biosample/SAMN32803036	Attributes/Attribute[@attribute_name='tissue']	SAMN32803036	
Ahuja2024:CWD131	biosample	SAMN32803057	biosample	https://www.ncbi.nlm.nih.gov/biosample/SAMN32803057	BioSample/@accession	SAMN32803057	
Ahuja2024:CWD131	collection_date	2003-03-15	biosample	https://www.ncbi.nlm.nih.gov/biosample/SAMN32803057	Attributes/Attribute[@attribute_name='collection_date']	SAMN32803057	
Ahuja2024:CWD131	collection_depth_source	https://www.ncbi.nlm.nih.gov/biosample/SAMN32803057	biosample	https://www.ncbi.nlm.nih.gov/biosample/SAMN32803057	Attributes/Attribute[@attribute_name='depth']	SAMN32803057	
Ahuja2024:CWD131	depth_m	10	biosample	https://www.ncbi.nlm.nih.gov/biosample/SAMN32803057	Attributes/Attribute[@attribute_name='depth']	SAMN32803057	Explicit metre unit retained; source depth definition otherwise unchanged.
Ahuja2024:CWD131	depth_original	10 meters	biosample	https://www.ncbi.nlm.nih.gov/biosample/SAMN32803057	Attributes/Attribute[@attribute_name='depth']	SAMN32803057	
Ahuja2024:CWD131	lat_long_raw	24.32 N 109.20 W	biosample	https://www.ncbi.nlm.nih.gov/biosample/SAMN32803057	Attributes/Attribute[@attribute_name='lat_lon']	SAMN32803057	
Ahuja2024:CWD131	latitude	24.32	biosample	https://www.ncbi.nlm.nih.gov/biosample/SAMN32803057	Attributes/Attribute[@attribute_name='lat_lon']	SAMN32803057	Hemisphere sign applied; no geographic correction inferred.
Ahuja2024:CWD131	locality	Pacific Ocean	biosample	https://www.ncbi.nlm.nih.gov/biosample/SAMN32803057	Attributes/Attribute[@attribute_name='geo_loc_name']	SAMN32803057	Original geographic-location label retained; not an inference-region assignment.
Ahuja2024:CWD131	longitude	-109.2	biosample	https://www.ncbi.nlm.nih.gov/biosample/SAMN32803057	Attributes/Attribute[@attribute_name='lat_lon']	SAMN32803057	Hemisphere sign applied; no geographic correction inferred.
Ahuja2024:CWD131	specimen_voucher	YPM:IZ:35355	biosample	https://www.ncbi.nlm.nih.gov/biosample/SAMN32803057	Attributes/Attribute[@attribute_name='specimen_voucher']	SAMN32803057	
Ahuja2024:CWD131	tissue	siphosome	biosample	https://www.ncbi.nlm.nih.gov/biosample/SAMN32803057	Attributes/Attribute[@attribute_name='tissue']	SAMN32803057	
Ahuja2024:CWD141	biosample	SAMN32803060	biosample	https://www.ncbi.nlm.nih.gov/biosample/SAMN32803060	BioSample/@accession	SAMN32803060	
Ahuja2024:CWD141	collection_date	2003-03-26	biosample	https://www.ncbi.nlm.nih.gov/biosample/SAMN32803060	Attributes/Attribute[@attribute_name='collection_date']	SAMN32803060	
Ahuja2024:CWD141	collection_depth_source	https://www.ncbi.nlm.nih.gov/biosample/SAMN32803060	biosample	https://www.ncbi.nlm.nih.gov/biosample/SAMN32803060	Attributes/Attribute[@attribute_name='depth']	SAMN32803060	
Ahuja2024:CWD141	depth_m	1349	biosample	https://www.ncbi.nlm.nih.gov/biosample/SAMN32803060	Attributes/Attribute[@attribute_name='depth']	SAMN32803060	Explicit metre unit retained; source depth definition otherwise unchanged.
Ahuja2024:CWD141	depth_original	1349 meters	biosample	https://www.ncbi.nlm.nih.gov/biosample/SAMN32803060	Attributes/Attribute[@attribute_name='depth']	SAMN32803060	
Ahuja2024:CWD141	lat_long_raw	24.31 N 109.20 W	biosample	https://www.ncbi.nlm.nih.gov/biosample/SAMN32803060	Attributes/Attribute[@attribute_name='lat_lon']	SAMN32803060	
Ahuja2024:CWD141	latitude	24.31	biosample	https://www.ncbi.nlm.nih.gov/biosample/SAMN32803060	Attributes/Attribute[@attribute_name='lat_lon']	SAMN32803060	Hemisphere sign applied; no geographic correction inferred.
Ahuja2024:CWD141	locality	Pacific Ocean	biosample	https://www.ncbi.nlm.nih.gov/biosample/SAMN32803060	Attributes/Attribute[@attribute_name='geo_loc_name']	SAMN32803060	Original geographic-location label retained; not an inference-region assignment.
Ahuja2024:CWD141	longitude	-109.2	biosample	https://www.ncbi.nlm.nih.gov/biosample/SAMN32803060	Attributes/Attribute[@attribute_name='lat_lon']	SAMN32803060	Hemisphere sign applied; no geographic correction inferred.
Ahuja2024:CWD141	specimen_voucher	YPM:IZ:35358	biosample	https://www.ncbi.nlm.nih.gov/biosample/SAMN32803060	Attributes/Attribute[@attribute_name='specimen_voucher']	SAMN32803060	
Ahuja2024:CWD141	tissue	siphosome	biosample	https://www.ncbi.nlm.nih.gov/biosample/SAMN32803060	Attributes/Attribute[@attribute_name='tissue']	SAMN32803060	
Ahuja2024:CWD144	biosample	SAMN32803044	biosample	https://www.ncbi.nlm.nih.gov/biosample/SAMN32803044	BioSample/@accession	SAMN32803044	
Ahuja2024:CWD144	collection_date	2000-01-13	biosample	https://www.ncbi.nlm.nih.gov/biosample/SAMN32803044	Attributes/Attribute[@attribute_name='collection_date']	SAMN32803044	
Ahuja2024:CWD144	collection_depth_source	https://www.ncbi.nlm.nih.gov/biosample/SAMN32803044	biosample	https://www.ncbi.nlm.nih.gov/biosample/SAMN32803044	Attributes/Attribute[@attribute_name='depth']	SAMN32803044	
Ahuja2024:CWD144	depth_m	420	biosample	https://www.ncbi.nlm.nih.gov/biosample/SAMN32803044	Attributes/Attribute[@attribute_name='depth']	SAMN32803044	Explicit metre unit retained; source depth definition otherwise unchanged.
Ahuja2024:CWD144	depth_original	420 meters	biosample	https://www.ncbi.nlm.nih.gov/biosample/SAMN32803044	Attributes/Attribute[@attribute_name='depth']	SAMN32803044	
Ahuja2024:CWD144	lat_long_raw	36.70 N 122.04 W	biosample	https://www.ncbi.nlm.nih.gov/biosample/SAMN32803044	Attributes/Attribute[@attribute_name='lat_lon']	SAMN32803044	
Ahuja2024:CWD144	latitude	36.7	biosample	https://www.ncbi.nlm.nih.gov/biosample/SAMN32803044	Attributes/Attribute[@attribute_name='lat_lon']	SAMN32803044	Hemisphere sign applied; no geographic correction inferred.
Ahuja2024:CWD144	locality	Pacific Ocean	biosample	https://www.ncbi.nlm.nih.gov/biosample/SAMN32803044	Attributes/Attribute[@attribute_name='geo_loc_name']	SAMN32803044	Original geographic-location label retained; not an inference-region assignment.
Ahuja2024:CWD144	longitude	-122.04	biosample	https://www.ncbi.nlm.nih.gov/biosample/SAMN32803044	Attributes/Attribute[@attribute_name='lat_lon']	SAMN32803044	Hemisphere sign applied; no geographic correction inferred.
Ahuja2024:CWD144	specimen_voucher	YPM:IZ:35360	biosample	https://www.ncbi.nlm.nih.gov/biosample/SAMN32803044	Attributes/Attribute[@attribute_name='specimen_voucher']	SAMN32803044	
Ahuja2024:CWD144	tissue	siphosome	biosample	https://www.ncbi.nlm.nih.gov/biosample/SAMN32803044	Attributes/Attribute[@attribute_name='tissue']	SAMN32803044	
Ahuja2024:CWD146	biosample	SAMN32803041	biosample	https://www.ncbi.nlm.nih.gov/biosample/SAMN32803041	BioSample/@accession	SAMN32803041	
Ahuja2024:CWD146	collection_date	2003-03-13	biosample	https://www.ncbi.nlm.nih.gov/biosample/SAMN32803041	Attributes/Attribute[@attribute_name='collection_date']	SAMN32803041	
Ahuja2024:CWD146	collection_depth_source	https://www.ncbi.nlm.nih.gov/biosample/SAMN32803041	biosample	https://www.ncbi.nlm.nih.gov/biosample/SAMN32803041	Attributes/Attribute[@attribute_name='depth']	SAMN32803041	
Ahuja2024:CWD146	depth_m	910	biosample	https://www.ncbi.nlm.nih.gov/biosample/SAMN32803041	Attributes/Attribute[@attribute_name='depth']	SAMN32803041	Explicit metre unit retained; source depth definition otherwise unchanged.
Ahuja2024:CWD146	depth_original	910 meters	biosample	https://www.ncbi.nlm.nih.gov/biosample/SAMN32803041	Attributes/Attribute[@attribute_name='depth']	SAMN32803041	
Ahuja2024:CWD146	lat_long_raw	24.32 N 109.2 W	biosample	https://www.ncbi.nlm.nih.gov/biosample/SAMN32803041	Attributes/Attribute[@attribute_name='lat_lon']	SAMN32803041	
Ahuja2024:CWD146	latitude	24.32	biosample	https://www.ncbi.nlm.nih.gov/biosample/SAMN32803041	Attributes/Attribute[@attribute_name='lat_lon']	SAMN32803041	Hemisphere sign applied; no geographic correction inferred.
Ahuja2024:CWD146	locality	Pacific Ocean	biosample	https://www.ncbi.nlm.nih.gov/biosample/SAMN32803041	Attributes/Attribute[@attribute_name='geo_loc_name']	SAMN32803041	Original geographic-location label retained; not an inference-region assignment.
Ahuja2024:CWD146	longitude	-109.2	biosample	https://www.ncbi.nlm.nih.gov/biosample/SAMN32803041	Attributes/Attribute[@attribute_name='lat_lon']	SAMN32803041	Hemisphere sign applied; no geographic correction inferred.
Ahuja2024:CWD146	specimen_voucher	YPM:IZ:35362	biosample	https://www.ncbi.nlm.nih.gov/biosample/SAMN32803041	Attributes/Attribute[@attribute_name='specimen_voucher']	SAMN32803041	
Ahuja2024:CWD146	tissue	siphosome	biosample	https://www.ncbi.nlm.nih.gov/biosample/SAMN32803041	Attributes/Attribute[@attribute_name='tissue']	SAMN32803041	
Ahuja2024:CWD16	biosample	SAMN32803050	biosample	https://www.ncbi.nlm.nih.gov/biosample/SAMN32803050	BioSample/@accession	SAMN32803050	
Ahuja2024:CWD16	collection_date	2002-06-08	biosample	https://www.ncbi.nlm.nih.gov/biosample/SAMN32803050	Attributes/Attribute[@attribute_name='collection_date']	SAMN32803050	
Ahuja2024:CWD16	collection_depth_source	https://www.ncbi.nlm.nih.gov/biosample/SAMN32803050	biosample	https://www.ncbi.nlm.nih.gov/biosample/SAMN32803050	Attributes/Attribute[@attribute_name='depth']	SAMN32803050	
Ahuja2024:CWD16	depth_m	10	biosample	https://www.ncbi.nlm.nih.gov/biosample/SAMN32803050	Attributes/Attribute[@attribute_name='depth']	SAMN32803050	Explicit metre unit retained; source depth definition otherwise unchanged.
Ahuja2024:CWD16	depth_original	10 meters	biosample	https://www.ncbi.nlm.nih.gov/biosample/SAMN32803050	Attributes/Attribute[@attribute_name='depth']	SAMN32803050	
Ahuja2024:CWD16	lat_long_raw	37.45 N 74.02 W	biosample	https://www.ncbi.nlm.nih.gov/biosample/SAMN32803050	Attributes/Attribute[@attribute_name='lat_lon']	SAMN32803050	
Ahuja2024:CWD16	latitude	37.45	biosample	https://www.ncbi.nlm.nih.gov/biosample/SAMN32803050	Attributes/Attribute[@attribute_name='lat_lon']	SAMN32803050	Hemisphere sign applied; no geographic correction inferred.
Ahuja2024:CWD16	locality	Atlantic Ocean	biosample	https://www.ncbi.nlm.nih.gov/biosample/SAMN32803050	Attributes/Attribute[@attribute_name='geo_loc_name']	SAMN32803050	Original geographic-location label retained; not an inference-region assignment.
Ahuja2024:CWD16	longitude	-74.02	biosample	https://www.ncbi.nlm.nih.gov/biosample/SAMN32803050	Attributes/Attribute[@attribute_name='lat_lon']	SAMN32803050	Hemisphere sign applied; no geographic correction inferred.
Ahuja2024:CWD16	specimen_voucher	YPM:IZ:35039	biosample	https://www.ncbi.nlm.nih.gov/biosample/SAMN32803050	Attributes/Attribute[@attribute_name='specimen_voucher']	SAMN32803050	
Ahuja2024:CWD16	tissue	siphosome	biosample	https://www.ncbi.nlm.nih.gov/biosample/SAMN32803050	Attributes/Attribute[@attribute_name='tissue']	SAMN32803050	
Ahuja2024:CWD17	biosample	SAMN32803046	biosample	https://www.ncbi.nlm.nih.gov/biosample/SAMN32803046	BioSample/@accession	SAMN32803046	
Ahuja2024:CWD17	collection_date	2002-09-16	biosample	https://www.ncbi.nlm.nih.gov/biosample/SAMN32803046	Attributes/Attribute[@attribute_name='collection_date']	SAMN32803046	
Ahuja2024:CWD17	collection_depth_source	https://www.ncbi.nlm.nih.gov/biosample/SAMN32803046	biosample	https://www.ncbi.nlm.nih.gov/biosample/SAMN32803046	Attributes/Attribute[@attribute_name='depth']	SAMN32803046	
Ahuja2024:CWD17	depth_m	10	biosample	https://www.ncbi.nlm.nih.gov/biosample/SAMN32803046	Attributes/Attribute[@attribute_name='depth']	SAMN32803046	Explicit metre unit retained; source depth definition otherwise unchanged.
Ahuja2024:CWD17	depth_original	10 meters	biosample	https://www.ncbi.nlm.nih.gov/biosample/SAMN32803046	Attributes/Attribute[@attribute_name='depth']	SAMN32803046	
Ahuja2024:CWD17	lat_long_raw	38.85 N 72.45 W	biosample	https://www.ncbi.nlm.nih.gov/biosample/SAMN32803046	Attributes/Attribute[@attribute_name='lat_lon']	SAMN32803046	
Ahuja2024:CWD17	latitude	38.85	biosample	https://www.ncbi.nlm.nih.gov/biosample/SAMN32803046	Attributes/Attribute[@attribute_name='lat_lon']	SAMN32803046	Hemisphere sign applied; no geographic correction inferred.
Ahuja2024:CWD17	locality	Atlantic Ocean	biosample	https://www.ncbi.nlm.nih.gov/biosample/SAMN32803046	Attributes/Attribute[@attribute_name='geo_loc_name']	SAMN32803046	Original geographic-location label retained; not an inference-region assignment.
Ahuja2024:CWD17	longitude	-72.45	biosample	https://www.ncbi.nlm.nih.gov/biosample/SAMN32803046	Attributes/Attribute[@attribute_name='lat_lon']	SAMN32803046	Hemisphere sign applied; no geographic correction inferred.
Ahuja2024:CWD17	specimen_voucher	YPM:IZ:35040	biosample	https://www.ncbi.nlm.nih.gov/biosample/SAMN32803046	Attributes/Attribute[@attribute_name='specimen_voucher']	SAMN32803046	
Ahuja2024:CWD17	tissue	siphosome	biosample	https://www.ncbi.nlm.nih.gov/biosample/SAMN32803046	Attributes/Attribute[@attribute_name='tissue']	SAMN32803046	
Ahuja2024:CWD19	biosample	SAMN32803054	biosample	https://www.ncbi.nlm.nih.gov/biosample/SAMN32803054	BioSample/@accession	SAMN32803054	
Ahuja2024:CWD19	collection_date	1999-03-12	biosample	https://www.ncbi.nlm.nih.gov/biosample/SAMN32803054	Attributes/Attribute[@attribute_name='collection_date']	SAMN32803054	
Ahuja2024:CWD19	collection_depth_source	https://www.ncbi.nlm.nih.gov/biosample/SAMN32803054	biosample	https://www.ncbi.nlm.nih.gov/biosample/SAMN32803054	Attributes/Attribute[@attribute_name='depth']	SAMN32803054	
Ahuja2024:CWD19	depth_m	298	biosample	https://www.ncbi.nlm.nih.gov/biosample/SAMN32803054	Attributes/Attribute[@attribute_name='depth']	SAMN32803054	Explicit metre unit retained; source depth definition otherwise unchanged.
Ahuja2024:CWD19	depth_original	298 meters	biosample	https://www.ncbi.nlm.nih.gov/biosample/SAMN32803054	Attributes/Attribute[@attribute_name='depth']	SAMN32803054	
Ahuja2024:CWD19	lat_long_raw	36.71 N 122.05 W	biosample	https://www.ncbi.nlm.nih.gov/biosample/SAMN32803054	Attributes/Attribute[@attribute_name='lat_lon']	SAMN32803054	
Ahuja2024:CWD19	latitude	36.71	biosample	https://www.ncbi.nlm.nih.gov/biosample/SAMN32803054	Attributes/Attribute[@attribute_name='lat_lon']	SAMN32803054	Hemisphere sign applied; no geographic correction inferred.
Ahuja2024:CWD19	locality	Pacific Ocean	biosample	https://www.ncbi.nlm.nih.gov/biosample/SAMN32803054	Attributes/Attribute[@attribute_name='geo_loc_name']	SAMN32803054	Original geographic-location label retained; not an inference-region assignment.
Ahuja2024:CWD19	longitude	-122.05	biosample	https://www.ncbi.nlm.nih.gov/biosample/SAMN32803054	Attributes/Attribute[@attribute_name='lat_lon']	SAMN32803054	Hemisphere sign applied; no geographic correction inferred.
Ahuja2024:CWD19	specimen_voucher	YPM:IZ:35346	biosample	https://www.ncbi.nlm.nih.gov/biosample/SAMN32803054	Attributes/Attribute[@attribute_name='specimen_voucher']	SAMN32803054	
Ahuja2024:CWD19	tissue	siphosome	biosample	https://www.ncbi.nlm.nih.gov/biosample/SAMN32803054	Attributes/Attribute[@attribute_name='tissue']	SAMN32803054	
Ahuja2024:CWD2	biosample	SAMN32803029	biosample	https://www.ncbi.nlm.nih.gov/biosample/SAMN32803029	BioSample/@accession	SAMN32803029	
Ahuja2024:CWD2	collection_date	2002-09-18	biosample	https://www.ncbi.nlm.nih.gov/biosample/SAMN32803029	Attributes/Attribute[@attribute_name='collection_date']	SAMN32803029	
Ahuja2024:CWD2	collection_depth_source	https://www.ncbi.nlm.nih.gov/biosample/SAMN32803029	biosample	https://www.ncbi.nlm.nih.gov/biosample/SAMN32803029	Attributes/Attribute[@attribute_name='depth']	SAMN32803029	
Ahuja2024:CWD2	depth_m	10	biosample	https://www.ncbi.nlm.nih.gov/biosample/SAMN32803029	Attributes/Attribute[@attribute_name='depth']	SAMN32803029	Explicit metre unit retained; source depth definition otherwise unchanged.
Ahuja2024:CWD2	depth_original	10 meters	biosample	https://www.ncbi.nlm.nih.gov/biosample/SAMN32803029	Attributes/Attribute[@attribute_name='depth']	SAMN32803029	
Ahuja2024:CWD2	lat_long_raw	37.63 N 73.45 W	biosample	https://www.ncbi.nlm.nih.gov/biosample/SAMN32803029	Attributes/Attribute[@attribute_name='lat_lon']	SAMN32803029	
Ahuja2024:CWD2	latitude	37.63	biosample	https://www.ncbi.nlm.nih.gov/biosample/SAMN32803029	Attributes/Attribute[@attribute_name='lat_lon']	SAMN32803029	Hemisphere sign applied; no geographic correction inferred.
Ahuja2024:CWD2	locality	Atlantic Ocean	biosample	https://www.ncbi.nlm.nih.gov/biosample/SAMN32803029	Attributes/Attribute[@attribute_name='geo_loc_name']	SAMN32803029	Original geographic-location label retained; not an inference-region assignment.
Ahuja2024:CWD2	longitude	-73.45	biosample	https://www.ncbi.nlm.nih.gov/biosample/SAMN32803029	Attributes/Attribute[@attribute_name='lat_lon']	SAMN32803029	Hemisphere sign applied; no geographic correction inferred.
Ahuja2024:CWD2	specimen_voucher	YPM:IZ:35029	biosample	https://www.ncbi.nlm.nih.gov/biosample/SAMN32803029	Attributes/Attribute[@attribute_name='specimen_voucher']	SAMN32803029	
Ahuja2024:CWD2	tissue	siphosome	biosample	https://www.ncbi.nlm.nih.gov/biosample/SAMN32803029	Attributes/Attribute[@attribute_name='tissue']	SAMN32803029	
Ahuja2024:CWD20	biosample	SAMN32803058	biosample	https://www.ncbi.nlm.nih.gov/biosample/SAMN32803058	BioSample/@accession	SAMN32803058	
Ahuja2024:CWD20	collection_date	1999-07-20	biosample	https://www.ncbi.nlm.nih.gov/biosample/SAMN32803058	Attributes/Attribute[@attribute_name='collection_date']	SAMN32803058	
Ahuja2024:CWD20	collection_depth_source	https://www.ncbi.nlm.nih.gov/biosample/SAMN32803058	biosample	https://www.ncbi.nlm.nih.gov/biosample/SAMN32803058	Attributes/Attribute[@attribute_name='depth']	SAMN32803058	
Ahuja2024:CWD20	depth_m	10	biosample	https://www.ncbi.nlm.nih.gov/biosample/SAMN32803058	Attributes/Attribute[@attribute_name='depth']	SAMN32803058	Explicit metre unit retained; source depth definition otherwise unchanged.
Ahuja2024:CWD20	depth_original	10 meters	biosample	https://www.ncbi.nlm.nih.gov/biosample/SAMN32803058	Attributes/Attribute[@attribute_name='depth']	SAMN32803058	
Ahuja2024:CWD20	lat_long_raw	40.31 N 68.14 W	biosample	https://www.ncbi.nlm.nih.gov/biosample/SAMN32803058	Attributes/Attribute[@attribute_name='lat_lon']	SAMN32803058	
Ahuja2024:CWD20	latitude	40.31	biosample	https://www.ncbi.nlm.nih.gov/biosample/SAMN32803058	Attributes/Attribute[@attribute_name='lat_lon']	SAMN32803058	Hemisphere sign applied; no geographic correction inferred.
Ahuja2024:CWD20	locality	Atlantic Ocean	biosample	https://www.ncbi.nlm.nih.gov/biosample/SAMN32803058	Attributes/Attribute[@attribute_name='geo_loc_name']	SAMN32803058	Original geographic-location label retained; not an inference-region assignment.
Ahuja2024:CWD20	longitude	-68.14	biosample	https://www.ncbi.nlm.nih.gov/biosample/SAMN32803058	Attributes/Attribute[@attribute_name='lat_lon']	SAMN32803058	Hemisphere sign applied; no geographic correction inferred.
Ahuja2024:CWD20	specimen_voucher	YPM:IZ:35347	biosample	https://www.ncbi.nlm.nih.gov/biosample/SAMN32803058	Attributes/Attribute[@attribute_name='specimen_voucher']	SAMN32803058	
Ahuja2024:CWD20	tissue	siphosome	biosample	https://www.ncbi.nlm.nih.gov/biosample/SAMN32803058	Attributes/Attribute[@attribute_name='tissue']	SAMN32803058	
Ahuja2024:CWD21	biosample	SAMN32803059	biosample	https://www.ncbi.nlm.nih.gov/biosample/SAMN32803059	BioSample/@accession	SAMN32803059	
Ahuja2024:CWD21	collection_date	2002-09-24	biosample	https://www.ncbi.nlm.nih.gov/biosample/SAMN32803059	Attributes/Attribute[@attribute_name='collection_date']	SAMN32803059	
Ahuja2024:CWD21	collection_depth_source	https://www.ncbi.nlm.nih.gov/biosample/SAMN32803059	biosample	https://www.ncbi.nlm.nih.gov/biosample/SAMN32803059	Attributes/Attribute[@attribute_name='depth']	SAMN32803059	
Ahuja2024:CWD21	depth_m	10	biosample	https://www.ncbi.nlm.nih.gov/biosample/SAMN32803059	Attributes/Attribute[@attribute_name='depth']	SAMN32803059	Explicit metre unit retained; source depth definition otherwise unchanged.
Ahuja2024:CWD21	depth_original	10 meters	biosample	https://www.ncbi.nlm.nih.gov/biosample/SAMN32803059	Attributes/Attribute[@attribute_name='depth']	SAMN32803059	
Ahuja2024:CWD21	lat_long_raw	38.9 N 70.27 W	biosample	https://www.ncbi.nlm.nih.gov/biosample/SAMN32803059	Attributes/Attribute[@attribute_name='lat_lon']	SAMN32803059	
Ahuja2024:CWD21	latitude	38.9	biosample	https://www.ncbi.nlm.nih.gov/biosample/SAMN32803059	Attributes/Attribute[@attribute_name='lat_lon']	SAMN32803059	Hemisphere sign applied; no geographic correction inferred.
Ahuja2024:CWD21	locality	Atlantic Ocean	biosample	https://www.ncbi.nlm.nih.gov/biosample/SAMN32803059	Attributes/Attribute[@attribute_name='geo_loc_name']	SAMN32803059	Original geographic-location label retained; not an inference-region assignment.
Ahuja2024:CWD21	longitude	-70.27	biosample	https://www.ncbi.nlm.nih.gov/biosample/SAMN32803059	Attributes/Attribute[@attribute_name='lat_lon']	SAMN32803059	Hemisphere sign applied; no geographic correction inferred.
Ahuja2024:CWD21	specimen_voucher	YPM:IZ:35041	biosample	https://www.ncbi.nlm.nih.gov/biosample/SAMN32803059	Attributes/Attribute[@attribute_name='specimen_voucher']	SAMN32803059	
Ahuja2024:CWD21	tissue	siphosome	biosample	https://www.ncbi.nlm.nih.gov/biosample/SAMN32803059	Attributes/Attribute[@attribute_name='tissue']	SAMN32803059	
Ahuja2024:CWD3	biosample	SAMN32803031	biosample	https://www.ncbi.nlm.nih.gov/biosample/SAMN32803031	BioSample/@accession	SAMN32803031	
Ahuja2024:CWD3	collection_date	2002-09-17	biosample	https://www.ncbi.nlm.nih.gov/biosample/SAMN32803031	Attributes/Attribute[@attribute_name='collection_date']	SAMN32803031	
Ahuja2024:CWD3	collection_depth_source	https://www.ncbi.nlm.nih.gov/biosample/SAMN32803031	biosample	https://www.ncbi.nlm.nih.gov/biosample/SAMN32803031	Attributes/Attribute[@attribute_name='depth']	SAMN32803031	
Ahuja2024:CWD3	depth_m	10	biosample	https://www.ncbi.nlm.nih.gov/biosample/SAMN32803031	Attributes/Attribute[@attribute_name='depth']	SAMN32803031	Explicit metre unit retained; source depth definition otherwise unchanged.
Ahuja2024:CWD3	depth_original	10 meters	biosample	https://www.ncbi.nlm.nih.gov/biosample/SAMN32803031	Attributes/Attribute[@attribute_name='depth']	SAMN32803031	
Ahuja2024:CWD3	lat_long_raw	38.17 N 72.98 W	biosample	https://www.ncbi.nlm.nih.gov/biosample/SAMN32803031	Attributes/Attribute[@attribute_name='lat_lon']	SAMN32803031	
Ahuja2024:CWD3	latitude	38.17	biosample	https://www.ncbi.nlm.nih.gov/biosample/SAMN32803031	Attributes/Attribute[@attribute_name='lat_lon']	SAMN32803031	Hemisphere sign applied; no geographic correction inferred.
Ahuja2024:CWD3	locality	Atlantic Ocean	biosample	https://www.ncbi.nlm.nih.gov/biosample/SAMN32803031	Attributes/Attribute[@attribute_name='geo_loc_name']	SAMN32803031	Original geographic-location label retained; not an inference-region assignment.
Ahuja2024:CWD3	longitude	-72.98	biosample	https://www.ncbi.nlm.nih.gov/biosample/SAMN32803031	Attributes/Attribute[@attribute_name='lat_lon']	SAMN32803031	Hemisphere sign applied; no geographic correction inferred.
Ahuja2024:CWD3	specimen_voucher	YPM:IZ:35030	biosample	https://www.ncbi.nlm.nih.gov/biosample/SAMN32803031	Attributes/Attribute[@attribute_name='specimen_voucher']	SAMN32803031	
Ahuja2024:CWD3	tissue	siphosome	biosample	https://www.ncbi.nlm.nih.gov/biosample/SAMN32803031	Attributes/Attribute[@attribute_name='tissue']	SAMN32803031	
Ahuja2024:CWD6	biosample	SAMN32803038	biosample	https://www.ncbi.nlm.nih.gov/biosample/SAMN32803038	BioSample/@accession	SAMN32803038	
Ahuja2024:CWD6	collection_date	2002-06-11	biosample	https://www.ncbi.nlm.nih.gov/biosample/SAMN32803038	Attributes/Attribute[@attribute_name='collection_date']	SAMN32803038	
Ahuja2024:CWD6	collection_depth_source	https://www.ncbi.nlm.nih.gov/biosample/SAMN32803038	biosample	https://www.ncbi.nlm.nih.gov/biosample/SAMN32803038	Attributes/Attribute[@attribute_name='depth']	SAMN32803038	
Ahuja2024:CWD6	depth_m	10	biosample	https://www.ncbi.nlm.nih.gov/biosample/SAMN32803038	Attributes/Attribute[@attribute_name='depth']	SAMN32803038	Explicit metre unit retained; source depth definition otherwise unchanged.
Ahuja2024:CWD6	depth_original	10 meters	biosample	https://www.ncbi.nlm.nih.gov/biosample/SAMN32803038	Attributes/Attribute[@attribute_name='depth']	SAMN32803038	
Ahuja2024:CWD6	lat_long_raw	37.68 N 73.13 W	biosample	https://www.ncbi.nlm.nih.gov/biosample/SAMN32803038	Attributes/Attribute[@attribute_name='lat_lon']	SAMN32803038	
Ahuja2024:CWD6	latitude	37.68	biosample	https://www.ncbi.nlm.nih.gov/biosample/SAMN32803038	Attributes/Attribute[@attribute_name='lat_lon']	SAMN32803038	Hemisphere sign applied; no geographic correction inferred.
Ahuja2024:CWD6	locality	Atlantic Ocean	biosample	https://www.ncbi.nlm.nih.gov/biosample/SAMN32803038	Attributes/Attribute[@attribute_name='geo_loc_name']	SAMN32803038	Original geographic-location label retained; not an inference-region assignment.
Ahuja2024:CWD6	longitude	-73.13	biosample	https://www.ncbi.nlm.nih.gov/biosample/SAMN32803038	Attributes/Attribute[@attribute_name='lat_lon']	SAMN32803038	Hemisphere sign applied; no geographic correction inferred.
Ahuja2024:CWD6	specimen_voucher	YPM:IZ:35032	biosample	https://www.ncbi.nlm.nih.gov/biosample/SAMN32803038	Attributes/Attribute[@attribute_name='specimen_voucher']	SAMN32803038	
Ahuja2024:CWD6	tissue	siphosome	biosample	https://www.ncbi.nlm.nih.gov/biosample/SAMN32803038	Attributes/Attribute[@attribute_name='tissue']	SAMN32803038	
Ahuja2024:CWD7	biosample	SAMN32803040	biosample	https://www.ncbi.nlm.nih.gov/biosample/SAMN32803040	BioSample/@accession	SAMN32803040	
Ahuja2024:CWD7	collection_date	2002-09-19	biosample	https://www.ncbi.nlm.nih.gov/biosample/SAMN32803040	Attributes/Attribute[@attribute_name='collection_date']	SAMN32803040	
Ahuja2024:CWD7	collection_depth_source	https://www.ncbi.nlm.nih.gov/biosample/SAMN32803040	biosample	https://www.ncbi.nlm.nih.gov/biosample/SAMN32803040	Attributes/Attribute[@attribute_name='depth']	SAMN32803040	
Ahuja2024:CWD7	depth_m	10	biosample	https://www.ncbi.nlm.nih.gov/biosample/SAMN32803040	Attributes/Attribute[@attribute_name='depth']	SAMN32803040	Explicit metre unit retained; source depth definition otherwise unchanged.
Ahuja2024:CWD7	depth_original	10 meters	biosample	https://www.ncbi.nlm.nih.gov/biosample/SAMN32803040	Attributes/Attribute[@attribute_name='depth']	SAMN32803040	
Ahuja2024:CWD7	lat_long_raw	36.98 N 73.85 W	biosample	https://www.ncbi.nlm.nih.gov/biosample/SAMN32803040	Attributes/Attribute[@attribute_name='lat_lon']	SAMN32803040	
Ahuja2024:CWD7	latitude	36.98	biosample	https://www.ncbi.nlm.nih.gov/biosample/SAMN32803040	Attributes/Attribute[@attribute_name='lat_lon']	SAMN32803040	Hemisphere sign applied; no geographic correction inferred.
Ahuja2024:CWD7	locality	Atlantic Ocean	biosample	https://www.ncbi.nlm.nih.gov/biosample/SAMN32803040	Attributes/Attribute[@attribute_name='geo_loc_name']	SAMN32803040	Original geographic-location label retained; not an inference-region assignment.
Ahuja2024:CWD7	longitude	-73.85	biosample	https://www.ncbi.nlm.nih.gov/biosample/SAMN32803040	Attributes/Attribute[@attribute_name='lat_lon']	SAMN32803040	Hemisphere sign applied; no geographic correction inferred.
Ahuja2024:CWD7	specimen_voucher	YPM:IZ:35033	biosample	https://www.ncbi.nlm.nih.gov/biosample/SAMN32803040	Attributes/Attribute[@attribute_name='specimen_voucher']	SAMN32803040	
Ahuja2024:CWD7	tissue	siphosome	biosample	https://www.ncbi.nlm.nih.gov/biosample/SAMN32803040	Attributes/Attribute[@attribute_name='tissue']	SAMN32803040	
Ahuja2024:NA1	biosample	SAMN32803037	biosample	https://www.ncbi.nlm.nih.gov/biosample/SAMN32803037	BioSample/@accession	SAMN32803037	
Ahuja2024:NA1	collection_date	2021-10-29	biosample	https://www.ncbi.nlm.nih.gov/biosample/SAMN32803037	Attributes/Attribute[@attribute_name='collection_date']	SAMN32803037	
Ahuja2024:NA1	collection_depth_source	https://www.ncbi.nlm.nih.gov/biosample/SAMN32803037	biosample	https://www.ncbi.nlm.nih.gov/biosample/SAMN32803037	Attributes/Attribute[@attribute_name='depth']	SAMN32803037	
Ahuja2024:NA1	depth_m	964	biosample	https://www.ncbi.nlm.nih.gov/biosample/SAMN32803037	Attributes/Attribute[@attribute_name='depth']	SAMN32803037	Explicit metre unit retained; source depth definition otherwise unchanged.
Ahuja2024:NA1	depth_original	964 meters	biosample	https://www.ncbi.nlm.nih.gov/biosample/SAMN32803037	Attributes/Attribute[@attribute_name='depth']	SAMN32803037	
Ahuja2024:NA1	lat_long_raw	36.224784 N 123.14242 W	biosample	https://www.ncbi.nlm.nih.gov/biosample/SAMN32803037	Attributes/Attribute[@attribute_name='lat_lon']	SAMN32803037	
Ahuja2024:NA1	latitude	36.224784	biosample	https://www.ncbi.nlm.nih.gov/biosample/SAMN32803037	Attributes/Attribute[@attribute_name='lat_lon']	SAMN32803037	Hemisphere sign applied; no geographic correction inferred.
Ahuja2024:NA1	locality	Pacific Ocean	biosample	https://www.ncbi.nlm.nih.gov/biosample/SAMN32803037	Attributes/Attribute[@attribute_name='geo_loc_name']	SAMN32803037	Original geographic-location label retained; not an inference-region assignment.
Ahuja2024:NA1	longitude	-123.14242	biosample	https://www.ncbi.nlm.nih.gov/biosample/SAMN32803037	Attributes/Attribute[@attribute_name='lat_lon']	SAMN32803037	Hemisphere sign applied; no geographic correction inferred.
Ahuja2024:NA1	specimen_voucher	YPM:IZ:110225	biosample	https://www.ncbi.nlm.nih.gov/biosample/SAMN32803037	Attributes/Attribute[@attribute_name='specimen_voucher']	SAMN32803037	
Ahuja2024:NA1	tissue	siphosome	biosample	https://www.ncbi.nlm.nih.gov/biosample/SAMN32803037	Attributes/Attribute[@attribute_name='tissue']	SAMN32803037	
Ahuja2024:NA10	biosample	SAMN32803055	biosample	https://www.ncbi.nlm.nih.gov/biosample/SAMN32803055	BioSample/@accession	SAMN32803055	
Ahuja2024:NA10	collection_date	2006-05-16	biosample	https://www.ncbi.nlm.nih.gov/biosample/SAMN32803055	Attributes/Attribute[@attribute_name='collection_date']	SAMN32803055	
Ahuja2024:NA10	collection_depth_source	https://www.ncbi.nlm.nih.gov/biosample/SAMN32803055	biosample	https://www.ncbi.nlm.nih.gov/biosample/SAMN32803055	Attributes/Attribute[@attribute_name='depth']	SAMN32803055	
Ahuja2024:NA10	depth_m	286.25	biosample	https://www.ncbi.nlm.nih.gov/biosample/SAMN32803055	Attributes/Attribute[@attribute_name='depth']	SAMN32803055	Explicit metre unit retained; source depth definition otherwise unchanged.
Ahuja2024:NA10	depth_original	286.25 meters	biosample	https://www.ncbi.nlm.nih.gov/biosample/SAMN32803055	Attributes/Attribute[@attribute_name='depth']	SAMN32803055	
Ahuja2024:NA10	lat_long_raw	35.648785 N 122.737913 W	biosample	https://www.ncbi.nlm.nih.gov/biosample/SAMN32803055	Attributes/Attribute[@attribute_name='lat_lon']	SAMN32803055	
Ahuja2024:NA10	latitude	35.648785	biosample	https://www.ncbi.nlm.nih.gov/biosample/SAMN32803055	Attributes/Attribute[@attribute_name='lat_lon']	SAMN32803055	Hemisphere sign applied; no geographic correction inferred.
Ahuja2024:NA10	locality	Pacific Ocean	biosample	https://www.ncbi.nlm.nih.gov/biosample/SAMN32803055	Attributes/Attribute[@attribute_name='geo_loc_name']	SAMN32803055	Original geographic-location label retained; not an inference-region assignment.
Ahuja2024:NA10	longitude	-122.737913	biosample	https://www.ncbi.nlm.nih.gov/biosample/SAMN32803055	Attributes/Attribute[@attribute_name='lat_lon']	SAMN32803055	Hemisphere sign applied; no geographic correction inferred.
Ahuja2024:NA10	tissue	siphosome	biosample	https://www.ncbi.nlm.nih.gov/biosample/SAMN32803055	Attributes/Attribute[@attribute_name='tissue']	SAMN32803055	
Ahuja2024:NA11	biosample	SAMN32803056	biosample	https://www.ncbi.nlm.nih.gov/biosample/SAMN32803056	BioSample/@accession	SAMN32803056	
Ahuja2024:NA11	collection_date	2005-04-09	biosample	https://www.ncbi.nlm.nih.gov/biosample/SAMN32803056	Attributes/Attribute[@attribute_name='collection_date']	SAMN32803056	
Ahuja2024:NA11	collection_depth_source	https://www.ncbi.nlm.nih.gov/biosample/SAMN32803056	biosample	https://www.ncbi.nlm.nih.gov/biosample/SAMN32803056	Attributes/Attribute[@attribute_name='depth']	SAMN32803056	
Ahuja2024:NA11	depth_m	235	biosample	https://www.ncbi.nlm.nih.gov/biosample/SAMN32803056	Attributes/Attribute[@attribute_name='depth']	SAMN32803056	Explicit metre unit retained; source depth definition otherwise unchanged.
Ahuja2024:NA11	depth_original	235 meters	biosample	https://www.ncbi.nlm.nih.gov/biosample/SAMN32803056	Attributes/Attribute[@attribute_name='depth']	SAMN32803056	
Ahuja2024:NA11	lat_long_raw	36.6990 N 122.0578 W	biosample	https://www.ncbi.nlm.nih.gov/biosample/SAMN32803056	Attributes/Attribute[@attribute_name='lat_lon']	SAMN32803056	
Ahuja2024:NA11	latitude	36.699	biosample	https://www.ncbi.nlm.nih.gov/biosample/SAMN32803056	Attributes/Attribute[@attribute_name='lat_lon']	SAMN32803056	Hemisphere sign applied; no geographic correction inferred.
Ahuja2024:NA11	locality	Pacific Ocean	biosample	https://www.ncbi.nlm.nih.gov/biosample/SAMN32803056	Attributes/Attribute[@attribute_name='geo_loc_name']	SAMN32803056	Original geographic-location label retained; not an inference-region assignment.
Ahuja2024:NA11	longitude	-122.0578	biosample	https://www.ncbi.nlm.nih.gov/biosample/SAMN32803056	Attributes/Attribute[@attribute_name='lat_lon']	SAMN32803056	Hemisphere sign applied; no geographic correction inferred.
Ahuja2024:NA11	tissue	siphosome	biosample	https://www.ncbi.nlm.nih.gov/biosample/SAMN32803056	Attributes/Attribute[@attribute_name='tissue']	SAMN32803056	
Ahuja2024:NA2	biosample	SAMN32803052	biosample	https://www.ncbi.nlm.nih.gov/biosample/SAMN32803052	BioSample/@accession	SAMN32803052	
Ahuja2024:NA2	collection_date	2021-10-30	biosample	https://www.ncbi.nlm.nih.gov/biosample/SAMN32803052	Attributes/Attribute[@attribute_name='collection_date']	SAMN32803052	
Ahuja2024:NA2	collection_depth_source	https://www.ncbi.nlm.nih.gov/biosample/SAMN32803052	biosample	https://www.ncbi.nlm.nih.gov/biosample/SAMN32803052	Attributes/Attribute[@attribute_name='depth']	SAMN32803052	
Ahuja2024:NA2	depth_m	600	biosample	https://www.ncbi.nlm.nih.gov/biosample/SAMN32803052	Attributes/Attribute[@attribute_name='depth']	SAMN32803052	Explicit metre unit retained; source depth definition otherwise unchanged.
Ahuja2024:NA2	depth_original	600 meters	biosample	https://www.ncbi.nlm.nih.gov/biosample/SAMN32803052	Attributes/Attribute[@attribute_name='depth']	SAMN32803052	
Ahuja2024:NA2	lat_long_raw	36.698 N 122.0716 W	biosample	https://www.ncbi.nlm.nih.gov/biosample/SAMN32803052	Attributes/Attribute[@attribute_name='lat_lon']	SAMN32803052	
Ahuja2024:NA2	latitude	36.698	biosample	https://www.ncbi.nlm.nih.gov/biosample/SAMN32803052	Attributes/Attribute[@attribute_name='lat_lon']	SAMN32803052	Hemisphere sign applied; no geographic correction inferred.
Ahuja2024:NA2	locality	Pacific Ocean	biosample	https://www.ncbi.nlm.nih.gov/biosample/SAMN32803052	Attributes/Attribute[@attribute_name='geo_loc_name']	SAMN32803052	Original geographic-location label retained; not an inference-region assignment.
Ahuja2024:NA2	longitude	-122.0716	biosample	https://www.ncbi.nlm.nih.gov/biosample/SAMN32803052	Attributes/Attribute[@attribute_name='lat_lon']	SAMN32803052	Hemisphere sign applied; no geographic correction inferred.
Ahuja2024:NA2	tissue	siphosome	biosample	https://www.ncbi.nlm.nih.gov/biosample/SAMN32803052	Attributes/Attribute[@attribute_name='tissue']	SAMN32803052	
Ahuja2024:NA3	biosample	SAMN32803042	biosample	https://www.ncbi.nlm.nih.gov/biosample/SAMN32803042	BioSample/@accession	SAMN32803042	
Ahuja2024:NA3	collection_date	2021-10-30	biosample	https://www.ncbi.nlm.nih.gov/biosample/SAMN32803042	Attributes/Attribute[@attribute_name='collection_date']	SAMN32803042	
Ahuja2024:NA3	collection_depth_source	https://www.ncbi.nlm.nih.gov/biosample/SAMN32803042	biosample	https://www.ncbi.nlm.nih.gov/biosample/SAMN32803042	Attributes/Attribute[@attribute_name='depth']	SAMN32803042	
Ahuja2024:NA3	depth_m	349	biosample	https://www.ncbi.nlm.nih.gov/biosample/SAMN32803042	Attributes/Attribute[@attribute_name='depth']	SAMN32803042	Explicit metre unit retained; source depth definition otherwise unchanged.
Ahuja2024:NA3	depth_original	349 meters	biosample	https://www.ncbi.nlm.nih.gov/biosample/SAMN32803042	Attributes/Attribute[@attribute_name='depth']	SAMN32803042	
Ahuja2024:NA3	lat_long_raw	36.697 N 122.0724 W	biosample	https://www.ncbi.nlm.nih.gov/biosample/SAMN32803042	Attributes/Attribute[@attribute_name='lat_lon']	SAMN32803042	
Ahuja2024:NA3	latitude	36.697	biosample	https://www.ncbi.nlm.nih.gov/biosample/SAMN32803042	Attributes/Attribute[@attribute_name='lat_lon']	SAMN32803042	Hemisphere sign applied; no geographic correction inferred.
Ahuja2024:NA3	locality	Pacific Ocean	biosample	https://www.ncbi.nlm.nih.gov/biosample/SAMN32803042	Attributes/Attribute[@attribute_name='geo_loc_name']	SAMN32803042	Original geographic-location label retained; not an inference-region assignment.
Ahuja2024:NA3	longitude	-122.0724	biosample	https://www.ncbi.nlm.nih.gov/biosample/SAMN32803042	Attributes/Attribute[@attribute_name='lat_lon']	SAMN32803042	Hemisphere sign applied; no geographic correction inferred.
Ahuja2024:NA3	tissue	siphosome	biosample	https://www.ncbi.nlm.nih.gov/biosample/SAMN32803042	Attributes/Attribute[@attribute_name='tissue']	SAMN32803042	
Ahuja2024:NA4	biosample	SAMN32803053	biosample	https://www.ncbi.nlm.nih.gov/biosample/SAMN32803053	BioSample/@accession	SAMN32803053	
Ahuja2024:NA4	collection_date	2021-10-30	biosample	https://www.ncbi.nlm.nih.gov/biosample/SAMN32803053	Attributes/Attribute[@attribute_name='collection_date']	SAMN32803053	
Ahuja2024:NA4	collection_depth_source	https://www.ncbi.nlm.nih.gov/biosample/SAMN32803053	biosample	https://www.ncbi.nlm.nih.gov/biosample/SAMN32803053	Attributes/Attribute[@attribute_name='depth']	SAMN32803053	
Ahuja2024:NA4	depth_m	249	biosample	https://www.ncbi.nlm.nih.gov/biosample/SAMN32803053	Attributes/Attribute[@attribute_name='depth']	SAMN32803053	Explicit metre unit retained; source depth definition otherwise unchanged.
Ahuja2024:NA4	depth_original	249 meters	biosample	https://www.ncbi.nlm.nih.gov/biosample/SAMN32803053	Attributes/Attribute[@attribute_name='depth']	SAMN32803053	
Ahuja2024:NA4	lat_long_raw	36.2235 N 123.143176 W	biosample	https://www.ncbi.nlm.nih.gov/biosample/SAMN32803053	Attributes/Attribute[@attribute_name='lat_lon']	SAMN32803053	
Ahuja2024:NA4	latitude	36.2235	biosample	https://www.ncbi.nlm.nih.gov/biosample/SAMN32803053	Attributes/Attribute[@attribute_name='lat_lon']	SAMN32803053	Hemisphere sign applied; no geographic correction inferred.
Ahuja2024:NA4	locality	Pacific Ocean	biosample	https://www.ncbi.nlm.nih.gov/biosample/SAMN32803053	Attributes/Attribute[@attribute_name='geo_loc_name']	SAMN32803053	Original geographic-location label retained; not an inference-region assignment.
Ahuja2024:NA4	longitude	-123.143176	biosample	https://www.ncbi.nlm.nih.gov/biosample/SAMN32803053	Attributes/Attribute[@attribute_name='lat_lon']	SAMN32803053	Hemisphere sign applied; no geographic correction inferred.
Ahuja2024:NA4	tissue	siphosome	biosample	https://www.ncbi.nlm.nih.gov/biosample/SAMN32803053	Attributes/Attribute[@attribute_name='tissue']	SAMN32803053	
Ahuja2024:NA5	biosample	SAMN32803032	biosample	https://www.ncbi.nlm.nih.gov/biosample/SAMN32803032	BioSample/@accession	SAMN32803032	
Ahuja2024:NA5	collection_date	2021-10-30	biosample	https://www.ncbi.nlm.nih.gov/biosample/SAMN32803032	Attributes/Attribute[@attribute_name='collection_date']	SAMN32803032	
Ahuja2024:NA5	collection_depth_source	https://www.ncbi.nlm.nih.gov/biosample/SAMN32803032	biosample	https://www.ncbi.nlm.nih.gov/biosample/SAMN32803032	Attributes/Attribute[@attribute_name='depth']	SAMN32803032	
Ahuja2024:NA5	depth_m	556	biosample	https://www.ncbi.nlm.nih.gov/biosample/SAMN32803032	Attributes/Attribute[@attribute_name='depth']	SAMN32803032	Explicit metre unit retained; source depth definition otherwise unchanged.
Ahuja2024:NA5	depth_original	556 meters	biosample	https://www.ncbi.nlm.nih.gov/biosample/SAMN32803032	Attributes/Attribute[@attribute_name='depth']	SAMN32803032	
Ahuja2024:NA5	lat_long_raw	36.698 N 122.0719 W	biosample	https://www.ncbi.nlm.nih.gov/biosample/SAMN32803032	Attributes/Attribute[@attribute_name='lat_lon']	SAMN32803032	
Ahuja2024:NA5	latitude	36.698	biosample	https://www.ncbi.nlm.nih.gov/biosample/SAMN32803032	Attributes/Attribute[@attribute_name='lat_lon']	SAMN32803032	Hemisphere sign applied; no geographic correction inferred.
Ahuja2024:NA5	locality	Pacific Ocean	biosample	https://www.ncbi.nlm.nih.gov/biosample/SAMN32803032	Attributes/Attribute[@attribute_name='geo_loc_name']	SAMN32803032	Original geographic-location label retained; not an inference-region assignment.
Ahuja2024:NA5	longitude	-122.0719	biosample	https://www.ncbi.nlm.nih.gov/biosample/SAMN32803032	Attributes/Attribute[@attribute_name='lat_lon']	SAMN32803032	Hemisphere sign applied; no geographic correction inferred.
Ahuja2024:NA5	tissue	siphosome	biosample	https://www.ncbi.nlm.nih.gov/biosample/SAMN32803032	Attributes/Attribute[@attribute_name='tissue']	SAMN32803032	
Ahuja2024:NA6	biosample	SAMN32803039	biosample	https://www.ncbi.nlm.nih.gov/biosample/SAMN32803039	BioSample/@accession	SAMN32803039	
Ahuja2024:NA6	collection_date	2021-09-23	biosample	https://www.ncbi.nlm.nih.gov/biosample/SAMN32803039	Attributes/Attribute[@attribute_name='collection_date']	SAMN32803039	
Ahuja2024:NA6	collection_depth_source	https://www.ncbi.nlm.nih.gov/biosample/SAMN32803039	biosample	https://www.ncbi.nlm.nih.gov/biosample/SAMN32803039	Attributes/Attribute[@attribute_name='depth']	SAMN32803039	
Ahuja2024:NA6	depth_m	467	biosample	https://www.ncbi.nlm.nih.gov/biosample/SAMN32803039	Attributes/Attribute[@attribute_name='depth']	SAMN32803039	Explicit metre unit retained; source depth definition otherwise unchanged.
Ahuja2024:NA6	depth_original	467 meters	biosample	https://www.ncbi.nlm.nih.gov/biosample/SAMN32803039	Attributes/Attribute[@attribute_name='depth']	SAMN32803039	
Ahuja2024:NA6	lat_long_raw	36.6844 N 122.072 W	biosample	https://www.ncbi.nlm.nih.gov/biosample/SAMN32803039	Attributes/Attribute[@attribute_name='lat_lon']	SAMN32803039	
Ahuja2024:NA6	latitude	36.6844	biosample	https://www.ncbi.nlm.nih.gov/biosample/SAMN32803039	Attributes/Attribute[@attribute_name='lat_lon']	SAMN32803039	Hemisphere sign applied; no geographic correction inferred.
Ahuja2024:NA6	locality	Pacific Ocean	biosample	https://www.ncbi.nlm.nih.gov/biosample/SAMN32803039	Attributes/Attribute[@attribute_name='geo_loc_name']	SAMN32803039	Original geographic-location label retained; not an inference-region assignment.
Ahuja2024:NA6	longitude	-122.072	biosample	https://www.ncbi.nlm.nih.gov/biosample/SAMN32803039	Attributes/Attribute[@attribute_name='lat_lon']	SAMN32803039	Hemisphere sign applied; no geographic correction inferred.
Ahuja2024:NA6	tissue	siphosome	biosample	https://www.ncbi.nlm.nih.gov/biosample/SAMN32803039	Attributes/Attribute[@attribute_name='tissue']	SAMN32803039	
Ahuja2024:NA7	biosample	SAMN32803048	biosample	https://www.ncbi.nlm.nih.gov/biosample/SAMN32803048	BioSample/@accession	SAMN32803048	
Ahuja2024:NA7	collection_date	2021-09-23	biosample	https://www.ncbi.nlm.nih.gov/biosample/SAMN32803048	Attributes/Attribute[@attribute_name='collection_date']	SAMN32803048	
Ahuja2024:NA7	collection_depth_source	https://www.ncbi.nlm.nih.gov/biosample/SAMN32803048	biosample	https://www.ncbi.nlm.nih.gov/biosample/SAMN32803048	Attributes/Attribute[@attribute_name='depth']	SAMN32803048	
Ahuja2024:NA7	depth_m	417	biosample	https://www.ncbi.nlm.nih.gov/biosample/SAMN32803048	Attributes/Attribute[@attribute_name='depth']	SAMN32803048	Explicit metre unit retained; source depth definition otherwise unchanged.
Ahuja2024:NA7	depth_original	417 meters	biosample	https://www.ncbi.nlm.nih.gov/biosample/SAMN32803048	Attributes/Attribute[@attribute_name='depth']	SAMN32803048	
Ahuja2024:NA7	lat_long_raw	36.6842 N 122.0727 W	biosample	https://www.ncbi.nlm.nih.gov/biosample/SAMN32803048	Attributes/Attribute[@attribute_name='lat_lon']	SAMN32803048	
Ahuja2024:NA7	latitude	36.6842	biosample	https://www.ncbi.nlm.nih.gov/biosample/SAMN32803048	Attributes/Attribute[@attribute_name='lat_lon']	SAMN32803048	Hemisphere sign applied; no geographic correction inferred.
Ahuja2024:NA7	locality	Pacific Ocean	biosample	https://www.ncbi.nlm.nih.gov/biosample/SAMN32803048	Attributes/Attribute[@attribute_name='geo_loc_name']	SAMN32803048	Original geographic-location label retained; not an inference-region assignment.
Ahuja2024:NA7	longitude	-122.0727	biosample	https://www.ncbi.nlm.nih.gov/biosample/SAMN32803048	Attributes/Attribute[@attribute_name='lat_lon']	SAMN32803048	Hemisphere sign applied; no geographic correction inferred.
Ahuja2024:NA7	tissue	siphosome	biosample	https://www.ncbi.nlm.nih.gov/biosample/SAMN32803048	Attributes/Attribute[@attribute_name='tissue']	SAMN32803048	
Ahuja2024:NA8	biosample	SAMN32803035	biosample	https://www.ncbi.nlm.nih.gov/biosample/SAMN32803035	BioSample/@accession	SAMN32803035	
Ahuja2024:NA8	collection_date	2021-10-29	biosample	https://www.ncbi.nlm.nih.gov/biosample/SAMN32803035	Attributes/Attribute[@attribute_name='collection_date']	SAMN32803035	
Ahuja2024:NA8	collection_depth_source	https://www.ncbi.nlm.nih.gov/biosample/SAMN32803035	biosample	https://www.ncbi.nlm.nih.gov/biosample/SAMN32803035	Attributes/Attribute[@attribute_name='depth']	SAMN32803035	
Ahuja2024:NA8	depth_m	1299	biosample	https://www.ncbi.nlm.nih.gov/biosample/SAMN32803035	Attributes/Attribute[@attribute_name='depth']	SAMN32803035	Explicit metre unit retained; source depth definition otherwise unchanged.
Ahuja2024:NA8	depth_original	1299 meters	biosample	https://www.ncbi.nlm.nih.gov/biosample/SAMN32803035	Attributes/Attribute[@attribute_name='depth']	SAMN32803035	
Ahuja2024:NA8	lat_long_raw	36.225 N 123.1424 W	biosample	https://www.ncbi.nlm.nih.gov/biosample/SAMN32803035	Attributes/Attribute[@attribute_name='lat_lon']	SAMN32803035	
Ahuja2024:NA8	latitude	36.225	biosample	https://www.ncbi.nlm.nih.gov/biosample/SAMN32803035	Attributes/Attribute[@attribute_name='lat_lon']	SAMN32803035	Hemisphere sign applied; no geographic correction inferred.
Ahuja2024:NA8	locality	Pacific Ocean	biosample	https://www.ncbi.nlm.nih.gov/biosample/SAMN32803035	Attributes/Attribute[@attribute_name='geo_loc_name']	SAMN32803035	Original geographic-location label retained; not an inference-region assignment.
Ahuja2024:NA8	longitude	-123.1424	biosample	https://www.ncbi.nlm.nih.gov/biosample/SAMN32803035	Attributes/Attribute[@attribute_name='lat_lon']	SAMN32803035	Hemisphere sign applied; no geographic correction inferred.
Ahuja2024:NA8	specimen_voucher	YPM:IZ:110226	biosample	https://www.ncbi.nlm.nih.gov/biosample/SAMN32803035	Attributes/Attribute[@attribute_name='specimen_voucher']	SAMN32803035	
Ahuja2024:NA8	tissue	siphosome	biosample	https://www.ncbi.nlm.nih.gov/biosample/SAMN32803035	Attributes/Attribute[@attribute_name='tissue']	SAMN32803035	
Ahuja2024:NA9	biosample	SAMN32803043	biosample	https://www.ncbi.nlm.nih.gov/biosample/SAMN32803043	BioSample/@accession	SAMN32803043	
Ahuja2024:NA9	collection_date	2010-10-12	biosample	https://www.ncbi.nlm.nih.gov/biosample/SAMN32803043	Attributes/Attribute[@attribute_name='collection_date']	SAMN32803043	
Ahuja2024:NA9	collection_depth_source	https://www.ncbi.nlm.nih.gov/biosample/SAMN32803043	biosample	https://www.ncbi.nlm.nih.gov/biosample/SAMN32803043	Attributes/Attribute[@attribute_name='depth']	SAMN32803043	
Ahuja2024:NA9	depth_m	420	biosample	https://www.ncbi.nlm.nih.gov/biosample/SAMN32803043	Attributes/Attribute[@attribute_name='depth']	SAMN32803043	Explicit metre unit retained; source depth definition otherwise unchanged.
Ahuja2024:NA9	depth_original	420 meters	biosample	https://www.ncbi.nlm.nih.gov/biosample/SAMN32803043	Attributes/Attribute[@attribute_name='depth']	SAMN32803043	
Ahuja2024:NA9	lat_long_raw	36.6996 N 122.0999 W	biosample	https://www.ncbi.nlm.nih.gov/biosample/SAMN32803043	Attributes/Attribute[@attribute_name='lat_lon']	SAMN32803043	
Ahuja2024:NA9	latitude	36.6996	biosample	https://www.ncbi.nlm.nih.gov/biosample/SAMN32803043	Attributes/Attribute[@attribute_name='lat_lon']	SAMN32803043	Hemisphere sign applied; no geographic correction inferred.
Ahuja2024:NA9	locality	Pacific Ocean	biosample	https://www.ncbi.nlm.nih.gov/biosample/SAMN32803043	Attributes/Attribute[@attribute_name='geo_loc_name']	SAMN32803043	Original geographic-location label retained; not an inference-region assignment.
Ahuja2024:NA9	longitude	-122.0999	biosample	https://www.ncbi.nlm.nih.gov/biosample/SAMN32803043	Attributes/Attribute[@attribute_name='lat_lon']	SAMN32803043	Hemisphere sign applied; no geographic correction inferred.
Ahuja2024:NA9	tissue	siphosome	biosample	https://www.ncbi.nlm.nih.gov/biosample/SAMN32803043	Attributes/Attribute[@attribute_name='tissue']	SAMN32803043	
Ahuja2026:NA19	biosample	SAMN32803049	biosample	https://www.ncbi.nlm.nih.gov/biosample/SAMN32803049	BioSample/@accession	SAMN32803049	
Ahuja2026:NA19	collection_date	2013-02-11	biosample	https://www.ncbi.nlm.nih.gov/biosample/SAMN32803049	Attributes/Attribute[@attribute_name='collection_date']	SAMN32803049	
Ahuja2026:NA19	collection_depth_source	https://www.ncbi.nlm.nih.gov/biosample/SAMN32803049	biosample	https://www.ncbi.nlm.nih.gov/biosample/SAMN32803049	Attributes/Attribute[@attribute_name='depth']	SAMN32803049	
Ahuja2026:NA19	depth_m	297	biosample	https://www.ncbi.nlm.nih.gov/biosample/SAMN32803049	Attributes/Attribute[@attribute_name='depth']	SAMN32803049	Explicit metre unit retained; source depth definition otherwise unchanged.
Ahuja2026:NA19	depth_original	297 meters	biosample	https://www.ncbi.nlm.nih.gov/biosample/SAMN32803049	Attributes/Attribute[@attribute_name='depth']	SAMN32803049	
Ahuja2026:NA19	lat_long_raw	36.698983 N 122.050126 W	biosample	https://www.ncbi.nlm.nih.gov/biosample/SAMN32803049	Attributes/Attribute[@attribute_name='lat_lon']	SAMN32803049	
Ahuja2026:NA19	latitude	36.698983	biosample	https://www.ncbi.nlm.nih.gov/biosample/SAMN32803049	Attributes/Attribute[@attribute_name='lat_lon']	SAMN32803049	Hemisphere sign applied; no geographic correction inferred.
Ahuja2026:NA19	locality	Pacific Ocean	biosample	https://www.ncbi.nlm.nih.gov/biosample/SAMN32803049	Attributes/Attribute[@attribute_name='geo_loc_name']	SAMN32803049	Original geographic-location label retained; not an inference-region assignment.
Ahuja2026:NA19	longitude	-122.050126	biosample	https://www.ncbi.nlm.nih.gov/biosample/SAMN32803049	Attributes/Attribute[@attribute_name='lat_lon']	SAMN32803049	Hemisphere sign applied; no geographic correction inferred.
Ahuja2026:NA19	tissue	siphosome	biosample	https://www.ncbi.nlm.nih.gov/biosample/SAMN32803049	Attributes/Attribute[@attribute_name='tissue']	SAMN32803049	
Ahuja2026:NA28	biosample	SAMN48043655	biosample	https://www.ncbi.nlm.nih.gov/biosample/SAMN48043655	BioSample/@accession	SAMN48043655	
Ahuja2026:NA28	collection_date	2013-08-30	biosample	https://www.ncbi.nlm.nih.gov/biosample/SAMN48043655	Attributes/Attribute[@attribute_name='collection_date']	SAMN48043655	
Ahuja2026:NA28	collection_depth_source	https://www.ncbi.nlm.nih.gov/biosample/SAMN48043655	biosample	https://www.ncbi.nlm.nih.gov/biosample/SAMN48043655	Attributes/Attribute[@attribute_name='depth']	SAMN48043655	
Ahuja2026:NA28	depth_max_m	20	biosample	https://www.ncbi.nlm.nih.gov/biosample/SAMN48043655	Attributes/Attribute[@attribute_name='depth']	SAMN48043655	Explicit metre interval; no midpoint imputed.
Ahuja2026:NA28	depth_min_m	0	biosample	https://www.ncbi.nlm.nih.gov/biosample/SAMN48043655	Attributes/Attribute[@attribute_name='depth']	SAMN48043655	Explicit metre interval; no midpoint imputed.
Ahuja2026:NA28	depth_original	0-20 m	biosample	https://www.ncbi.nlm.nih.gov/biosample/SAMN48043655	Attributes/Attribute[@attribute_name='depth']	SAMN48043655	
Ahuja2026:NA28	lat_long_raw	41.036 N 71.399 W	biosample	https://www.ncbi.nlm.nih.gov/biosample/SAMN48043655	Attributes/Attribute[@attribute_name='lat_lon']	SAMN48043655	
Ahuja2026:NA28	latitude	41.036	biosample	https://www.ncbi.nlm.nih.gov/biosample/SAMN48043655	Attributes/Attribute[@attribute_name='lat_lon']	SAMN48043655	Hemisphere sign applied; no geographic correction inferred.
Ahuja2026:NA28	locality	Atlantic Ocean	biosample	https://www.ncbi.nlm.nih.gov/biosample/SAMN48043655	Attributes/Attribute[@attribute_name='geo_loc_name']	SAMN48043655	Original geographic-location label retained; not an inference-region assignment.
Ahuja2026:NA28	longitude	-71.399	biosample	https://www.ncbi.nlm.nih.gov/biosample/SAMN48043655	Attributes/Attribute[@attribute_name='lat_lon']	SAMN48043655	Hemisphere sign applied; no geographic correction inferred.
Ahuja2026:NA28	specimen_voucher	YPM:IZ:110451	biosample	https://www.ncbi.nlm.nih.gov/biosample/SAMN48043655	Attributes/Attribute[@attribute_name='specimen_voucher']	SAMN48043655	
Ahuja2026:NA28	tissue	siphosome	biosample	https://www.ncbi.nlm.nih.gov/biosample/SAMN48043655	Attributes/Attribute[@attribute_name='tissue']	SAMN48043655	
Ahuja2026:NA29	biosample	SAMN48043654	biosample	https://www.ncbi.nlm.nih.gov/biosample/SAMN48043654	BioSample/@accession	SAMN48043654	
Ahuja2026:NA29	collection_date	2017-03-16	biosample	https://www.ncbi.nlm.nih.gov/biosample/SAMN48043654	Attributes/Attribute[@attribute_name='collection_date']	SAMN48043654	
Ahuja2026:NA29	collection_depth_source	https://www.ncbi.nlm.nih.gov/biosample/SAMN48043654	biosample	https://www.ncbi.nlm.nih.gov/biosample/SAMN48043654	Attributes/Attribute[@attribute_name='depth']	SAMN48043654	
Ahuja2026:NA29	depth_max_m	20	biosample	https://www.ncbi.nlm.nih.gov/biosample/SAMN48043654	Attributes/Attribute[@attribute_name='depth']	SAMN48043654	Explicit metre interval; no midpoint imputed.
Ahuja2026:NA29	depth_min_m	0	biosample	https://www.ncbi.nlm.nih.gov/biosample/SAMN48043654	Attributes/Attribute[@attribute_name='depth']	SAMN48043654	Explicit metre interval; no midpoint imputed.
Ahuja2026:NA29	depth_original	0-20 m	biosample	https://www.ncbi.nlm.nih.gov/biosample/SAMN48043654	Attributes/Attribute[@attribute_name='depth']	SAMN48043654	
Ahuja2026:NA29	lat_long_raw	19.344170 N 156.075853 W	biosample	https://www.ncbi.nlm.nih.gov/biosample/SAMN48043654	Attributes/Attribute[@attribute_name='lat_lon']	SAMN48043654	
Ahuja2026:NA29	latitude	19.34417	biosample	https://www.ncbi.nlm.nih.gov/biosample/SAMN48043654	Attributes/Attribute[@attribute_name='lat_lon']	SAMN48043654	Hemisphere sign applied; no geographic correction inferred.
Ahuja2026:NA29	locality	Pacific Ocean	biosample	https://www.ncbi.nlm.nih.gov/biosample/SAMN48043654	Attributes/Attribute[@attribute_name='geo_loc_name']	SAMN48043654	Original geographic-location label retained; not an inference-region assignment.
Ahuja2026:NA29	longitude	-156.075853	biosample	https://www.ncbi.nlm.nih.gov/biosample/SAMN48043654	Attributes/Attribute[@attribute_name='lat_lon']	SAMN48043654	Hemisphere sign applied; no geographic correction inferred.
Ahuja2026:NA29	specimen_voucher	YPM:IZ:111733	biosample	https://www.ncbi.nlm.nih.gov/biosample/SAMN48043654	Attributes/Attribute[@attribute_name='specimen_voucher']	SAMN48043654	
Ahuja2026:NA29	tissue	siphosome	biosample	https://www.ncbi.nlm.nih.gov/biosample/SAMN48043654	Attributes/Attribute[@attribute_name='tissue']	SAMN48043654	
Ahuja2026:NA30	biosample	SAMN48043659	biosample	https://www.ncbi.nlm.nih.gov/biosample/SAMN48043659	BioSample/@accession	SAMN48043659	
Ahuja2026:NA30	collection_date	2011-04-01	biosample	https://www.ncbi.nlm.nih.gov/biosample/SAMN48043659	Attributes/Attribute[@attribute_name='collection_date']	SAMN48043659	
Ahuja2026:NA30	collection_depth_source	https://www.ncbi.nlm.nih.gov/biosample/SAMN48043659	biosample	https://www.ncbi.nlm.nih.gov/biosample/SAMN48043659	Attributes/Attribute[@attribute_name='depth']	SAMN48043659	
Ahuja2026:NA30	depth_max_m	20	biosample	https://www.ncbi.nlm.nih.gov/biosample/SAMN48043659	Attributes/Attribute[@attribute_name='depth']	SAMN48043659	Explicit metre interval; no midpoint imputed.
Ahuja2026:NA30	depth_min_m	0	biosample	https://www.ncbi.nlm.nih.gov/biosample/SAMN48043659	Attributes/Attribute[@attribute_name='depth']	SAMN48043659	Explicit metre interval; no midpoint imputed.
Ahuja2026:NA30	depth_original	0-20 m	biosample	https://www.ncbi.nlm.nih.gov/biosample/SAMN48043659	Attributes/Attribute[@attribute_name='depth']	SAMN48043659	
Ahuja2026:NA30	lat_long_raw	43.690000 N 7.310000 E	biosample	https://www.ncbi.nlm.nih.gov/biosample/SAMN48043659	Attributes/Attribute[@attribute_name='lat_lon']	SAMN48043659	
Ahuja2026:NA30	latitude	43.69	biosample	https://www.ncbi.nlm.nih.gov/biosample/SAMN48043659	Attributes/Attribute[@attribute_name='lat_lon']	SAMN48043659	Hemisphere sign applied; no geographic correction inferred.
Ahuja2026:NA30	locality	Mediterranean Sea	biosample	https://www.ncbi.nlm.nih.gov/biosample/SAMN48043659	Attributes/Attribute[@attribute_name='geo_loc_name']	SAMN48043659	Original geographic-location label retained; not an inference-region assignment.
Ahuja2026:NA30	longitude	7.31	biosample	https://www.ncbi.nlm.nih.gov/biosample/SAMN48043659	Attributes/Attribute[@attribute_name='lat_lon']	SAMN48043659	Hemisphere sign applied; no geographic correction inferred.
Ahuja2026:NA30	specimen_voucher	YPM:IZ:111732	biosample	https://www.ncbi.nlm.nih.gov/biosample/SAMN48043659	Attributes/Attribute[@attribute_name='specimen_voucher']	SAMN48043659	
Ahuja2026:NA30	tissue	siphosome	biosample	https://www.ncbi.nlm.nih.gov/biosample/SAMN48043659	Attributes/Attribute[@attribute_name='tissue']	SAMN48043659	
Ahuja2026:NA31	biosample	SAMN48043651	biosample	https://www.ncbi.nlm.nih.gov/biosample/SAMN48043651	BioSample/@accession	SAMN48043651	
Ahuja2026:NA31	collection_date	2010-06-18	biosample	https://www.ncbi.nlm.nih.gov/biosample/SAMN48043651	Attributes/Attribute[@attribute_name='collection_date']	SAMN48043651	
Ahuja2026:NA31	collection_depth_source	https://www.ncbi.nlm.nih.gov/biosample/SAMN48043651	biosample	https://www.ncbi.nlm.nih.gov/biosample/SAMN48043651	Attributes/Attribute[@attribute_name='depth']	SAMN48043651	
Ahuja2026:NA31	depth_max_m	20	biosample	https://www.ncbi.nlm.nih.gov/biosample/SAMN48043651	Attributes/Attribute[@attribute_name='depth']	SAMN48043651	Explicit metre interval; no midpoint imputed.
Ahuja2026:NA31	depth_min_m	0	biosample	https://www.ncbi.nlm.nih.gov/biosample/SAMN48043651	Attributes/Attribute[@attribute_name='depth']	SAMN48043651	Explicit metre interval; no midpoint imputed.
Ahuja2026:NA31	depth_original	0-20 m	biosample	https://www.ncbi.nlm.nih.gov/biosample/SAMN48043651	Attributes/Attribute[@attribute_name='depth']	SAMN48043651	
Ahuja2026:NA31	lat_long_raw	27.591667 N 111.516667 W	biosample	https://www.ncbi.nlm.nih.gov/biosample/SAMN48043651	Attributes/Attribute[@attribute_name='lat_lon']	SAMN48043651	
Ahuja2026:NA31	latitude	27.591667	biosample	https://www.ncbi.nlm.nih.gov/biosample/SAMN48043651	Attributes/Attribute[@attribute_name='lat_lon']	SAMN48043651	Hemisphere sign applied; no geographic correction inferred.
Ahuja2026:NA31	locality	Pacific Ocean:Baja	biosample	https://www.ncbi.nlm.nih.gov/biosample/SAMN48043651	Attributes/Attribute[@attribute_name='geo_loc_name']	SAMN48043651	Original geographic-location label retained; not an inference-region assignment.
Ahuja2026:NA31	longitude	-111.516667	biosample	https://www.ncbi.nlm.nih.gov/biosample/SAMN48043651	Attributes/Attribute[@attribute_name='lat_lon']	SAMN48043651	Hemisphere sign applied; no geographic correction inferred.
Ahuja2026:NA31	specimen_voucher	YPM:IZ:111742	biosample	https://www.ncbi.nlm.nih.gov/biosample/SAMN48043651	Attributes/Attribute[@attribute_name='specimen_voucher']	SAMN48043651	
Ahuja2026:NA31	tissue	siphosome	biosample	https://www.ncbi.nlm.nih.gov/biosample/SAMN48043651	Attributes/Attribute[@attribute_name='tissue']	SAMN48043651	
Ahuja2026:NA32	biosample	SAMN48043652	biosample	https://www.ncbi.nlm.nih.gov/biosample/SAMN48043652	BioSample/@accession	SAMN48043652	
Ahuja2026:NA32	collection_date	2015-03-13	biosample	https://www.ncbi.nlm.nih.gov/biosample/SAMN48043652	Attributes/Attribute[@attribute_name='collection_date']	SAMN48043652	
Ahuja2026:NA32	collection_depth_source	https://www.ncbi.nlm.nih.gov/biosample/SAMN48043652	biosample	https://www.ncbi.nlm.nih.gov/biosample/SAMN48043652	Attributes/Attribute[@attribute_name='depth']	SAMN48043652	
Ahuja2026:NA32	depth_max_m	20	biosample	https://www.ncbi.nlm.nih.gov/biosample/SAMN48043652	Attributes/Attribute[@attribute_name='depth']	SAMN48043652	Explicit metre interval; no midpoint imputed.
Ahuja2026:NA32	depth_min_m	0	biosample	https://www.ncbi.nlm.nih.gov/biosample/SAMN48043652	Attributes/Attribute[@attribute_name='depth']	SAMN48043652	Explicit metre interval; no midpoint imputed.
Ahuja2026:NA32	depth_original	0-20 m	biosample	https://www.ncbi.nlm.nih.gov/biosample/SAMN48043652	Attributes/Attribute[@attribute_name='depth']	SAMN48043652	
Ahuja2026:NA32	lat_long_raw	22.916667 N 108.116667 W	biosample	https://www.ncbi.nlm.nih.gov/biosample/SAMN48043652	Attributes/Attribute[@attribute_name='lat_lon']	SAMN48043652	
Ahuja2026:NA32	latitude	22.916667	biosample	https://www.ncbi.nlm.nih.gov/biosample/SAMN48043652	Attributes/Attribute[@attribute_name='lat_lon']	SAMN48043652	Hemisphere sign applied; no geographic correction inferred.
Ahuja2026:NA32	locality	Pacific Ocean:Baja	biosample	https://www.ncbi.nlm.nih.gov/biosample/SAMN48043652	Attributes/Attribute[@attribute_name='geo_loc_name']	SAMN48043652	Original geographic-location label retained; not an inference-region assignment.
Ahuja2026:NA32	longitude	-108.116667	biosample	https://www.ncbi.nlm.nih.gov/biosample/SAMN48043652	Attributes/Attribute[@attribute_name='lat_lon']	SAMN48043652	Hemisphere sign applied; no geographic correction inferred.
Ahuja2026:NA32	specimen_voucher	YPM:IZ:111740	biosample	https://www.ncbi.nlm.nih.gov/biosample/SAMN48043652	Attributes/Attribute[@attribute_name='specimen_voucher']	SAMN48043652	
Ahuja2026:NA32	tissue	siphosome	biosample	https://www.ncbi.nlm.nih.gov/biosample/SAMN48043652	Attributes/Attribute[@attribute_name='tissue']	SAMN48043652	
Ahuja2026:NA33	biosample	SAMN48043653	biosample	https://www.ncbi.nlm.nih.gov/biosample/SAMN48043653	BioSample/@accession	SAMN48043653	
Ahuja2026:NA33	collection_date	2015-03-15	biosample	https://www.ncbi.nlm.nih.gov/biosample/SAMN48043653	Attributes/Attribute[@attribute_name='collection_date']	SAMN48043653	
Ahuja2026:NA33	collection_depth_source	https://www.ncbi.nlm.nih.gov/biosample/SAMN48043653	biosample	https://www.ncbi.nlm.nih.gov/biosample/SAMN48043653	Attributes/Attribute[@attribute_name='depth']	SAMN48043653	
Ahuja2026:NA33	depth_max_m	20	biosample	https://www.ncbi.nlm.nih.gov/biosample/SAMN48043653	Attributes/Attribute[@attribute_name='depth']	SAMN48043653	Explicit metre interval; no midpoint imputed.
Ahuja2026:NA33	depth_min_m	0	biosample	https://www.ncbi.nlm.nih.gov/biosample/SAMN48043653	Attributes/Attribute[@attribute_name='depth']	SAMN48043653	Explicit metre interval; no midpoint imputed.
Ahuja2026:NA33	depth_original	0-20 m	biosample	https://www.ncbi.nlm.nih.gov/biosample/SAMN48043653	Attributes/Attribute[@attribute_name='depth']	SAMN48043653	
Ahuja2026:NA33	lat_long_raw	24.183333 N 108.633333 W	biosample	https://www.ncbi.nlm.nih.gov/biosample/SAMN48043653	Attributes/Attribute[@attribute_name='lat_lon']	SAMN48043653	
Ahuja2026:NA33	latitude	24.183333	biosample	https://www.ncbi.nlm.nih.gov/biosample/SAMN48043653	Attributes/Attribute[@attribute_name='lat_lon']	SAMN48043653	Hemisphere sign applied; no geographic correction inferred.
Ahuja2026:NA33	locality	Pacific Ocean:Baja	biosample	https://www.ncbi.nlm.nih.gov/biosample/SAMN48043653	Attributes/Attribute[@attribute_name='geo_loc_name']	SAMN48043653	Original geographic-location label retained; not an inference-region assignment.
Ahuja2026:NA33	longitude	-108.633333	biosample	https://www.ncbi.nlm.nih.gov/biosample/SAMN48043653	Attributes/Attribute[@attribute_name='lat_lon']	SAMN48043653	Hemisphere sign applied; no geographic correction inferred.
Ahuja2026:NA33	specimen_voucher	YPM:IZ:111741	biosample	https://www.ncbi.nlm.nih.gov/biosample/SAMN48043653	Attributes/Attribute[@attribute_name='specimen_voucher']	SAMN48043653	
Ahuja2026:NA33	tissue	siphosome	biosample	https://www.ncbi.nlm.nih.gov/biosample/SAMN48043653	Attributes/Attribute[@attribute_name='tissue']	SAMN48043653	
Ahuja2026:NA34	biosample	SAMN48043660	biosample	https://www.ncbi.nlm.nih.gov/biosample/SAMN48043660	BioSample/@accession	SAMN48043660	
Ahuja2026:NA34	collection_date	2011-06-16	biosample	https://www.ncbi.nlm.nih.gov/biosample/SAMN48043660	Attributes/Attribute[@attribute_name='collection_date']	SAMN48043660	
Ahuja2026:NA34	collection_depth_source	https://www.ncbi.nlm.nih.gov/biosample/SAMN48043660	biosample	https://www.ncbi.nlm.nih.gov/biosample/SAMN48043660	Attributes/Attribute[@attribute_name='depth']	SAMN48043660	
Ahuja2026:NA34	country	USA	biosample	https://www.ncbi.nlm.nih.gov/biosample/SAMN48043660	Attributes/Attribute[@attribute_name='geo_loc_name']	SAMN48043660	Top-level geographic jurisdiction retained as submitted, including named territories.
Ahuja2026:NA34	depth_max_m	20	biosample	https://www.ncbi.nlm.nih.gov/biosample/SAMN48043660	Attributes/Attribute[@attribute_name='depth']	SAMN48043660	Explicit metre interval; no midpoint imputed.
Ahuja2026:NA34	depth_min_m	0	biosample	https://www.ncbi.nlm.nih.gov/biosample/SAMN48043660	Attributes/Attribute[@attribute_name='depth']	SAMN48043660	Explicit metre interval; no midpoint imputed.
Ahuja2026:NA34	depth_original	0-20 m	biosample	https://www.ncbi.nlm.nih.gov/biosample/SAMN48043660	Attributes/Attribute[@attribute_name='depth']	SAMN48043660	
Ahuja2026:NA34	lat_long_raw	48.54505 N 123.012141 W	biosample	https://www.ncbi.nlm.nih.gov/biosample/SAMN48043660	Attributes/Attribute[@attribute_name='lat_lon']	SAMN48043660	
Ahuja2026:NA34	latitude	48.54505	biosample	https://www.ncbi.nlm.nih.gov/biosample/SAMN48043660	Attributes/Attribute[@attribute_name='lat_lon']	SAMN48043660	Hemisphere sign applied; no geographic correction inferred.
Ahuja2026:NA34	locality	USA:Washington,Friday Harbor Lab	biosample	https://www.ncbi.nlm.nih.gov/biosample/SAMN48043660	Attributes/Attribute[@attribute_name='geo_loc_name']	SAMN48043660	Original geographic-location label retained; not an inference-region assignment.
Ahuja2026:NA34	longitude	-123.012141	biosample	https://www.ncbi.nlm.nih.gov/biosample/SAMN48043660	Attributes/Attribute[@attribute_name='lat_lon']	SAMN48043660	Hemisphere sign applied; no geographic correction inferred.
Ahuja2026:NA34	specimen_voucher	YPM:IZ:111164	biosample	https://www.ncbi.nlm.nih.gov/biosample/SAMN48043660	Attributes/Attribute[@attribute_name='specimen_voucher']	SAMN48043660	
Ahuja2026:NA34	tissue	siphosome	biosample	https://www.ncbi.nlm.nih.gov/biosample/SAMN48043660	Attributes/Attribute[@attribute_name='tissue']	SAMN48043660	
Ahuja2026:NA35	biosample	SAMN48043661	biosample	https://www.ncbi.nlm.nih.gov/biosample/SAMN48043661	BioSample/@accession	SAMN48043661	
Ahuja2026:NA35	collection_date	2011-06-16	biosample	https://www.ncbi.nlm.nih.gov/biosample/SAMN48043661	Attributes/Attribute[@attribute_name='collection_date']	SAMN48043661	
Ahuja2026:NA35	collection_depth_source	https://www.ncbi.nlm.nih.gov/biosample/SAMN48043661	biosample	https://www.ncbi.nlm.nih.gov/biosample/SAMN48043661	Attributes/Attribute[@attribute_name='depth']	SAMN48043661	
Ahuja2026:NA35	country	USA	biosample	https://www.ncbi.nlm.nih.gov/biosample/SAMN48043661	Attributes/Attribute[@attribute_name='geo_loc_name']	SAMN48043661	Top-level geographic jurisdiction retained as submitted, including named territories.
Ahuja2026:NA35	depth_max_m	20	biosample	https://www.ncbi.nlm.nih.gov/biosample/SAMN48043661	Attributes/Attribute[@attribute_name='depth']	SAMN48043661	Explicit metre interval; no midpoint imputed.
Ahuja2026:NA35	depth_min_m	0	biosample	https://www.ncbi.nlm.nih.gov/biosample/SAMN48043661	Attributes/Attribute[@attribute_name='depth']	SAMN48043661	Explicit metre interval; no midpoint imputed.
Ahuja2026:NA35	depth_original	0-20 m	biosample	https://www.ncbi.nlm.nih.gov/biosample/SAMN48043661	Attributes/Attribute[@attribute_name='depth']	SAMN48043661	
Ahuja2026:NA35	lat_long_raw	48.54505 N 123.012141 W	biosample	https://www.ncbi.nlm.nih.gov/biosample/SAMN48043661	Attributes/Attribute[@attribute_name='lat_lon']	SAMN48043661	
Ahuja2026:NA35	latitude	48.54505	biosample	https://www.ncbi.nlm.nih.gov/biosample/SAMN48043661	Attributes/Attribute[@attribute_name='lat_lon']	SAMN48043661	Hemisphere sign applied; no geographic correction inferred.
Ahuja2026:NA35	locality	USA:Washington,Friday Harbor Lab	biosample	https://www.ncbi.nlm.nih.gov/biosample/SAMN48043661	Attributes/Attribute[@attribute_name='geo_loc_name']	SAMN48043661	Original geographic-location label retained; not an inference-region assignment.
Ahuja2026:NA35	longitude	-123.012141	biosample	https://www.ncbi.nlm.nih.gov/biosample/SAMN48043661	Attributes/Attribute[@attribute_name='lat_lon']	SAMN48043661	Hemisphere sign applied; no geographic correction inferred.
Ahuja2026:NA35	specimen_voucher	YPM:IZ:111165	biosample	https://www.ncbi.nlm.nih.gov/biosample/SAMN48043661	Attributes/Attribute[@attribute_name='specimen_voucher']	SAMN48043661	
Ahuja2026:NA35	tissue	siphosome	biosample	https://www.ncbi.nlm.nih.gov/biosample/SAMN48043661	Attributes/Attribute[@attribute_name='tissue']	SAMN48043661	
Ahuja2026:NA36	biosample	SAMN48043662	biosample	https://www.ncbi.nlm.nih.gov/biosample/SAMN48043662	BioSample/@accession	SAMN48043662	
Ahuja2026:NA36	collection_date	2011-06-16	biosample	https://www.ncbi.nlm.nih.gov/biosample/SAMN48043662	Attributes/Attribute[@attribute_name='collection_date']	SAMN48043662	
Ahuja2026:NA36	collection_depth_source	https://www.ncbi.nlm.nih.gov/biosample/SAMN48043662	biosample	https://www.ncbi.nlm.nih.gov/biosample/SAMN48043662	Attributes/Attribute[@attribute_name='depth']	SAMN48043662	
Ahuja2026:NA36	country	USA	biosample	https://www.ncbi.nlm.nih.gov/biosample/SAMN48043662	Attributes/Attribute[@attribute_name='geo_loc_name']	SAMN48043662	Top-level geographic jurisdiction retained as submitted, including named territories.
Ahuja2026:NA36	depth_max_m	20	biosample	https://www.ncbi.nlm.nih.gov/biosample/SAMN48043662	Attributes/Attribute[@attribute_name='depth']	SAMN48043662	Explicit metre interval; no midpoint imputed.
Ahuja2026:NA36	depth_min_m	0	biosample	https://www.ncbi.nlm.nih.gov/biosample/SAMN48043662	Attributes/Attribute[@attribute_name='depth']	SAMN48043662	Explicit metre interval; no midpoint imputed.
Ahuja2026:NA36	depth_original	0-20 m	biosample	https://www.ncbi.nlm.nih.gov/biosample/SAMN48043662	Attributes/Attribute[@attribute_name='depth']	SAMN48043662	
Ahuja2026:NA36	lat_long_raw	48.54505 N 123.012141 W	biosample	https://www.ncbi.nlm.nih.gov/biosample/SAMN48043662	Attributes/Attribute[@attribute_name='lat_lon']	SAMN48043662	
Ahuja2026:NA36	latitude	48.54505	biosample	https://www.ncbi.nlm.nih.gov/biosample/SAMN48043662	Attributes/Attribute[@attribute_name='lat_lon']	SAMN48043662	Hemisphere sign applied; no geographic correction inferred.
Ahuja2026:NA36	locality	USA:Washington,Friday Harbor Lab	biosample	https://www.ncbi.nlm.nih.gov/biosample/SAMN48043662	Attributes/Attribute[@attribute_name='geo_loc_name']	SAMN48043662	Original geographic-location label retained; not an inference-region assignment.
Ahuja2026:NA36	longitude	-123.012141	biosample	https://www.ncbi.nlm.nih.gov/biosample/SAMN48043662	Attributes/Attribute[@attribute_name='lat_lon']	SAMN48043662	Hemisphere sign applied; no geographic correction inferred.
Ahuja2026:NA36	specimen_voucher	YPM:IZ:111166	biosample	https://www.ncbi.nlm.nih.gov/biosample/SAMN48043662	Attributes/Attribute[@attribute_name='specimen_voucher']	SAMN48043662	
Ahuja2026:NA36	tissue	siphosome	biosample	https://www.ncbi.nlm.nih.gov/biosample/SAMN48043662	Attributes/Attribute[@attribute_name='tissue']	SAMN48043662	
Ahuja2026:NA37	biosample	SAMN48043663	biosample	https://www.ncbi.nlm.nih.gov/biosample/SAMN48043663	BioSample/@accession	SAMN48043663	
Ahuja2026:NA37	collection_date	2024-04-12	biosample	https://www.ncbi.nlm.nih.gov/biosample/SAMN48043663	Attributes/Attribute[@attribute_name='collection_date']	SAMN48043663	
Ahuja2026:NA37	collection_depth_source	https://www.ncbi.nlm.nih.gov/biosample/SAMN48043663	biosample	https://www.ncbi.nlm.nih.gov/biosample/SAMN48043663	Attributes/Attribute[@attribute_name='depth']	SAMN48043663	
Ahuja2026:NA37	depth_max_m	20	biosample	https://www.ncbi.nlm.nih.gov/biosample/SAMN48043663	Attributes/Attribute[@attribute_name='depth']	SAMN48043663	Explicit metre interval; no midpoint imputed.
Ahuja2026:NA37	depth_min_m	0	biosample	https://www.ncbi.nlm.nih.gov/biosample/SAMN48043663	Attributes/Attribute[@attribute_name='depth']	SAMN48043663	Explicit metre interval; no midpoint imputed.
Ahuja2026:NA37	depth_original	0-20 m	biosample	https://www.ncbi.nlm.nih.gov/biosample/SAMN48043663	Attributes/Attribute[@attribute_name='depth']	SAMN48043663	
Ahuja2026:NA37	lat_long_raw	19.6183 N 156.0842 W	biosample	https://www.ncbi.nlm.nih.gov/biosample/SAMN48043663	Attributes/Attribute[@attribute_name='lat_lon']	SAMN48043663	
Ahuja2026:NA37	latitude	19.6183	biosample	https://www.ncbi.nlm.nih.gov/biosample/SAMN48043663	Attributes/Attribute[@attribute_name='lat_lon']	SAMN48043663	Hemisphere sign applied; no geographic correction inferred.
Ahuja2026:NA37	locality	Pacific Ocean	biosample	https://www.ncbi.nlm.nih.gov/biosample/SAMN48043663	Attributes/Attribute[@attribute_name='geo_loc_name']	SAMN48043663	Original geographic-location label retained; not an inference-region assignment.
Ahuja2026:NA37	longitude	-156.0842	biosample	https://www.ncbi.nlm.nih.gov/biosample/SAMN48043663	Attributes/Attribute[@attribute_name='lat_lon']	SAMN48043663	Hemisphere sign applied; no geographic correction inferred.
Ahuja2026:NA37	specimen_voucher	YPM:IZ:111590	biosample	https://www.ncbi.nlm.nih.gov/biosample/SAMN48043663	Attributes/Attribute[@attribute_name='specimen_voucher']	SAMN48043663	
Ahuja2026:NA37	tissue	siphosome	biosample	https://www.ncbi.nlm.nih.gov/biosample/SAMN48043663	Attributes/Attribute[@attribute_name='tissue']	SAMN48043663	
Ahuja2026:NA38	biosample	SAMN48043664	biosample	https://www.ncbi.nlm.nih.gov/biosample/SAMN48043664	BioSample/@accession	SAMN48043664	
Ahuja2026:NA38	collection_date	2024-04-12	biosample	https://www.ncbi.nlm.nih.gov/biosample/SAMN48043664	Attributes/Attribute[@attribute_name='collection_date']	SAMN48043664	
Ahuja2026:NA38	collection_depth_source	https://www.ncbi.nlm.nih.gov/biosample/SAMN48043664	biosample	https://www.ncbi.nlm.nih.gov/biosample/SAMN48043664	Attributes/Attribute[@attribute_name='depth']	SAMN48043664	
Ahuja2026:NA38	depth_max_m	20	biosample	https://www.ncbi.nlm.nih.gov/biosample/SAMN48043664	Attributes/Attribute[@attribute_name='depth']	SAMN48043664	Explicit metre interval; no midpoint imputed.
Ahuja2026:NA38	depth_min_m	0	biosample	https://www.ncbi.nlm.nih.gov/biosample/SAMN48043664	Attributes/Attribute[@attribute_name='depth']	SAMN48043664	Explicit metre interval; no midpoint imputed.
Ahuja2026:NA38	depth_original	0-20 m	biosample	https://www.ncbi.nlm.nih.gov/biosample/SAMN48043664	Attributes/Attribute[@attribute_name='depth']	SAMN48043664	
Ahuja2026:NA38	lat_long_raw	19.6183 N 156.0842 W	biosample	https://www.ncbi.nlm.nih.gov/biosample/SAMN48043664	Attributes/Attribute[@attribute_name='lat_lon']	SAMN48043664	
Ahuja2026:NA38	latitude	19.6183	biosample	https://www.ncbi.nlm.nih.gov/biosample/SAMN48043664	Attributes/Attribute[@attribute_name='lat_lon']	SAMN48043664	Hemisphere sign applied; no geographic correction inferred.
Ahuja2026:NA38	locality	Pacific Ocean	biosample	https://www.ncbi.nlm.nih.gov/biosample/SAMN48043664	Attributes/Attribute[@attribute_name='geo_loc_name']	SAMN48043664	Original geographic-location label retained; not an inference-region assignment.
Ahuja2026:NA38	longitude	-156.0842	biosample	https://www.ncbi.nlm.nih.gov/biosample/SAMN48043664	Attributes/Attribute[@attribute_name='lat_lon']	SAMN48043664	Hemisphere sign applied; no geographic correction inferred.
Ahuja2026:NA38	specimen_voucher	YPM:IZ:111591	biosample	https://www.ncbi.nlm.nih.gov/biosample/SAMN48043664	Attributes/Attribute[@attribute_name='specimen_voucher']	SAMN48043664	
Ahuja2026:NA38	tissue	siphosome	biosample	https://www.ncbi.nlm.nih.gov/biosample/SAMN48043664	Attributes/Attribute[@attribute_name='tissue']	SAMN48043664	
Ahuja2026:WS10	biosample	SAMN48043650	biosample	https://www.ncbi.nlm.nih.gov/biosample/SAMN48043650	BioSample/@accession	SAMN48043650	
Ahuja2026:WS10	collection_date	2010-05-03	biosample	https://www.ncbi.nlm.nih.gov/biosample/SAMN48043650	Attributes/Attribute[@attribute_name='collection_date']	SAMN48043650	
Ahuja2026:WS10	collection_depth_source	https://www.ncbi.nlm.nih.gov/biosample/SAMN48043650	biosample	https://www.ncbi.nlm.nih.gov/biosample/SAMN48043650	Attributes/Attribute[@attribute_name='depth']	SAMN48043650	
Ahuja2026:WS10	depth_original	217	biosample	https://www.ncbi.nlm.nih.gov/biosample/SAMN48043650	Attributes/Attribute[@attribute_name='depth']	SAMN48043650	
Ahuja2026:WS10	lat_long_raw	36.700917 N 122.049541 W	biosample	https://www.ncbi.nlm.nih.gov/biosample/SAMN48043650	Attributes/Attribute[@attribute_name='lat_lon']	SAMN48043650	
Ahuja2026:WS10	latitude	36.700917	biosample	https://www.ncbi.nlm.nih.gov/biosample/SAMN48043650	Attributes/Attribute[@attribute_name='lat_lon']	SAMN48043650	Hemisphere sign applied; no geographic correction inferred.
Ahuja2026:WS10	locality	Pacific Ocean	biosample	https://www.ncbi.nlm.nih.gov/biosample/SAMN48043650	Attributes/Attribute[@attribute_name='geo_loc_name']	SAMN48043650	Original geographic-location label retained; not an inference-region assignment.
Ahuja2026:WS10	longitude	-122.049541	biosample	https://www.ncbi.nlm.nih.gov/biosample/SAMN48043650	Attributes/Attribute[@attribute_name='lat_lon']	SAMN48043650	Hemisphere sign applied; no geographic correction inferred.
Ahuja2026:WS10	specimen_voucher	YPM:IZ:111745	biosample	https://www.ncbi.nlm.nih.gov/biosample/SAMN48043650	Attributes/Attribute[@attribute_name='specimen_voucher']	SAMN48043650	
Ahuja2026:WS10	tissue	siphosome	biosample	https://www.ncbi.nlm.nih.gov/biosample/SAMN48043650	Attributes/Attribute[@attribute_name='tissue']	SAMN48043650	
Ahuja2026:WS2	biosample	SAMN48043656	biosample	https://www.ncbi.nlm.nih.gov/biosample/SAMN48043656	BioSample/@accession	SAMN48043656	
Ahuja2026:WS2	collection_date	2013-08-30	biosample	https://www.ncbi.nlm.nih.gov/biosample/SAMN48043656	Attributes/Attribute[@attribute_name='collection_date']	SAMN48043656	
Ahuja2026:WS2	collection_depth_source	https://www.ncbi.nlm.nih.gov/biosample/SAMN48043656	biosample	https://www.ncbi.nlm.nih.gov/biosample/SAMN48043656	Attributes/Attribute[@attribute_name='depth']	SAMN48043656	
Ahuja2026:WS2	depth_max_m	20	biosample	https://www.ncbi.nlm.nih.gov/biosample/SAMN48043656	Attributes/Attribute[@attribute_name='depth']	SAMN48043656	Explicit metre interval; no midpoint imputed.
Ahuja2026:WS2	depth_min_m	0	biosample	https://www.ncbi.nlm.nih.gov/biosample/SAMN48043656	Attributes/Attribute[@attribute_name='depth']	SAMN48043656	Explicit metre interval; no midpoint imputed.
Ahuja2026:WS2	depth_original	0-20 m	biosample	https://www.ncbi.nlm.nih.gov/biosample/SAMN48043656	Attributes/Attribute[@attribute_name='depth']	SAMN48043656	
Ahuja2026:WS2	lat_long_raw	41.036 N 71.399 W	biosample	https://www.ncbi.nlm.nih.gov/biosample/SAMN48043656	Attributes/Attribute[@attribute_name='lat_lon']	SAMN48043656	
Ahuja2026:WS2	latitude	41.036	biosample	https://www.ncbi.nlm.nih.gov/biosample/SAMN48043656	Attributes/Attribute[@attribute_name='lat_lon']	SAMN48043656	Hemisphere sign applied; no geographic correction inferred.
Ahuja2026:WS2	locality	Atlantic Ocean	biosample	https://www.ncbi.nlm.nih.gov/biosample/SAMN48043656	Attributes/Attribute[@attribute_name='geo_loc_name']	SAMN48043656	Original geographic-location label retained; not an inference-region assignment.
Ahuja2026:WS2	longitude	-71.399	biosample	https://www.ncbi.nlm.nih.gov/biosample/SAMN48043656	Attributes/Attribute[@attribute_name='lat_lon']	SAMN48043656	Hemisphere sign applied; no geographic correction inferred.
Ahuja2026:WS2	specimen_voucher	YPM:IZ:110216	biosample	https://www.ncbi.nlm.nih.gov/biosample/SAMN48043656	Attributes/Attribute[@attribute_name='specimen_voucher']	SAMN48043656	
Ahuja2026:WS2	tissue	siphosome	biosample	https://www.ncbi.nlm.nih.gov/biosample/SAMN48043656	Attributes/Attribute[@attribute_name='tissue']	SAMN48043656	
Ahuja2026:WS3	biosample	SAMN48043657	biosample	https://www.ncbi.nlm.nih.gov/biosample/SAMN48043657	BioSample/@accession	SAMN48043657	
Ahuja2026:WS3	collection_date	2015-09-15	biosample	https://www.ncbi.nlm.nih.gov/biosample/SAMN48043657	Attributes/Attribute[@attribute_name='collection_date']	SAMN48043657	
Ahuja2026:WS3	collection_depth_source	https://www.ncbi.nlm.nih.gov/biosample/SAMN48043657	biosample	https://www.ncbi.nlm.nih.gov/biosample/SAMN48043657	Attributes/Attribute[@attribute_name='depth']	SAMN48043657	
Ahuja2026:WS3	depth_max_m	20	biosample	https://www.ncbi.nlm.nih.gov/biosample/SAMN48043657	Attributes/Attribute[@attribute_name='depth']	SAMN48043657	Explicit metre interval; no midpoint imputed.
Ahuja2026:WS3	depth_min_m	0	biosample	https://www.ncbi.nlm.nih.gov/biosample/SAMN48043657	Attributes/Attribute[@attribute_name='depth']	SAMN48043657	Explicit metre interval; no midpoint imputed.
Ahuja2026:WS3	depth_original	0-20 m	biosample	https://www.ncbi.nlm.nih.gov/biosample/SAMN48043657	Attributes/Attribute[@attribute_name='depth']	SAMN48043657	
Ahuja2026:WS3	lat_long_raw	41.135 N 71.366 W	biosample	https://www.ncbi.nlm.nih.gov/biosample/SAMN48043657	Attributes/Attribute[@attribute_name='lat_lon']	SAMN48043657	
Ahuja2026:WS3	latitude	41.135	biosample	https://www.ncbi.nlm.nih.gov/biosample/SAMN48043657	Attributes/Attribute[@attribute_name='lat_lon']	SAMN48043657	Hemisphere sign applied; no geographic correction inferred.
Ahuja2026:WS3	locality	Atlantic Ocean	biosample	https://www.ncbi.nlm.nih.gov/biosample/SAMN48043657	Attributes/Attribute[@attribute_name='geo_loc_name']	SAMN48043657	Original geographic-location label retained; not an inference-region assignment.
Ahuja2026:WS3	longitude	-71.366	biosample	https://www.ncbi.nlm.nih.gov/biosample/SAMN48043657	Attributes/Attribute[@attribute_name='lat_lon']	SAMN48043657	Hemisphere sign applied; no geographic correction inferred.
Ahuja2026:WS3	specimen_voucher	YPM:IZ:111734	biosample	https://www.ncbi.nlm.nih.gov/biosample/SAMN48043657	Attributes/Attribute[@attribute_name='specimen_voucher']	SAMN48043657	
Ahuja2026:WS3	tissue	siphosome	biosample	https://www.ncbi.nlm.nih.gov/biosample/SAMN48043657	Attributes/Attribute[@attribute_name='tissue']	SAMN48043657	
Ahuja2026:WS4	biosample	SAMN48043658	biosample	https://www.ncbi.nlm.nih.gov/biosample/SAMN48043658	BioSample/@accession	SAMN48043658	
Ahuja2026:WS4	collection_date	2014-08-20	biosample	https://www.ncbi.nlm.nih.gov/biosample/SAMN48043658	Attributes/Attribute[@attribute_name='collection_date']	SAMN48043658	
Ahuja2026:WS4	collection_depth_source	https://www.ncbi.nlm.nih.gov/biosample/SAMN48043658	biosample	https://www.ncbi.nlm.nih.gov/biosample/SAMN48043658	Attributes/Attribute[@attribute_name='depth']	SAMN48043658	
Ahuja2026:WS4	depth_max_m	20	biosample	https://www.ncbi.nlm.nih.gov/biosample/SAMN48043658	Attributes/Attribute[@attribute_name='depth']	SAMN48043658	Explicit metre interval; no midpoint imputed.
Ahuja2026:WS4	depth_min_m	0	biosample	https://www.ncbi.nlm.nih.gov/biosample/SAMN48043658	Attributes/Attribute[@attribute_name='depth']	SAMN48043658	Explicit metre interval; no midpoint imputed.
Ahuja2026:WS4	depth_original	0-20 m	biosample	https://www.ncbi.nlm.nih.gov/biosample/SAMN48043658	Attributes/Attribute[@attribute_name='depth']	SAMN48043658	
Ahuja2026:WS4	lat_long_raw	41.056 N 71.342 W	biosample	https://www.ncbi.nlm.nih.gov/biosample/SAMN48043658	Attributes/Attribute[@attribute_name='lat_lon']	SAMN48043658	
Ahuja2026:WS4	latitude	41.056	biosample	https://www.ncbi.nlm.nih.gov/biosample/SAMN48043658	Attributes/Attribute[@attribute_name='lat_lon']	SAMN48043658	Hemisphere sign applied; no geographic correction inferred.
Ahuja2026:WS4	locality	Atlantic Ocean	biosample	https://www.ncbi.nlm.nih.gov/biosample/SAMN48043658	Attributes/Attribute[@attribute_name='geo_loc_name']	SAMN48043658	Original geographic-location label retained; not an inference-region assignment.
Ahuja2026:WS4	longitude	-71.342	biosample	https://www.ncbi.nlm.nih.gov/biosample/SAMN48043658	Attributes/Attribute[@attribute_name='lat_lon']	SAMN48043658	Hemisphere sign applied; no geographic correction inferred.
Ahuja2026:WS4	specimen_voucher	YPM:IZ:111735	biosample	https://www.ncbi.nlm.nih.gov/biosample/SAMN48043658	Attributes/Attribute[@attribute_name='specimen_voucher']	SAMN48043658	
Ahuja2026:WS4	tissue	siphosome	biosample	https://www.ncbi.nlm.nih.gov/biosample/SAMN48043658	Attributes/Attribute[@attribute_name='tissue']	SAMN48043658	
Ahuja2026:WS5	biosample	SAMN48043645	biosample	https://www.ncbi.nlm.nih.gov/biosample/SAMN48043645	BioSample/@accession	SAMN48043645	
Ahuja2026:WS5	collection_date	2011-12-02	biosample	https://www.ncbi.nlm.nih.gov/biosample/SAMN48043645	Attributes/Attribute[@attribute_name='collection_date']	SAMN48043645	
Ahuja2026:WS5	collection_depth_source	https://www.ncbi.nlm.nih.gov/biosample/SAMN48043645	biosample	https://www.ncbi.nlm.nih.gov/biosample/SAMN48043645	Attributes/Attribute[@attribute_name='depth']	SAMN48043645	
Ahuja2026:WS5	depth_original	2854.16	biosample	https://www.ncbi.nlm.nih.gov/biosample/SAMN48043645	Attributes/Attribute[@attribute_name='depth']	SAMN48043645	
Ahuja2026:WS5	lat_long_raw	36.600636 N 122.376887 W	biosample	https://www.ncbi.nlm.nih.gov/biosample/SAMN48043645	Attributes/Attribute[@attribute_name='lat_lon']	SAMN48043645	
Ahuja2026:WS5	latitude	36.600636	biosample	https://www.ncbi.nlm.nih.gov/biosample/SAMN48043645	Attributes/Attribute[@attribute_name='lat_lon']	SAMN48043645	Hemisphere sign applied; no geographic correction inferred.
Ahuja2026:WS5	locality	Pacific Ocean	biosample	https://www.ncbi.nlm.nih.gov/biosample/SAMN48043645	Attributes/Attribute[@attribute_name='geo_loc_name']	SAMN48043645	Original geographic-location label retained; not an inference-region assignment.
Ahuja2026:WS5	longitude	-122.376887	biosample	https://www.ncbi.nlm.nih.gov/biosample/SAMN48043645	Attributes/Attribute[@attribute_name='lat_lon']	SAMN48043645	Hemisphere sign applied; no geographic correction inferred.
Ahuja2026:WS5	specimen_voucher	YPM:IZ:111736	biosample	https://www.ncbi.nlm.nih.gov/biosample/SAMN48043645	Attributes/Attribute[@attribute_name='specimen_voucher']	SAMN48043645	
Ahuja2026:WS5	tissue	siphosome	biosample	https://www.ncbi.nlm.nih.gov/biosample/SAMN48043645	Attributes/Attribute[@attribute_name='tissue']	SAMN48043645	
Ahuja2026:WS6	biosample	SAMN48043646	biosample	https://www.ncbi.nlm.nih.gov/biosample/SAMN48043646	BioSample/@accession	SAMN48043646	
Ahuja2026:WS6	collection_date	2011-12-03	biosample	https://www.ncbi.nlm.nih.gov/biosample/SAMN48043646	Attributes/Attribute[@attribute_name='collection_date']	SAMN48043646	
Ahuja2026:WS6	collection_depth_source	https://www.ncbi.nlm.nih.gov/biosample/SAMN48043646	biosample	https://www.ncbi.nlm.nih.gov/biosample/SAMN48043646	Attributes/Attribute[@attribute_name='depth']	SAMN48043646	
Ahuja2026:WS6	depth_original	2563.33	biosample	https://www.ncbi.nlm.nih.gov/biosample/SAMN48043646	Attributes/Attribute[@attribute_name='depth']	SAMN48043646	
Ahuja2026:WS6	lat_long_raw	36.071808 N 122.282111 W	biosample	https://www.ncbi.nlm.nih.gov/biosample/SAMN48043646	Attributes/Attribute[@attribute_name='lat_lon']	SAMN48043646	
Ahuja2026:WS6	latitude	36.071808	biosample	https://www.ncbi.nlm.nih.gov/biosample/SAMN48043646	Attributes/Attribute[@attribute_name='lat_lon']	SAMN48043646	Hemisphere sign applied; no geographic correction inferred.
Ahuja2026:WS6	locality	Pacific Ocean	biosample	https://www.ncbi.nlm.nih.gov/biosample/SAMN48043646	Attributes/Attribute[@attribute_name='geo_loc_name']	SAMN48043646	Original geographic-location label retained; not an inference-region assignment.
Ahuja2026:WS6	longitude	-122.282111	biosample	https://www.ncbi.nlm.nih.gov/biosample/SAMN48043646	Attributes/Attribute[@attribute_name='lat_lon']	SAMN48043646	Hemisphere sign applied; no geographic correction inferred.
Ahuja2026:WS6	specimen_voucher	YPM:IZ:111737	biosample	https://www.ncbi.nlm.nih.gov/biosample/SAMN48043646	Attributes/Attribute[@attribute_name='specimen_voucher']	SAMN48043646	
Ahuja2026:WS6	tissue	siphosome	biosample	https://www.ncbi.nlm.nih.gov/biosample/SAMN48043646	Attributes/Attribute[@attribute_name='tissue']	SAMN48043646	
Ahuja2026:WS7	biosample	SAMN48043647	biosample	https://www.ncbi.nlm.nih.gov/biosample/SAMN48043647	BioSample/@accession	SAMN48043647	
Ahuja2026:WS7	collection_date	2011-12-07	biosample	https://www.ncbi.nlm.nih.gov/biosample/SAMN48043647	Attributes/Attribute[@attribute_name='collection_date']	SAMN48043647	
Ahuja2026:WS7	collection_depth_source	https://www.ncbi.nlm.nih.gov/biosample/SAMN48043647	biosample	https://www.ncbi.nlm.nih.gov/biosample/SAMN48043647	Attributes/Attribute[@attribute_name='depth']	SAMN48043647	
Ahuja2026:WS7	depth_original	662.29	biosample	https://www.ncbi.nlm.nih.gov/biosample/SAMN48043647	Attributes/Attribute[@attribute_name='depth']	SAMN48043647	
Ahuja2026:WS7	lat_long_raw	36.699365 N 122.101074 W	biosample	https://www.ncbi.nlm.nih.gov/biosample/SAMN48043647	Attributes/Attribute[@attribute_name='lat_lon']	SAMN48043647	
Ahuja2026:WS7	latitude	36.699365	biosample	https://www.ncbi.nlm.nih.gov/biosample/SAMN48043647	Attributes/Attribute[@attribute_name='lat_lon']	SAMN48043647	Hemisphere sign applied; no geographic correction inferred.
Ahuja2026:WS7	locality	Pacific Ocean	biosample	https://www.ncbi.nlm.nih.gov/biosample/SAMN48043647	Attributes/Attribute[@attribute_name='geo_loc_name']	SAMN48043647	Original geographic-location label retained; not an inference-region assignment.
Ahuja2026:WS7	longitude	-122.101074	biosample	https://www.ncbi.nlm.nih.gov/biosample/SAMN48043647	Attributes/Attribute[@attribute_name='lat_lon']	SAMN48043647	Hemisphere sign applied; no geographic correction inferred.
Ahuja2026:WS7	specimen_voucher	YPM:IZ:111738	biosample	https://www.ncbi.nlm.nih.gov/biosample/SAMN48043647	Attributes/Attribute[@attribute_name='specimen_voucher']	SAMN48043647	
Ahuja2026:WS7	tissue	siphosome	biosample	https://www.ncbi.nlm.nih.gov/biosample/SAMN48043647	Attributes/Attribute[@attribute_name='tissue']	SAMN48043647	
Ahuja2026:WS8	biosample	SAMN48043648	biosample	https://www.ncbi.nlm.nih.gov/biosample/SAMN48043648	BioSample/@accession	SAMN48043648	
Ahuja2026:WS8	collection_date	2013-07-15	biosample	https://www.ncbi.nlm.nih.gov/biosample/SAMN48043648	Attributes/Attribute[@attribute_name='collection_date']	SAMN48043648	
Ahuja2026:WS8	collection_depth_source	https://www.ncbi.nlm.nih.gov/biosample/SAMN48043648	biosample	https://www.ncbi.nlm.nih.gov/biosample/SAMN48043648	Attributes/Attribute[@attribute_name='depth']	SAMN48043648	
Ahuja2026:WS8	depth_original	559.83	biosample	https://www.ncbi.nlm.nih.gov/biosample/SAMN48043648	Attributes/Attribute[@attribute_name='depth']	SAMN48043648	
Ahuja2026:WS8	lat_long_raw	36.647412 N 122.113209 W	biosample	https://www.ncbi.nlm.nih.gov/biosample/SAMN48043648	Attributes/Attribute[@attribute_name='lat_lon']	SAMN48043648	
Ahuja2026:WS8	latitude	36.647412	biosample	https://www.ncbi.nlm.nih.gov/biosample/SAMN48043648	Attributes/Attribute[@attribute_name='lat_lon']	SAMN48043648	Hemisphere sign applied; no geographic correction inferred.
Ahuja2026:WS8	locality	Pacific Ocean	biosample	https://www.ncbi.nlm.nih.gov/biosample/SAMN48043648	Attributes/Attribute[@attribute_name='geo_loc_name']	SAMN48043648	Original geographic-location label retained; not an inference-region assignment.
Ahuja2026:WS8	longitude	-122.113209	biosample	https://www.ncbi.nlm.nih.gov/biosample/SAMN48043648	Attributes/Attribute[@attribute_name='lat_lon']	SAMN48043648	Hemisphere sign applied; no geographic correction inferred.
Ahuja2026:WS8	specimen_voucher	YPM:IZ:111739	biosample	https://www.ncbi.nlm.nih.gov/biosample/SAMN48043648	Attributes/Attribute[@attribute_name='specimen_voucher']	SAMN48043648	
Ahuja2026:WS8	tissue	siphosome	biosample	https://www.ncbi.nlm.nih.gov/biosample/SAMN48043648	Attributes/Attribute[@attribute_name='tissue']	SAMN48043648	
Ahuja2026:WS9	biosample	SAMN48043649	biosample	https://www.ncbi.nlm.nih.gov/biosample/SAMN48043649	BioSample/@accession	SAMN48043649	
Ahuja2026:WS9	collection_date	2014-05-22	biosample	https://www.ncbi.nlm.nih.gov/biosample/SAMN48043649	Attributes/Attribute[@attribute_name='collection_date']	SAMN48043649	
Ahuja2026:WS9	collection_depth_source	https://www.ncbi.nlm.nih.gov/biosample/SAMN48043649	biosample	https://www.ncbi.nlm.nih.gov/biosample/SAMN48043649	Attributes/Attribute[@attribute_name='depth']	SAMN48043649	
Ahuja2026:WS9	depth_original	309	biosample	https://www.ncbi.nlm.nih.gov/biosample/SAMN48043649	Attributes/Attribute[@attribute_name='depth']	SAMN48043649	
Ahuja2026:WS9	lat_long_raw	35.520 N 122.5239 W	biosample	https://www.ncbi.nlm.nih.gov/biosample/SAMN48043649	Attributes/Attribute[@attribute_name='lat_lon']	SAMN48043649	
Ahuja2026:WS9	latitude	35.52	biosample	https://www.ncbi.nlm.nih.gov/biosample/SAMN48043649	Attributes/Attribute[@attribute_name='lat_lon']	SAMN48043649	Hemisphere sign applied; no geographic correction inferred.
Ahuja2026:WS9	locality	Pacific Ocean	biosample	https://www.ncbi.nlm.nih.gov/biosample/SAMN48043649	Attributes/Attribute[@attribute_name='geo_loc_name']	SAMN48043649	Original geographic-location label retained; not an inference-region assignment.
Ahuja2026:WS9	longitude	-122.5239	biosample	https://www.ncbi.nlm.nih.gov/biosample/SAMN48043649	Attributes/Attribute[@attribute_name='lat_lon']	SAMN48043649	Hemisphere sign applied; no geographic correction inferred.
Ahuja2026:WS9	specimen_voucher	YPM:IZ:107008	biosample	https://www.ncbi.nlm.nih.gov/biosample/SAMN48043649	Attributes/Attribute[@attribute_name='specimen_voucher']	SAMN48043649	
Ahuja2026:WS9	tissue	siphosome	biosample	https://www.ncbi.nlm.nih.gov/biosample/SAMN48043649	Attributes/Attribute[@attribute_name='tissue']	SAMN48043649	
Church2025:FM-16644	biosample	SAMN40621277	biosample	https://www.ncbi.nlm.nih.gov/biosample/SAMN40621277	BioSample/@accession	SAMN40621277	
Church2025:FM-16644	collection_date	2023-05-14	biosample	https://www.ncbi.nlm.nih.gov/biosample/SAMN40621277	Attributes/Attribute[@attribute_name='collection_date']	SAMN40621277	
Church2025:FM-16644	country	Spain	biosample	https://www.ncbi.nlm.nih.gov/biosample/SAMN40621277	Attributes/Attribute[@attribute_name='geo_loc_name']	SAMN40621277	Top-level geographic jurisdiction retained as submitted, including named territories.
Church2025:FM-16644	lat_long_raw	28.591940 N 17.920910 W	biosample	https://www.ncbi.nlm.nih.gov/biosample/SAMN40621277	Attributes/Attribute[@attribute_name='lat_lon']	SAMN40621277	
Church2025:FM-16644	latitude	28.59194	biosample	https://www.ncbi.nlm.nih.gov/biosample/SAMN40621277	Attributes/Attribute[@attribute_name='lat_lon']	SAMN40621277	Hemisphere sign applied; no geographic correction inferred.
Church2025:FM-16644	locality	Spain: Canary Islands	biosample	https://www.ncbi.nlm.nih.gov/biosample/SAMN40621277	Attributes/Attribute[@attribute_name='geo_loc_name']	SAMN40621277	Original geographic-location label retained; not an inference-region assignment.
Church2025:FM-16644	longitude	-17.92091	biosample	https://www.ncbi.nlm.nih.gov/biosample/SAMN40621277	Attributes/Attribute[@attribute_name='lat_lon']	SAMN40621277	Hemisphere sign applied; no geographic correction inferred.
Church2025:FM-16644	tissue	tentacle	biosample	https://www.ncbi.nlm.nih.gov/biosample/SAMN40621277	Attributes/Attribute[@attribute_name='tissue']	SAMN40621277	
Church2025:NIWA-173304	biosample	SAMN41900828	biosample	https://www.ncbi.nlm.nih.gov/biosample/SAMN41900828	BioSample/@accession	SAMN41900828	
Church2025:NIWA-173304	collection_date	2024-03-15	biosample	https://www.ncbi.nlm.nih.gov/biosample/SAMN41900828	Attributes/Attribute[@attribute_name='collection_date']	SAMN41900828	
Church2025:NIWA-173304	country	New Zealand	biosample	https://www.ncbi.nlm.nih.gov/biosample/SAMN41900828	Attributes/Attribute[@attribute_name='geo_loc_name']	SAMN41900828	Top-level geographic jurisdiction retained as submitted, including named territories.
Church2025:NIWA-173304	lat_long_raw	36.895150 S 174.443889 E	biosample	https://www.ncbi.nlm.nih.gov/biosample/SAMN41900828	Attributes/Attribute[@attribute_name='lat_lon']	SAMN41900828	
Church2025:NIWA-173304	latitude	-36.89515	biosample	https://www.ncbi.nlm.nih.gov/biosample/SAMN41900828	Attributes/Attribute[@attribute_name='lat_lon']	SAMN41900828	Hemisphere sign applied; no geographic correction inferred.
Church2025:NIWA-173304	locality	New Zealand	biosample	https://www.ncbi.nlm.nih.gov/biosample/SAMN41900828	Attributes/Attribute[@attribute_name='geo_loc_name']	SAMN41900828	Original geographic-location label retained; not an inference-region assignment.
Church2025:NIWA-173304	longitude	174.443889	biosample	https://www.ncbi.nlm.nih.gov/biosample/SAMN41900828	Attributes/Attribute[@attribute_name='lat_lon']	SAMN41900828	Hemisphere sign applied; no geographic correction inferred.
Church2025:NIWA-173304	tissue	tentacle	biosample	https://www.ncbi.nlm.nih.gov/biosample/SAMN41900828	Attributes/Attribute[@attribute_name='tissue']	SAMN41900828	
Church2025:NIWA-173305	biosample	SAMN41900829	biosample	https://www.ncbi.nlm.nih.gov/biosample/SAMN41900829	BioSample/@accession	SAMN41900829	
Church2025:NIWA-173305	collection_date	2024-03-15	biosample	https://www.ncbi.nlm.nih.gov/biosample/SAMN41900829	Attributes/Attribute[@attribute_name='collection_date']	SAMN41900829	
Church2025:NIWA-173305	country	New Zealand	biosample	https://www.ncbi.nlm.nih.gov/biosample/SAMN41900829	Attributes/Attribute[@attribute_name='geo_loc_name']	SAMN41900829	Top-level geographic jurisdiction retained as submitted, including named territories.
Church2025:NIWA-173305	lat_long_raw	36.895150 S 174.443889 E	biosample	https://www.ncbi.nlm.nih.gov/biosample/SAMN41900829	Attributes/Attribute[@attribute_name='lat_lon']	SAMN41900829	
Church2025:NIWA-173305	latitude	-36.89515	biosample	https://www.ncbi.nlm.nih.gov/biosample/SAMN41900829	Attributes/Attribute[@attribute_name='lat_lon']	SAMN41900829	Hemisphere sign applied; no geographic correction inferred.
Church2025:NIWA-173305	locality	New Zealand	biosample	https://www.ncbi.nlm.nih.gov/biosample/SAMN41900829	Attributes/Attribute[@attribute_name='geo_loc_name']	SAMN41900829	Original geographic-location label retained; not an inference-region assignment.
Church2025:NIWA-173305	longitude	174.443889	biosample	https://www.ncbi.nlm.nih.gov/biosample/SAMN41900829	Attributes/Attribute[@attribute_name='lat_lon']	SAMN41900829	Hemisphere sign applied; no geographic correction inferred.
Church2025:NIWA-173305	tissue	tentacle	biosample	https://www.ncbi.nlm.nih.gov/biosample/SAMN41900829	Attributes/Attribute[@attribute_name='tissue']	SAMN41900829	
Church2025:TMAG-K5632	biosample	SAMN40621278	biosample	https://www.ncbi.nlm.nih.gov/biosample/SAMN40621278	BioSample/@accession	SAMN40621278	
Church2025:TMAG-K5632	collection_date	2023-01-14	biosample	https://www.ncbi.nlm.nih.gov/biosample/SAMN40621278	Attributes/Attribute[@attribute_name='collection_date']	SAMN40621278	
Church2025:TMAG-K5632	country	Australia	biosample	https://www.ncbi.nlm.nih.gov/biosample/SAMN40621278	Attributes/Attribute[@attribute_name='geo_loc_name']	SAMN40621278	Top-level geographic jurisdiction retained as submitted, including named territories.
Church2025:TMAG-K5632	lat_long_raw	41.863900 S 148.286500 E	biosample	https://www.ncbi.nlm.nih.gov/biosample/SAMN40621278	Attributes/Attribute[@attribute_name='lat_lon']	SAMN40621278	
Church2025:TMAG-K5632	latitude	-41.8639	biosample	https://www.ncbi.nlm.nih.gov/biosample/SAMN40621278	Attributes/Attribute[@attribute_name='lat_lon']	SAMN40621278	Hemisphere sign applied; no geographic correction inferred.
Church2025:TMAG-K5632	locality	Australia: Tasmania	biosample	https://www.ncbi.nlm.nih.gov/biosample/SAMN40621278	Attributes/Attribute[@attribute_name='geo_loc_name']	SAMN40621278	Original geographic-location label retained; not an inference-region assignment.
Church2025:TMAG-K5632	longitude	148.2865	biosample	https://www.ncbi.nlm.nih.gov/biosample/SAMN40621278	Attributes/Attribute[@attribute_name='lat_lon']	SAMN40621278	Hemisphere sign applied; no geographic correction inferred.
Church2025:TMAG-K5632	tissue	tentacle	biosample	https://www.ncbi.nlm.nih.gov/biosample/SAMN40621278	Attributes/Attribute[@attribute_name='tissue']	SAMN40621278	
Church2025:TMAG-K5633	biosample	SAMN40621279	biosample	https://www.ncbi.nlm.nih.gov/biosample/SAMN40621279	BioSample/@accession	SAMN40621279	
Church2025:TMAG-K5633	collection_date	2023-01-14	biosample	https://www.ncbi.nlm.nih.gov/biosample/SAMN40621279	Attributes/Attribute[@attribute_name='collection_date']	SAMN40621279	
Church2025:TMAG-K5633	country	Australia	biosample	https://www.ncbi.nlm.nih.gov/biosample/SAMN40621279	Attributes/Attribute[@attribute_name='geo_loc_name']	SAMN40621279	Top-level geographic jurisdiction retained as submitted, including named territories.
Church2025:TMAG-K5633	lat_long_raw	41.863900 S 148.286500 E	biosample	https://www.ncbi.nlm.nih.gov/biosample/SAMN40621279	Attributes/Attribute[@attribute_name='lat_lon']	SAMN40621279	
Church2025:TMAG-K5633	latitude	-41.8639	biosample	https://www.ncbi.nlm.nih.gov/biosample/SAMN40621279	Attributes/Attribute[@attribute_name='lat_lon']	SAMN40621279	Hemisphere sign applied; no geographic correction inferred.
Church2025:TMAG-K5633	locality	Australia: Tasmania	biosample	https://www.ncbi.nlm.nih.gov/biosample/SAMN40621279	Attributes/Attribute[@attribute_name='geo_loc_name']	SAMN40621279	Original geographic-location label retained; not an inference-region assignment.
Church2025:TMAG-K5633	longitude	148.2865	biosample	https://www.ncbi.nlm.nih.gov/biosample/SAMN40621279	Attributes/Attribute[@attribute_name='lat_lon']	SAMN40621279	Hemisphere sign applied; no geographic correction inferred.
Church2025:TMAG-K5633	tissue	tentacle	biosample	https://www.ncbi.nlm.nih.gov/biosample/SAMN40621279	Attributes/Attribute[@attribute_name='tissue']	SAMN40621279	
Church2025:TMAG-K5634	biosample	SAMN40621280	biosample	https://www.ncbi.nlm.nih.gov/biosample/SAMN40621280	BioSample/@accession	SAMN40621280	
Church2025:TMAG-K5634	collection_date	2023-01-14	biosample	https://www.ncbi.nlm.nih.gov/biosample/SAMN40621280	Attributes/Attribute[@attribute_name='collection_date']	SAMN40621280	
Church2025:TMAG-K5634	country	Australia	biosample	https://www.ncbi.nlm.nih.gov/biosample/SAMN40621280	Attributes/Attribute[@attribute_name='geo_loc_name']	SAMN40621280	Top-level geographic jurisdiction retained as submitted, including named territories.
Church2025:TMAG-K5634	lat_long_raw	41.863900 S 148.286500 E	biosample	https://www.ncbi.nlm.nih.gov/biosample/SAMN40621280	Attributes/Attribute[@attribute_name='lat_lon']	SAMN40621280	
Church2025:TMAG-K5634	latitude	-41.8639	biosample	https://www.ncbi.nlm.nih.gov/biosample/SAMN40621280	Attributes/Attribute[@attribute_name='lat_lon']	SAMN40621280	Hemisphere sign applied; no geographic correction inferred.
Church2025:TMAG-K5634	locality	Australia: Tasmania	biosample	https://www.ncbi.nlm.nih.gov/biosample/SAMN40621280	Attributes/Attribute[@attribute_name='geo_loc_name']	SAMN40621280	Original geographic-location label retained; not an inference-region assignment.
Church2025:TMAG-K5634	longitude	148.2865	biosample	https://www.ncbi.nlm.nih.gov/biosample/SAMN40621280	Attributes/Attribute[@attribute_name='lat_lon']	SAMN40621280	Hemisphere sign applied; no geographic correction inferred.
Church2025:TMAG-K5634	tissue	tentacle	biosample	https://www.ncbi.nlm.nih.gov/biosample/SAMN40621280	Attributes/Attribute[@attribute_name='tissue']	SAMN40621280	
Church2025:TMAG-K5635	biosample	SAMN40621281	biosample	https://www.ncbi.nlm.nih.gov/biosample/SAMN40621281	BioSample/@accession	SAMN40621281	
Church2025:TMAG-K5635	collection_date	2023-01-14	biosample	https://www.ncbi.nlm.nih.gov/biosample/SAMN40621281	Attributes/Attribute[@attribute_name='collection_date']	SAMN40621281	
Church2025:TMAG-K5635	country	Australia	biosample	https://www.ncbi.nlm.nih.gov/biosample/SAMN40621281	Attributes/Attribute[@attribute_name='geo_loc_name']	SAMN40621281	Top-level geographic jurisdiction retained as submitted, including named territories.
Church2025:TMAG-K5635	lat_long_raw	41.863900 S 148.286500 E	biosample	https://www.ncbi.nlm.nih.gov/biosample/SAMN40621281	Attributes/Attribute[@attribute_name='lat_lon']	SAMN40621281	
Church2025:TMAG-K5635	latitude	-41.8639	biosample	https://www.ncbi.nlm.nih.gov/biosample/SAMN40621281	Attributes/Attribute[@attribute_name='lat_lon']	SAMN40621281	Hemisphere sign applied; no geographic correction inferred.
Church2025:TMAG-K5635	locality	Australia: Tasmania	biosample	https://www.ncbi.nlm.nih.gov/biosample/SAMN40621281	Attributes/Attribute[@attribute_name='geo_loc_name']	SAMN40621281	Original geographic-location label retained; not an inference-region assignment.
Church2025:TMAG-K5635	longitude	148.2865	biosample	https://www.ncbi.nlm.nih.gov/biosample/SAMN40621281	Attributes/Attribute[@attribute_name='lat_lon']	SAMN40621281	Hemisphere sign applied; no geographic correction inferred.
Church2025:TMAG-K5635	tissue	tentacle	biosample	https://www.ncbi.nlm.nih.gov/biosample/SAMN40621281	Attributes/Attribute[@attribute_name='tissue']	SAMN40621281	
Church2025:TMAG-K5636	biosample	SAMN40621282	biosample	https://www.ncbi.nlm.nih.gov/biosample/SAMN40621282	BioSample/@accession	SAMN40621282	
Church2025:TMAG-K5636	collection_date	2023-01-14	biosample	https://www.ncbi.nlm.nih.gov/biosample/SAMN40621282	Attributes/Attribute[@attribute_name='collection_date']	SAMN40621282	
Church2025:TMAG-K5636	country	Australia	biosample	https://www.ncbi.nlm.nih.gov/biosample/SAMN40621282	Attributes/Attribute[@attribute_name='geo_loc_name']	SAMN40621282	Top-level geographic jurisdiction retained as submitted, including named territories.
Church2025:TMAG-K5636	lat_long_raw	41.863900 S 148.286500 E	biosample	https://www.ncbi.nlm.nih.gov/biosample/SAMN40621282	Attributes/Attribute[@attribute_name='lat_lon']	SAMN40621282	
Church2025:TMAG-K5636	latitude	-41.8639	biosample	https://www.ncbi.nlm.nih.gov/biosample/SAMN40621282	Attributes/Attribute[@attribute_name='lat_lon']	SAMN40621282	Hemisphere sign applied; no geographic correction inferred.
Church2025:TMAG-K5636	locality	Australia: Tasmania	biosample	https://www.ncbi.nlm.nih.gov/biosample/SAMN40621282	Attributes/Attribute[@attribute_name='geo_loc_name']	SAMN40621282	Original geographic-location label retained; not an inference-region assignment.
Church2025:TMAG-K5636	longitude	148.2865	biosample	https://www.ncbi.nlm.nih.gov/biosample/SAMN40621282	Attributes/Attribute[@attribute_name='lat_lon']	SAMN40621282	Hemisphere sign applied; no geographic correction inferred.
Church2025:TMAG-K5636	tissue	tentacle	biosample	https://www.ncbi.nlm.nih.gov/biosample/SAMN40621282	Attributes/Attribute[@attribute_name='tissue']	SAMN40621282	
Church2025:WAM-Z88480	biosample	SAMN40621283	biosample	https://www.ncbi.nlm.nih.gov/biosample/SAMN40621283	BioSample/@accession	SAMN40621283	
Church2025:WAM-Z88480	collection_date	2018-08-03	biosample	https://www.ncbi.nlm.nih.gov/biosample/SAMN40621283	Attributes/Attribute[@attribute_name='collection_date']	SAMN40621283	
Church2025:WAM-Z88480	country	Australia	biosample	https://www.ncbi.nlm.nih.gov/biosample/SAMN40621283	Attributes/Attribute[@attribute_name='geo_loc_name']	SAMN40621283	Top-level geographic jurisdiction retained as submitted, including named territories.
Church2025:WAM-Z88480	lat_long_raw	31.908144 S 115.754811 E	biosample	https://www.ncbi.nlm.nih.gov/biosample/SAMN40621283	Attributes/Attribute[@attribute_name='lat_lon']	SAMN40621283	
Church2025:WAM-Z88480	latitude	-31.908144	biosample	https://www.ncbi.nlm.nih.gov/biosample/SAMN40621283	Attributes/Attribute[@attribute_name='lat_lon']	SAMN40621283	Hemisphere sign applied; no geographic correction inferred.
Church2025:WAM-Z88480	locality	Australia: Western Australia	biosample	https://www.ncbi.nlm.nih.gov/biosample/SAMN40621283	Attributes/Attribute[@attribute_name='geo_loc_name']	SAMN40621283	Original geographic-location label retained; not an inference-region assignment.
Church2025:WAM-Z88480	longitude	115.754811	biosample	https://www.ncbi.nlm.nih.gov/biosample/SAMN40621283	Attributes/Attribute[@attribute_name='lat_lon']	SAMN40621283	Hemisphere sign applied; no geographic correction inferred.
Church2025:WAM-Z97900	biosample	SAMN40621284	biosample	https://www.ncbi.nlm.nih.gov/biosample/SAMN40621284	BioSample/@accession	SAMN40621284	
Church2025:WAM-Z97900	collection_date	2019-04-19	biosample	https://www.ncbi.nlm.nih.gov/biosample/SAMN40621284	Attributes/Attribute[@attribute_name='collection_date']	SAMN40621284	
Church2025:WAM-Z97900	country	Australia	biosample	https://www.ncbi.nlm.nih.gov/biosample/SAMN40621284	Attributes/Attribute[@attribute_name='geo_loc_name']	SAMN40621284	Top-level geographic jurisdiction retained as submitted, including named territories.
Church2025:WAM-Z97900	lat_long_raw	31.855786 S 115.751741 E	biosample	https://www.ncbi.nlm.nih.gov/biosample/SAMN40621284	Attributes/Attribute[@attribute_name='lat_lon']	SAMN40621284	
Church2025:WAM-Z97900	latitude	-31.855786	biosample	https://www.ncbi.nlm.nih.gov/biosample/SAMN40621284	Attributes/Attribute[@attribute_name='lat_lon']	SAMN40621284	Hemisphere sign applied; no geographic correction inferred.
Church2025:WAM-Z97900	locality	Australia: Western Australia	biosample	https://www.ncbi.nlm.nih.gov/biosample/SAMN40621284	Attributes/Attribute[@attribute_name='geo_loc_name']	SAMN40621284	Original geographic-location label retained; not an inference-region assignment.
Church2025:WAM-Z97900	longitude	115.751741	biosample	https://www.ncbi.nlm.nih.gov/biosample/SAMN40621284	Attributes/Attribute[@attribute_name='lat_lon']	SAMN40621284	Hemisphere sign applied; no geographic correction inferred.
Church2025:WAM-Z97901	biosample	SAMN40621285	biosample	https://www.ncbi.nlm.nih.gov/biosample/SAMN40621285	BioSample/@accession	SAMN40621285	
Church2025:WAM-Z97901	collection_date	2019-04-19	biosample	https://www.ncbi.nlm.nih.gov/biosample/SAMN40621285	Attributes/Attribute[@attribute_name='collection_date']	SAMN40621285	
Church2025:WAM-Z97901	country	Australia	biosample	https://www.ncbi.nlm.nih.gov/biosample/SAMN40621285	Attributes/Attribute[@attribute_name='geo_loc_name']	SAMN40621285	Top-level geographic jurisdiction retained as submitted, including named territories.
Church2025:WAM-Z97901	lat_long_raw	31.855786 S 115.751741 E	biosample	https://www.ncbi.nlm.nih.gov/biosample/SAMN40621285	Attributes/Attribute[@attribute_name='lat_lon']	SAMN40621285	
Church2025:WAM-Z97901	latitude	-31.855786	biosample	https://www.ncbi.nlm.nih.gov/biosample/SAMN40621285	Attributes/Attribute[@attribute_name='lat_lon']	SAMN40621285	Hemisphere sign applied; no geographic correction inferred.
Church2025:WAM-Z97901	locality	Australia: Western Australia	biosample	https://www.ncbi.nlm.nih.gov/biosample/SAMN40621285	Attributes/Attribute[@attribute_name='geo_loc_name']	SAMN40621285	Original geographic-location label retained; not an inference-region assignment.
Church2025:WAM-Z97901	longitude	115.751741	biosample	https://www.ncbi.nlm.nih.gov/biosample/SAMN40621285	Attributes/Attribute[@attribute_name='lat_lon']	SAMN40621285	Hemisphere sign applied; no geographic correction inferred.
Church2025:WAM-Z97902	biosample	SAMN40621286	biosample	https://www.ncbi.nlm.nih.gov/biosample/SAMN40621286	BioSample/@accession	SAMN40621286	
Church2025:WAM-Z97902	collection_date	2019-04-19	biosample	https://www.ncbi.nlm.nih.gov/biosample/SAMN40621286	Attributes/Attribute[@attribute_name='collection_date']	SAMN40621286	
Church2025:WAM-Z97902	country	Australia	biosample	https://www.ncbi.nlm.nih.gov/biosample/SAMN40621286	Attributes/Attribute[@attribute_name='geo_loc_name']	SAMN40621286	Top-level geographic jurisdiction retained as submitted, including named territories.
Church2025:WAM-Z97902	lat_long_raw	31.855786 S 115.751741 E	biosample	https://www.ncbi.nlm.nih.gov/biosample/SAMN40621286	Attributes/Attribute[@attribute_name='lat_lon']	SAMN40621286	
Church2025:WAM-Z97902	latitude	-31.855786	biosample	https://www.ncbi.nlm.nih.gov/biosample/SAMN40621286	Attributes/Attribute[@attribute_name='lat_lon']	SAMN40621286	Hemisphere sign applied; no geographic correction inferred.
Church2025:WAM-Z97902	locality	Australia: Western Australia	biosample	https://www.ncbi.nlm.nih.gov/biosample/SAMN40621286	Attributes/Attribute[@attribute_name='geo_loc_name']	SAMN40621286	Original geographic-location label retained; not an inference-region assignment.
Church2025:WAM-Z97902	longitude	115.751741	biosample	https://www.ncbi.nlm.nih.gov/biosample/SAMN40621286	Attributes/Attribute[@attribute_name='lat_lon']	SAMN40621286	Hemisphere sign applied; no geographic correction inferred.
Church2025:WAM-Z97903	biosample	SAMN40621287	biosample	https://www.ncbi.nlm.nih.gov/biosample/SAMN40621287	BioSample/@accession	SAMN40621287	
Church2025:WAM-Z97903	collection_date	2019-04-19	biosample	https://www.ncbi.nlm.nih.gov/biosample/SAMN40621287	Attributes/Attribute[@attribute_name='collection_date']	SAMN40621287	
Church2025:WAM-Z97903	country	Australia	biosample	https://www.ncbi.nlm.nih.gov/biosample/SAMN40621287	Attributes/Attribute[@attribute_name='geo_loc_name']	SAMN40621287	Top-level geographic jurisdiction retained as submitted, including named territories.
Church2025:WAM-Z97903	lat_long_raw	31.855786 S 115.751741 E	biosample	https://www.ncbi.nlm.nih.gov/biosample/SAMN40621287	Attributes/Attribute[@attribute_name='lat_lon']	SAMN40621287	
Church2025:WAM-Z97903	latitude	-31.855786	biosample	https://www.ncbi.nlm.nih.gov/biosample/SAMN40621287	Attributes/Attribute[@attribute_name='lat_lon']	SAMN40621287	Hemisphere sign applied; no geographic correction inferred.
Church2025:WAM-Z97903	locality	Australia: Western Australia	biosample	https://www.ncbi.nlm.nih.gov/biosample/SAMN40621287	Attributes/Attribute[@attribute_name='geo_loc_name']	SAMN40621287	Original geographic-location label retained; not an inference-region assignment.
Church2025:WAM-Z97903	longitude	115.751741	biosample	https://www.ncbi.nlm.nih.gov/biosample/SAMN40621287	Attributes/Attribute[@attribute_name='lat_lon']	SAMN40621287	Hemisphere sign applied; no geographic correction inferred.
Church2025:WAM-Z97906	biosample	SAMN40621288	biosample	https://www.ncbi.nlm.nih.gov/biosample/SAMN40621288	BioSample/@accession	SAMN40621288	
Church2025:WAM-Z97906	collection_date	2019-04-19	biosample	https://www.ncbi.nlm.nih.gov/biosample/SAMN40621288	Attributes/Attribute[@attribute_name='collection_date']	SAMN40621288	
Church2025:WAM-Z97906	country	Australia	biosample	https://www.ncbi.nlm.nih.gov/biosample/SAMN40621288	Attributes/Attribute[@attribute_name='geo_loc_name']	SAMN40621288	Top-level geographic jurisdiction retained as submitted, including named territories.
Church2025:WAM-Z97906	lat_long_raw	31.855786 S 115.751741 E	biosample	https://www.ncbi.nlm.nih.gov/biosample/SAMN40621288	Attributes/Attribute[@attribute_name='lat_lon']	SAMN40621288	
Church2025:WAM-Z97906	latitude	-31.855786	biosample	https://www.ncbi.nlm.nih.gov/biosample/SAMN40621288	Attributes/Attribute[@attribute_name='lat_lon']	SAMN40621288	Hemisphere sign applied; no geographic correction inferred.
Church2025:WAM-Z97906	locality	Australia: Western Australia	biosample	https://www.ncbi.nlm.nih.gov/biosample/SAMN40621288	Attributes/Attribute[@attribute_name='geo_loc_name']	SAMN40621288	Original geographic-location label retained; not an inference-region assignment.
Church2025:WAM-Z97906	longitude	115.751741	biosample	https://www.ncbi.nlm.nih.gov/biosample/SAMN40621288	Attributes/Attribute[@attribute_name='lat_lon']	SAMN40621288	Hemisphere sign applied; no geographic correction inferred.
Church2025:WAM-Z97907	biosample	SAMN40621289	biosample	https://www.ncbi.nlm.nih.gov/biosample/SAMN40621289	BioSample/@accession	SAMN40621289	
Church2025:WAM-Z97907	collection_date	2019-04-19	biosample	https://www.ncbi.nlm.nih.gov/biosample/SAMN40621289	Attributes/Attribute[@attribute_name='collection_date']	SAMN40621289	
Church2025:WAM-Z97907	country	Australia	biosample	https://www.ncbi.nlm.nih.gov/biosample/SAMN40621289	Attributes/Attribute[@attribute_name='geo_loc_name']	SAMN40621289	Top-level geographic jurisdiction retained as submitted, including named territories.
Church2025:WAM-Z97907	lat_long_raw	31.855786 S 115.751741 E	biosample	https://www.ncbi.nlm.nih.gov/biosample/SAMN40621289	Attributes/Attribute[@attribute_name='lat_lon']	SAMN40621289	
Church2025:WAM-Z97907	latitude	-31.855786	biosample	https://www.ncbi.nlm.nih.gov/biosample/SAMN40621289	Attributes/Attribute[@attribute_name='lat_lon']	SAMN40621289	Hemisphere sign applied; no geographic correction inferred.
Church2025:WAM-Z97907	locality	Australia: Western Australia	biosample	https://www.ncbi.nlm.nih.gov/biosample/SAMN40621289	Attributes/Attribute[@attribute_name='geo_loc_name']	SAMN40621289	Original geographic-location label retained; not an inference-region assignment.
Church2025:WAM-Z97907	longitude	115.751741	biosample	https://www.ncbi.nlm.nih.gov/biosample/SAMN40621289	Attributes/Attribute[@attribute_name='lat_lon']	SAMN40621289	Hemisphere sign applied; no geographic correction inferred.
Church2025:WAM-Z97908	biosample	SAMN40621290	biosample	https://www.ncbi.nlm.nih.gov/biosample/SAMN40621290	BioSample/@accession	SAMN40621290	
Church2025:WAM-Z97908	collection_date	2019-04-19	biosample	https://www.ncbi.nlm.nih.gov/biosample/SAMN40621290	Attributes/Attribute[@attribute_name='collection_date']	SAMN40621290	
Church2025:WAM-Z97908	country	Australia	biosample	https://www.ncbi.nlm.nih.gov/biosample/SAMN40621290	Attributes/Attribute[@attribute_name='geo_loc_name']	SAMN40621290	Top-level geographic jurisdiction retained as submitted, including named territories.
Church2025:WAM-Z97908	lat_long_raw	31.855786 S 115.751741 E	biosample	https://www.ncbi.nlm.nih.gov/biosample/SAMN40621290	Attributes/Attribute[@attribute_name='lat_lon']	SAMN40621290	
Church2025:WAM-Z97908	latitude	-31.855786	biosample	https://www.ncbi.nlm.nih.gov/biosample/SAMN40621290	Attributes/Attribute[@attribute_name='lat_lon']	SAMN40621290	Hemisphere sign applied; no geographic correction inferred.
Church2025:WAM-Z97908	locality	Australia: Western Australia	biosample	https://www.ncbi.nlm.nih.gov/biosample/SAMN40621290	Attributes/Attribute[@attribute_name='geo_loc_name']	SAMN40621290	Original geographic-location label retained; not an inference-region assignment.
Church2025:WAM-Z97908	longitude	115.751741	biosample	https://www.ncbi.nlm.nih.gov/biosample/SAMN40621290	Attributes/Attribute[@attribute_name='lat_lon']	SAMN40621290	Hemisphere sign applied; no geographic correction inferred.
Church2025:WAM-Z97910	biosample	SAMN40621291	biosample	https://www.ncbi.nlm.nih.gov/biosample/SAMN40621291	BioSample/@accession	SAMN40621291	
Church2025:WAM-Z97910	collection_date	2019-04-19	biosample	https://www.ncbi.nlm.nih.gov/biosample/SAMN40621291	Attributes/Attribute[@attribute_name='collection_date']	SAMN40621291	
Church2025:WAM-Z97910	country	Australia	biosample	https://www.ncbi.nlm.nih.gov/biosample/SAMN40621291	Attributes/Attribute[@attribute_name='geo_loc_name']	SAMN40621291	Top-level geographic jurisdiction retained as submitted, including named territories.
Church2025:WAM-Z97910	lat_long_raw	31.855786 S 115.751741 E	biosample	https://www.ncbi.nlm.nih.gov/biosample/SAMN40621291	Attributes/Attribute[@attribute_name='lat_lon']	SAMN40621291	
Church2025:WAM-Z97910	latitude	-31.855786	biosample	https://www.ncbi.nlm.nih.gov/biosample/SAMN40621291	Attributes/Attribute[@attribute_name='lat_lon']	SAMN40621291	Hemisphere sign applied; no geographic correction inferred.
Church2025:WAM-Z97910	locality	Australia: Western Australia	biosample	https://www.ncbi.nlm.nih.gov/biosample/SAMN40621291	Attributes/Attribute[@attribute_name='geo_loc_name']	SAMN40621291	Original geographic-location label retained; not an inference-region assignment.
Church2025:WAM-Z97910	longitude	115.751741	biosample	https://www.ncbi.nlm.nih.gov/biosample/SAMN40621291	Attributes/Attribute[@attribute_name='lat_lon']	SAMN40621291	Hemisphere sign applied; no geographic correction inferred.
Church2025:WAM-Z97911	biosample	SAMN40621292	biosample	https://www.ncbi.nlm.nih.gov/biosample/SAMN40621292	BioSample/@accession	SAMN40621292	
Church2025:WAM-Z97911	collection_date	2019-04-19	biosample	https://www.ncbi.nlm.nih.gov/biosample/SAMN40621292	Attributes/Attribute[@attribute_name='collection_date']	SAMN40621292	
Church2025:WAM-Z97911	country	Australia	biosample	https://www.ncbi.nlm.nih.gov/biosample/SAMN40621292	Attributes/Attribute[@attribute_name='geo_loc_name']	SAMN40621292	Top-level geographic jurisdiction retained as submitted, including named territories.
Church2025:WAM-Z97911	lat_long_raw	31.855786 S 115.751741 E	biosample	https://www.ncbi.nlm.nih.gov/biosample/SAMN40621292	Attributes/Attribute[@attribute_name='lat_lon']	SAMN40621292	
Church2025:WAM-Z97911	latitude	-31.855786	biosample	https://www.ncbi.nlm.nih.gov/biosample/SAMN40621292	Attributes/Attribute[@attribute_name='lat_lon']	SAMN40621292	Hemisphere sign applied; no geographic correction inferred.
Church2025:WAM-Z97911	locality	Australia: Western Australia	biosample	https://www.ncbi.nlm.nih.gov/biosample/SAMN40621292	Attributes/Attribute[@attribute_name='geo_loc_name']	SAMN40621292	Original geographic-location label retained; not an inference-region assignment.
Church2025:WAM-Z97911	longitude	115.751741	biosample	https://www.ncbi.nlm.nih.gov/biosample/SAMN40621292	Attributes/Attribute[@attribute_name='lat_lon']	SAMN40621292	Hemisphere sign applied; no geographic correction inferred.
Church2025:WAM-Z97914	biosample	SAMN40621293	biosample	https://www.ncbi.nlm.nih.gov/biosample/SAMN40621293	BioSample/@accession	SAMN40621293	
Church2025:WAM-Z97914	collection_date	2019-04-19	biosample	https://www.ncbi.nlm.nih.gov/biosample/SAMN40621293	Attributes/Attribute[@attribute_name='collection_date']	SAMN40621293	
Church2025:WAM-Z97914	country	Australia	biosample	https://www.ncbi.nlm.nih.gov/biosample/SAMN40621293	Attributes/Attribute[@attribute_name='geo_loc_name']	SAMN40621293	Top-level geographic jurisdiction retained as submitted, including named territories.
Church2025:WAM-Z97914	lat_long_raw	31.855786 S 115.751741 E	biosample	https://www.ncbi.nlm.nih.gov/biosample/SAMN40621293	Attributes/Attribute[@attribute_name='lat_lon']	SAMN40621293	
Church2025:WAM-Z97914	latitude	-31.855786	biosample	https://www.ncbi.nlm.nih.gov/biosample/SAMN40621293	Attributes/Attribute[@attribute_name='lat_lon']	SAMN40621293	Hemisphere sign applied; no geographic correction inferred.
Church2025:WAM-Z97914	locality	Australia: Western Australia	biosample	https://www.ncbi.nlm.nih.gov/biosample/SAMN40621293	Attributes/Attribute[@attribute_name='geo_loc_name']	SAMN40621293	Original geographic-location label retained; not an inference-region assignment.
Church2025:WAM-Z97914	longitude	115.751741	biosample	https://www.ncbi.nlm.nih.gov/biosample/SAMN40621293	Attributes/Attribute[@attribute_name='lat_lon']	SAMN40621293	Hemisphere sign applied; no geographic correction inferred.
Church2025:WAM-Z97916	biosample	SAMN40621294	biosample	https://www.ncbi.nlm.nih.gov/biosample/SAMN40621294	BioSample/@accession	SAMN40621294	
Church2025:WAM-Z97916	collection_date	2019-04-19	biosample	https://www.ncbi.nlm.nih.gov/biosample/SAMN40621294	Attributes/Attribute[@attribute_name='collection_date']	SAMN40621294	
Church2025:WAM-Z97916	country	Australia	biosample	https://www.ncbi.nlm.nih.gov/biosample/SAMN40621294	Attributes/Attribute[@attribute_name='geo_loc_name']	SAMN40621294	Top-level geographic jurisdiction retained as submitted, including named territories.
Church2025:WAM-Z97916	lat_long_raw	31.855786 S 115.751741 E	biosample	https://www.ncbi.nlm.nih.gov/biosample/SAMN40621294	Attributes/Attribute[@attribute_name='lat_lon']	SAMN40621294	
Church2025:WAM-Z97916	latitude	-31.855786	biosample	https://www.ncbi.nlm.nih.gov/biosample/SAMN40621294	Attributes/Attribute[@attribute_name='lat_lon']	SAMN40621294	Hemisphere sign applied; no geographic correction inferred.
Church2025:WAM-Z97916	locality	Australia: Western Australia	biosample	https://www.ncbi.nlm.nih.gov/biosample/SAMN40621294	Attributes/Attribute[@attribute_name='geo_loc_name']	SAMN40621294	Original geographic-location label retained; not an inference-region assignment.
Church2025:WAM-Z97916	longitude	115.751741	biosample	https://www.ncbi.nlm.nih.gov/biosample/SAMN40621294	Attributes/Attribute[@attribute_name='lat_lon']	SAMN40621294	Hemisphere sign applied; no geographic correction inferred.
Church2025:WAM-Z97917	biosample	SAMN40621295	biosample	https://www.ncbi.nlm.nih.gov/biosample/SAMN40621295	BioSample/@accession	SAMN40621295	
Church2025:WAM-Z97917	collection_date	2019-01-18	biosample	https://www.ncbi.nlm.nih.gov/biosample/SAMN40621295	Attributes/Attribute[@attribute_name='collection_date']	SAMN40621295	
Church2025:WAM-Z97917	country	Australia	biosample	https://www.ncbi.nlm.nih.gov/biosample/SAMN40621295	Attributes/Attribute[@attribute_name='geo_loc_name']	SAMN40621295	Top-level geographic jurisdiction retained as submitted, including named territories.
Church2025:WAM-Z97917	lat_long_raw	33.787002 S 151.288609 E	biosample	https://www.ncbi.nlm.nih.gov/biosample/SAMN40621295	Attributes/Attribute[@attribute_name='lat_lon']	SAMN40621295	
Church2025:WAM-Z97917	latitude	-33.787002	biosample	https://www.ncbi.nlm.nih.gov/biosample/SAMN40621295	Attributes/Attribute[@attribute_name='lat_lon']	SAMN40621295	Hemisphere sign applied; no geographic correction inferred.
Church2025:WAM-Z97917	locality	Australia: New South Wales	biosample	https://www.ncbi.nlm.nih.gov/biosample/SAMN40621295	Attributes/Attribute[@attribute_name='geo_loc_name']	SAMN40621295	Original geographic-location label retained; not an inference-region assignment.
Church2025:WAM-Z97917	longitude	151.288609	biosample	https://www.ncbi.nlm.nih.gov/biosample/SAMN40621295	Attributes/Attribute[@attribute_name='lat_lon']	SAMN40621295	Hemisphere sign applied; no geographic correction inferred.
Church2025:WAM-Z97920	biosample	SAMN40621296	biosample	https://www.ncbi.nlm.nih.gov/biosample/SAMN40621296	BioSample/@accession	SAMN40621296	
Church2025:WAM-Z97920	collection_date	2018-02-05	biosample	https://www.ncbi.nlm.nih.gov/biosample/SAMN40621296	Attributes/Attribute[@attribute_name='collection_date']	SAMN40621296	
Church2025:WAM-Z97920	country	Australia	biosample	https://www.ncbi.nlm.nih.gov/biosample/SAMN40621296	Attributes/Attribute[@attribute_name='geo_loc_name']	SAMN40621296	Top-level geographic jurisdiction retained as submitted, including named territories.
Church2025:WAM-Z97920	lat_long_raw	33.987424 S 151.231329 E	biosample	https://www.ncbi.nlm.nih.gov/biosample/SAMN40621296	Attributes/Attribute[@attribute_name='lat_lon']	SAMN40621296	
Church2025:WAM-Z97920	latitude	-33.987424	biosample	https://www.ncbi.nlm.nih.gov/biosample/SAMN40621296	Attributes/Attribute[@attribute_name='lat_lon']	SAMN40621296	Hemisphere sign applied; no geographic correction inferred.
Church2025:WAM-Z97920	locality	Australia: New South Wales	biosample	https://www.ncbi.nlm.nih.gov/biosample/SAMN40621296	Attributes/Attribute[@attribute_name='geo_loc_name']	SAMN40621296	Original geographic-location label retained; not an inference-region assignment.
Church2025:WAM-Z97920	longitude	151.231329	biosample	https://www.ncbi.nlm.nih.gov/biosample/SAMN40621296	Attributes/Attribute[@attribute_name='lat_lon']	SAMN40621296	Hemisphere sign applied; no geographic correction inferred.
Church2025:WAM-Z97921	biosample	SAMN40621297	biosample	https://www.ncbi.nlm.nih.gov/biosample/SAMN40621297	BioSample/@accession	SAMN40621297	
Church2025:WAM-Z97921	collection_date	2019-01-19	biosample	https://www.ncbi.nlm.nih.gov/biosample/SAMN40621297	Attributes/Attribute[@attribute_name='collection_date']	SAMN40621297	
Church2025:WAM-Z97921	country	Australia	biosample	https://www.ncbi.nlm.nih.gov/biosample/SAMN40621297	Attributes/Attribute[@attribute_name='geo_loc_name']	SAMN40621297	Top-level geographic jurisdiction retained as submitted, including named territories.
Church2025:WAM-Z97921	lat_long_raw	26.784003 S 153.140596 E	biosample	https://www.ncbi.nlm.nih.gov/biosample/SAMN40621297	Attributes/Attribute[@attribute_name='lat_lon']	SAMN40621297	
Church2025:WAM-Z97921	latitude	-26.784003	biosample	https://www.ncbi.nlm.nih.gov/biosample/SAMN40621297	Attributes/Attribute[@attribute_name='lat_lon']	SAMN40621297	Hemisphere sign applied; no geographic correction inferred.
Church2025:WAM-Z97921	locality	Australia: Queensland	biosample	https://www.ncbi.nlm.nih.gov/biosample/SAMN40621297	Attributes/Attribute[@attribute_name='geo_loc_name']	SAMN40621297	Original geographic-location label retained; not an inference-region assignment.
Church2025:WAM-Z97921	longitude	153.140596	biosample	https://www.ncbi.nlm.nih.gov/biosample/SAMN40621297	Attributes/Attribute[@attribute_name='lat_lon']	SAMN40621297	Hemisphere sign applied; no geographic correction inferred.
Church2025:WAM-Z97923	biosample	SAMN40621298	biosample	https://www.ncbi.nlm.nih.gov/biosample/SAMN40621298	BioSample/@accession	SAMN40621298	
Church2025:WAM-Z97923	collection_date	2019-01-19	biosample	https://www.ncbi.nlm.nih.gov/biosample/SAMN40621298	Attributes/Attribute[@attribute_name='collection_date']	SAMN40621298	
Church2025:WAM-Z97923	country	Australia	biosample	https://www.ncbi.nlm.nih.gov/biosample/SAMN40621298	Attributes/Attribute[@attribute_name='geo_loc_name']	SAMN40621298	Top-level geographic jurisdiction retained as submitted, including named territories.
Church2025:WAM-Z97923	lat_long_raw	26.784003 S 153.140596 E	biosample	https://www.ncbi.nlm.nih.gov/biosample/SAMN40621298	Attributes/Attribute[@attribute_name='lat_lon']	SAMN40621298	
Church2025:WAM-Z97923	latitude	-26.784003	biosample	https://www.ncbi.nlm.nih.gov/biosample/SAMN40621298	Attributes/Attribute[@attribute_name='lat_lon']	SAMN40621298	Hemisphere sign applied; no geographic correction inferred.
Church2025:WAM-Z97923	locality	Australia: Queensland	biosample	https://www.ncbi.nlm.nih.gov/biosample/SAMN40621298	Attributes/Attribute[@attribute_name='geo_loc_name']	SAMN40621298	Original geographic-location label retained; not an inference-region assignment.
Church2025:WAM-Z97923	longitude	153.140596	biosample	https://www.ncbi.nlm.nih.gov/biosample/SAMN40621298	Attributes/Attribute[@attribute_name='lat_lon']	SAMN40621298	Hemisphere sign applied; no geographic correction inferred.
Church2025:YPM-IZ-104460	biosample	SAMN40621299	biosample	https://www.ncbi.nlm.nih.gov/biosample/SAMN40621299	BioSample/@accession	SAMN40621299	
Church2025:YPM-IZ-104460	collection_date	2018-11-23	biosample	https://www.ncbi.nlm.nih.gov/biosample/SAMN40621299	Attributes/Attribute[@attribute_name='collection_date']	SAMN40621299	
Church2025:YPM-IZ-104460	country	Guam	biosample	https://www.ncbi.nlm.nih.gov/biosample/SAMN40621299	Attributes/Attribute[@attribute_name='geo_loc_name']	SAMN40621299	Top-level geographic jurisdiction retained as submitted, including named territories.
Church2025:YPM-IZ-104460	lat_long_raw	13.427861 N 144.798518 E	biosample	https://www.ncbi.nlm.nih.gov/biosample/SAMN40621299	Attributes/Attribute[@attribute_name='lat_lon']	SAMN40621299	
Church2025:YPM-IZ-104460	latitude	13.427861	biosample	https://www.ncbi.nlm.nih.gov/biosample/SAMN40621299	Attributes/Attribute[@attribute_name='lat_lon']	SAMN40621299	Hemisphere sign applied; no geographic correction inferred.
Church2025:YPM-IZ-104460	locality	Guam	biosample	https://www.ncbi.nlm.nih.gov/biosample/SAMN40621299	Attributes/Attribute[@attribute_name='geo_loc_name']	SAMN40621299	Original geographic-location label retained; not an inference-region assignment.
Church2025:YPM-IZ-104460	longitude	144.798518	biosample	https://www.ncbi.nlm.nih.gov/biosample/SAMN40621299	Attributes/Attribute[@attribute_name='lat_lon']	SAMN40621299	Hemisphere sign applied; no geographic correction inferred.
Church2025:YPM-IZ-104460	tissue	tentacle	biosample	https://www.ncbi.nlm.nih.gov/biosample/SAMN40621299	Attributes/Attribute[@attribute_name='tissue']	SAMN40621299	
Church2025:YPM-IZ-104461	biosample	SAMN40621300	biosample	https://www.ncbi.nlm.nih.gov/biosample/SAMN40621300	BioSample/@accession	SAMN40621300	
Church2025:YPM-IZ-104461	collection_date	2018-11-23	biosample	https://www.ncbi.nlm.nih.gov/biosample/SAMN40621300	Attributes/Attribute[@attribute_name='collection_date']	SAMN40621300	
Church2025:YPM-IZ-104461	country	Guam	biosample	https://www.ncbi.nlm.nih.gov/biosample/SAMN40621300	Attributes/Attribute[@attribute_name='geo_loc_name']	SAMN40621300	Top-level geographic jurisdiction retained as submitted, including named territories.
Church2025:YPM-IZ-104461	lat_long_raw	13.427861 N 144.798518 E	biosample	https://www.ncbi.nlm.nih.gov/biosample/SAMN40621300	Attributes/Attribute[@attribute_name='lat_lon']	SAMN40621300	
Church2025:YPM-IZ-104461	latitude	13.427861	biosample	https://www.ncbi.nlm.nih.gov/biosample/SAMN40621300	Attributes/Attribute[@attribute_name='lat_lon']	SAMN40621300	Hemisphere sign applied; no geographic correction inferred.
Church2025:YPM-IZ-104461	locality	Guam	biosample	https://www.ncbi.nlm.nih.gov/biosample/SAMN40621300	Attributes/Attribute[@attribute_name='geo_loc_name']	SAMN40621300	Original geographic-location label retained; not an inference-region assignment.
Church2025:YPM-IZ-104461	longitude	144.798518	biosample	https://www.ncbi.nlm.nih.gov/biosample/SAMN40621300	Attributes/Attribute[@attribute_name='lat_lon']	SAMN40621300	Hemisphere sign applied; no geographic correction inferred.
Church2025:YPM-IZ-104461	tissue	tentacle	biosample	https://www.ncbi.nlm.nih.gov/biosample/SAMN40621300	Attributes/Attribute[@attribute_name='tissue']	SAMN40621300	
Church2025:YPM-IZ-104464	biosample	SAMN40621301	biosample	https://www.ncbi.nlm.nih.gov/biosample/SAMN40621301	BioSample/@accession	SAMN40621301	
Church2025:YPM-IZ-104464	collection_date	2018-11-23	biosample	https://www.ncbi.nlm.nih.gov/biosample/SAMN40621301	Attributes/Attribute[@attribute_name='collection_date']	SAMN40621301	
Church2025:YPM-IZ-104464	country	Guam	biosample	https://www.ncbi.nlm.nih.gov/biosample/SAMN40621301	Attributes/Attribute[@attribute_name='geo_loc_name']	SAMN40621301	Top-level geographic jurisdiction retained as submitted, including named territories.
Church2025:YPM-IZ-104464	lat_long_raw	13.427861 N 144.798518 E	biosample	https://www.ncbi.nlm.nih.gov/biosample/SAMN40621301	Attributes/Attribute[@attribute_name='lat_lon']	SAMN40621301	
Church2025:YPM-IZ-104464	latitude	13.427861	biosample	https://www.ncbi.nlm.nih.gov/biosample/SAMN40621301	Attributes/Attribute[@attribute_name='lat_lon']	SAMN40621301	Hemisphere sign applied; no geographic correction inferred.
Church2025:YPM-IZ-104464	locality	Guam	biosample	https://www.ncbi.nlm.nih.gov/biosample/SAMN40621301	Attributes/Attribute[@attribute_name='geo_loc_name']	SAMN40621301	Original geographic-location label retained; not an inference-region assignment.
Church2025:YPM-IZ-104464	longitude	144.798518	biosample	https://www.ncbi.nlm.nih.gov/biosample/SAMN40621301	Attributes/Attribute[@attribute_name='lat_lon']	SAMN40621301	Hemisphere sign applied; no geographic correction inferred.
Church2025:YPM-IZ-104464	tissue	tentacle	biosample	https://www.ncbi.nlm.nih.gov/biosample/SAMN40621301	Attributes/Attribute[@attribute_name='tissue']	SAMN40621301	
Church2025:YPM-IZ-104465	biosample	SAMN32803051	biosample	https://www.ncbi.nlm.nih.gov/biosample/SAMN32803051	BioSample/@accession	SAMN32803051	
Church2025:YPM-IZ-104465	collection_date	2018-11-23	biosample	https://www.ncbi.nlm.nih.gov/biosample/SAMN32803051	Attributes/Attribute[@attribute_name='collection_date']	SAMN32803051	
Church2025:YPM-IZ-104465	collection_depth_source	https://www.ncbi.nlm.nih.gov/biosample/SAMN32803051	biosample	https://www.ncbi.nlm.nih.gov/biosample/SAMN32803051	Attributes/Attribute[@attribute_name='depth']	SAMN32803051	
Church2025:YPM-IZ-104465	depth_m	0	biosample	https://www.ncbi.nlm.nih.gov/biosample/SAMN32803051	Attributes/Attribute[@attribute_name='depth']	SAMN32803051	Explicit metre unit retained; source depth definition otherwise unchanged.
Church2025:YPM-IZ-104465	depth_original	0 meters	biosample	https://www.ncbi.nlm.nih.gov/biosample/SAMN32803051	Attributes/Attribute[@attribute_name='depth']	SAMN32803051	
Church2025:YPM-IZ-104465	lat_long_raw	13.428 N 144.799 W	biosample	https://www.ncbi.nlm.nih.gov/biosample/SAMN32803051	Attributes/Attribute[@attribute_name='lat_lon']	SAMN32803051	
Church2025:YPM-IZ-104465	latitude	13.428	biosample	https://www.ncbi.nlm.nih.gov/biosample/SAMN32803051	Attributes/Attribute[@attribute_name='lat_lon']	SAMN32803051	Hemisphere sign applied; no geographic correction inferred.
Church2025:YPM-IZ-104465	locality	Pacific Ocean	biosample	https://www.ncbi.nlm.nih.gov/biosample/SAMN32803051	Attributes/Attribute[@attribute_name='geo_loc_name']	SAMN32803051	Original geographic-location label retained; not an inference-region assignment.
Church2025:YPM-IZ-104465	longitude	-144.799	biosample	https://www.ncbi.nlm.nih.gov/biosample/SAMN32803051	Attributes/Attribute[@attribute_name='lat_lon']	SAMN32803051	Hemisphere sign applied; no geographic correction inferred.
Church2025:YPM-IZ-104465	specimen_voucher	YPM:IZ:104465	biosample	https://www.ncbi.nlm.nih.gov/biosample/SAMN32803051	Attributes/Attribute[@attribute_name='specimen_voucher']	SAMN32803051	
Church2025:YPM-IZ-104465	tissue	corm	biosample	https://www.ncbi.nlm.nih.gov/biosample/SAMN32803051	Attributes/Attribute[@attribute_name='tissue']	SAMN32803051	
Church2025:YPM-IZ-106919	biosample	SAMN40621302	biosample	https://www.ncbi.nlm.nih.gov/biosample/SAMN40621302	BioSample/@accession	SAMN40621302	
Church2025:YPM-IZ-106919	collection_date	2020-11-19	biosample	https://www.ncbi.nlm.nih.gov/biosample/SAMN40621302	Attributes/Attribute[@attribute_name='collection_date']	SAMN40621302	
Church2025:YPM-IZ-106919	country	Japan	biosample	https://www.ncbi.nlm.nih.gov/biosample/SAMN40621302	Attributes/Attribute[@attribute_name='geo_loc_name']	SAMN40621302	Top-level geographic jurisdiction retained as submitted, including named territories.
Church2025:YPM-IZ-106919	lat_long_raw	35.307390 N 139.480651 E	biosample	https://www.ncbi.nlm.nih.gov/biosample/SAMN40621302	Attributes/Attribute[@attribute_name='lat_lon']	SAMN40621302	
Church2025:YPM-IZ-106919	latitude	35.30739	biosample	https://www.ncbi.nlm.nih.gov/biosample/SAMN40621302	Attributes/Attribute[@attribute_name='lat_lon']	SAMN40621302	Hemisphere sign applied; no geographic correction inferred.
Church2025:YPM-IZ-106919	locality	Japan	biosample	https://www.ncbi.nlm.nih.gov/biosample/SAMN40621302	Attributes/Attribute[@attribute_name='geo_loc_name']	SAMN40621302	Original geographic-location label retained; not an inference-region assignment.
Church2025:YPM-IZ-106919	longitude	139.480651	biosample	https://www.ncbi.nlm.nih.gov/biosample/SAMN40621302	Attributes/Attribute[@attribute_name='lat_lon']	SAMN40621302	Hemisphere sign applied; no geographic correction inferred.
Church2025:YPM-IZ-106919	tissue	tentacle	biosample	https://www.ncbi.nlm.nih.gov/biosample/SAMN40621302	Attributes/Attribute[@attribute_name='tissue']	SAMN40621302	
Church2025:YPM-IZ-106920	biosample	SAMN40621303	biosample	https://www.ncbi.nlm.nih.gov/biosample/SAMN40621303	BioSample/@accession	SAMN40621303	
Church2025:YPM-IZ-106920	collection_date	2020-11-19	biosample	https://www.ncbi.nlm.nih.gov/biosample/SAMN40621303	Attributes/Attribute[@attribute_name='collection_date']	SAMN40621303	
Church2025:YPM-IZ-106920	country	Japan	biosample	https://www.ncbi.nlm.nih.gov/biosample/SAMN40621303	Attributes/Attribute[@attribute_name='geo_loc_name']	SAMN40621303	Top-level geographic jurisdiction retained as submitted, including named territories.
Church2025:YPM-IZ-106920	lat_long_raw	35.307390 N 139.480651 E	biosample	https://www.ncbi.nlm.nih.gov/biosample/SAMN40621303	Attributes/Attribute[@attribute_name='lat_lon']	SAMN40621303	
Church2025:YPM-IZ-106920	latitude	35.30739	biosample	https://www.ncbi.nlm.nih.gov/biosample/SAMN40621303	Attributes/Attribute[@attribute_name='lat_lon']	SAMN40621303	Hemisphere sign applied; no geographic correction inferred.
Church2025:YPM-IZ-106920	locality	Japan	biosample	https://www.ncbi.nlm.nih.gov/biosample/SAMN40621303	Attributes/Attribute[@attribute_name='geo_loc_name']	SAMN40621303	Original geographic-location label retained; not an inference-region assignment.
Church2025:YPM-IZ-106920	longitude	139.480651	biosample	https://www.ncbi.nlm.nih.gov/biosample/SAMN40621303	Attributes/Attribute[@attribute_name='lat_lon']	SAMN40621303	Hemisphere sign applied; no geographic correction inferred.
Church2025:YPM-IZ-106920	tissue	tentacle	biosample	https://www.ncbi.nlm.nih.gov/biosample/SAMN40621303	Attributes/Attribute[@attribute_name='tissue']	SAMN40621303	
Church2025:YPM-IZ-106923	biosample	SAMN40621304	biosample	https://www.ncbi.nlm.nih.gov/biosample/SAMN40621304	BioSample/@accession	SAMN40621304	
Church2025:YPM-IZ-106923	collection_date	2020-11-19	biosample	https://www.ncbi.nlm.nih.gov/biosample/SAMN40621304	Attributes/Attribute[@attribute_name='collection_date']	SAMN40621304	
Church2025:YPM-IZ-106923	country	Japan	biosample	https://www.ncbi.nlm.nih.gov/biosample/SAMN40621304	Attributes/Attribute[@attribute_name='geo_loc_name']	SAMN40621304	Top-level geographic jurisdiction retained as submitted, including named territories.
Church2025:YPM-IZ-106923	lat_long_raw	35.307390 N 139.480651 E	biosample	https://www.ncbi.nlm.nih.gov/biosample/SAMN40621304	Attributes/Attribute[@attribute_name='lat_lon']	SAMN40621304	
Church2025:YPM-IZ-106923	latitude	35.30739	biosample	https://www.ncbi.nlm.nih.gov/biosample/SAMN40621304	Attributes/Attribute[@attribute_name='lat_lon']	SAMN40621304	Hemisphere sign applied; no geographic correction inferred.
Church2025:YPM-IZ-106923	locality	Japan	biosample	https://www.ncbi.nlm.nih.gov/biosample/SAMN40621304	Attributes/Attribute[@attribute_name='geo_loc_name']	SAMN40621304	Original geographic-location label retained; not an inference-region assignment.
Church2025:YPM-IZ-106923	longitude	139.480651	biosample	https://www.ncbi.nlm.nih.gov/biosample/SAMN40621304	Attributes/Attribute[@attribute_name='lat_lon']	SAMN40621304	Hemisphere sign applied; no geographic correction inferred.
Church2025:YPM-IZ-106923	tissue	tentacle	biosample	https://www.ncbi.nlm.nih.gov/biosample/SAMN40621304	Attributes/Attribute[@attribute_name='tissue']	SAMN40621304	
Church2025:YPM-IZ-106935	biosample	SAMN40621305	biosample	https://www.ncbi.nlm.nih.gov/biosample/SAMN40621305	BioSample/@accession	SAMN40621305	
Church2025:YPM-IZ-106935	collection_date	2016-03-02	biosample	https://www.ncbi.nlm.nih.gov/biosample/SAMN40621305	Attributes/Attribute[@attribute_name='collection_date']	SAMN40621305	
Church2025:YPM-IZ-106935	country	USA	biosample	https://www.ncbi.nlm.nih.gov/biosample/SAMN40621305	Attributes/Attribute[@attribute_name='geo_loc_name']	SAMN40621305	Top-level geographic jurisdiction retained as submitted, including named territories.
Church2025:YPM-IZ-106935	lat_long_raw	29.19532 N 94.8429383 W	biosample	https://www.ncbi.nlm.nih.gov/biosample/SAMN40621305	Attributes/Attribute[@attribute_name='lat_lon']	SAMN40621305	
Church2025:YPM-IZ-106935	latitude	29.19532	biosample	https://www.ncbi.nlm.nih.gov/biosample/SAMN40621305	Attributes/Attribute[@attribute_name='lat_lon']	SAMN40621305	Hemisphere sign applied; no geographic correction inferred.
Church2025:YPM-IZ-106935	locality	USA: Texas	biosample	https://www.ncbi.nlm.nih.gov/biosample/SAMN40621305	Attributes/Attribute[@attribute_name='geo_loc_name']	SAMN40621305	Original geographic-location label retained; not an inference-region assignment.
Church2025:YPM-IZ-106935	longitude	-94.8429383	biosample	https://www.ncbi.nlm.nih.gov/biosample/SAMN40621305	Attributes/Attribute[@attribute_name='lat_lon']	SAMN40621305	Hemisphere sign applied; no geographic correction inferred.
Church2025:YPM-IZ-106935	tissue	tentacle	biosample	https://www.ncbi.nlm.nih.gov/biosample/SAMN40621305	Attributes/Attribute[@attribute_name='tissue']	SAMN40621305	
Church2025:YPM-IZ-106936	biosample	SAMN40621306	biosample	https://www.ncbi.nlm.nih.gov/biosample/SAMN40621306	BioSample/@accession	SAMN40621306	
Church2025:YPM-IZ-106936	collection_date	2016-03-03	biosample	https://www.ncbi.nlm.nih.gov/biosample/SAMN40621306	Attributes/Attribute[@attribute_name='collection_date']	SAMN40621306	
Church2025:YPM-IZ-106936	country	USA	biosample	https://www.ncbi.nlm.nih.gov/biosample/SAMN40621306	Attributes/Attribute[@attribute_name='geo_loc_name']	SAMN40621306	Top-level geographic jurisdiction retained as submitted, including named territories.
Church2025:YPM-IZ-106936	lat_long_raw	29.19532 N 94.8429383 W	biosample	https://www.ncbi.nlm.nih.gov/biosample/SAMN40621306	Attributes/Attribute[@attribute_name='lat_lon']	SAMN40621306	
Church2025:YPM-IZ-106936	latitude	29.19532	biosample	https://www.ncbi.nlm.nih.gov/biosample/SAMN40621306	Attributes/Attribute[@attribute_name='lat_lon']	SAMN40621306	Hemisphere sign applied; no geographic correction inferred.
Church2025:YPM-IZ-106936	locality	USA: Texas	biosample	https://www.ncbi.nlm.nih.gov/biosample/SAMN40621306	Attributes/Attribute[@attribute_name='geo_loc_name']	SAMN40621306	Original geographic-location label retained; not an inference-region assignment.
Church2025:YPM-IZ-106936	longitude	-94.8429383	biosample	https://www.ncbi.nlm.nih.gov/biosample/SAMN40621306	Attributes/Attribute[@attribute_name='lat_lon']	SAMN40621306	Hemisphere sign applied; no geographic correction inferred.
Church2025:YPM-IZ-106936	tissue	tentacle	biosample	https://www.ncbi.nlm.nih.gov/biosample/SAMN40621306	Attributes/Attribute[@attribute_name='tissue']	SAMN40621306	
Church2025:YPM-IZ-106937	biosample	SAMN40621307	biosample	https://www.ncbi.nlm.nih.gov/biosample/SAMN40621307	BioSample/@accession	SAMN40621307	
Church2025:YPM-IZ-106937	collection_date	2016-03-03	biosample	https://www.ncbi.nlm.nih.gov/biosample/SAMN40621307	Attributes/Attribute[@attribute_name='collection_date']	SAMN40621307	
Church2025:YPM-IZ-106937	country	USA	biosample	https://www.ncbi.nlm.nih.gov/biosample/SAMN40621307	Attributes/Attribute[@attribute_name='geo_loc_name']	SAMN40621307	Top-level geographic jurisdiction retained as submitted, including named territories.
Church2025:YPM-IZ-106937	lat_long_raw	29.19532 N 94.8429383 W	biosample	https://www.ncbi.nlm.nih.gov/biosample/SAMN40621307	Attributes/Attribute[@attribute_name='lat_lon']	SAMN40621307	
Church2025:YPM-IZ-106937	latitude	29.19532	biosample	https://www.ncbi.nlm.nih.gov/biosample/SAMN40621307	Attributes/Attribute[@attribute_name='lat_lon']	SAMN40621307	Hemisphere sign applied; no geographic correction inferred.
Church2025:YPM-IZ-106937	locality	USA: Texas	biosample	https://www.ncbi.nlm.nih.gov/biosample/SAMN40621307	Attributes/Attribute[@attribute_name='geo_loc_name']	SAMN40621307	Original geographic-location label retained; not an inference-region assignment.
Church2025:YPM-IZ-106937	longitude	-94.8429383	biosample	https://www.ncbi.nlm.nih.gov/biosample/SAMN40621307	Attributes/Attribute[@attribute_name='lat_lon']	SAMN40621307	Hemisphere sign applied; no geographic correction inferred.
Church2025:YPM-IZ-106937	tissue	tentacle	biosample	https://www.ncbi.nlm.nih.gov/biosample/SAMN40621307	Attributes/Attribute[@attribute_name='tissue']	SAMN40621307	
Church2025:YPM-IZ-106941	biosample	SAMN40621308	biosample	https://www.ncbi.nlm.nih.gov/biosample/SAMN40621308	BioSample/@accession	SAMN40621308	
Church2025:YPM-IZ-106941	collection_date	2019-05-18	biosample	https://www.ncbi.nlm.nih.gov/biosample/SAMN40621308	Attributes/Attribute[@attribute_name='collection_date']	SAMN40621308	
Church2025:YPM-IZ-106941	country	Bermuda	biosample	https://www.ncbi.nlm.nih.gov/biosample/SAMN40621308	Attributes/Attribute[@attribute_name='geo_loc_name']	SAMN40621308	Top-level geographic jurisdiction retained as submitted, including named territories.
Church2025:YPM-IZ-106941	lat_long_raw	32.323333 N 64.656300 W	biosample	https://www.ncbi.nlm.nih.gov/biosample/SAMN40621308	Attributes/Attribute[@attribute_name='lat_lon']	SAMN40621308	
Church2025:YPM-IZ-106941	latitude	32.323333	biosample	https://www.ncbi.nlm.nih.gov/biosample/SAMN40621308	Attributes/Attribute[@attribute_name='lat_lon']	SAMN40621308	Hemisphere sign applied; no geographic correction inferred.
Church2025:YPM-IZ-106941	locality	Bermuda	biosample	https://www.ncbi.nlm.nih.gov/biosample/SAMN40621308	Attributes/Attribute[@attribute_name='geo_loc_name']	SAMN40621308	Original geographic-location label retained; not an inference-region assignment.
Church2025:YPM-IZ-106941	longitude	-64.6563	biosample	https://www.ncbi.nlm.nih.gov/biosample/SAMN40621308	Attributes/Attribute[@attribute_name='lat_lon']	SAMN40621308	Hemisphere sign applied; no geographic correction inferred.
Church2025:YPM-IZ-106941	tissue	tentacle	biosample	https://www.ncbi.nlm.nih.gov/biosample/SAMN40621308	Attributes/Attribute[@attribute_name='tissue']	SAMN40621308	
Church2025:YPM-IZ-106943	biosample	SAMN40621309	biosample	https://www.ncbi.nlm.nih.gov/biosample/SAMN40621309	BioSample/@accession	SAMN40621309	
Church2025:YPM-IZ-106943	collection_date	2019-05-18	biosample	https://www.ncbi.nlm.nih.gov/biosample/SAMN40621309	Attributes/Attribute[@attribute_name='collection_date']	SAMN40621309	
Church2025:YPM-IZ-106943	country	Bermuda	biosample	https://www.ncbi.nlm.nih.gov/biosample/SAMN40621309	Attributes/Attribute[@attribute_name='geo_loc_name']	SAMN40621309	Top-level geographic jurisdiction retained as submitted, including named territories.
Church2025:YPM-IZ-106943	lat_long_raw	32.341117 N 64.669133 W	biosample	https://www.ncbi.nlm.nih.gov/biosample/SAMN40621309	Attributes/Attribute[@attribute_name='lat_lon']	SAMN40621309	
Church2025:YPM-IZ-106943	latitude	32.341117	biosample	https://www.ncbi.nlm.nih.gov/biosample/SAMN40621309	Attributes/Attribute[@attribute_name='lat_lon']	SAMN40621309	Hemisphere sign applied; no geographic correction inferred.
Church2025:YPM-IZ-106943	locality	Bermuda	biosample	https://www.ncbi.nlm.nih.gov/biosample/SAMN40621309	Attributes/Attribute[@attribute_name='geo_loc_name']	SAMN40621309	Original geographic-location label retained; not an inference-region assignment.
Church2025:YPM-IZ-106943	longitude	-64.669133	biosample	https://www.ncbi.nlm.nih.gov/biosample/SAMN40621309	Attributes/Attribute[@attribute_name='lat_lon']	SAMN40621309	Hemisphere sign applied; no geographic correction inferred.
Church2025:YPM-IZ-106943	tissue	tentacle	biosample	https://www.ncbi.nlm.nih.gov/biosample/SAMN40621309	Attributes/Attribute[@attribute_name='tissue']	SAMN40621309	
Church2025:YPM-IZ-106954	biosample	SAMN40621310	biosample	https://www.ncbi.nlm.nih.gov/biosample/SAMN40621310	BioSample/@accession	SAMN40621310	
Church2025:YPM-IZ-106954	collection_date	2019-05-20	biosample	https://www.ncbi.nlm.nih.gov/biosample/SAMN40621310	Attributes/Attribute[@attribute_name='collection_date']	SAMN40621310	
Church2025:YPM-IZ-106954	country	Bermuda	biosample	https://www.ncbi.nlm.nih.gov/biosample/SAMN40621310	Attributes/Attribute[@attribute_name='geo_loc_name']	SAMN40621310	Top-level geographic jurisdiction retained as submitted, including named territories.
Church2025:YPM-IZ-106954	lat_long_raw	32.367233 N 64.714550 W	biosample	https://www.ncbi.nlm.nih.gov/biosample/SAMN40621310	Attributes/Attribute[@attribute_name='lat_lon']	SAMN40621310	
Church2025:YPM-IZ-106954	latitude	32.367233	biosample	https://www.ncbi.nlm.nih.gov/biosample/SAMN40621310	Attributes/Attribute[@attribute_name='lat_lon']	SAMN40621310	Hemisphere sign applied; no geographic correction inferred.
Church2025:YPM-IZ-106954	locality	Bermuda	biosample	https://www.ncbi.nlm.nih.gov/biosample/SAMN40621310	Attributes/Attribute[@attribute_name='geo_loc_name']	SAMN40621310	Original geographic-location label retained; not an inference-region assignment.
Church2025:YPM-IZ-106954	longitude	-64.71455	biosample	https://www.ncbi.nlm.nih.gov/biosample/SAMN40621310	Attributes/Attribute[@attribute_name='lat_lon']	SAMN40621310	Hemisphere sign applied; no geographic correction inferred.
Church2025:YPM-IZ-106954	tissue	tentacle	biosample	https://www.ncbi.nlm.nih.gov/biosample/SAMN40621310	Attributes/Attribute[@attribute_name='tissue']	SAMN40621310	
Church2025:YPM-IZ-106958	biosample	SAMN40621311	biosample	https://www.ncbi.nlm.nih.gov/biosample/SAMN40621311	BioSample/@accession	SAMN40621311	
Church2025:YPM-IZ-106958	collection_date	2017-03-18	biosample	https://www.ncbi.nlm.nih.gov/biosample/SAMN40621311	Attributes/Attribute[@attribute_name='collection_date']	SAMN40621311	
Church2025:YPM-IZ-106958	country	USA	biosample	https://www.ncbi.nlm.nih.gov/biosample/SAMN40621311	Attributes/Attribute[@attribute_name='geo_loc_name']	SAMN40621311	Top-level geographic jurisdiction retained as submitted, including named territories.
Church2025:YPM-IZ-106958	lat_long_raw	29.195320 N 94.842938 W	biosample	https://www.ncbi.nlm.nih.gov/biosample/SAMN40621311	Attributes/Attribute[@attribute_name='lat_lon']	SAMN40621311	
Church2025:YPM-IZ-106958	latitude	29.19532	biosample	https://www.ncbi.nlm.nih.gov/biosample/SAMN40621311	Attributes/Attribute[@attribute_name='lat_lon']	SAMN40621311	Hemisphere sign applied; no geographic correction inferred.
Church2025:YPM-IZ-106958	locality	USA: Texas	biosample	https://www.ncbi.nlm.nih.gov/biosample/SAMN40621311	Attributes/Attribute[@attribute_name='geo_loc_name']	SAMN40621311	Original geographic-location label retained; not an inference-region assignment.
Church2025:YPM-IZ-106958	longitude	-94.842938	biosample	https://www.ncbi.nlm.nih.gov/biosample/SAMN40621311	Attributes/Attribute[@attribute_name='lat_lon']	SAMN40621311	Hemisphere sign applied; no geographic correction inferred.
Church2025:YPM-IZ-106958	tissue	tentacle	biosample	https://www.ncbi.nlm.nih.gov/biosample/SAMN40621311	Attributes/Attribute[@attribute_name='tissue']	SAMN40621311	
Church2025:YPM-IZ-110251	biosample	SAMN40621312	biosample	https://www.ncbi.nlm.nih.gov/biosample/SAMN40621312	BioSample/@accession	SAMN40621312	
Church2025:YPM-IZ-110251	collection_date	2022-12-22	biosample	https://www.ncbi.nlm.nih.gov/biosample/SAMN40621312	Attributes/Attribute[@attribute_name='collection_date']	SAMN40621312	
Church2025:YPM-IZ-110251	country	USA	biosample	https://www.ncbi.nlm.nih.gov/biosample/SAMN40621312	Attributes/Attribute[@attribute_name='geo_loc_name']	SAMN40621312	Top-level geographic jurisdiction retained as submitted, including named territories.
Church2025:YPM-IZ-110251	lat_long_raw	25.737060 N 80.152790 W	biosample	https://www.ncbi.nlm.nih.gov/biosample/SAMN40621312	Attributes/Attribute[@attribute_name='lat_lon']	SAMN40621312	
Church2025:YPM-IZ-110251	latitude	25.73706	biosample	https://www.ncbi.nlm.nih.gov/biosample/SAMN40621312	Attributes/Attribute[@attribute_name='lat_lon']	SAMN40621312	Hemisphere sign applied; no geographic correction inferred.
Church2025:YPM-IZ-110251	locality	USA: Florida	biosample	https://www.ncbi.nlm.nih.gov/biosample/SAMN40621312	Attributes/Attribute[@attribute_name='geo_loc_name']	SAMN40621312	Original geographic-location label retained; not an inference-region assignment.
Church2025:YPM-IZ-110251	longitude	-80.15279	biosample	https://www.ncbi.nlm.nih.gov/biosample/SAMN40621312	Attributes/Attribute[@attribute_name='lat_lon']	SAMN40621312	Hemisphere sign applied; no geographic correction inferred.
Church2025:YPM-IZ-110251	tissue	tentacle	biosample	https://www.ncbi.nlm.nih.gov/biosample/SAMN40621312	Attributes/Attribute[@attribute_name='tissue']	SAMN40621312	
Church2025:YPM-IZ-110254	biosample	SAMN40621313	biosample	https://www.ncbi.nlm.nih.gov/biosample/SAMN40621313	BioSample/@accession	SAMN40621313	
Church2025:YPM-IZ-110254	collection_date	2022-12-22	biosample	https://www.ncbi.nlm.nih.gov/biosample/SAMN40621313	Attributes/Attribute[@attribute_name='collection_date']	SAMN40621313	
Church2025:YPM-IZ-110254	country	USA	biosample	https://www.ncbi.nlm.nih.gov/biosample/SAMN40621313	Attributes/Attribute[@attribute_name='geo_loc_name']	SAMN40621313	Top-level geographic jurisdiction retained as submitted, including named territories.
Church2025:YPM-IZ-110254	lat_long_raw	25.736470 N 80.153500 W	biosample	https://www.ncbi.nlm.nih.gov/biosample/SAMN40621313	Attributes/Attribute[@attribute_name='lat_lon']	SAMN40621313	
Church2025:YPM-IZ-110254	latitude	25.73647	biosample	https://www.ncbi.nlm.nih.gov/biosample/SAMN40621313	Attributes/Attribute[@attribute_name='lat_lon']	SAMN40621313	Hemisphere sign applied; no geographic correction inferred.
Church2025:YPM-IZ-110254	locality	USA: Florida	biosample	https://www.ncbi.nlm.nih.gov/biosample/SAMN40621313	Attributes/Attribute[@attribute_name='geo_loc_name']	SAMN40621313	Original geographic-location label retained; not an inference-region assignment.
Church2025:YPM-IZ-110254	longitude	-80.1535	biosample	https://www.ncbi.nlm.nih.gov/biosample/SAMN40621313	Attributes/Attribute[@attribute_name='lat_lon']	SAMN40621313	Hemisphere sign applied; no geographic correction inferred.
Church2025:YPM-IZ-110254	tissue	tentacle	biosample	https://www.ncbi.nlm.nih.gov/biosample/SAMN40621313	Attributes/Attribute[@attribute_name='tissue']	SAMN40621313	
Church2025:YPM-IZ-110264	biosample	SAMN40621314	biosample	https://www.ncbi.nlm.nih.gov/biosample/SAMN40621314	BioSample/@accession	SAMN40621314	
Church2025:YPM-IZ-110264	collection_date	2022-10-31	biosample	https://www.ncbi.nlm.nih.gov/biosample/SAMN40621314	Attributes/Attribute[@attribute_name='collection_date']	SAMN40621314	
Church2025:YPM-IZ-110264	country	USA	biosample	https://www.ncbi.nlm.nih.gov/biosample/SAMN40621314	Attributes/Attribute[@attribute_name='geo_loc_name']	SAMN40621314	Top-level geographic jurisdiction retained as submitted, including named territories.
Church2025:YPM-IZ-110264	lat_long_raw	22.069018 N 159.316685 W	biosample	https://www.ncbi.nlm.nih.gov/biosample/SAMN40621314	Attributes/Attribute[@attribute_name='lat_lon']	SAMN40621314	
Church2025:YPM-IZ-110264	latitude	22.069018	biosample	https://www.ncbi.nlm.nih.gov/biosample/SAMN40621314	Attributes/Attribute[@attribute_name='lat_lon']	SAMN40621314	Hemisphere sign applied; no geographic correction inferred.
Church2025:YPM-IZ-110264	locality	USA: Hawai'i	biosample	https://www.ncbi.nlm.nih.gov/biosample/SAMN40621314	Attributes/Attribute[@attribute_name='geo_loc_name']	SAMN40621314	Original geographic-location label retained; not an inference-region assignment.
Church2025:YPM-IZ-110264	longitude	-159.316685	biosample	https://www.ncbi.nlm.nih.gov/biosample/SAMN40621314	Attributes/Attribute[@attribute_name='lat_lon']	SAMN40621314	Hemisphere sign applied; no geographic correction inferred.
Church2025:YPM-IZ-110264	tissue	tentacle	biosample	https://www.ncbi.nlm.nih.gov/biosample/SAMN40621314	Attributes/Attribute[@attribute_name='tissue']	SAMN40621314	
Church2025:YPM-IZ-110268	biosample	SAMN40621315	biosample	https://www.ncbi.nlm.nih.gov/biosample/SAMN40621315	BioSample/@accession	SAMN40621315	
Church2025:YPM-IZ-110268	collection_date	2022-11-04	biosample	https://www.ncbi.nlm.nih.gov/biosample/SAMN40621315	Attributes/Attribute[@attribute_name='collection_date']	SAMN40621315	
Church2025:YPM-IZ-110268	country	USA	biosample	https://www.ncbi.nlm.nih.gov/biosample/SAMN40621315	Attributes/Attribute[@attribute_name='geo_loc_name']	SAMN40621315	Top-level geographic jurisdiction retained as submitted, including named territories.
Church2025:YPM-IZ-110268	lat_long_raw	22.069018 N 159.316685 W	biosample	https://www.ncbi.nlm.nih.gov/biosample/SAMN40621315	Attributes/Attribute[@attribute_name='lat_lon']	SAMN40621315	
Church2025:YPM-IZ-110268	latitude	22.069018	biosample	https://www.ncbi.nlm.nih.gov/biosample/SAMN40621315	Attributes/Attribute[@attribute_name='lat_lon']	SAMN40621315	Hemisphere sign applied; no geographic correction inferred.
Church2025:YPM-IZ-110268	locality	USA: Hawai'i	biosample	https://www.ncbi.nlm.nih.gov/biosample/SAMN40621315	Attributes/Attribute[@attribute_name='geo_loc_name']	SAMN40621315	Original geographic-location label retained; not an inference-region assignment.
Church2025:YPM-IZ-110268	longitude	-159.316685	biosample	https://www.ncbi.nlm.nih.gov/biosample/SAMN40621315	Attributes/Attribute[@attribute_name='lat_lon']	SAMN40621315	Hemisphere sign applied; no geographic correction inferred.
Church2025:YPM-IZ-110268	tissue	tentacle	biosample	https://www.ncbi.nlm.nih.gov/biosample/SAMN40621315	Attributes/Attribute[@attribute_name='tissue']	SAMN40621315	
Church2025:YPM-IZ-110269	biosample	SAMN40621316	biosample	https://www.ncbi.nlm.nih.gov/biosample/SAMN40621316	BioSample/@accession	SAMN40621316	
Church2025:YPM-IZ-110269	collection_date	2022-11-04	biosample	https://www.ncbi.nlm.nih.gov/biosample/SAMN40621316	Attributes/Attribute[@attribute_name='collection_date']	SAMN40621316	
Church2025:YPM-IZ-110269	country	USA	biosample	https://www.ncbi.nlm.nih.gov/biosample/SAMN40621316	Attributes/Attribute[@attribute_name='geo_loc_name']	SAMN40621316	Top-level geographic jurisdiction retained as submitted, including named territories.
Church2025:YPM-IZ-110269	lat_long_raw	22.069018 N 159.316685 W	biosample	https://www.ncbi.nlm.nih.gov/biosample/SAMN40621316	Attributes/Attribute[@attribute_name='lat_lon']	SAMN40621316	
Church2025:YPM-IZ-110269	latitude	22.069018	biosample	https://www.ncbi.nlm.nih.gov/biosample/SAMN40621316	Attributes/Attribute[@attribute_name='lat_lon']	SAMN40621316	Hemisphere sign applied; no geographic correction inferred.
Church2025:YPM-IZ-110269	locality	USA: Hawai'i	biosample	https://www.ncbi.nlm.nih.gov/biosample/SAMN40621316	Attributes/Attribute[@attribute_name='geo_loc_name']	SAMN40621316	Original geographic-location label retained; not an inference-region assignment.
Church2025:YPM-IZ-110269	longitude	-159.316685	biosample	https://www.ncbi.nlm.nih.gov/biosample/SAMN40621316	Attributes/Attribute[@attribute_name='lat_lon']	SAMN40621316	Hemisphere sign applied; no geographic correction inferred.
Church2025:YPM-IZ-110269	tissue	tentacle	biosample	https://www.ncbi.nlm.nih.gov/biosample/SAMN40621316	Attributes/Attribute[@attribute_name='tissue']	SAMN40621316	
Church2025:YPM-IZ-110276	biosample	SAMN40621317	biosample	https://www.ncbi.nlm.nih.gov/biosample/SAMN40621317	BioSample/@accession	SAMN40621317	
Church2025:YPM-IZ-110276	collection_date	2022-11-19	biosample	https://www.ncbi.nlm.nih.gov/biosample/SAMN40621317	Attributes/Attribute[@attribute_name='collection_date']	SAMN40621317	
Church2025:YPM-IZ-110276	country	USA	biosample	https://www.ncbi.nlm.nih.gov/biosample/SAMN40621317	Attributes/Attribute[@attribute_name='geo_loc_name']	SAMN40621317	Top-level geographic jurisdiction retained as submitted, including named territories.
Church2025:YPM-IZ-110276	lat_long_raw	20.9225222 N 156.4926917 W	biosample	https://www.ncbi.nlm.nih.gov/biosample/SAMN40621317	Attributes/Attribute[@attribute_name='lat_lon']	SAMN40621317	
Church2025:YPM-IZ-110276	latitude	20.9225222	biosample	https://www.ncbi.nlm.nih.gov/biosample/SAMN40621317	Attributes/Attribute[@attribute_name='lat_lon']	SAMN40621317	Hemisphere sign applied; no geographic correction inferred.
Church2025:YPM-IZ-110276	locality	USA: Hawai'i	biosample	https://www.ncbi.nlm.nih.gov/biosample/SAMN40621317	Attributes/Attribute[@attribute_name='geo_loc_name']	SAMN40621317	Original geographic-location label retained; not an inference-region assignment.
Church2025:YPM-IZ-110276	longitude	-156.4926917	biosample	https://www.ncbi.nlm.nih.gov/biosample/SAMN40621317	Attributes/Attribute[@attribute_name='lat_lon']	SAMN40621317	Hemisphere sign applied; no geographic correction inferred.
Church2025:YPM-IZ-110276	tissue	tentacle	biosample	https://www.ncbi.nlm.nih.gov/biosample/SAMN40621317	Attributes/Attribute[@attribute_name='tissue']	SAMN40621317	
Church2025:YPM-IZ-110277	biosample	SAMN40621318	biosample	https://www.ncbi.nlm.nih.gov/biosample/SAMN40621318	BioSample/@accession	SAMN40621318	
Church2025:YPM-IZ-110277	collection_date	2022-11-19	biosample	https://www.ncbi.nlm.nih.gov/biosample/SAMN40621318	Attributes/Attribute[@attribute_name='collection_date']	SAMN40621318	
Church2025:YPM-IZ-110277	country	USA	biosample	https://www.ncbi.nlm.nih.gov/biosample/SAMN40621318	Attributes/Attribute[@attribute_name='geo_loc_name']	SAMN40621318	Top-level geographic jurisdiction retained as submitted, including named territories.
Church2025:YPM-IZ-110277	lat_long_raw	20.9225222 N 156.4926917 W	biosample	https://www.ncbi.nlm.nih.gov/biosample/SAMN40621318	Attributes/Attribute[@attribute_name='lat_lon']	SAMN40621318	
Church2025:YPM-IZ-110277	latitude	20.9225222	biosample	https://www.ncbi.nlm.nih.gov/biosample/SAMN40621318	Attributes/Attribute[@attribute_name='lat_lon']	SAMN40621318	Hemisphere sign applied; no geographic correction inferred.
Church2025:YPM-IZ-110277	locality	USA: Hawai'i	biosample	https://www.ncbi.nlm.nih.gov/biosample/SAMN40621318	Attributes/Attribute[@attribute_name='geo_loc_name']	SAMN40621318	Original geographic-location label retained; not an inference-region assignment.
Church2025:YPM-IZ-110277	longitude	-156.4926917	biosample	https://www.ncbi.nlm.nih.gov/biosample/SAMN40621318	Attributes/Attribute[@attribute_name='lat_lon']	SAMN40621318	Hemisphere sign applied; no geographic correction inferred.
Church2025:YPM-IZ-110277	tissue	tentacle	biosample	https://www.ncbi.nlm.nih.gov/biosample/SAMN40621318	Attributes/Attribute[@attribute_name='tissue']	SAMN40621318	
Church2025:YPM-IZ-110278	biosample	SAMN40621319	biosample	https://www.ncbi.nlm.nih.gov/biosample/SAMN40621319	BioSample/@accession	SAMN40621319	
Church2025:YPM-IZ-110278	collection_date	2022-11-19	biosample	https://www.ncbi.nlm.nih.gov/biosample/SAMN40621319	Attributes/Attribute[@attribute_name='collection_date']	SAMN40621319	
Church2025:YPM-IZ-110278	country	USA	biosample	https://www.ncbi.nlm.nih.gov/biosample/SAMN40621319	Attributes/Attribute[@attribute_name='geo_loc_name']	SAMN40621319	Top-level geographic jurisdiction retained as submitted, including named territories.
Church2025:YPM-IZ-110278	lat_long_raw	20.9225222 N 156.4926917 W	biosample	https://www.ncbi.nlm.nih.gov/biosample/SAMN40621319	Attributes/Attribute[@attribute_name='lat_lon']	SAMN40621319	
Church2025:YPM-IZ-110278	latitude	20.9225222	biosample	https://www.ncbi.nlm.nih.gov/biosample/SAMN40621319	Attributes/Attribute[@attribute_name='lat_lon']	SAMN40621319	Hemisphere sign applied; no geographic correction inferred.
Church2025:YPM-IZ-110278	locality	USA: Hawai'i	biosample	https://www.ncbi.nlm.nih.gov/biosample/SAMN40621319	Attributes/Attribute[@attribute_name='geo_loc_name']	SAMN40621319	Original geographic-location label retained; not an inference-region assignment.
Church2025:YPM-IZ-110278	longitude	-156.4926917	biosample	https://www.ncbi.nlm.nih.gov/biosample/SAMN40621319	Attributes/Attribute[@attribute_name='lat_lon']	SAMN40621319	Hemisphere sign applied; no geographic correction inferred.
Church2025:YPM-IZ-110278	tissue	tentacle	biosample	https://www.ncbi.nlm.nih.gov/biosample/SAMN40621319	Attributes/Attribute[@attribute_name='tissue']	SAMN40621319	
Church2025:YPM-IZ-110433	biosample	SAMN40621320	biosample	https://www.ncbi.nlm.nih.gov/biosample/SAMN40621320	BioSample/@accession	SAMN40621320	
Church2025:YPM-IZ-110433	collection_date	2023-03-14	biosample	https://www.ncbi.nlm.nih.gov/biosample/SAMN40621320	Attributes/Attribute[@attribute_name='collection_date']	SAMN40621320	
Church2025:YPM-IZ-110433	country	USA	biosample	https://www.ncbi.nlm.nih.gov/biosample/SAMN40621320	Attributes/Attribute[@attribute_name='geo_loc_name']	SAMN40621320	Top-level geographic jurisdiction retained as submitted, including named territories.
Church2025:YPM-IZ-110433	lat_long_raw	25.741630 N 80.175194 W	biosample	https://www.ncbi.nlm.nih.gov/biosample/SAMN40621320	Attributes/Attribute[@attribute_name='lat_lon']	SAMN40621320	
Church2025:YPM-IZ-110433	latitude	25.74163	biosample	https://www.ncbi.nlm.nih.gov/biosample/SAMN40621320	Attributes/Attribute[@attribute_name='lat_lon']	SAMN40621320	Hemisphere sign applied; no geographic correction inferred.
Church2025:YPM-IZ-110433	locality	USA: Florida	biosample	https://www.ncbi.nlm.nih.gov/biosample/SAMN40621320	Attributes/Attribute[@attribute_name='geo_loc_name']	SAMN40621320	Original geographic-location label retained; not an inference-region assignment.
Church2025:YPM-IZ-110433	longitude	-80.175194	biosample	https://www.ncbi.nlm.nih.gov/biosample/SAMN40621320	Attributes/Attribute[@attribute_name='lat_lon']	SAMN40621320	Hemisphere sign applied; no geographic correction inferred.
Church2025:YPM-IZ-110433	tissue	tentacle	biosample	https://www.ncbi.nlm.nih.gov/biosample/SAMN40621320	Attributes/Attribute[@attribute_name='tissue']	SAMN40621320	
Church2025:YPM-IZ-110438	biosample	SAMN40621321	biosample	https://www.ncbi.nlm.nih.gov/biosample/SAMN40621321	BioSample/@accession	SAMN40621321	
Church2025:YPM-IZ-110438	collection_date	2023-03-24	biosample	https://www.ncbi.nlm.nih.gov/biosample/SAMN40621321	Attributes/Attribute[@attribute_name='collection_date']	SAMN40621321	
Church2025:YPM-IZ-110438	country	USA	biosample	https://www.ncbi.nlm.nih.gov/biosample/SAMN40621321	Attributes/Attribute[@attribute_name='geo_loc_name']	SAMN40621321	Top-level geographic jurisdiction retained as submitted, including named territories.
Church2025:YPM-IZ-110438	lat_long_raw	28.989194 N 95.237778 W	biosample	https://www.ncbi.nlm.nih.gov/biosample/SAMN40621321	Attributes/Attribute[@attribute_name='lat_lon']	SAMN40621321	
Church2025:YPM-IZ-110438	latitude	28.989194	biosample	https://www.ncbi.nlm.nih.gov/biosample/SAMN40621321	Attributes/Attribute[@attribute_name='lat_lon']	SAMN40621321	Hemisphere sign applied; no geographic correction inferred.
Church2025:YPM-IZ-110438	locality	USA: Texas	biosample	https://www.ncbi.nlm.nih.gov/biosample/SAMN40621321	Attributes/Attribute[@attribute_name='geo_loc_name']	SAMN40621321	Original geographic-location label retained; not an inference-region assignment.
Church2025:YPM-IZ-110438	longitude	-95.237778	biosample	https://www.ncbi.nlm.nih.gov/biosample/SAMN40621321	Attributes/Attribute[@attribute_name='lat_lon']	SAMN40621321	Hemisphere sign applied; no geographic correction inferred.
Church2025:YPM-IZ-110438	tissue	tentacle	biosample	https://www.ncbi.nlm.nih.gov/biosample/SAMN40621321	Attributes/Attribute[@attribute_name='tissue']	SAMN40621321	
Church2025:YPM-IZ-110443	biosample	SAMN40621322	biosample	https://www.ncbi.nlm.nih.gov/biosample/SAMN40621322	BioSample/@accession	SAMN40621322	
Church2025:YPM-IZ-110443	collection_date	2023-03-24	biosample	https://www.ncbi.nlm.nih.gov/biosample/SAMN40621322	Attributes/Attribute[@attribute_name='collection_date']	SAMN40621322	
Church2025:YPM-IZ-110443	country	USA	biosample	https://www.ncbi.nlm.nih.gov/biosample/SAMN40621322	Attributes/Attribute[@attribute_name='geo_loc_name']	SAMN40621322	Top-level geographic jurisdiction retained as submitted, including named territories.
Church2025:YPM-IZ-110443	lat_long_raw	28.951778 N 95.283167 W	biosample	https://www.ncbi.nlm.nih.gov/biosample/SAMN40621322	Attributes/Attribute[@attribute_name='lat_lon']	SAMN40621322	
Church2025:YPM-IZ-110443	latitude	28.951778	biosample	https://www.ncbi.nlm.nih.gov/biosample/SAMN40621322	Attributes/Attribute[@attribute_name='lat_lon']	SAMN40621322	Hemisphere sign applied; no geographic correction inferred.
Church2025:YPM-IZ-110443	locality	USA: Texas	biosample	https://www.ncbi.nlm.nih.gov/biosample/SAMN40621322	Attributes/Attribute[@attribute_name='geo_loc_name']	SAMN40621322	Original geographic-location label retained; not an inference-region assignment.
Church2025:YPM-IZ-110443	longitude	-95.283167	biosample	https://www.ncbi.nlm.nih.gov/biosample/SAMN40621322	Attributes/Attribute[@attribute_name='lat_lon']	SAMN40621322	Hemisphere sign applied; no geographic correction inferred.
Church2025:YPM-IZ-110443	tissue	tentacle	biosample	https://www.ncbi.nlm.nih.gov/biosample/SAMN40621322	Attributes/Attribute[@attribute_name='tissue']	SAMN40621322	
Church2025:YPM-IZ-110460	biosample	SAMN40621323	biosample	https://www.ncbi.nlm.nih.gov/biosample/SAMN40621323	BioSample/@accession	SAMN40621323	
Church2025:YPM-IZ-110460	collection_date	2022-11-14	biosample	https://www.ncbi.nlm.nih.gov/biosample/SAMN40621323	Attributes/Attribute[@attribute_name='collection_date']	SAMN40621323	
Church2025:YPM-IZ-110460	country	USA	biosample	https://www.ncbi.nlm.nih.gov/biosample/SAMN40621323	Attributes/Attribute[@attribute_name='geo_loc_name']	SAMN40621323	Top-level geographic jurisdiction retained as submitted, including named territories.
Church2025:YPM-IZ-110460	lat_long_raw	21.400790 N 157.734500 W	biosample	https://www.ncbi.nlm.nih.gov/biosample/SAMN40621323	Attributes/Attribute[@attribute_name='lat_lon']	SAMN40621323	
Church2025:YPM-IZ-110460	latitude	21.40079	biosample	https://www.ncbi.nlm.nih.gov/biosample/SAMN40621323	Attributes/Attribute[@attribute_name='lat_lon']	SAMN40621323	Hemisphere sign applied; no geographic correction inferred.
Church2025:YPM-IZ-110460	locality	USA: Hawai'i	biosample	https://www.ncbi.nlm.nih.gov/biosample/SAMN40621323	Attributes/Attribute[@attribute_name='geo_loc_name']	SAMN40621323	Original geographic-location label retained; not an inference-region assignment.
Church2025:YPM-IZ-110460	longitude	-157.7345	biosample	https://www.ncbi.nlm.nih.gov/biosample/SAMN40621323	Attributes/Attribute[@attribute_name='lat_lon']	SAMN40621323	Hemisphere sign applied; no geographic correction inferred.
Church2025:YPM-IZ-110460	tissue	tentacle	biosample	https://www.ncbi.nlm.nih.gov/biosample/SAMN40621323	Attributes/Attribute[@attribute_name='tissue']	SAMN40621323	
Church2025:YPM-IZ-110467	biosample	SAMN40621324	biosample	https://www.ncbi.nlm.nih.gov/biosample/SAMN40621324	BioSample/@accession	SAMN40621324	
Church2025:YPM-IZ-110467	collection_date	2023-02-16	biosample	https://www.ncbi.nlm.nih.gov/biosample/SAMN40621324	Attributes/Attribute[@attribute_name='collection_date']	SAMN40621324	
Church2025:YPM-IZ-110467	country	New Zealand	biosample	https://www.ncbi.nlm.nih.gov/biosample/SAMN40621324	Attributes/Attribute[@attribute_name='geo_loc_name']	SAMN40621324	Top-level geographic jurisdiction retained as submitted, including named territories.
Church2025:YPM-IZ-110467	lat_long_raw	41.330278 S 174.831944 E	biosample	https://www.ncbi.nlm.nih.gov/biosample/SAMN40621324	Attributes/Attribute[@attribute_name='lat_lon']	SAMN40621324	
Church2025:YPM-IZ-110467	latitude	-41.330278	biosample	https://www.ncbi.nlm.nih.gov/biosample/SAMN40621324	Attributes/Attribute[@attribute_name='lat_lon']	SAMN40621324	Hemisphere sign applied; no geographic correction inferred.
Church2025:YPM-IZ-110467	locality	New Zealand	biosample	https://www.ncbi.nlm.nih.gov/biosample/SAMN40621324	Attributes/Attribute[@attribute_name='geo_loc_name']	SAMN40621324	Original geographic-location label retained; not an inference-region assignment.
Church2025:YPM-IZ-110467	longitude	174.831944	biosample	https://www.ncbi.nlm.nih.gov/biosample/SAMN40621324	Attributes/Attribute[@attribute_name='lat_lon']	SAMN40621324	Hemisphere sign applied; no geographic correction inferred.
Church2025:YPM-IZ-110467	tissue	tentacle	biosample	https://www.ncbi.nlm.nih.gov/biosample/SAMN40621324	Attributes/Attribute[@attribute_name='tissue']	SAMN40621324	
Church2025:YPM-IZ-110468	biosample	SAMN40621325	biosample	https://www.ncbi.nlm.nih.gov/biosample/SAMN40621325	BioSample/@accession	SAMN40621325	
Church2025:YPM-IZ-110468	collection_date	2023-02-16	biosample	https://www.ncbi.nlm.nih.gov/biosample/SAMN40621325	Attributes/Attribute[@attribute_name='collection_date']	SAMN40621325	
Church2025:YPM-IZ-110468	country	New Zealand	biosample	https://www.ncbi.nlm.nih.gov/biosample/SAMN40621325	Attributes/Attribute[@attribute_name='geo_loc_name']	SAMN40621325	Top-level geographic jurisdiction retained as submitted, including named territories.
Church2025:YPM-IZ-110468	lat_long_raw	41.330000 S 174.833056 E	biosample	https://www.ncbi.nlm.nih.gov/biosample/SAMN40621325	Attributes/Attribute[@attribute_name='lat_lon']	SAMN40621325	
Church2025:YPM-IZ-110468	latitude	-41.33	biosample	https://www.ncbi.nlm.nih.gov/biosample/SAMN40621325	Attributes/Attribute[@attribute_name='lat_lon']	SAMN40621325	Hemisphere sign applied; no geographic correction inferred.
Church2025:YPM-IZ-110468	locality	New Zealand	biosample	https://www.ncbi.nlm.nih.gov/biosample/SAMN40621325	Attributes/Attribute[@attribute_name='geo_loc_name']	SAMN40621325	Original geographic-location label retained; not an inference-region assignment.
Church2025:YPM-IZ-110468	longitude	174.833056	biosample	https://www.ncbi.nlm.nih.gov/biosample/SAMN40621325	Attributes/Attribute[@attribute_name='lat_lon']	SAMN40621325	Hemisphere sign applied; no geographic correction inferred.
Church2025:YPM-IZ-110468	tissue	tentacle	biosample	https://www.ncbi.nlm.nih.gov/biosample/SAMN40621325	Attributes/Attribute[@attribute_name='tissue']	SAMN40621325	
Church2025:YPM-IZ-110469	biosample	SAMN40621326	biosample	https://www.ncbi.nlm.nih.gov/biosample/SAMN40621326	BioSample/@accession	SAMN40621326	
Church2025:YPM-IZ-110469	collection_date	2023-02-16	biosample	https://www.ncbi.nlm.nih.gov/biosample/SAMN40621326	Attributes/Attribute[@attribute_name='collection_date']	SAMN40621326	
Church2025:YPM-IZ-110469	country	New Zealand	biosample	https://www.ncbi.nlm.nih.gov/biosample/SAMN40621326	Attributes/Attribute[@attribute_name='geo_loc_name']	SAMN40621326	Top-level geographic jurisdiction retained as submitted, including named territories.
Church2025:YPM-IZ-110469	lat_long_raw	41.330000 S 174.833056 E	biosample	https://www.ncbi.nlm.nih.gov/biosample/SAMN40621326	Attributes/Attribute[@attribute_name='lat_lon']	SAMN40621326	
Church2025:YPM-IZ-110469	latitude	-41.33	biosample	https://www.ncbi.nlm.nih.gov/biosample/SAMN40621326	Attributes/Attribute[@attribute_name='lat_lon']	SAMN40621326	Hemisphere sign applied; no geographic correction inferred.
Church2025:YPM-IZ-110469	locality	New Zealand	biosample	https://www.ncbi.nlm.nih.gov/biosample/SAMN40621326	Attributes/Attribute[@attribute_name='geo_loc_name']	SAMN40621326	Original geographic-location label retained; not an inference-region assignment.
Church2025:YPM-IZ-110469	longitude	174.833056	biosample	https://www.ncbi.nlm.nih.gov/biosample/SAMN40621326	Attributes/Attribute[@attribute_name='lat_lon']	SAMN40621326	Hemisphere sign applied; no geographic correction inferred.
Church2025:YPM-IZ-110469	tissue	tentacle	biosample	https://www.ncbi.nlm.nih.gov/biosample/SAMN40621326	Attributes/Attribute[@attribute_name='tissue']	SAMN40621326	
Church2025:YPM-IZ-110470	biosample	SAMN40621327	biosample	https://www.ncbi.nlm.nih.gov/biosample/SAMN40621327	BioSample/@accession	SAMN40621327	
Church2025:YPM-IZ-110470	collection_date	2023-02-16	biosample	https://www.ncbi.nlm.nih.gov/biosample/SAMN40621327	Attributes/Attribute[@attribute_name='collection_date']	SAMN40621327	
Church2025:YPM-IZ-110470	country	New Zealand	biosample	https://www.ncbi.nlm.nih.gov/biosample/SAMN40621327	Attributes/Attribute[@attribute_name='geo_loc_name']	SAMN40621327	Top-level geographic jurisdiction retained as submitted, including named territories.
Church2025:YPM-IZ-110470	lat_long_raw	41.330000 S 174.833056 E	biosample	https://www.ncbi.nlm.nih.gov/biosample/SAMN40621327	Attributes/Attribute[@attribute_name='lat_lon']	SAMN40621327	
Church2025:YPM-IZ-110470	latitude	-41.33	biosample	https://www.ncbi.nlm.nih.gov/biosample/SAMN40621327	Attributes/Attribute[@attribute_name='lat_lon']	SAMN40621327	Hemisphere sign applied; no geographic correction inferred.
Church2025:YPM-IZ-110470	locality	New Zealand	biosample	https://www.ncbi.nlm.nih.gov/biosample/SAMN40621327	Attributes/Attribute[@attribute_name='geo_loc_name']	SAMN40621327	Original geographic-location label retained; not an inference-region assignment.
Church2025:YPM-IZ-110470	longitude	174.833056	biosample	https://www.ncbi.nlm.nih.gov/biosample/SAMN40621327	Attributes/Attribute[@attribute_name='lat_lon']	SAMN40621327	Hemisphere sign applied; no geographic correction inferred.
Church2025:YPM-IZ-110470	tissue	zooid	biosample	https://www.ncbi.nlm.nih.gov/biosample/SAMN40621327	Attributes/Attribute[@attribute_name='tissue']	SAMN40621327	
Church2025:YPM-IZ-110471	biosample	SAMN40621328	biosample	https://www.ncbi.nlm.nih.gov/biosample/SAMN40621328	BioSample/@accession	SAMN40621328	
Church2025:YPM-IZ-110471	collection_date	2023-04-09	biosample	https://www.ncbi.nlm.nih.gov/biosample/SAMN40621328	Attributes/Attribute[@attribute_name='collection_date']	SAMN40621328	
Church2025:YPM-IZ-110471	country	USA	biosample	https://www.ncbi.nlm.nih.gov/biosample/SAMN40621328	Attributes/Attribute[@attribute_name='geo_loc_name']	SAMN40621328	Top-level geographic jurisdiction retained as submitted, including named territories.
Church2025:YPM-IZ-110471	lat_long_raw	21.400790 N 157.734500 W	biosample	https://www.ncbi.nlm.nih.gov/biosample/SAMN40621328	Attributes/Attribute[@attribute_name='lat_lon']	SAMN40621328	
Church2025:YPM-IZ-110471	latitude	21.40079	biosample	https://www.ncbi.nlm.nih.gov/biosample/SAMN40621328	Attributes/Attribute[@attribute_name='lat_lon']	SAMN40621328	Hemisphere sign applied; no geographic correction inferred.
Church2025:YPM-IZ-110471	locality	USA: Hawai'i	biosample	https://www.ncbi.nlm.nih.gov/biosample/SAMN40621328	Attributes/Attribute[@attribute_name='geo_loc_name']	SAMN40621328	Original geographic-location label retained; not an inference-region assignment.
Church2025:YPM-IZ-110471	longitude	-157.7345	biosample	https://www.ncbi.nlm.nih.gov/biosample/SAMN40621328	Attributes/Attribute[@attribute_name='lat_lon']	SAMN40621328	Hemisphere sign applied; no geographic correction inferred.
Church2025:YPM-IZ-110471	tissue	tentacle	biosample	https://www.ncbi.nlm.nih.gov/biosample/SAMN40621328	Attributes/Attribute[@attribute_name='tissue']	SAMN40621328	
Church2025:YPM-IZ-110473	biosample	SAMN40621329	biosample	https://www.ncbi.nlm.nih.gov/biosample/SAMN40621329	BioSample/@accession	SAMN40621329	
Church2025:YPM-IZ-110473	collection_date	2023-04-09	biosample	https://www.ncbi.nlm.nih.gov/biosample/SAMN40621329	Attributes/Attribute[@attribute_name='collection_date']	SAMN40621329	
Church2025:YPM-IZ-110473	country	USA	biosample	https://www.ncbi.nlm.nih.gov/biosample/SAMN40621329	Attributes/Attribute[@attribute_name='geo_loc_name']	SAMN40621329	Top-level geographic jurisdiction retained as submitted, including named territories.
Church2025:YPM-IZ-110473	lat_long_raw	21.400790 N 157.734500 W	biosample	https://www.ncbi.nlm.nih.gov/biosample/SAMN40621329	Attributes/Attribute[@attribute_name='lat_lon']	SAMN40621329	
Church2025:YPM-IZ-110473	latitude	21.40079	biosample	https://www.ncbi.nlm.nih.gov/biosample/SAMN40621329	Attributes/Attribute[@attribute_name='lat_lon']	SAMN40621329	Hemisphere sign applied; no geographic correction inferred.
Church2025:YPM-IZ-110473	locality	USA: Hawai'i	biosample	https://www.ncbi.nlm.nih.gov/biosample/SAMN40621329	Attributes/Attribute[@attribute_name='geo_loc_name']	SAMN40621329	Original geographic-location label retained; not an inference-region assignment.
Church2025:YPM-IZ-110473	longitude	-157.7345	biosample	https://www.ncbi.nlm.nih.gov/biosample/SAMN40621329	Attributes/Attribute[@attribute_name='lat_lon']	SAMN40621329	Hemisphere sign applied; no geographic correction inferred.
Church2025:YPM-IZ-110473	tissue	tentacle	biosample	https://www.ncbi.nlm.nih.gov/biosample/SAMN40621329	Attributes/Attribute[@attribute_name='tissue']	SAMN40621329	
Church2025:YPM-IZ-110474	biosample	SAMN40621330	biosample	https://www.ncbi.nlm.nih.gov/biosample/SAMN40621330	BioSample/@accession	SAMN40621330	
Church2025:YPM-IZ-110474	collection_date	2023-04-04	biosample	https://www.ncbi.nlm.nih.gov/biosample/SAMN40621330	Attributes/Attribute[@attribute_name='collection_date']	SAMN40621330	
Church2025:YPM-IZ-110474	country	USA	biosample	https://www.ncbi.nlm.nih.gov/biosample/SAMN40621330	Attributes/Attribute[@attribute_name='geo_loc_name']	SAMN40621330	Top-level geographic jurisdiction retained as submitted, including named territories.
Church2025:YPM-IZ-110474	lat_long_raw	21.454600 N 157.748500 W	biosample	https://www.ncbi.nlm.nih.gov/biosample/SAMN40621330	Attributes/Attribute[@attribute_name='lat_lon']	SAMN40621330	
Church2025:YPM-IZ-110474	latitude	21.4546	biosample	https://www.ncbi.nlm.nih.gov/biosample/SAMN40621330	Attributes/Attribute[@attribute_name='lat_lon']	SAMN40621330	Hemisphere sign applied; no geographic correction inferred.
Church2025:YPM-IZ-110474	locality	USA: Hawai'i	biosample	https://www.ncbi.nlm.nih.gov/biosample/SAMN40621330	Attributes/Attribute[@attribute_name='geo_loc_name']	SAMN40621330	Original geographic-location label retained; not an inference-region assignment.
Church2025:YPM-IZ-110474	longitude	-157.7485	biosample	https://www.ncbi.nlm.nih.gov/biosample/SAMN40621330	Attributes/Attribute[@attribute_name='lat_lon']	SAMN40621330	Hemisphere sign applied; no geographic correction inferred.
Church2025:YPM-IZ-110474	tissue	tentacle	biosample	https://www.ncbi.nlm.nih.gov/biosample/SAMN40621330	Attributes/Attribute[@attribute_name='tissue']	SAMN40621330	
Church2025:YPM-IZ-110480	biosample	SAMN40621331	biosample	https://www.ncbi.nlm.nih.gov/biosample/SAMN40621331	BioSample/@accession	SAMN40621331	
Church2025:YPM-IZ-110480	collection_date	2023-04-06	biosample	https://www.ncbi.nlm.nih.gov/biosample/SAMN40621331	Attributes/Attribute[@attribute_name='collection_date']	SAMN40621331	
Church2025:YPM-IZ-110480	country	USA	biosample	https://www.ncbi.nlm.nih.gov/biosample/SAMN40621331	Attributes/Attribute[@attribute_name='geo_loc_name']	SAMN40621331	Top-level geographic jurisdiction retained as submitted, including named territories.
Church2025:YPM-IZ-110480	lat_long_raw	21.454600 N 157.748500 W	biosample	https://www.ncbi.nlm.nih.gov/biosample/SAMN40621331	Attributes/Attribute[@attribute_name='lat_lon']	SAMN40621331	
Church2025:YPM-IZ-110480	latitude	21.4546	biosample	https://www.ncbi.nlm.nih.gov/biosample/SAMN40621331	Attributes/Attribute[@attribute_name='lat_lon']	SAMN40621331	Hemisphere sign applied; no geographic correction inferred.
Church2025:YPM-IZ-110480	locality	USA: Hawai'i	biosample	https://www.ncbi.nlm.nih.gov/biosample/SAMN40621331	Attributes/Attribute[@attribute_name='geo_loc_name']	SAMN40621331	Original geographic-location label retained; not an inference-region assignment.
Church2025:YPM-IZ-110480	longitude	-157.7485	biosample	https://www.ncbi.nlm.nih.gov/biosample/SAMN40621331	Attributes/Attribute[@attribute_name='lat_lon']	SAMN40621331	Hemisphere sign applied; no geographic correction inferred.
Church2025:YPM-IZ-110480	tissue	tentacle	biosample	https://www.ncbi.nlm.nih.gov/biosample/SAMN40621331	Attributes/Attribute[@attribute_name='tissue']	SAMN40621331	
Church2025:YPM-IZ-110515	biosample	SAMN40621332	biosample	https://www.ncbi.nlm.nih.gov/biosample/SAMN40621332	BioSample/@accession	SAMN40621332	
Church2025:YPM-IZ-110515	collection_date	2023-02-09	biosample	https://www.ncbi.nlm.nih.gov/biosample/SAMN40621332	Attributes/Attribute[@attribute_name='collection_date']	SAMN40621332	
Church2025:YPM-IZ-110515	country	Australia	biosample	https://www.ncbi.nlm.nih.gov/biosample/SAMN40621332	Attributes/Attribute[@attribute_name='geo_loc_name']	SAMN40621332	Top-level geographic jurisdiction retained as submitted, including named territories.
Church2025:YPM-IZ-110515	lat_long_raw	33.947500 S 151.257361 E	biosample	https://www.ncbi.nlm.nih.gov/biosample/SAMN40621332	Attributes/Attribute[@attribute_name='lat_lon']	SAMN40621332	
Church2025:YPM-IZ-110515	latitude	-33.9475	biosample	https://www.ncbi.nlm.nih.gov/biosample/SAMN40621332	Attributes/Attribute[@attribute_name='lat_lon']	SAMN40621332	Hemisphere sign applied; no geographic correction inferred.
Church2025:YPM-IZ-110515	locality	Australia: New South Wales	biosample	https://www.ncbi.nlm.nih.gov/biosample/SAMN40621332	Attributes/Attribute[@attribute_name='geo_loc_name']	SAMN40621332	Original geographic-location label retained; not an inference-region assignment.
Church2025:YPM-IZ-110515	longitude	151.257361	biosample	https://www.ncbi.nlm.nih.gov/biosample/SAMN40621332	Attributes/Attribute[@attribute_name='lat_lon']	SAMN40621332	Hemisphere sign applied; no geographic correction inferred.
Church2025:YPM-IZ-110515	tissue	tentacle	biosample	https://www.ncbi.nlm.nih.gov/biosample/SAMN40621332	Attributes/Attribute[@attribute_name='tissue']	SAMN40621332	
Church2025:YPM-IZ-110520	biosample	SAMN40621333	biosample	https://www.ncbi.nlm.nih.gov/biosample/SAMN40621333	BioSample/@accession	SAMN40621333	
Church2025:YPM-IZ-110520	collection_date	2023-02-19	biosample	https://www.ncbi.nlm.nih.gov/biosample/SAMN40621333	Attributes/Attribute[@attribute_name='collection_date']	SAMN40621333	
Church2025:YPM-IZ-110520	country	Australia	biosample	https://www.ncbi.nlm.nih.gov/biosample/SAMN40621333	Attributes/Attribute[@attribute_name='geo_loc_name']	SAMN40621333	Top-level geographic jurisdiction retained as submitted, including named territories.
Church2025:YPM-IZ-110520	lat_long_raw	33.947500 S 151.257361 E	biosample	https://www.ncbi.nlm.nih.gov/biosample/SAMN40621333	Attributes/Attribute[@attribute_name='lat_lon']	SAMN40621333	
Church2025:YPM-IZ-110520	latitude	-33.9475	biosample	https://www.ncbi.nlm.nih.gov/biosample/SAMN40621333	Attributes/Attribute[@attribute_name='lat_lon']	SAMN40621333	Hemisphere sign applied; no geographic correction inferred.
Church2025:YPM-IZ-110520	locality	Australia: New South Wales	biosample	https://www.ncbi.nlm.nih.gov/biosample/SAMN40621333	Attributes/Attribute[@attribute_name='geo_loc_name']	SAMN40621333	Original geographic-location label retained; not an inference-region assignment.
Church2025:YPM-IZ-110520	longitude	151.257361	biosample	https://www.ncbi.nlm.nih.gov/biosample/SAMN40621333	Attributes/Attribute[@attribute_name='lat_lon']	SAMN40621333	Hemisphere sign applied; no geographic correction inferred.
Church2025:YPM-IZ-110520	tissue	tentacle	biosample	https://www.ncbi.nlm.nih.gov/biosample/SAMN40621333	Attributes/Attribute[@attribute_name='tissue']	SAMN40621333	
Church2025:YPM-IZ-110526	biosample	SAMN40621334	biosample	https://www.ncbi.nlm.nih.gov/biosample/SAMN40621334	BioSample/@accession	SAMN40621334	
Church2025:YPM-IZ-110526	collection_date	2023-04-23	biosample	https://www.ncbi.nlm.nih.gov/biosample/SAMN40621334	Attributes/Attribute[@attribute_name='collection_date']	SAMN40621334	
Church2025:YPM-IZ-110526	country	Australia	biosample	https://www.ncbi.nlm.nih.gov/biosample/SAMN40621334	Attributes/Attribute[@attribute_name='geo_loc_name']	SAMN40621334	Top-level geographic jurisdiction retained as submitted, including named territories.
Church2025:YPM-IZ-110526	lat_long_raw	33.947500 S 151.257361 E	biosample	https://www.ncbi.nlm.nih.gov/biosample/SAMN40621334	Attributes/Attribute[@attribute_name='lat_lon']	SAMN40621334	
Church2025:YPM-IZ-110526	latitude	-33.9475	biosample	https://www.ncbi.nlm.nih.gov/biosample/SAMN40621334	Attributes/Attribute[@attribute_name='lat_lon']	SAMN40621334	Hemisphere sign applied; no geographic correction inferred.
Church2025:YPM-IZ-110526	locality	Australia: New South Wales	biosample	https://www.ncbi.nlm.nih.gov/biosample/SAMN40621334	Attributes/Attribute[@attribute_name='geo_loc_name']	SAMN40621334	Original geographic-location label retained; not an inference-region assignment.
Church2025:YPM-IZ-110526	longitude	151.257361	biosample	https://www.ncbi.nlm.nih.gov/biosample/SAMN40621334	Attributes/Attribute[@attribute_name='lat_lon']	SAMN40621334	Hemisphere sign applied; no geographic correction inferred.
Church2025:YPM-IZ-110526	tissue	tentacle	biosample	https://www.ncbi.nlm.nih.gov/biosample/SAMN40621334	Attributes/Attribute[@attribute_name='tissue']	SAMN40621334	
Church2025:YPM-IZ-110556	biosample	SAMN40621335	biosample	https://www.ncbi.nlm.nih.gov/biosample/SAMN40621335	BioSample/@accession	SAMN40621335	
Church2025:YPM-IZ-110556	collection_date	2022-12-25	biosample	https://www.ncbi.nlm.nih.gov/biosample/SAMN40621335	Attributes/Attribute[@attribute_name='collection_date']	SAMN40621335	
Church2025:YPM-IZ-110556	country	Australia	biosample	https://www.ncbi.nlm.nih.gov/biosample/SAMN40621335	Attributes/Attribute[@attribute_name='geo_loc_name']	SAMN40621335	Top-level geographic jurisdiction retained as submitted, including named territories.
Church2025:YPM-IZ-110556	lat_long_raw	41.996839 S 148.284729 E	biosample	https://www.ncbi.nlm.nih.gov/biosample/SAMN40621335	Attributes/Attribute[@attribute_name='lat_lon']	SAMN40621335	
Church2025:YPM-IZ-110556	latitude	-41.996839	biosample	https://www.ncbi.nlm.nih.gov/biosample/SAMN40621335	Attributes/Attribute[@attribute_name='lat_lon']	SAMN40621335	Hemisphere sign applied; no geographic correction inferred.
Church2025:YPM-IZ-110556	locality	Australia: Tasmania	biosample	https://www.ncbi.nlm.nih.gov/biosample/SAMN40621335	Attributes/Attribute[@attribute_name='geo_loc_name']	SAMN40621335	Original geographic-location label retained; not an inference-region assignment.
Church2025:YPM-IZ-110556	longitude	148.284729	biosample	https://www.ncbi.nlm.nih.gov/biosample/SAMN40621335	Attributes/Attribute[@attribute_name='lat_lon']	SAMN40621335	Hemisphere sign applied; no geographic correction inferred.
Church2025:YPM-IZ-110556	tissue	tentacle	biosample	https://www.ncbi.nlm.nih.gov/biosample/SAMN40621335	Attributes/Attribute[@attribute_name='tissue']	SAMN40621335	
Church2025:YPM-IZ-110557	biosample	SAMN40621336	biosample	https://www.ncbi.nlm.nih.gov/biosample/SAMN40621336	BioSample/@accession	SAMN40621336	
Church2025:YPM-IZ-110557	collection_date	2022-12-25	biosample	https://www.ncbi.nlm.nih.gov/biosample/SAMN40621336	Attributes/Attribute[@attribute_name='collection_date']	SAMN40621336	
Church2025:YPM-IZ-110557	country	Australia	biosample	https://www.ncbi.nlm.nih.gov/biosample/SAMN40621336	Attributes/Attribute[@attribute_name='geo_loc_name']	SAMN40621336	Top-level geographic jurisdiction retained as submitted, including named territories.
Church2025:YPM-IZ-110557	lat_long_raw	41.996839 S 148.284729 E	biosample	https://www.ncbi.nlm.nih.gov/biosample/SAMN40621336	Attributes/Attribute[@attribute_name='lat_lon']	SAMN40621336	
Church2025:YPM-IZ-110557	latitude	-41.996839	biosample	https://www.ncbi.nlm.nih.gov/biosample/SAMN40621336	Attributes/Attribute[@attribute_name='lat_lon']	SAMN40621336	Hemisphere sign applied; no geographic correction inferred.
Church2025:YPM-IZ-110557	locality	Australia: Tasmania	biosample	https://www.ncbi.nlm.nih.gov/biosample/SAMN40621336	Attributes/Attribute[@attribute_name='geo_loc_name']	SAMN40621336	Original geographic-location label retained; not an inference-region assignment.
Church2025:YPM-IZ-110557	longitude	148.284729	biosample	https://www.ncbi.nlm.nih.gov/biosample/SAMN40621336	Attributes/Attribute[@attribute_name='lat_lon']	SAMN40621336	Hemisphere sign applied; no geographic correction inferred.
Church2025:YPM-IZ-110557	tissue	tentacle	biosample	https://www.ncbi.nlm.nih.gov/biosample/SAMN40621336	Attributes/Attribute[@attribute_name='tissue']	SAMN40621336	
Church2025:YPM-IZ-110558	biosample	SAMN40621337	biosample	https://www.ncbi.nlm.nih.gov/biosample/SAMN40621337	BioSample/@accession	SAMN40621337	
Church2025:YPM-IZ-110558	collection_date	2022-12-25	biosample	https://www.ncbi.nlm.nih.gov/biosample/SAMN40621337	Attributes/Attribute[@attribute_name='collection_date']	SAMN40621337	
Church2025:YPM-IZ-110558	country	Australia	biosample	https://www.ncbi.nlm.nih.gov/biosample/SAMN40621337	Attributes/Attribute[@attribute_name='geo_loc_name']	SAMN40621337	Top-level geographic jurisdiction retained as submitted, including named territories.
Church2025:YPM-IZ-110558	lat_long_raw	41.996839 S 148.284729 E	biosample	https://www.ncbi.nlm.nih.gov/biosample/SAMN40621337	Attributes/Attribute[@attribute_name='lat_lon']	SAMN40621337	
Church2025:YPM-IZ-110558	latitude	-41.996839	biosample	https://www.ncbi.nlm.nih.gov/biosample/SAMN40621337	Attributes/Attribute[@attribute_name='lat_lon']	SAMN40621337	Hemisphere sign applied; no geographic correction inferred.
Church2025:YPM-IZ-110558	locality	Australia: Tasmania	biosample	https://www.ncbi.nlm.nih.gov/biosample/SAMN40621337	Attributes/Attribute[@attribute_name='geo_loc_name']	SAMN40621337	Original geographic-location label retained; not an inference-region assignment.
Church2025:YPM-IZ-110558	longitude	148.284729	biosample	https://www.ncbi.nlm.nih.gov/biosample/SAMN40621337	Attributes/Attribute[@attribute_name='lat_lon']	SAMN40621337	Hemisphere sign applied; no geographic correction inferred.
Church2025:YPM-IZ-110558	tissue	tentacle	biosample	https://www.ncbi.nlm.nih.gov/biosample/SAMN40621337	Attributes/Attribute[@attribute_name='tissue']	SAMN40621337	
Church2025:YPM-IZ-110566	biosample	SAMN40621338	biosample	https://www.ncbi.nlm.nih.gov/biosample/SAMN40621338	BioSample/@accession	SAMN40621338	
Church2025:YPM-IZ-110566	collection_date	2022-01-24	biosample	https://www.ncbi.nlm.nih.gov/biosample/SAMN40621338	Attributes/Attribute[@attribute_name='collection_date']	SAMN40621338	
Church2025:YPM-IZ-110566	country	Guam	biosample	https://www.ncbi.nlm.nih.gov/biosample/SAMN40621338	Attributes/Attribute[@attribute_name='geo_loc_name']	SAMN40621338	Top-level geographic jurisdiction retained as submitted, including named territories.
Church2025:YPM-IZ-110566	lat_long_raw	13.605463 N 144.907196 E	biosample	https://www.ncbi.nlm.nih.gov/biosample/SAMN40621338	Attributes/Attribute[@attribute_name='lat_lon']	SAMN40621338	
Church2025:YPM-IZ-110566	latitude	13.605463	biosample	https://www.ncbi.nlm.nih.gov/biosample/SAMN40621338	Attributes/Attribute[@attribute_name='lat_lon']	SAMN40621338	Hemisphere sign applied; no geographic correction inferred.
Church2025:YPM-IZ-110566	locality	Guam	biosample	https://www.ncbi.nlm.nih.gov/biosample/SAMN40621338	Attributes/Attribute[@attribute_name='geo_loc_name']	SAMN40621338	Original geographic-location label retained; not an inference-region assignment.
Church2025:YPM-IZ-110566	longitude	144.907196	biosample	https://www.ncbi.nlm.nih.gov/biosample/SAMN40621338	Attributes/Attribute[@attribute_name='lat_lon']	SAMN40621338	Hemisphere sign applied; no geographic correction inferred.
Church2025:YPM-IZ-110566	tissue	tentacle	biosample	https://www.ncbi.nlm.nih.gov/biosample/SAMN40621338	Attributes/Attribute[@attribute_name='tissue']	SAMN40621338	
Church2025:YPM-IZ-110569	biosample	SAMN40621339	biosample	https://www.ncbi.nlm.nih.gov/biosample/SAMN40621339	BioSample/@accession	SAMN40621339	
Church2025:YPM-IZ-110569	collection_date	2022-01-27	biosample	https://www.ncbi.nlm.nih.gov/biosample/SAMN40621339	Attributes/Attribute[@attribute_name='collection_date']	SAMN40621339	
Church2025:YPM-IZ-110569	country	Guam	biosample	https://www.ncbi.nlm.nih.gov/biosample/SAMN40621339	Attributes/Attribute[@attribute_name='geo_loc_name']	SAMN40621339	Top-level geographic jurisdiction retained as submitted, including named territories.
Church2025:YPM-IZ-110569	lat_long_raw	13.427664 N 144.801336 E	biosample	https://www.ncbi.nlm.nih.gov/biosample/SAMN40621339	Attributes/Attribute[@attribute_name='lat_lon']	SAMN40621339	
Church2025:YPM-IZ-110569	latitude	13.427664	biosample	https://www.ncbi.nlm.nih.gov/biosample/SAMN40621339	Attributes/Attribute[@attribute_name='lat_lon']	SAMN40621339	Hemisphere sign applied; no geographic correction inferred.
Church2025:YPM-IZ-110569	locality	Guam	biosample	https://www.ncbi.nlm.nih.gov/biosample/SAMN40621339	Attributes/Attribute[@attribute_name='geo_loc_name']	SAMN40621339	Original geographic-location label retained; not an inference-region assignment.
Church2025:YPM-IZ-110569	longitude	144.801336	biosample	https://www.ncbi.nlm.nih.gov/biosample/SAMN40621339	Attributes/Attribute[@attribute_name='lat_lon']	SAMN40621339	Hemisphere sign applied; no geographic correction inferred.
Church2025:YPM-IZ-110569	tissue	tentacle	biosample	https://www.ncbi.nlm.nih.gov/biosample/SAMN40621339	Attributes/Attribute[@attribute_name='tissue']	SAMN40621339	
Church2025:YPM-IZ-110600	biosample	SAMN40621340	biosample	https://www.ncbi.nlm.nih.gov/biosample/SAMN40621340	BioSample/@accession	SAMN40621340	
Church2025:YPM-IZ-110600	collection_date	2023-04-27	biosample	https://www.ncbi.nlm.nih.gov/biosample/SAMN40621340	Attributes/Attribute[@attribute_name='collection_date']	SAMN40621340	
Church2025:YPM-IZ-110600	country	Guam	biosample	https://www.ncbi.nlm.nih.gov/biosample/SAMN40621340	Attributes/Attribute[@attribute_name='geo_loc_name']	SAMN40621340	Top-level geographic jurisdiction retained as submitted, including named territories.
Church2025:YPM-IZ-110600	lat_long_raw	13.372435 N 144.773357 E	biosample	https://www.ncbi.nlm.nih.gov/biosample/SAMN40621340	Attributes/Attribute[@attribute_name='lat_lon']	SAMN40621340	
Church2025:YPM-IZ-110600	latitude	13.372435	biosample	https://www.ncbi.nlm.nih.gov/biosample/SAMN40621340	Attributes/Attribute[@attribute_name='lat_lon']	SAMN40621340	Hemisphere sign applied; no geographic correction inferred.
Church2025:YPM-IZ-110600	locality	Guam	biosample	https://www.ncbi.nlm.nih.gov/biosample/SAMN40621340	Attributes/Attribute[@attribute_name='geo_loc_name']	SAMN40621340	Original geographic-location label retained; not an inference-region assignment.
Church2025:YPM-IZ-110600	longitude	144.773357	biosample	https://www.ncbi.nlm.nih.gov/biosample/SAMN40621340	Attributes/Attribute[@attribute_name='lat_lon']	SAMN40621340	Hemisphere sign applied; no geographic correction inferred.
Church2025:YPM-IZ-110600	tissue	tentacle	biosample	https://www.ncbi.nlm.nih.gov/biosample/SAMN40621340	Attributes/Attribute[@attribute_name='tissue']	SAMN40621340	
Church2025:YPM-IZ-110602	biosample	SAMN40621341	biosample	https://www.ncbi.nlm.nih.gov/biosample/SAMN40621341	BioSample/@accession	SAMN40621341	
Church2025:YPM-IZ-110602	collection_date	2023-04-27	biosample	https://www.ncbi.nlm.nih.gov/biosample/SAMN40621341	Attributes/Attribute[@attribute_name='collection_date']	SAMN40621341	
Church2025:YPM-IZ-110602	country	Guam	biosample	https://www.ncbi.nlm.nih.gov/biosample/SAMN40621341	Attributes/Attribute[@attribute_name='geo_loc_name']	SAMN40621341	Top-level geographic jurisdiction retained as submitted, including named territories.
Church2025:YPM-IZ-110602	lat_long_raw	13.372435 N 144.773357 E	biosample	https://www.ncbi.nlm.nih.gov/biosample/SAMN40621341	Attributes/Attribute[@attribute_name='lat_lon']	SAMN40621341	
Church2025:YPM-IZ-110602	latitude	13.372435	biosample	https://www.ncbi.nlm.nih.gov/biosample/SAMN40621341	Attributes/Attribute[@attribute_name='lat_lon']	SAMN40621341	Hemisphere sign applied; no geographic correction inferred.
Church2025:YPM-IZ-110602	locality	Guam	biosample	https://www.ncbi.nlm.nih.gov/biosample/SAMN40621341	Attributes/Attribute[@attribute_name='geo_loc_name']	SAMN40621341	Original geographic-location label retained; not an inference-region assignment.
Church2025:YPM-IZ-110602	longitude	144.773357	biosample	https://www.ncbi.nlm.nih.gov/biosample/SAMN40621341	Attributes/Attribute[@attribute_name='lat_lon']	SAMN40621341	Hemisphere sign applied; no geographic correction inferred.
Church2025:YPM-IZ-110602	tissue	tentacle	biosample	https://www.ncbi.nlm.nih.gov/biosample/SAMN40621341	Attributes/Attribute[@attribute_name='tissue']	SAMN40621341	
Church2025:YPM-IZ-110605	biosample	SAMN40621342	biosample	https://www.ncbi.nlm.nih.gov/biosample/SAMN40621342	BioSample/@accession	SAMN40621342	
Church2025:YPM-IZ-110605	collection_date	2023-02-03	biosample	https://www.ncbi.nlm.nih.gov/biosample/SAMN40621342	Attributes/Attribute[@attribute_name='collection_date']	SAMN40621342	
Church2025:YPM-IZ-110605	country	Australia	biosample	https://www.ncbi.nlm.nih.gov/biosample/SAMN40621342	Attributes/Attribute[@attribute_name='geo_loc_name']	SAMN40621342	Top-level geographic jurisdiction retained as submitted, including named territories.
Church2025:YPM-IZ-110605	lat_long_raw	28.089089 S 153.453921 E	biosample	https://www.ncbi.nlm.nih.gov/biosample/SAMN40621342	Attributes/Attribute[@attribute_name='lat_lon']	SAMN40621342	
Church2025:YPM-IZ-110605	latitude	-28.089089	biosample	https://www.ncbi.nlm.nih.gov/biosample/SAMN40621342	Attributes/Attribute[@attribute_name='lat_lon']	SAMN40621342	Hemisphere sign applied; no geographic correction inferred.
Church2025:YPM-IZ-110605	locality	Australia: Queensland	biosample	https://www.ncbi.nlm.nih.gov/biosample/SAMN40621342	Attributes/Attribute[@attribute_name='geo_loc_name']	SAMN40621342	Original geographic-location label retained; not an inference-region assignment.
Church2025:YPM-IZ-110605	longitude	153.453921	biosample	https://www.ncbi.nlm.nih.gov/biosample/SAMN40621342	Attributes/Attribute[@attribute_name='lat_lon']	SAMN40621342	Hemisphere sign applied; no geographic correction inferred.
Church2025:YPM-IZ-110605	tissue	tentacle	biosample	https://www.ncbi.nlm.nih.gov/biosample/SAMN40621342	Attributes/Attribute[@attribute_name='tissue']	SAMN40621342	
Church2025:YPM-IZ-110612	biosample	SAMN40621343	biosample	https://www.ncbi.nlm.nih.gov/biosample/SAMN40621343	BioSample/@accession	SAMN40621343	
Church2025:YPM-IZ-110612	collection_date	2023-03-26	biosample	https://www.ncbi.nlm.nih.gov/biosample/SAMN40621343	Attributes/Attribute[@attribute_name='collection_date']	SAMN40621343	
Church2025:YPM-IZ-110612	country	Australia	biosample	https://www.ncbi.nlm.nih.gov/biosample/SAMN40621343	Attributes/Attribute[@attribute_name='geo_loc_name']	SAMN40621343	Top-level geographic jurisdiction retained as submitted, including named territories.
Church2025:YPM-IZ-110612	lat_long_raw	30.745087 S 152.995494 E	biosample	https://www.ncbi.nlm.nih.gov/biosample/SAMN40621343	Attributes/Attribute[@attribute_name='lat_lon']	SAMN40621343	
Church2025:YPM-IZ-110612	latitude	-30.745087	biosample	https://www.ncbi.nlm.nih.gov/biosample/SAMN40621343	Attributes/Attribute[@attribute_name='lat_lon']	SAMN40621343	Hemisphere sign applied; no geographic correction inferred.
Church2025:YPM-IZ-110612	locality	Australia: New South Wales	biosample	https://www.ncbi.nlm.nih.gov/biosample/SAMN40621343	Attributes/Attribute[@attribute_name='geo_loc_name']	SAMN40621343	Original geographic-location label retained; not an inference-region assignment.
Church2025:YPM-IZ-110612	longitude	152.995494	biosample	https://www.ncbi.nlm.nih.gov/biosample/SAMN40621343	Attributes/Attribute[@attribute_name='lat_lon']	SAMN40621343	Hemisphere sign applied; no geographic correction inferred.
Church2025:YPM-IZ-110612	tissue	tentacle	biosample	https://www.ncbi.nlm.nih.gov/biosample/SAMN40621343	Attributes/Attribute[@attribute_name='tissue']	SAMN40621343	
Church2025:YPM-IZ-110613	biosample	SAMN40621344	biosample	https://www.ncbi.nlm.nih.gov/biosample/SAMN40621344	BioSample/@accession	SAMN40621344	
Church2025:YPM-IZ-110613	collection_date	2023-03-26	biosample	https://www.ncbi.nlm.nih.gov/biosample/SAMN40621344	Attributes/Attribute[@attribute_name='collection_date']	SAMN40621344	
Church2025:YPM-IZ-110613	country	Australia	biosample	https://www.ncbi.nlm.nih.gov/biosample/SAMN40621344	Attributes/Attribute[@attribute_name='geo_loc_name']	SAMN40621344	Top-level geographic jurisdiction retained as submitted, including named territories.
Church2025:YPM-IZ-110613	lat_long_raw	30.745087 S 152.995494 E	biosample	https://www.ncbi.nlm.nih.gov/biosample/SAMN40621344	Attributes/Attribute[@attribute_name='lat_lon']	SAMN40621344	
Church2025:YPM-IZ-110613	latitude	-30.745087	biosample	https://www.ncbi.nlm.nih.gov/biosample/SAMN40621344	Attributes/Attribute[@attribute_name='lat_lon']	SAMN40621344	Hemisphere sign applied; no geographic correction inferred.
Church2025:YPM-IZ-110613	locality	Australia: New South Wales	biosample	https://www.ncbi.nlm.nih.gov/biosample/SAMN40621344	Attributes/Attribute[@attribute_name='geo_loc_name']	SAMN40621344	Original geographic-location label retained; not an inference-region assignment.
Church2025:YPM-IZ-110613	longitude	152.995494	biosample	https://www.ncbi.nlm.nih.gov/biosample/SAMN40621344	Attributes/Attribute[@attribute_name='lat_lon']	SAMN40621344	Hemisphere sign applied; no geographic correction inferred.
Church2025:YPM-IZ-110613	tissue	tentacle	biosample	https://www.ncbi.nlm.nih.gov/biosample/SAMN40621344	Attributes/Attribute[@attribute_name='tissue']	SAMN40621344	
Church2025:YPM-IZ-110616	biosample	SAMN40621345	biosample	https://www.ncbi.nlm.nih.gov/biosample/SAMN40621345	BioSample/@accession	SAMN40621345	
Church2025:YPM-IZ-110616	collection_date	2023-03-26	biosample	https://www.ncbi.nlm.nih.gov/biosample/SAMN40621345	Attributes/Attribute[@attribute_name='collection_date']	SAMN40621345	
Church2025:YPM-IZ-110616	country	Australia	biosample	https://www.ncbi.nlm.nih.gov/biosample/SAMN40621345	Attributes/Attribute[@attribute_name='geo_loc_name']	SAMN40621345	Top-level geographic jurisdiction retained as submitted, including named territories.
Church2025:YPM-IZ-110616	lat_long_raw	30.881192 S 153.035604 E	biosample	https://www.ncbi.nlm.nih.gov/biosample/SAMN40621345	Attributes/Attribute[@attribute_name='lat_lon']	SAMN40621345	
Church2025:YPM-IZ-110616	latitude	-30.881192	biosample	https://www.ncbi.nlm.nih.gov/biosample/SAMN40621345	Attributes/Attribute[@attribute_name='lat_lon']	SAMN40621345	Hemisphere sign applied; no geographic correction inferred.
Church2025:YPM-IZ-110616	locality	Australia: New South Wales	biosample	https://www.ncbi.nlm.nih.gov/biosample/SAMN40621345	Attributes/Attribute[@attribute_name='geo_loc_name']	SAMN40621345	Original geographic-location label retained; not an inference-region assignment.
Church2025:YPM-IZ-110616	longitude	153.035604	biosample	https://www.ncbi.nlm.nih.gov/biosample/SAMN40621345	Attributes/Attribute[@attribute_name='lat_lon']	SAMN40621345	Hemisphere sign applied; no geographic correction inferred.
Church2025:YPM-IZ-110616	tissue	tentacle	biosample	https://www.ncbi.nlm.nih.gov/biosample/SAMN40621345	Attributes/Attribute[@attribute_name='tissue']	SAMN40621345	
Church2025:YPM-IZ-110631	biosample	SAMN40621346	biosample	https://www.ncbi.nlm.nih.gov/biosample/SAMN40621346	BioSample/@accession	SAMN40621346	
Church2025:YPM-IZ-110631	collection_date	2023-07-14	biosample	https://www.ncbi.nlm.nih.gov/biosample/SAMN40621346	Attributes/Attribute[@attribute_name='collection_date']	SAMN40621346	
Church2025:YPM-IZ-110631	country	USA	biosample	https://www.ncbi.nlm.nih.gov/biosample/SAMN40621346	Attributes/Attribute[@attribute_name='geo_loc_name']	SAMN40621346	Top-level geographic jurisdiction retained as submitted, including named territories.
Church2025:YPM-IZ-110631	lat_long_raw	41.346250 N 71.678310 W	biosample	https://www.ncbi.nlm.nih.gov/biosample/SAMN40621346	Attributes/Attribute[@attribute_name='lat_lon']	SAMN40621346	
Church2025:YPM-IZ-110631	latitude	41.34625	biosample	https://www.ncbi.nlm.nih.gov/biosample/SAMN40621346	Attributes/Attribute[@attribute_name='lat_lon']	SAMN40621346	Hemisphere sign applied; no geographic correction inferred.
Church2025:YPM-IZ-110631	locality	USA: Rhode Island	biosample	https://www.ncbi.nlm.nih.gov/biosample/SAMN40621346	Attributes/Attribute[@attribute_name='geo_loc_name']	SAMN40621346	Original geographic-location label retained; not an inference-region assignment.
Church2025:YPM-IZ-110631	longitude	-71.67831	biosample	https://www.ncbi.nlm.nih.gov/biosample/SAMN40621346	Attributes/Attribute[@attribute_name='lat_lon']	SAMN40621346	Hemisphere sign applied; no geographic correction inferred.
Church2025:YPM-IZ-110631	tissue	tentacle	biosample	https://www.ncbi.nlm.nih.gov/biosample/SAMN40621346	Attributes/Attribute[@attribute_name='tissue']	SAMN40621346	
Church2025:YPM-IZ-110633	biosample	SAMN40621347	biosample	https://www.ncbi.nlm.nih.gov/biosample/SAMN40621347	BioSample/@accession	SAMN40621347	
Church2025:YPM-IZ-110633	collection_date	2023-07-15	biosample	https://www.ncbi.nlm.nih.gov/biosample/SAMN40621347	Attributes/Attribute[@attribute_name='collection_date']	SAMN40621347	
Church2025:YPM-IZ-110633	country	USA	biosample	https://www.ncbi.nlm.nih.gov/biosample/SAMN40621347	Attributes/Attribute[@attribute_name='geo_loc_name']	SAMN40621347	Top-level geographic jurisdiction retained as submitted, including named territories.
Church2025:YPM-IZ-110633	lat_long_raw	41.377020 N 71.527820 W	biosample	https://www.ncbi.nlm.nih.gov/biosample/SAMN40621347	Attributes/Attribute[@attribute_name='lat_lon']	SAMN40621347	
Church2025:YPM-IZ-110633	latitude	41.37702	biosample	https://www.ncbi.nlm.nih.gov/biosample/SAMN40621347	Attributes/Attribute[@attribute_name='lat_lon']	SAMN40621347	Hemisphere sign applied; no geographic correction inferred.
Church2025:YPM-IZ-110633	locality	USA: Rhode Island	biosample	https://www.ncbi.nlm.nih.gov/biosample/SAMN40621347	Attributes/Attribute[@attribute_name='geo_loc_name']	SAMN40621347	Original geographic-location label retained; not an inference-region assignment.
Church2025:YPM-IZ-110633	longitude	-71.52782	biosample	https://www.ncbi.nlm.nih.gov/biosample/SAMN40621347	Attributes/Attribute[@attribute_name='lat_lon']	SAMN40621347	Hemisphere sign applied; no geographic correction inferred.
Church2025:YPM-IZ-110633	tissue	tentacle	biosample	https://www.ncbi.nlm.nih.gov/biosample/SAMN40621347	Attributes/Attribute[@attribute_name='tissue']	SAMN40621347	
Church2025:YPM-IZ-110667	biosample	SAMN40621348	biosample	https://www.ncbi.nlm.nih.gov/biosample/SAMN40621348	BioSample/@accession	SAMN40621348	
Church2025:YPM-IZ-110667	collection_date	2023-07-20	biosample	https://www.ncbi.nlm.nih.gov/biosample/SAMN40621348	Attributes/Attribute[@attribute_name='collection_date']	SAMN40621348	
Church2025:YPM-IZ-110667	country	USA	biosample	https://www.ncbi.nlm.nih.gov/biosample/SAMN40621348	Attributes/Attribute[@attribute_name='geo_loc_name']	SAMN40621348	Top-level geographic jurisdiction retained as submitted, including named territories.
Church2025:YPM-IZ-110667	lat_long_raw	40.857420 N 71.779920 W	biosample	https://www.ncbi.nlm.nih.gov/biosample/SAMN40621348	Attributes/Attribute[@attribute_name='lat_lon']	SAMN40621348	
Church2025:YPM-IZ-110667	latitude	40.85742	biosample	https://www.ncbi.nlm.nih.gov/biosample/SAMN40621348	Attributes/Attribute[@attribute_name='lat_lon']	SAMN40621348	Hemisphere sign applied; no geographic correction inferred.
Church2025:YPM-IZ-110667	locality	USA: New York	biosample	https://www.ncbi.nlm.nih.gov/biosample/SAMN40621348	Attributes/Attribute[@attribute_name='geo_loc_name']	SAMN40621348	Original geographic-location label retained; not an inference-region assignment.
Church2025:YPM-IZ-110667	longitude	-71.77992	biosample	https://www.ncbi.nlm.nih.gov/biosample/SAMN40621348	Attributes/Attribute[@attribute_name='lat_lon']	SAMN40621348	Hemisphere sign applied; no geographic correction inferred.
Church2025:YPM-IZ-110667	tissue	tentacle	biosample	https://www.ncbi.nlm.nih.gov/biosample/SAMN40621348	Attributes/Attribute[@attribute_name='tissue']	SAMN40621348	
Church2025:YPM-IZ-110694	biosample	SAMN40621349	biosample	https://www.ncbi.nlm.nih.gov/biosample/SAMN40621349	BioSample/@accession	SAMN40621349	
Church2025:YPM-IZ-110694	collection_date	2023-07-26	biosample	https://www.ncbi.nlm.nih.gov/biosample/SAMN40621349	Attributes/Attribute[@attribute_name='collection_date']	SAMN40621349	
Church2025:YPM-IZ-110694	country	USA	biosample	https://www.ncbi.nlm.nih.gov/biosample/SAMN40621349	Attributes/Attribute[@attribute_name='geo_loc_name']	SAMN40621349	Top-level geographic jurisdiction retained as submitted, including named territories.
Church2025:YPM-IZ-110694	lat_long_raw	41.344990 N 70.836797 W	biosample	https://www.ncbi.nlm.nih.gov/biosample/SAMN40621349	Attributes/Attribute[@attribute_name='lat_lon']	SAMN40621349	
Church2025:YPM-IZ-110694	latitude	41.34499	biosample	https://www.ncbi.nlm.nih.gov/biosample/SAMN40621349	Attributes/Attribute[@attribute_name='lat_lon']	SAMN40621349	Hemisphere sign applied; no geographic correction inferred.
Church2025:YPM-IZ-110694	locality	USA: Massachusetts	biosample	https://www.ncbi.nlm.nih.gov/biosample/SAMN40621349	Attributes/Attribute[@attribute_name='geo_loc_name']	SAMN40621349	Original geographic-location label retained; not an inference-region assignment.
Church2025:YPM-IZ-110694	longitude	-70.836797	biosample	https://www.ncbi.nlm.nih.gov/biosample/SAMN40621349	Attributes/Attribute[@attribute_name='lat_lon']	SAMN40621349	Hemisphere sign applied; no geographic correction inferred.
Church2025:YPM-IZ-110694	tissue	tentacle	biosample	https://www.ncbi.nlm.nih.gov/biosample/SAMN40621349	Attributes/Attribute[@attribute_name='tissue']	SAMN40621349	
Church2025:YPM-IZ-110716	biosample	SAMN40621350	biosample	https://www.ncbi.nlm.nih.gov/biosample/SAMN40621350	BioSample/@accession	SAMN40621350	
Church2025:YPM-IZ-110716	collection_date	2013-04-02	biosample	https://www.ncbi.nlm.nih.gov/biosample/SAMN40621350	Attributes/Attribute[@attribute_name='collection_date']	SAMN40621350	
Church2025:YPM-IZ-110716	country	Spain	biosample	https://www.ncbi.nlm.nih.gov/biosample/SAMN40621350	Attributes/Attribute[@attribute_name='geo_loc_name']	SAMN40621350	Top-level geographic jurisdiction retained as submitted, including named territories.
Church2025:YPM-IZ-110716	lat_long_raw	36.458090 N 6.252680 W	biosample	https://www.ncbi.nlm.nih.gov/biosample/SAMN40621350	Attributes/Attribute[@attribute_name='lat_lon']	SAMN40621350	
Church2025:YPM-IZ-110716	latitude	36.45809	biosample	https://www.ncbi.nlm.nih.gov/biosample/SAMN40621350	Attributes/Attribute[@attribute_name='lat_lon']	SAMN40621350	Hemisphere sign applied; no geographic correction inferred.
Church2025:YPM-IZ-110716	locality	Spain	biosample	https://www.ncbi.nlm.nih.gov/biosample/SAMN40621350	Attributes/Attribute[@attribute_name='geo_loc_name']	SAMN40621350	Original geographic-location label retained; not an inference-region assignment.
Church2025:YPM-IZ-110716	longitude	-6.25268	biosample	https://www.ncbi.nlm.nih.gov/biosample/SAMN40621350	Attributes/Attribute[@attribute_name='lat_lon']	SAMN40621350	Hemisphere sign applied; no geographic correction inferred.
Church2025:YPM-IZ-110716	tissue	tentacle	biosample	https://www.ncbi.nlm.nih.gov/biosample/SAMN40621350	Attributes/Attribute[@attribute_name='tissue']	SAMN40621350	
Church2025:YPM-IZ-110726	biosample	SAMN40621351	biosample	https://www.ncbi.nlm.nih.gov/biosample/SAMN40621351	BioSample/@accession	SAMN40621351	
Church2025:YPM-IZ-110726	collection_date	2013-04-02	biosample	https://www.ncbi.nlm.nih.gov/biosample/SAMN40621351	Attributes/Attribute[@attribute_name='collection_date']	SAMN40621351	
Church2025:YPM-IZ-110726	country	Spain	biosample	https://www.ncbi.nlm.nih.gov/biosample/SAMN40621351	Attributes/Attribute[@attribute_name='geo_loc_name']	SAMN40621351	Top-level geographic jurisdiction retained as submitted, including named territories.
Church2025:YPM-IZ-110726	lat_long_raw	36.458090 N 6.252680 W	biosample	https://www.ncbi.nlm.nih.gov/biosample/SAMN40621351	Attributes/Attribute[@attribute_name='lat_lon']	SAMN40621351	
Church2025:YPM-IZ-110726	latitude	36.45809	biosample	https://www.ncbi.nlm.nih.gov/biosample/SAMN40621351	Attributes/Attribute[@attribute_name='lat_lon']	SAMN40621351	Hemisphere sign applied; no geographic correction inferred.
Church2025:YPM-IZ-110726	locality	Spain	biosample	https://www.ncbi.nlm.nih.gov/biosample/SAMN40621351	Attributes/Attribute[@attribute_name='geo_loc_name']	SAMN40621351	Original geographic-location label retained; not an inference-region assignment.
Church2025:YPM-IZ-110726	longitude	-6.25268	biosample	https://www.ncbi.nlm.nih.gov/biosample/SAMN40621351	Attributes/Attribute[@attribute_name='lat_lon']	SAMN40621351	Hemisphere sign applied; no geographic correction inferred.
Church2025:YPM-IZ-110726	tissue	tentacle	biosample	https://www.ncbi.nlm.nih.gov/biosample/SAMN40621351	Attributes/Attribute[@attribute_name='tissue']	SAMN40621351	
Church2025:YPM-IZ-110738	biosample	SAMN40621352	biosample	https://www.ncbi.nlm.nih.gov/biosample/SAMN40621352	BioSample/@accession	SAMN40621352	
Church2025:YPM-IZ-110738	collection_date	2013-04-02	biosample	https://www.ncbi.nlm.nih.gov/biosample/SAMN40621352	Attributes/Attribute[@attribute_name='collection_date']	SAMN40621352	
Church2025:YPM-IZ-110738	country	Spain	biosample	https://www.ncbi.nlm.nih.gov/biosample/SAMN40621352	Attributes/Attribute[@attribute_name='geo_loc_name']	SAMN40621352	Top-level geographic jurisdiction retained as submitted, including named territories.
Church2025:YPM-IZ-110738	lat_long_raw	36.458090 N 6.252680 W	biosample	https://www.ncbi.nlm.nih.gov/biosample/SAMN40621352	Attributes/Attribute[@attribute_name='lat_lon']	SAMN40621352	
Church2025:YPM-IZ-110738	latitude	36.45809	biosample	https://www.ncbi.nlm.nih.gov/biosample/SAMN40621352	Attributes/Attribute[@attribute_name='lat_lon']	SAMN40621352	Hemisphere sign applied; no geographic correction inferred.
Church2025:YPM-IZ-110738	locality	Spain	biosample	https://www.ncbi.nlm.nih.gov/biosample/SAMN40621352	Attributes/Attribute[@attribute_name='geo_loc_name']	SAMN40621352	Original geographic-location label retained; not an inference-region assignment.
Church2025:YPM-IZ-110738	longitude	-6.25268	biosample	https://www.ncbi.nlm.nih.gov/biosample/SAMN40621352	Attributes/Attribute[@attribute_name='lat_lon']	SAMN40621352	Hemisphere sign applied; no geographic correction inferred.
Church2025:YPM-IZ-110738	tissue	tentacle	biosample	https://www.ncbi.nlm.nih.gov/biosample/SAMN40621352	Attributes/Attribute[@attribute_name='tissue']	SAMN40621352	
Church2025:YPM-IZ-110777	biosample	SAMN40621353	biosample	https://www.ncbi.nlm.nih.gov/biosample/SAMN40621353	BioSample/@accession	SAMN40621353	
Church2025:YPM-IZ-110777	collection_date	2023-07-19	biosample	https://www.ncbi.nlm.nih.gov/biosample/SAMN40621353	Attributes/Attribute[@attribute_name='collection_date']	SAMN40621353	
Church2025:YPM-IZ-110777	country	USA	biosample	https://www.ncbi.nlm.nih.gov/biosample/SAMN40621353	Attributes/Attribute[@attribute_name='geo_loc_name']	SAMN40621353	Top-level geographic jurisdiction retained as submitted, including named territories.
Church2025:YPM-IZ-110777	lat_long_raw	21.400790 N 157.734500 W	biosample	https://www.ncbi.nlm.nih.gov/biosample/SAMN40621353	Attributes/Attribute[@attribute_name='lat_lon']	SAMN40621353	
Church2025:YPM-IZ-110777	latitude	21.40079	biosample	https://www.ncbi.nlm.nih.gov/biosample/SAMN40621353	Attributes/Attribute[@attribute_name='lat_lon']	SAMN40621353	Hemisphere sign applied; no geographic correction inferred.
Church2025:YPM-IZ-110777	locality	USA: Hawai'i	biosample	https://www.ncbi.nlm.nih.gov/biosample/SAMN40621353	Attributes/Attribute[@attribute_name='geo_loc_name']	SAMN40621353	Original geographic-location label retained; not an inference-region assignment.
Church2025:YPM-IZ-110777	longitude	-157.7345	biosample	https://www.ncbi.nlm.nih.gov/biosample/SAMN40621353	Attributes/Attribute[@attribute_name='lat_lon']	SAMN40621353	Hemisphere sign applied; no geographic correction inferred.
Church2025:YPM-IZ-110777	tissue	tentacle	biosample	https://www.ncbi.nlm.nih.gov/biosample/SAMN40621353	Attributes/Attribute[@attribute_name='tissue']	SAMN40621353	
Church2025:YPM-IZ-110780	biosample	SAMN40621354	biosample	https://www.ncbi.nlm.nih.gov/biosample/SAMN40621354	BioSample/@accession	SAMN40621354	
Church2025:YPM-IZ-110780	collection_date	2023-07-19	biosample	https://www.ncbi.nlm.nih.gov/biosample/SAMN40621354	Attributes/Attribute[@attribute_name='collection_date']	SAMN40621354	
Church2025:YPM-IZ-110780	country	USA	biosample	https://www.ncbi.nlm.nih.gov/biosample/SAMN40621354	Attributes/Attribute[@attribute_name='geo_loc_name']	SAMN40621354	Top-level geographic jurisdiction retained as submitted, including named territories.
Church2025:YPM-IZ-110780	lat_long_raw	21.400790 N 157.734500 W	biosample	https://www.ncbi.nlm.nih.gov/biosample/SAMN40621354	Attributes/Attribute[@attribute_name='lat_lon']	SAMN40621354	
Church2025:YPM-IZ-110780	latitude	21.40079	biosample	https://www.ncbi.nlm.nih.gov/biosample/SAMN40621354	Attributes/Attribute[@attribute_name='lat_lon']	SAMN40621354	Hemisphere sign applied; no geographic correction inferred.
Church2025:YPM-IZ-110780	locality	USA: Hawai'i	biosample	https://www.ncbi.nlm.nih.gov/biosample/SAMN40621354	Attributes/Attribute[@attribute_name='geo_loc_name']	SAMN40621354	Original geographic-location label retained; not an inference-region assignment.
Church2025:YPM-IZ-110780	longitude	-157.7345	biosample	https://www.ncbi.nlm.nih.gov/biosample/SAMN40621354	Attributes/Attribute[@attribute_name='lat_lon']	SAMN40621354	Hemisphere sign applied; no geographic correction inferred.
Church2025:YPM-IZ-110780	tissue	tentacle	biosample	https://www.ncbi.nlm.nih.gov/biosample/SAMN40621354	Attributes/Attribute[@attribute_name='tissue']	SAMN40621354	
Church2025:YPM-IZ-110785	biosample	SAMN40621355	biosample	https://www.ncbi.nlm.nih.gov/biosample/SAMN40621355	BioSample/@accession	SAMN40621355	
Church2025:YPM-IZ-110785	collection_date	2023-07-21	biosample	https://www.ncbi.nlm.nih.gov/biosample/SAMN40621355	Attributes/Attribute[@attribute_name='collection_date']	SAMN40621355	
Church2025:YPM-IZ-110785	country	USA	biosample	https://www.ncbi.nlm.nih.gov/biosample/SAMN40621355	Attributes/Attribute[@attribute_name='geo_loc_name']	SAMN40621355	Top-level geographic jurisdiction retained as submitted, including named territories.
Church2025:YPM-IZ-110785	lat_long_raw	21.400790 N 157.734500 W	biosample	https://www.ncbi.nlm.nih.gov/biosample/SAMN40621355	Attributes/Attribute[@attribute_name='lat_lon']	SAMN40621355	
Church2025:YPM-IZ-110785	latitude	21.40079	biosample	https://www.ncbi.nlm.nih.gov/biosample/SAMN40621355	Attributes/Attribute[@attribute_name='lat_lon']	SAMN40621355	Hemisphere sign applied; no geographic correction inferred.
Church2025:YPM-IZ-110785	locality	USA: Hawai'i	biosample	https://www.ncbi.nlm.nih.gov/biosample/SAMN40621355	Attributes/Attribute[@attribute_name='geo_loc_name']	SAMN40621355	Original geographic-location label retained; not an inference-region assignment.
Church2025:YPM-IZ-110785	longitude	-157.7345	biosample	https://www.ncbi.nlm.nih.gov/biosample/SAMN40621355	Attributes/Attribute[@attribute_name='lat_lon']	SAMN40621355	Hemisphere sign applied; no geographic correction inferred.
Church2025:YPM-IZ-110785	tissue	tentacle	biosample	https://www.ncbi.nlm.nih.gov/biosample/SAMN40621355	Attributes/Attribute[@attribute_name='tissue']	SAMN40621355	
Church2025:YPM-IZ-110786	biosample	SAMN40621356	biosample	https://www.ncbi.nlm.nih.gov/biosample/SAMN40621356	BioSample/@accession	SAMN40621356	
Church2025:YPM-IZ-110786	collection_date	2023-07-28	biosample	https://www.ncbi.nlm.nih.gov/biosample/SAMN40621356	Attributes/Attribute[@attribute_name='collection_date']	SAMN40621356	
Church2025:YPM-IZ-110786	country	USA	biosample	https://www.ncbi.nlm.nih.gov/biosample/SAMN40621356	Attributes/Attribute[@attribute_name='geo_loc_name']	SAMN40621356	Top-level geographic jurisdiction retained as submitted, including named territories.
Church2025:YPM-IZ-110786	lat_long_raw	21.400790 N 157.734500 W	biosample	https://www.ncbi.nlm.nih.gov/biosample/SAMN40621356	Attributes/Attribute[@attribute_name='lat_lon']	SAMN40621356	
Church2025:YPM-IZ-110786	latitude	21.40079	biosample	https://www.ncbi.nlm.nih.gov/biosample/SAMN40621356	Attributes/Attribute[@attribute_name='lat_lon']	SAMN40621356	Hemisphere sign applied; no geographic correction inferred.
Church2025:YPM-IZ-110786	locality	USA: Hawai'i	biosample	https://www.ncbi.nlm.nih.gov/biosample/SAMN40621356	Attributes/Attribute[@attribute_name='geo_loc_name']	SAMN40621356	Original geographic-location label retained; not an inference-region assignment.
Church2025:YPM-IZ-110786	longitude	-157.7345	biosample	https://www.ncbi.nlm.nih.gov/biosample/SAMN40621356	Attributes/Attribute[@attribute_name='lat_lon']	SAMN40621356	Hemisphere sign applied; no geographic correction inferred.
Church2025:YPM-IZ-110786	tissue	tentacle	biosample	https://www.ncbi.nlm.nih.gov/biosample/SAMN40621356	Attributes/Attribute[@attribute_name='tissue']	SAMN40621356	
Church2025:YPM-IZ-110828	biosample	SAMN40621357	biosample	https://www.ncbi.nlm.nih.gov/biosample/SAMN40621357	BioSample/@accession	SAMN40621357	
Church2025:YPM-IZ-110828	collection_date	2023-07-12	biosample	https://www.ncbi.nlm.nih.gov/biosample/SAMN40621357	Attributes/Attribute[@attribute_name='collection_date']	SAMN40621357	
Church2025:YPM-IZ-110828	country	Chile	biosample	https://www.ncbi.nlm.nih.gov/biosample/SAMN40621357	Attributes/Attribute[@attribute_name='geo_loc_name']	SAMN40621357	Top-level geographic jurisdiction retained as submitted, including named territories.
Church2025:YPM-IZ-110828	lat_long_raw	29.972700 S 71.360900 W	biosample	https://www.ncbi.nlm.nih.gov/biosample/SAMN40621357	Attributes/Attribute[@attribute_name='lat_lon']	SAMN40621357	
Church2025:YPM-IZ-110828	latitude	-29.9727	biosample	https://www.ncbi.nlm.nih.gov/biosample/SAMN40621357	Attributes/Attribute[@attribute_name='lat_lon']	SAMN40621357	Hemisphere sign applied; no geographic correction inferred.
Church2025:YPM-IZ-110828	locality	Chile	biosample	https://www.ncbi.nlm.nih.gov/biosample/SAMN40621357	Attributes/Attribute[@attribute_name='geo_loc_name']	SAMN40621357	Original geographic-location label retained; not an inference-region assignment.
Church2025:YPM-IZ-110828	longitude	-71.3609	biosample	https://www.ncbi.nlm.nih.gov/biosample/SAMN40621357	Attributes/Attribute[@attribute_name='lat_lon']	SAMN40621357	Hemisphere sign applied; no geographic correction inferred.
Church2025:YPM-IZ-110828	tissue	tentacle	biosample	https://www.ncbi.nlm.nih.gov/biosample/SAMN40621357	Attributes/Attribute[@attribute_name='tissue']	SAMN40621357	
Church2025:YPM-IZ-110829	biosample	SAMN40621358	biosample	https://www.ncbi.nlm.nih.gov/biosample/SAMN40621358	BioSample/@accession	SAMN40621358	
Church2025:YPM-IZ-110829	collection_date	2023-07-13	biosample	https://www.ncbi.nlm.nih.gov/biosample/SAMN40621358	Attributes/Attribute[@attribute_name='collection_date']	SAMN40621358	
Church2025:YPM-IZ-110829	country	Chile	biosample	https://www.ncbi.nlm.nih.gov/biosample/SAMN40621358	Attributes/Attribute[@attribute_name='geo_loc_name']	SAMN40621358	Top-level geographic jurisdiction retained as submitted, including named territories.
Church2025:YPM-IZ-110829	lat_long_raw	29.972700 S 71.360900 W	biosample	https://www.ncbi.nlm.nih.gov/biosample/SAMN40621358	Attributes/Attribute[@attribute_name='lat_lon']	SAMN40621358	
Church2025:YPM-IZ-110829	latitude	-29.9727	biosample	https://www.ncbi.nlm.nih.gov/biosample/SAMN40621358	Attributes/Attribute[@attribute_name='lat_lon']	SAMN40621358	Hemisphere sign applied; no geographic correction inferred.
Church2025:YPM-IZ-110829	locality	Chile	biosample	https://www.ncbi.nlm.nih.gov/biosample/SAMN40621358	Attributes/Attribute[@attribute_name='geo_loc_name']	SAMN40621358	Original geographic-location label retained; not an inference-region assignment.
Church2025:YPM-IZ-110829	longitude	-71.3609	biosample	https://www.ncbi.nlm.nih.gov/biosample/SAMN40621358	Attributes/Attribute[@attribute_name='lat_lon']	SAMN40621358	Hemisphere sign applied; no geographic correction inferred.
Church2025:YPM-IZ-110829	tissue	tentacle	biosample	https://www.ncbi.nlm.nih.gov/biosample/SAMN40621358	Attributes/Attribute[@attribute_name='tissue']	SAMN40621358	
Church2025:YPM-IZ-110830	biosample	SAMN40621359	biosample	https://www.ncbi.nlm.nih.gov/biosample/SAMN40621359	BioSample/@accession	SAMN40621359	
Church2025:YPM-IZ-110830	collection_date	2014-02-28	biosample	https://www.ncbi.nlm.nih.gov/biosample/SAMN40621359	Attributes/Attribute[@attribute_name='collection_date']	SAMN40621359	
Church2025:YPM-IZ-110830	country	Uruguay	biosample	https://www.ncbi.nlm.nih.gov/biosample/SAMN40621359	Attributes/Attribute[@attribute_name='geo_loc_name']	SAMN40621359	Top-level geographic jurisdiction retained as submitted, including named territories.
Church2025:YPM-IZ-110830	lat_long_raw	33.751600 S 53.380100 W	biosample	https://www.ncbi.nlm.nih.gov/biosample/SAMN40621359	Attributes/Attribute[@attribute_name='lat_lon']	SAMN40621359	
Church2025:YPM-IZ-110830	latitude	-33.7516	biosample	https://www.ncbi.nlm.nih.gov/biosample/SAMN40621359	Attributes/Attribute[@attribute_name='lat_lon']	SAMN40621359	Hemisphere sign applied; no geographic correction inferred.
Church2025:YPM-IZ-110830	locality	Uruguay	biosample	https://www.ncbi.nlm.nih.gov/biosample/SAMN40621359	Attributes/Attribute[@attribute_name='geo_loc_name']	SAMN40621359	Original geographic-location label retained; not an inference-region assignment.
Church2025:YPM-IZ-110830	longitude	-53.3801	biosample	https://www.ncbi.nlm.nih.gov/biosample/SAMN40621359	Attributes/Attribute[@attribute_name='lat_lon']	SAMN40621359	Hemisphere sign applied; no geographic correction inferred.
Church2025:YPM-IZ-110830	tissue	tentacle	biosample	https://www.ncbi.nlm.nih.gov/biosample/SAMN40621359	Attributes/Attribute[@attribute_name='tissue']	SAMN40621359	
Church2025:YPM-IZ-110842	biosample	SAMN40621360	biosample	https://www.ncbi.nlm.nih.gov/biosample/SAMN40621360	BioSample/@accession	SAMN40621360	
Church2025:YPM-IZ-110842	collection_date	2019-07-18	biosample	https://www.ncbi.nlm.nih.gov/biosample/SAMN40621360	Attributes/Attribute[@attribute_name='collection_date']	SAMN40621360	
Church2025:YPM-IZ-110842	country	Portugal	biosample	https://www.ncbi.nlm.nih.gov/biosample/SAMN40621360	Attributes/Attribute[@attribute_name='geo_loc_name']	SAMN40621360	Top-level geographic jurisdiction retained as submitted, including named territories.
Church2025:YPM-IZ-110842	lat_long_raw	38.524769 N 28.625946 W	biosample	https://www.ncbi.nlm.nih.gov/biosample/SAMN40621360	Attributes/Attribute[@attribute_name='lat_lon']	SAMN40621360	
Church2025:YPM-IZ-110842	latitude	38.524769	biosample	https://www.ncbi.nlm.nih.gov/biosample/SAMN40621360	Attributes/Attribute[@attribute_name='lat_lon']	SAMN40621360	Hemisphere sign applied; no geographic correction inferred.
Church2025:YPM-IZ-110842	locality	Portugal: Azores	biosample	https://www.ncbi.nlm.nih.gov/biosample/SAMN40621360	Attributes/Attribute[@attribute_name='geo_loc_name']	SAMN40621360	Original geographic-location label retained; not an inference-region assignment.
Church2025:YPM-IZ-110842	longitude	-28.625946	biosample	https://www.ncbi.nlm.nih.gov/biosample/SAMN40621360	Attributes/Attribute[@attribute_name='lat_lon']	SAMN40621360	Hemisphere sign applied; no geographic correction inferred.
Church2025:YPM-IZ-110842	tissue	tentacle	biosample	https://www.ncbi.nlm.nih.gov/biosample/SAMN40621360	Attributes/Attribute[@attribute_name='tissue']	SAMN40621360	
Church2025:YPM-IZ-110843	biosample	SAMN40621361	biosample	https://www.ncbi.nlm.nih.gov/biosample/SAMN40621361	BioSample/@accession	SAMN40621361	
Church2025:YPM-IZ-110843	collection_date	2020-05-22	biosample	https://www.ncbi.nlm.nih.gov/biosample/SAMN40621361	Attributes/Attribute[@attribute_name='collection_date']	SAMN40621361	
Church2025:YPM-IZ-110843	country	Portugal	biosample	https://www.ncbi.nlm.nih.gov/biosample/SAMN40621361	Attributes/Attribute[@attribute_name='geo_loc_name']	SAMN40621361	Top-level geographic jurisdiction retained as submitted, including named territories.
Church2025:YPM-IZ-110843	lat_long_raw	37.818604 N 25.543635 W	biosample	https://www.ncbi.nlm.nih.gov/biosample/SAMN40621361	Attributes/Attribute[@attribute_name='lat_lon']	SAMN40621361	
Church2025:YPM-IZ-110843	latitude	37.818604	biosample	https://www.ncbi.nlm.nih.gov/biosample/SAMN40621361	Attributes/Attribute[@attribute_name='lat_lon']	SAMN40621361	Hemisphere sign applied; no geographic correction inferred.
Church2025:YPM-IZ-110843	locality	Portugal: Azores	biosample	https://www.ncbi.nlm.nih.gov/biosample/SAMN40621361	Attributes/Attribute[@attribute_name='geo_loc_name']	SAMN40621361	Original geographic-location label retained; not an inference-region assignment.
Church2025:YPM-IZ-110843	longitude	-25.543635	biosample	https://www.ncbi.nlm.nih.gov/biosample/SAMN40621361	Attributes/Attribute[@attribute_name='lat_lon']	SAMN40621361	Hemisphere sign applied; no geographic correction inferred.
Church2025:YPM-IZ-110843	tissue	tentacle	biosample	https://www.ncbi.nlm.nih.gov/biosample/SAMN40621361	Attributes/Attribute[@attribute_name='tissue']	SAMN40621361	
Church2025:YPM-IZ-110844	biosample	SAMN40621362	biosample	https://www.ncbi.nlm.nih.gov/biosample/SAMN40621362	BioSample/@accession	SAMN40621362	
Church2025:YPM-IZ-110844	collection_date	2019-11-29	biosample	https://www.ncbi.nlm.nih.gov/biosample/SAMN40621362	Attributes/Attribute[@attribute_name='collection_date']	SAMN40621362	
Church2025:YPM-IZ-110844	country	Portugal	biosample	https://www.ncbi.nlm.nih.gov/biosample/SAMN40621362	Attributes/Attribute[@attribute_name='geo_loc_name']	SAMN40621362	Top-level geographic jurisdiction retained as submitted, including named territories.
Church2025:YPM-IZ-110844	lat_long_raw	38.524769 N 28.625946 W	biosample	https://www.ncbi.nlm.nih.gov/biosample/SAMN40621362	Attributes/Attribute[@attribute_name='lat_lon']	SAMN40621362	
Church2025:YPM-IZ-110844	latitude	38.524769	biosample	https://www.ncbi.nlm.nih.gov/biosample/SAMN40621362	Attributes/Attribute[@attribute_name='lat_lon']	SAMN40621362	Hemisphere sign applied; no geographic correction inferred.
Church2025:YPM-IZ-110844	locality	Portugal: Azores	biosample	https://www.ncbi.nlm.nih.gov/biosample/SAMN40621362	Attributes/Attribute[@attribute_name='geo_loc_name']	SAMN40621362	Original geographic-location label retained; not an inference-region assignment.
Church2025:YPM-IZ-110844	longitude	-28.625946	biosample	https://www.ncbi.nlm.nih.gov/biosample/SAMN40621362	Attributes/Attribute[@attribute_name='lat_lon']	SAMN40621362	Hemisphere sign applied; no geographic correction inferred.
Church2025:YPM-IZ-110844	tissue	tentacle	biosample	https://www.ncbi.nlm.nih.gov/biosample/SAMN40621362	Attributes/Attribute[@attribute_name='tissue']	SAMN40621362	
Church2025:YPM-IZ-110845	biosample	SAMN40621363	biosample	https://www.ncbi.nlm.nih.gov/biosample/SAMN40621363	BioSample/@accession	SAMN40621363	
Church2025:YPM-IZ-110845	collection_date	2020-08-17	biosample	https://www.ncbi.nlm.nih.gov/biosample/SAMN40621363	Attributes/Attribute[@attribute_name='collection_date']	SAMN40621363	
Church2025:YPM-IZ-110845	country	Portugal	biosample	https://www.ncbi.nlm.nih.gov/biosample/SAMN40621363	Attributes/Attribute[@attribute_name='geo_loc_name']	SAMN40621363	Top-level geographic jurisdiction retained as submitted, including named territories.
Church2025:YPM-IZ-110845	lat_long_raw	37.750488 N 25.624447 W	biosample	https://www.ncbi.nlm.nih.gov/biosample/SAMN40621363	Attributes/Attribute[@attribute_name='lat_lon']	SAMN40621363	
Church2025:YPM-IZ-110845	latitude	37.750488	biosample	https://www.ncbi.nlm.nih.gov/biosample/SAMN40621363	Attributes/Attribute[@attribute_name='lat_lon']	SAMN40621363	Hemisphere sign applied; no geographic correction inferred.
Church2025:YPM-IZ-110845	locality	Portugal: Azores	biosample	https://www.ncbi.nlm.nih.gov/biosample/SAMN40621363	Attributes/Attribute[@attribute_name='geo_loc_name']	SAMN40621363	Original geographic-location label retained; not an inference-region assignment.
Church2025:YPM-IZ-110845	longitude	-25.624447	biosample	https://www.ncbi.nlm.nih.gov/biosample/SAMN40621363	Attributes/Attribute[@attribute_name='lat_lon']	SAMN40621363	Hemisphere sign applied; no geographic correction inferred.
Church2025:YPM-IZ-110845	tissue	tentacle	biosample	https://www.ncbi.nlm.nih.gov/biosample/SAMN40621363	Attributes/Attribute[@attribute_name='tissue']	SAMN40621363	
Church2025:YPM-IZ-110846	biosample	SAMN40621364	biosample	https://www.ncbi.nlm.nih.gov/biosample/SAMN40621364	BioSample/@accession	SAMN40621364	
Church2025:YPM-IZ-110846	collection_date	2020-07-10	biosample	https://www.ncbi.nlm.nih.gov/biosample/SAMN40621364	Attributes/Attribute[@attribute_name='collection_date']	SAMN40621364	
Church2025:YPM-IZ-110846	country	Portugal	biosample	https://www.ncbi.nlm.nih.gov/biosample/SAMN40621364	Attributes/Attribute[@attribute_name='geo_loc_name']	SAMN40621364	Top-level geographic jurisdiction retained as submitted, including named territories.
Church2025:YPM-IZ-110846	lat_long_raw	38.523756 N 28.623767 W	biosample	https://www.ncbi.nlm.nih.gov/biosample/SAMN40621364	Attributes/Attribute[@attribute_name='lat_lon']	SAMN40621364	
Church2025:YPM-IZ-110846	latitude	38.523756	biosample	https://www.ncbi.nlm.nih.gov/biosample/SAMN40621364	Attributes/Attribute[@attribute_name='lat_lon']	SAMN40621364	Hemisphere sign applied; no geographic correction inferred.
Church2025:YPM-IZ-110846	locality	Portugal: Azores	biosample	https://www.ncbi.nlm.nih.gov/biosample/SAMN40621364	Attributes/Attribute[@attribute_name='geo_loc_name']	SAMN40621364	Original geographic-location label retained; not an inference-region assignment.
Church2025:YPM-IZ-110846	longitude	-28.623767	biosample	https://www.ncbi.nlm.nih.gov/biosample/SAMN40621364	Attributes/Attribute[@attribute_name='lat_lon']	SAMN40621364	Hemisphere sign applied; no geographic correction inferred.
Church2025:YPM-IZ-110846	tissue	tentacle	biosample	https://www.ncbi.nlm.nih.gov/biosample/SAMN40621364	Attributes/Attribute[@attribute_name='tissue']	SAMN40621364	
Church2025:YPM-IZ-110847	biosample	SAMN40621365	biosample	https://www.ncbi.nlm.nih.gov/biosample/SAMN40621365	BioSample/@accession	SAMN40621365	
Church2025:YPM-IZ-110847	collection_date	2020-07-15	biosample	https://www.ncbi.nlm.nih.gov/biosample/SAMN40621365	Attributes/Attribute[@attribute_name='collection_date']	SAMN40621365	
Church2025:YPM-IZ-110847	country	Portugal	biosample	https://www.ncbi.nlm.nih.gov/biosample/SAMN40621365	Attributes/Attribute[@attribute_name='geo_loc_name']	SAMN40621365	Top-level geographic jurisdiction retained as submitted, including named territories.
Church2025:YPM-IZ-110847	lat_long_raw	38.542865 N 28.618676 W	biosample	https://www.ncbi.nlm.nih.gov/biosample/SAMN40621365	Attributes/Attribute[@attribute_name='lat_lon']	SAMN40621365	
Church2025:YPM-IZ-110847	latitude	38.542865	biosample	https://www.ncbi.nlm.nih.gov/biosample/SAMN40621365	Attributes/Attribute[@attribute_name='lat_lon']	SAMN40621365	Hemisphere sign applied; no geographic correction inferred.
Church2025:YPM-IZ-110847	locality	Portugal: Azores	biosample	https://www.ncbi.nlm.nih.gov/biosample/SAMN40621365	Attributes/Attribute[@attribute_name='geo_loc_name']	SAMN40621365	Original geographic-location label retained; not an inference-region assignment.
Church2025:YPM-IZ-110847	longitude	-28.618676	biosample	https://www.ncbi.nlm.nih.gov/biosample/SAMN40621365	Attributes/Attribute[@attribute_name='lat_lon']	SAMN40621365	Hemisphere sign applied; no geographic correction inferred.
Church2025:YPM-IZ-110847	tissue	tentacle	biosample	https://www.ncbi.nlm.nih.gov/biosample/SAMN40621365	Attributes/Attribute[@attribute_name='tissue']	SAMN40621365	
Church2025:YPM-IZ-110876	biosample	SAMN40621366	biosample	https://www.ncbi.nlm.nih.gov/biosample/SAMN40621366	BioSample/@accession	SAMN40621366	
Church2025:YPM-IZ-110876	collection_date	2017-03-19	biosample	https://www.ncbi.nlm.nih.gov/biosample/SAMN40621366	Attributes/Attribute[@attribute_name='collection_date']	SAMN40621366	
Church2025:YPM-IZ-110876	country	USA	biosample	https://www.ncbi.nlm.nih.gov/biosample/SAMN40621366	Attributes/Attribute[@attribute_name='geo_loc_name']	SAMN40621366	Top-level geographic jurisdiction retained as submitted, including named territories.
Church2025:YPM-IZ-110876	lat_long_raw	29.260000 N 94.840000 W	biosample	https://www.ncbi.nlm.nih.gov/biosample/SAMN40621366	Attributes/Attribute[@attribute_name='lat_lon']	SAMN40621366	
Church2025:YPM-IZ-110876	latitude	29.26	biosample	https://www.ncbi.nlm.nih.gov/biosample/SAMN40621366	Attributes/Attribute[@attribute_name='lat_lon']	SAMN40621366	Hemisphere sign applied; no geographic correction inferred.
Church2025:YPM-IZ-110876	locality	USA: Texas	biosample	https://www.ncbi.nlm.nih.gov/biosample/SAMN40621366	Attributes/Attribute[@attribute_name='geo_loc_name']	SAMN40621366	Original geographic-location label retained; not an inference-region assignment.
Church2025:YPM-IZ-110876	longitude	-94.84	biosample	https://www.ncbi.nlm.nih.gov/biosample/SAMN40621366	Attributes/Attribute[@attribute_name='lat_lon']	SAMN40621366	Hemisphere sign applied; no geographic correction inferred.
Church2025:YPM-IZ-110876	tissue	tentacle	biosample	https://www.ncbi.nlm.nih.gov/biosample/SAMN40621366	Attributes/Attribute[@attribute_name='tissue']	SAMN40621366	
Church2025:YPM-IZ-110877	biosample	SAMN40621367	biosample	https://www.ncbi.nlm.nih.gov/biosample/SAMN40621367	BioSample/@accession	SAMN40621367	
Church2025:YPM-IZ-110877	collection_date	2007-06-06	biosample	https://www.ncbi.nlm.nih.gov/biosample/SAMN40621367	Attributes/Attribute[@attribute_name='collection_date']	SAMN40621367	
Church2025:YPM-IZ-110877	country	Mexico	biosample	https://www.ncbi.nlm.nih.gov/biosample/SAMN40621367	Attributes/Attribute[@attribute_name='geo_loc_name']	SAMN40621367	Top-level geographic jurisdiction retained as submitted, including named territories.
Church2025:YPM-IZ-110877	lat_long_raw	27.245000 N 111.500000 W	biosample	https://www.ncbi.nlm.nih.gov/biosample/SAMN40621367	Attributes/Attribute[@attribute_name='lat_lon']	SAMN40621367	
Church2025:YPM-IZ-110877	latitude	27.245	biosample	https://www.ncbi.nlm.nih.gov/biosample/SAMN40621367	Attributes/Attribute[@attribute_name='lat_lon']	SAMN40621367	Hemisphere sign applied; no geographic correction inferred.
Church2025:YPM-IZ-110877	locality	Mexico	biosample	https://www.ncbi.nlm.nih.gov/biosample/SAMN40621367	Attributes/Attribute[@attribute_name='geo_loc_name']	SAMN40621367	Original geographic-location label retained; not an inference-region assignment.
Church2025:YPM-IZ-110877	longitude	-111.5	biosample	https://www.ncbi.nlm.nih.gov/biosample/SAMN40621367	Attributes/Attribute[@attribute_name='lat_lon']	SAMN40621367	Hemisphere sign applied; no geographic correction inferred.
Church2025:YPM-IZ-110877	tissue	tentacle	biosample	https://www.ncbi.nlm.nih.gov/biosample/SAMN40621367	Attributes/Attribute[@attribute_name='tissue']	SAMN40621367	
Church2025:YPM-IZ-110878	biosample	SAMN40621368	biosample	https://www.ncbi.nlm.nih.gov/biosample/SAMN40621368	BioSample/@accession	SAMN40621368	
Church2025:YPM-IZ-110878	collection_date	2006-06-09	biosample	https://www.ncbi.nlm.nih.gov/biosample/SAMN40621368	Attributes/Attribute[@attribute_name='collection_date']	SAMN40621368	
Church2025:YPM-IZ-110878	country	Mexico	biosample	https://www.ncbi.nlm.nih.gov/biosample/SAMN40621368	Attributes/Attribute[@attribute_name='geo_loc_name']	SAMN40621368	Top-level geographic jurisdiction retained as submitted, including named territories.
Church2025:YPM-IZ-110878	lat_long_raw	27.326667 N 111.480000 W	biosample	https://www.ncbi.nlm.nih.gov/biosample/SAMN40621368	Attributes/Attribute[@attribute_name='lat_lon']	SAMN40621368	
Church2025:YPM-IZ-110878	latitude	27.326667	biosample	https://www.ncbi.nlm.nih.gov/biosample/SAMN40621368	Attributes/Attribute[@attribute_name='lat_lon']	SAMN40621368	Hemisphere sign applied; no geographic correction inferred.
Church2025:YPM-IZ-110878	locality	Mexico	biosample	https://www.ncbi.nlm.nih.gov/biosample/SAMN40621368	Attributes/Attribute[@attribute_name='geo_loc_name']	SAMN40621368	Original geographic-location label retained; not an inference-region assignment.
Church2025:YPM-IZ-110878	longitude	-111.48	biosample	https://www.ncbi.nlm.nih.gov/biosample/SAMN40621368	Attributes/Attribute[@attribute_name='lat_lon']	SAMN40621368	Hemisphere sign applied; no geographic correction inferred.
Church2025:YPM-IZ-110878	tissue	tentacle	biosample	https://www.ncbi.nlm.nih.gov/biosample/SAMN40621368	Attributes/Attribute[@attribute_name='tissue']	SAMN40621368	
Church2025:YPM-IZ-110880	biosample	SAMN40621369	biosample	https://www.ncbi.nlm.nih.gov/biosample/SAMN40621369	BioSample/@accession	SAMN40621369	
Church2025:YPM-IZ-110880	collection_date	2023-08-23	biosample	https://www.ncbi.nlm.nih.gov/biosample/SAMN40621369	Attributes/Attribute[@attribute_name='collection_date']	SAMN40621369	
Church2025:YPM-IZ-110880	country	USA	biosample	https://www.ncbi.nlm.nih.gov/biosample/SAMN40621369	Attributes/Attribute[@attribute_name='geo_loc_name']	SAMN40621369	Top-level geographic jurisdiction retained as submitted, including named territories.
Church2025:YPM-IZ-110880	lat_long_raw	41.149290 N 71.481140 W	biosample	https://www.ncbi.nlm.nih.gov/biosample/SAMN40621369	Attributes/Attribute[@attribute_name='lat_lon']	SAMN40621369	
Church2025:YPM-IZ-110880	latitude	41.14929	biosample	https://www.ncbi.nlm.nih.gov/biosample/SAMN40621369	Attributes/Attribute[@attribute_name='lat_lon']	SAMN40621369	Hemisphere sign applied; no geographic correction inferred.
Church2025:YPM-IZ-110880	locality	USA: Rhode Island	biosample	https://www.ncbi.nlm.nih.gov/biosample/SAMN40621369	Attributes/Attribute[@attribute_name='geo_loc_name']	SAMN40621369	Original geographic-location label retained; not an inference-region assignment.
Church2025:YPM-IZ-110880	longitude	-71.48114	biosample	https://www.ncbi.nlm.nih.gov/biosample/SAMN40621369	Attributes/Attribute[@attribute_name='lat_lon']	SAMN40621369	Hemisphere sign applied; no geographic correction inferred.
Church2025:YPM-IZ-110880	tissue	tentacle	biosample	https://www.ncbi.nlm.nih.gov/biosample/SAMN40621369	Attributes/Attribute[@attribute_name='tissue']	SAMN40621369	
Church2025:YPM-IZ-110881	biosample	SAMN40621370	biosample	https://www.ncbi.nlm.nih.gov/biosample/SAMN40621370	BioSample/@accession	SAMN40621370	
Church2025:YPM-IZ-110881	collection_date	2023-04-10	biosample	https://www.ncbi.nlm.nih.gov/biosample/SAMN40621370	Attributes/Attribute[@attribute_name='collection_date']	SAMN40621370	
Church2025:YPM-IZ-110881	country	USA	biosample	https://www.ncbi.nlm.nih.gov/biosample/SAMN40621370	Attributes/Attribute[@attribute_name='geo_loc_name']	SAMN40621370	Top-level geographic jurisdiction retained as submitted, including named territories.
Church2025:YPM-IZ-110881	lat_long_raw	19.666667 N 156.083333 W	biosample	https://www.ncbi.nlm.nih.gov/biosample/SAMN40621370	Attributes/Attribute[@attribute_name='lat_lon']	SAMN40621370	
Church2025:YPM-IZ-110881	latitude	19.666667	biosample	https://www.ncbi.nlm.nih.gov/biosample/SAMN40621370	Attributes/Attribute[@attribute_name='lat_lon']	SAMN40621370	Hemisphere sign applied; no geographic correction inferred.
Church2025:YPM-IZ-110881	life_stage	juvenile	biosample	https://www.ncbi.nlm.nih.gov/biosample/SAMN40621370	Attributes/Attribute[@attribute_name='dev_stage']	SAMN40621370	
Church2025:YPM-IZ-110881	locality	USA: Hawai'i	biosample	https://www.ncbi.nlm.nih.gov/biosample/SAMN40621370	Attributes/Attribute[@attribute_name='geo_loc_name']	SAMN40621370	Original geographic-location label retained; not an inference-region assignment.
Church2025:YPM-IZ-110881	longitude	-156.083333	biosample	https://www.ncbi.nlm.nih.gov/biosample/SAMN40621370	Attributes/Attribute[@attribute_name='lat_lon']	SAMN40621370	Hemisphere sign applied; no geographic correction inferred.
Church2025:YPM-IZ-110881	tissue	whole body	biosample	https://www.ncbi.nlm.nih.gov/biosample/SAMN40621370	Attributes/Attribute[@attribute_name='tissue']	SAMN40621370	
Church2025:YPM-IZ-110882	biosample	SAMN40621371	biosample	https://www.ncbi.nlm.nih.gov/biosample/SAMN40621371	BioSample/@accession	SAMN40621371	
Church2025:YPM-IZ-110882	collection_date	2023-04-10	biosample	https://www.ncbi.nlm.nih.gov/biosample/SAMN40621371	Attributes/Attribute[@attribute_name='collection_date']	SAMN40621371	
Church2025:YPM-IZ-110882	country	USA	biosample	https://www.ncbi.nlm.nih.gov/biosample/SAMN40621371	Attributes/Attribute[@attribute_name='geo_loc_name']	SAMN40621371	Top-level geographic jurisdiction retained as submitted, including named territories.
Church2025:YPM-IZ-110882	lat_long_raw	19.666667 N 156.083333 W	biosample	https://www.ncbi.nlm.nih.gov/biosample/SAMN40621371	Attributes/Attribute[@attribute_name='lat_lon']	SAMN40621371	
Church2025:YPM-IZ-110882	latitude	19.666667	biosample	https://www.ncbi.nlm.nih.gov/biosample/SAMN40621371	Attributes/Attribute[@attribute_name='lat_lon']	SAMN40621371	Hemisphere sign applied; no geographic correction inferred.
Church2025:YPM-IZ-110882	life_stage	juvenile	biosample	https://www.ncbi.nlm.nih.gov/biosample/SAMN40621371	Attributes/Attribute[@attribute_name='dev_stage']	SAMN40621371	
Church2025:YPM-IZ-110882	locality	USA: Hawai'i	biosample	https://www.ncbi.nlm.nih.gov/biosample/SAMN40621371	Attributes/Attribute[@attribute_name='geo_loc_name']	SAMN40621371	Original geographic-location label retained; not an inference-region assignment.
Church2025:YPM-IZ-110882	longitude	-156.083333	biosample	https://www.ncbi.nlm.nih.gov/biosample/SAMN40621371	Attributes/Attribute[@attribute_name='lat_lon']	SAMN40621371	Hemisphere sign applied; no geographic correction inferred.
Church2025:YPM-IZ-110882	tissue	whole body	biosample	https://www.ncbi.nlm.nih.gov/biosample/SAMN40621371	Attributes/Attribute[@attribute_name='tissue']	SAMN40621371	
Church2025:YPM-IZ-110883	biosample	SAMN40621372	biosample	https://www.ncbi.nlm.nih.gov/biosample/SAMN40621372	BioSample/@accession	SAMN40621372	
Church2025:YPM-IZ-110883	collection_date	2023-04-10	biosample	https://www.ncbi.nlm.nih.gov/biosample/SAMN40621372	Attributes/Attribute[@attribute_name='collection_date']	SAMN40621372	
Church2025:YPM-IZ-110883	country	USA	biosample	https://www.ncbi.nlm.nih.gov/biosample/SAMN40621372	Attributes/Attribute[@attribute_name='geo_loc_name']	SAMN40621372	Top-level geographic jurisdiction retained as submitted, including named territories.
Church2025:YPM-IZ-110883	lat_long_raw	19.666667 N 156.083333 W	biosample	https://www.ncbi.nlm.nih.gov/biosample/SAMN40621372	Attributes/Attribute[@attribute_name='lat_lon']	SAMN40621372	
Church2025:YPM-IZ-110883	latitude	19.666667	biosample	https://www.ncbi.nlm.nih.gov/biosample/SAMN40621372	Attributes/Attribute[@attribute_name='lat_lon']	SAMN40621372	Hemisphere sign applied; no geographic correction inferred.
Church2025:YPM-IZ-110883	life_stage	juvenile	biosample	https://www.ncbi.nlm.nih.gov/biosample/SAMN40621372	Attributes/Attribute[@attribute_name='dev_stage']	SAMN40621372	
Church2025:YPM-IZ-110883	locality	USA: Hawai'i	biosample	https://www.ncbi.nlm.nih.gov/biosample/SAMN40621372	Attributes/Attribute[@attribute_name='geo_loc_name']	SAMN40621372	Original geographic-location label retained; not an inference-region assignment.
Church2025:YPM-IZ-110883	longitude	-156.083333	biosample	https://www.ncbi.nlm.nih.gov/biosample/SAMN40621372	Attributes/Attribute[@attribute_name='lat_lon']	SAMN40621372	Hemisphere sign applied; no geographic correction inferred.
Church2025:YPM-IZ-110883	tissue	whole body	biosample	https://www.ncbi.nlm.nih.gov/biosample/SAMN40621372	Attributes/Attribute[@attribute_name='tissue']	SAMN40621372	
Church2025:YPM-IZ-110906	biosample	SAMN40621373	biosample	https://www.ncbi.nlm.nih.gov/biosample/SAMN40621373	BioSample/@accession	SAMN40621373	
Church2025:YPM-IZ-110906	collection_date	2023-08-23	biosample	https://www.ncbi.nlm.nih.gov/biosample/SAMN40621373	Attributes/Attribute[@attribute_name='collection_date']	SAMN40621373	
Church2025:YPM-IZ-110906	lat_long_raw	26.723056 N 164.766667 W	biosample	https://www.ncbi.nlm.nih.gov/biosample/SAMN40621373	Attributes/Attribute[@attribute_name='lat_lon']	SAMN40621373	
Church2025:YPM-IZ-110906	latitude	26.723056	biosample	https://www.ncbi.nlm.nih.gov/biosample/SAMN40621373	Attributes/Attribute[@attribute_name='lat_lon']	SAMN40621373	Hemisphere sign applied; no geographic correction inferred.
Church2025:YPM-IZ-110906	life_stage	juvenile	biosample	https://www.ncbi.nlm.nih.gov/biosample/SAMN40621373	Attributes/Attribute[@attribute_name='dev_stage']	SAMN40621373	
Church2025:YPM-IZ-110906	locality	Pacific Ocean	biosample	https://www.ncbi.nlm.nih.gov/biosample/SAMN40621373	Attributes/Attribute[@attribute_name='geo_loc_name']	SAMN40621373	Original geographic-location label retained; not an inference-region assignment.
Church2025:YPM-IZ-110906	longitude	-164.766667	biosample	https://www.ncbi.nlm.nih.gov/biosample/SAMN40621373	Attributes/Attribute[@attribute_name='lat_lon']	SAMN40621373	Hemisphere sign applied; no geographic correction inferred.
Church2025:YPM-IZ-110906	tissue	zooid	biosample	https://www.ncbi.nlm.nih.gov/biosample/SAMN40621373	Attributes/Attribute[@attribute_name='tissue']	SAMN40621373	
Church2025:YPM-IZ-110907	biosample	SAMN40621374	biosample	https://www.ncbi.nlm.nih.gov/biosample/SAMN40621374	BioSample/@accession	SAMN40621374	
Church2025:YPM-IZ-110907	collection_date	2023-08-22	biosample	https://www.ncbi.nlm.nih.gov/biosample/SAMN40621374	Attributes/Attribute[@attribute_name='collection_date']	SAMN40621374	
Church2025:YPM-IZ-110907	lat_long_raw	26.080000 N 176.470000 W	biosample	https://www.ncbi.nlm.nih.gov/biosample/SAMN40621374	Attributes/Attribute[@attribute_name='lat_lon']	SAMN40621374	
Church2025:YPM-IZ-110907	latitude	26.08	biosample	https://www.ncbi.nlm.nih.gov/biosample/SAMN40621374	Attributes/Attribute[@attribute_name='lat_lon']	SAMN40621374	Hemisphere sign applied; no geographic correction inferred.
Church2025:YPM-IZ-110907	life_stage	juvenile	biosample	https://www.ncbi.nlm.nih.gov/biosample/SAMN40621374	Attributes/Attribute[@attribute_name='dev_stage']	SAMN40621374	
Church2025:YPM-IZ-110907	locality	Pacific Ocean	biosample	https://www.ncbi.nlm.nih.gov/biosample/SAMN40621374	Attributes/Attribute[@attribute_name='geo_loc_name']	SAMN40621374	Original geographic-location label retained; not an inference-region assignment.
Church2025:YPM-IZ-110907	longitude	-176.47	biosample	https://www.ncbi.nlm.nih.gov/biosample/SAMN40621374	Attributes/Attribute[@attribute_name='lat_lon']	SAMN40621374	Hemisphere sign applied; no geographic correction inferred.
Church2025:YPM-IZ-110907	tissue	zooid	biosample	https://www.ncbi.nlm.nih.gov/biosample/SAMN40621374	Attributes/Attribute[@attribute_name='tissue']	SAMN40621374	
Church2025:YPM-IZ-110925	biosample	SAMN40621375	biosample	https://www.ncbi.nlm.nih.gov/biosample/SAMN40621375	BioSample/@accession	SAMN40621375	
Church2025:YPM-IZ-110925	collection_date	2023-02-04	biosample	https://www.ncbi.nlm.nih.gov/biosample/SAMN40621375	Attributes/Attribute[@attribute_name='collection_date']	SAMN40621375	
Church2025:YPM-IZ-110925	country	Japan	biosample	https://www.ncbi.nlm.nih.gov/biosample/SAMN40621375	Attributes/Attribute[@attribute_name='geo_loc_name']	SAMN40621375	Top-level geographic jurisdiction retained as submitted, including named territories.
Church2025:YPM-IZ-110925	lat_long_raw	28.404780 N 129.454826 E	biosample	https://www.ncbi.nlm.nih.gov/biosample/SAMN40621375	Attributes/Attribute[@attribute_name='lat_lon']	SAMN40621375	
Church2025:YPM-IZ-110925	latitude	28.40478	biosample	https://www.ncbi.nlm.nih.gov/biosample/SAMN40621375	Attributes/Attribute[@attribute_name='lat_lon']	SAMN40621375	Hemisphere sign applied; no geographic correction inferred.
Church2025:YPM-IZ-110925	locality	Japan	biosample	https://www.ncbi.nlm.nih.gov/biosample/SAMN40621375	Attributes/Attribute[@attribute_name='geo_loc_name']	SAMN40621375	Original geographic-location label retained; not an inference-region assignment.
Church2025:YPM-IZ-110925	longitude	129.454826	biosample	https://www.ncbi.nlm.nih.gov/biosample/SAMN40621375	Attributes/Attribute[@attribute_name='lat_lon']	SAMN40621375	Hemisphere sign applied; no geographic correction inferred.
Church2025:YPM-IZ-110925	tissue	tentacle	biosample	https://www.ncbi.nlm.nih.gov/biosample/SAMN40621375	Attributes/Attribute[@attribute_name='tissue']	SAMN40621375	
Church2025:YPM-IZ-110926	biosample	SAMN40621376	biosample	https://www.ncbi.nlm.nih.gov/biosample/SAMN40621376	BioSample/@accession	SAMN40621376	
Church2025:YPM-IZ-110926	collection_date	2023-04-10	biosample	https://www.ncbi.nlm.nih.gov/biosample/SAMN40621376	Attributes/Attribute[@attribute_name='collection_date']	SAMN40621376	
Church2025:YPM-IZ-110926	country	Japan	biosample	https://www.ncbi.nlm.nih.gov/biosample/SAMN40621376	Attributes/Attribute[@attribute_name='geo_loc_name']	SAMN40621376	Top-level geographic jurisdiction retained as submitted, including named territories.
Church2025:YPM-IZ-110926	lat_long_raw	35.309561 N 139.478820 E	biosample	https://www.ncbi.nlm.nih.gov/biosample/SAMN40621376	Attributes/Attribute[@attribute_name='lat_lon']	SAMN40621376	
Church2025:YPM-IZ-110926	latitude	35.309561	biosample	https://www.ncbi.nlm.nih.gov/biosample/SAMN40621376	Attributes/Attribute[@attribute_name='lat_lon']	SAMN40621376	Hemisphere sign applied; no geographic correction inferred.
Church2025:YPM-IZ-110926	locality	Japan	biosample	https://www.ncbi.nlm.nih.gov/biosample/SAMN40621376	Attributes/Attribute[@attribute_name='geo_loc_name']	SAMN40621376	Original geographic-location label retained; not an inference-region assignment.
Church2025:YPM-IZ-110926	longitude	139.47882	biosample	https://www.ncbi.nlm.nih.gov/biosample/SAMN40621376	Attributes/Attribute[@attribute_name='lat_lon']	SAMN40621376	Hemisphere sign applied; no geographic correction inferred.
Church2025:YPM-IZ-110926	tissue	tentacle	biosample	https://www.ncbi.nlm.nih.gov/biosample/SAMN40621376	Attributes/Attribute[@attribute_name='tissue']	SAMN40621376	
Church2025:YPM-IZ-110930	biosample	SAMN40621377	biosample	https://www.ncbi.nlm.nih.gov/biosample/SAMN40621377	BioSample/@accession	SAMN40621377	
Church2025:YPM-IZ-110930	collection_date	2023-04-30	biosample	https://www.ncbi.nlm.nih.gov/biosample/SAMN40621377	Attributes/Attribute[@attribute_name='collection_date']	SAMN40621377	
Church2025:YPM-IZ-110930	country	Japan	biosample	https://www.ncbi.nlm.nih.gov/biosample/SAMN40621377	Attributes/Attribute[@attribute_name='geo_loc_name']	SAMN40621377	Top-level geographic jurisdiction retained as submitted, including named territories.
Church2025:YPM-IZ-110930	lat_long_raw	35.309561 N 139.478820 E	biosample	https://www.ncbi.nlm.nih.gov/biosample/SAMN40621377	Attributes/Attribute[@attribute_name='lat_lon']	SAMN40621377	
Church2025:YPM-IZ-110930	latitude	35.309561	biosample	https://www.ncbi.nlm.nih.gov/biosample/SAMN40621377	Attributes/Attribute[@attribute_name='lat_lon']	SAMN40621377	Hemisphere sign applied; no geographic correction inferred.
Church2025:YPM-IZ-110930	locality	Japan	biosample	https://www.ncbi.nlm.nih.gov/biosample/SAMN40621377	Attributes/Attribute[@attribute_name='geo_loc_name']	SAMN40621377	Original geographic-location label retained; not an inference-region assignment.
Church2025:YPM-IZ-110930	longitude	139.47882	biosample	https://www.ncbi.nlm.nih.gov/biosample/SAMN40621377	Attributes/Attribute[@attribute_name='lat_lon']	SAMN40621377	Hemisphere sign applied; no geographic correction inferred.
Church2025:YPM-IZ-110930	tissue	tentacle	biosample	https://www.ncbi.nlm.nih.gov/biosample/SAMN40621377	Attributes/Attribute[@attribute_name='tissue']	SAMN40621377	
Church2025:YPM-IZ-110931	biosample	SAMN40621378	biosample	https://www.ncbi.nlm.nih.gov/biosample/SAMN40621378	BioSample/@accession	SAMN40621378	
Church2025:YPM-IZ-110931	collection_date	2023-05-19	biosample	https://www.ncbi.nlm.nih.gov/biosample/SAMN40621378	Attributes/Attribute[@attribute_name='collection_date']	SAMN40621378	
Church2025:YPM-IZ-110931	country	Japan	biosample	https://www.ncbi.nlm.nih.gov/biosample/SAMN40621378	Attributes/Attribute[@attribute_name='geo_loc_name']	SAMN40621378	Top-level geographic jurisdiction retained as submitted, including named territories.
Church2025:YPM-IZ-110931	lat_long_raw	35.309561 N 139.478820 E	biosample	https://www.ncbi.nlm.nih.gov/biosample/SAMN40621378	Attributes/Attribute[@attribute_name='lat_lon']	SAMN40621378	
Church2025:YPM-IZ-110931	latitude	35.309561	biosample	https://www.ncbi.nlm.nih.gov/biosample/SAMN40621378	Attributes/Attribute[@attribute_name='lat_lon']	SAMN40621378	Hemisphere sign applied; no geographic correction inferred.
Church2025:YPM-IZ-110931	locality	Japan	biosample	https://www.ncbi.nlm.nih.gov/biosample/SAMN40621378	Attributes/Attribute[@attribute_name='geo_loc_name']	SAMN40621378	Original geographic-location label retained; not an inference-region assignment.
Church2025:YPM-IZ-110931	longitude	139.47882	biosample	https://www.ncbi.nlm.nih.gov/biosample/SAMN40621378	Attributes/Attribute[@attribute_name='lat_lon']	SAMN40621378	Hemisphere sign applied; no geographic correction inferred.
Church2025:YPM-IZ-110931	tissue	tentacle	biosample	https://www.ncbi.nlm.nih.gov/biosample/SAMN40621378	Attributes/Attribute[@attribute_name='tissue']	SAMN40621378	
Church2025:YPM-IZ-110933	biosample	SAMN40621379	biosample	https://www.ncbi.nlm.nih.gov/biosample/SAMN40621379	BioSample/@accession	SAMN40621379	
Church2025:YPM-IZ-110933	collection_date	2023-07-20	biosample	https://www.ncbi.nlm.nih.gov/biosample/SAMN40621379	Attributes/Attribute[@attribute_name='collection_date']	SAMN40621379	
Church2025:YPM-IZ-110933	country	Japan	biosample	https://www.ncbi.nlm.nih.gov/biosample/SAMN40621379	Attributes/Attribute[@attribute_name='geo_loc_name']	SAMN40621379	Top-level geographic jurisdiction retained as submitted, including named territories.
Church2025:YPM-IZ-110933	lat_long_raw	35.309701 N 139.478831 E	biosample	https://www.ncbi.nlm.nih.gov/biosample/SAMN40621379	Attributes/Attribute[@attribute_name='lat_lon']	SAMN40621379	
Church2025:YPM-IZ-110933	latitude	35.309701	biosample	https://www.ncbi.nlm.nih.gov/biosample/SAMN40621379	Attributes/Attribute[@attribute_name='lat_lon']	SAMN40621379	Hemisphere sign applied; no geographic correction inferred.
Church2025:YPM-IZ-110933	locality	Japan	biosample	https://www.ncbi.nlm.nih.gov/biosample/SAMN40621379	Attributes/Attribute[@attribute_name='geo_loc_name']	SAMN40621379	Original geographic-location label retained; not an inference-region assignment.
Church2025:YPM-IZ-110933	longitude	139.478831	biosample	https://www.ncbi.nlm.nih.gov/biosample/SAMN40621379	Attributes/Attribute[@attribute_name='lat_lon']	SAMN40621379	Hemisphere sign applied; no geographic correction inferred.
Church2025:YPM-IZ-110933	tissue	tentacle	biosample	https://www.ncbi.nlm.nih.gov/biosample/SAMN40621379	Attributes/Attribute[@attribute_name='tissue']	SAMN40621379	
Church2025:YPM-IZ-110937	biosample	SAMN40621380	biosample	https://www.ncbi.nlm.nih.gov/biosample/SAMN40621380	BioSample/@accession	SAMN40621380	
Church2025:YPM-IZ-110937	collection_date	2023-07-21	biosample	https://www.ncbi.nlm.nih.gov/biosample/SAMN40621380	Attributes/Attribute[@attribute_name='collection_date']	SAMN40621380	
Church2025:YPM-IZ-110937	country	Japan	biosample	https://www.ncbi.nlm.nih.gov/biosample/SAMN40621380	Attributes/Attribute[@attribute_name='geo_loc_name']	SAMN40621380	Top-level geographic jurisdiction retained as submitted, including named territories.
Church2025:YPM-IZ-110937	lat_long_raw	35.309561 N 139.478820 E	biosample	https://www.ncbi.nlm.nih.gov/biosample/SAMN40621380	Attributes/Attribute[@attribute_name='lat_lon']	SAMN40621380	
Church2025:YPM-IZ-110937	latitude	35.309561	biosample	https://www.ncbi.nlm.nih.gov/biosample/SAMN40621380	Attributes/Attribute[@attribute_name='lat_lon']	SAMN40621380	Hemisphere sign applied; no geographic correction inferred.
Church2025:YPM-IZ-110937	locality	Japan	biosample	https://www.ncbi.nlm.nih.gov/biosample/SAMN40621380	Attributes/Attribute[@attribute_name='geo_loc_name']	SAMN40621380	Original geographic-location label retained; not an inference-region assignment.
Church2025:YPM-IZ-110937	longitude	139.47882	biosample	https://www.ncbi.nlm.nih.gov/biosample/SAMN40621380	Attributes/Attribute[@attribute_name='lat_lon']	SAMN40621380	Hemisphere sign applied; no geographic correction inferred.
Church2025:YPM-IZ-110937	tissue	tentacle	biosample	https://www.ncbi.nlm.nih.gov/biosample/SAMN40621380	Attributes/Attribute[@attribute_name='tissue']	SAMN40621380	
Church2025:YPM-IZ-110938	biosample	SAMN40621381	biosample	https://www.ncbi.nlm.nih.gov/biosample/SAMN40621381	BioSample/@accession	SAMN40621381	
Church2025:YPM-IZ-110938	collection_date	2023-09-22	biosample	https://www.ncbi.nlm.nih.gov/biosample/SAMN40621381	Attributes/Attribute[@attribute_name='collection_date']	SAMN40621381	
Church2025:YPM-IZ-110938	country	Japan	biosample	https://www.ncbi.nlm.nih.gov/biosample/SAMN40621381	Attributes/Attribute[@attribute_name='geo_loc_name']	SAMN40621381	Top-level geographic jurisdiction retained as submitted, including named territories.
Church2025:YPM-IZ-110938	lat_long_raw	35.309701 N 139.478831 E	biosample	https://www.ncbi.nlm.nih.gov/biosample/SAMN40621381	Attributes/Attribute[@attribute_name='lat_lon']	SAMN40621381	
Church2025:YPM-IZ-110938	latitude	35.309701	biosample	https://www.ncbi.nlm.nih.gov/biosample/SAMN40621381	Attributes/Attribute[@attribute_name='lat_lon']	SAMN40621381	Hemisphere sign applied; no geographic correction inferred.
Church2025:YPM-IZ-110938	locality	Japan	biosample	https://www.ncbi.nlm.nih.gov/biosample/SAMN40621381	Attributes/Attribute[@attribute_name='geo_loc_name']	SAMN40621381	Original geographic-location label retained; not an inference-region assignment.
Church2025:YPM-IZ-110938	longitude	139.478831	biosample	https://www.ncbi.nlm.nih.gov/biosample/SAMN40621381	Attributes/Attribute[@attribute_name='lat_lon']	SAMN40621381	Hemisphere sign applied; no geographic correction inferred.
Church2025:YPM-IZ-110938	tissue	tentacle	biosample	https://www.ncbi.nlm.nih.gov/biosample/SAMN40621381	Attributes/Attribute[@attribute_name='tissue']	SAMN40621381	
Church2025:YPM-IZ-110943	biosample	SAMN40621382	biosample	https://www.ncbi.nlm.nih.gov/biosample/SAMN40621382	BioSample/@accession	SAMN40621382	
Church2025:YPM-IZ-110943	collection_date	2023-05-19	biosample	https://www.ncbi.nlm.nih.gov/biosample/SAMN40621382	Attributes/Attribute[@attribute_name='collection_date']	SAMN40621382	
Church2025:YPM-IZ-110943	country	Japan	biosample	https://www.ncbi.nlm.nih.gov/biosample/SAMN40621382	Attributes/Attribute[@attribute_name='geo_loc_name']	SAMN40621382	Top-level geographic jurisdiction retained as submitted, including named territories.
Church2025:YPM-IZ-110943	lat_long_raw	35.134935 N 140.284606 E	biosample	https://www.ncbi.nlm.nih.gov/biosample/SAMN40621382	Attributes/Attribute[@attribute_name='lat_lon']	SAMN40621382	
Church2025:YPM-IZ-110943	latitude	35.134935	biosample	https://www.ncbi.nlm.nih.gov/biosample/SAMN40621382	Attributes/Attribute[@attribute_name='lat_lon']	SAMN40621382	Hemisphere sign applied; no geographic correction inferred.
Church2025:YPM-IZ-110943	locality	Japan	biosample	https://www.ncbi.nlm.nih.gov/biosample/SAMN40621382	Attributes/Attribute[@attribute_name='geo_loc_name']	SAMN40621382	Original geographic-location label retained; not an inference-region assignment.
Church2025:YPM-IZ-110943	longitude	140.284606	biosample	https://www.ncbi.nlm.nih.gov/biosample/SAMN40621382	Attributes/Attribute[@attribute_name='lat_lon']	SAMN40621382	Hemisphere sign applied; no geographic correction inferred.
Church2025:YPM-IZ-110943	tissue	tentacle	biosample	https://www.ncbi.nlm.nih.gov/biosample/SAMN40621382	Attributes/Attribute[@attribute_name='tissue']	SAMN40621382	
Church2025:YPM-IZ-110972	biosample	SAMN40621383	biosample	https://www.ncbi.nlm.nih.gov/biosample/SAMN40621383	BioSample/@accession	SAMN40621383	
Church2025:YPM-IZ-110972	collection_date	2023-10-08	biosample	https://www.ncbi.nlm.nih.gov/biosample/SAMN40621383	Attributes/Attribute[@attribute_name='collection_date']	SAMN40621383	
Church2025:YPM-IZ-110972	country	Ireland	biosample	https://www.ncbi.nlm.nih.gov/biosample/SAMN40621383	Attributes/Attribute[@attribute_name='geo_loc_name']	SAMN40621383	Top-level geographic jurisdiction retained as submitted, including named territories.
Church2025:YPM-IZ-110972	lat_long_raw	51.83707 N 10.19556 W	biosample	https://www.ncbi.nlm.nih.gov/biosample/SAMN40621383	Attributes/Attribute[@attribute_name='lat_lon']	SAMN40621383	
Church2025:YPM-IZ-110972	latitude	51.83707	biosample	https://www.ncbi.nlm.nih.gov/biosample/SAMN40621383	Attributes/Attribute[@attribute_name='lat_lon']	SAMN40621383	Hemisphere sign applied; no geographic correction inferred.
Church2025:YPM-IZ-110972	locality	Ireland	biosample	https://www.ncbi.nlm.nih.gov/biosample/SAMN40621383	Attributes/Attribute[@attribute_name='geo_loc_name']	SAMN40621383	Original geographic-location label retained; not an inference-region assignment.
Church2025:YPM-IZ-110972	longitude	-10.19556	biosample	https://www.ncbi.nlm.nih.gov/biosample/SAMN40621383	Attributes/Attribute[@attribute_name='lat_lon']	SAMN40621383	Hemisphere sign applied; no geographic correction inferred.
Church2025:YPM-IZ-110972	tissue	tentacle	biosample	https://www.ncbi.nlm.nih.gov/biosample/SAMN40621383	Attributes/Attribute[@attribute_name='tissue']	SAMN40621383	
Church2025:YPM-IZ-111006	biosample	SAMN40621384	biosample	https://www.ncbi.nlm.nih.gov/biosample/SAMN40621384	BioSample/@accession	SAMN40621384	
Church2025:YPM-IZ-111006	collection_date	2023-08-08	biosample	https://www.ncbi.nlm.nih.gov/biosample/SAMN40621384	Attributes/Attribute[@attribute_name='collection_date']	SAMN40621384	
Church2025:YPM-IZ-111006	country	South Africa	biosample	https://www.ncbi.nlm.nih.gov/biosample/SAMN40621384	Attributes/Attribute[@attribute_name='geo_loc_name']	SAMN40621384	Top-level geographic jurisdiction retained as submitted, including named territories.
Church2025:YPM-IZ-111006	lat_long_raw	27.539919 S 32.678650 E	biosample	https://www.ncbi.nlm.nih.gov/biosample/SAMN40621384	Attributes/Attribute[@attribute_name='lat_lon']	SAMN40621384	
Church2025:YPM-IZ-111006	latitude	-27.539919	biosample	https://www.ncbi.nlm.nih.gov/biosample/SAMN40621384	Attributes/Attribute[@attribute_name='lat_lon']	SAMN40621384	Hemisphere sign applied; no geographic correction inferred.
Church2025:YPM-IZ-111006	locality	South Africa	biosample	https://www.ncbi.nlm.nih.gov/biosample/SAMN40621384	Attributes/Attribute[@attribute_name='geo_loc_name']	SAMN40621384	Original geographic-location label retained; not an inference-region assignment.
Church2025:YPM-IZ-111006	longitude	32.67865	biosample	https://www.ncbi.nlm.nih.gov/biosample/SAMN40621384	Attributes/Attribute[@attribute_name='lat_lon']	SAMN40621384	Hemisphere sign applied; no geographic correction inferred.
Church2025:YPM-IZ-111006	tissue	tentacle	biosample	https://www.ncbi.nlm.nih.gov/biosample/SAMN40621384	Attributes/Attribute[@attribute_name='tissue']	SAMN40621384	
Church2025:YPM-IZ-111007	biosample	SAMN40621385	biosample	https://www.ncbi.nlm.nih.gov/biosample/SAMN40621385	BioSample/@accession	SAMN40621385	
Church2025:YPM-IZ-111007	collection_date	2023-08-08	biosample	https://www.ncbi.nlm.nih.gov/biosample/SAMN40621385	Attributes/Attribute[@attribute_name='collection_date']	SAMN40621385	
Church2025:YPM-IZ-111007	country	South Africa	biosample	https://www.ncbi.nlm.nih.gov/biosample/SAMN40621385	Attributes/Attribute[@attribute_name='geo_loc_name']	SAMN40621385	Top-level geographic jurisdiction retained as submitted, including named territories.
Church2025:YPM-IZ-111007	lat_long_raw	27.539919 S 32.678650 E	biosample	https://www.ncbi.nlm.nih.gov/biosample/SAMN40621385	Attributes/Attribute[@attribute_name='lat_lon']	SAMN40621385	
Church2025:YPM-IZ-111007	latitude	-27.539919	biosample	https://www.ncbi.nlm.nih.gov/biosample/SAMN40621385	Attributes/Attribute[@attribute_name='lat_lon']	SAMN40621385	Hemisphere sign applied; no geographic correction inferred.
Church2025:YPM-IZ-111007	locality	South Africa	biosample	https://www.ncbi.nlm.nih.gov/biosample/SAMN40621385	Attributes/Attribute[@attribute_name='geo_loc_name']	SAMN40621385	Original geographic-location label retained; not an inference-region assignment.
Church2025:YPM-IZ-111007	longitude	32.67865	biosample	https://www.ncbi.nlm.nih.gov/biosample/SAMN40621385	Attributes/Attribute[@attribute_name='lat_lon']	SAMN40621385	Hemisphere sign applied; no geographic correction inferred.
Church2025:YPM-IZ-111007	tissue	tentacle	biosample	https://www.ncbi.nlm.nih.gov/biosample/SAMN40621385	Attributes/Attribute[@attribute_name='tissue']	SAMN40621385	
Church2025:YPM-IZ-111008	biosample	SAMN40621386	biosample	https://www.ncbi.nlm.nih.gov/biosample/SAMN40621386	BioSample/@accession	SAMN40621386	
Church2025:YPM-IZ-111008	collection_date	2023-08-08	biosample	https://www.ncbi.nlm.nih.gov/biosample/SAMN40621386	Attributes/Attribute[@attribute_name='collection_date']	SAMN40621386	
Church2025:YPM-IZ-111008	country	South Africa	biosample	https://www.ncbi.nlm.nih.gov/biosample/SAMN40621386	Attributes/Attribute[@attribute_name='geo_loc_name']	SAMN40621386	Top-level geographic jurisdiction retained as submitted, including named territories.
Church2025:YPM-IZ-111008	lat_long_raw	27.539919 S 32.678650 E	biosample	https://www.ncbi.nlm.nih.gov/biosample/SAMN40621386	Attributes/Attribute[@attribute_name='lat_lon']	SAMN40621386	
Church2025:YPM-IZ-111008	latitude	-27.539919	biosample	https://www.ncbi.nlm.nih.gov/biosample/SAMN40621386	Attributes/Attribute[@attribute_name='lat_lon']	SAMN40621386	Hemisphere sign applied; no geographic correction inferred.
Church2025:YPM-IZ-111008	locality	South Africa	biosample	https://www.ncbi.nlm.nih.gov/biosample/SAMN40621386	Attributes/Attribute[@attribute_name='geo_loc_name']	SAMN40621386	Original geographic-location label retained; not an inference-region assignment.
Church2025:YPM-IZ-111008	longitude	32.67865	biosample	https://www.ncbi.nlm.nih.gov/biosample/SAMN40621386	Attributes/Attribute[@attribute_name='lat_lon']	SAMN40621386	Hemisphere sign applied; no geographic correction inferred.
Church2025:YPM-IZ-111008	tissue	tentacle	biosample	https://www.ncbi.nlm.nih.gov/biosample/SAMN40621386	Attributes/Attribute[@attribute_name='tissue']	SAMN40621386	
Church2025:YPM-IZ-111009	biosample	SAMN40621387	biosample	https://www.ncbi.nlm.nih.gov/biosample/SAMN40621387	BioSample/@accession	SAMN40621387	
Church2025:YPM-IZ-111009	collection_date	2023-08-08	biosample	https://www.ncbi.nlm.nih.gov/biosample/SAMN40621387	Attributes/Attribute[@attribute_name='collection_date']	SAMN40621387	
Church2025:YPM-IZ-111009	country	South Africa	biosample	https://www.ncbi.nlm.nih.gov/biosample/SAMN40621387	Attributes/Attribute[@attribute_name='geo_loc_name']	SAMN40621387	Top-level geographic jurisdiction retained as submitted, including named territories.
Church2025:YPM-IZ-111009	lat_long_raw	27.539919 S 32.678650 E	biosample	https://www.ncbi.nlm.nih.gov/biosample/SAMN40621387	Attributes/Attribute[@attribute_name='lat_lon']	SAMN40621387	
Church2025:YPM-IZ-111009	latitude	-27.539919	biosample	https://www.ncbi.nlm.nih.gov/biosample/SAMN40621387	Attributes/Attribute[@attribute_name='lat_lon']	SAMN40621387	Hemisphere sign applied; no geographic correction inferred.
Church2025:YPM-IZ-111009	locality	South Africa	biosample	https://www.ncbi.nlm.nih.gov/biosample/SAMN40621387	Attributes/Attribute[@attribute_name='geo_loc_name']	SAMN40621387	Original geographic-location label retained; not an inference-region assignment.
Church2025:YPM-IZ-111009	longitude	32.67865	biosample	https://www.ncbi.nlm.nih.gov/biosample/SAMN40621387	Attributes/Attribute[@attribute_name='lat_lon']	SAMN40621387	Hemisphere sign applied; no geographic correction inferred.
Church2025:YPM-IZ-111009	tissue	tentacle	biosample	https://www.ncbi.nlm.nih.gov/biosample/SAMN40621387	Attributes/Attribute[@attribute_name='tissue']	SAMN40621387	
Church2025:YPM-IZ-111010	biosample	SAMN40621388	biosample	https://www.ncbi.nlm.nih.gov/biosample/SAMN40621388	BioSample/@accession	SAMN40621388	
Church2025:YPM-IZ-111010	collection_date	2023-08-08	biosample	https://www.ncbi.nlm.nih.gov/biosample/SAMN40621388	Attributes/Attribute[@attribute_name='collection_date']	SAMN40621388	
Church2025:YPM-IZ-111010	country	South Africa	biosample	https://www.ncbi.nlm.nih.gov/biosample/SAMN40621388	Attributes/Attribute[@attribute_name='geo_loc_name']	SAMN40621388	Top-level geographic jurisdiction retained as submitted, including named territories.
Church2025:YPM-IZ-111010	lat_long_raw	27.539919 S 32.678650 E	biosample	https://www.ncbi.nlm.nih.gov/biosample/SAMN40621388	Attributes/Attribute[@attribute_name='lat_lon']	SAMN40621388	
Church2025:YPM-IZ-111010	latitude	-27.539919	biosample	https://www.ncbi.nlm.nih.gov/biosample/SAMN40621388	Attributes/Attribute[@attribute_name='lat_lon']	SAMN40621388	Hemisphere sign applied; no geographic correction inferred.
Church2025:YPM-IZ-111010	locality	South Africa	biosample	https://www.ncbi.nlm.nih.gov/biosample/SAMN40621388	Attributes/Attribute[@attribute_name='geo_loc_name']	SAMN40621388	Original geographic-location label retained; not an inference-region assignment.
Church2025:YPM-IZ-111010	longitude	32.67865	biosample	https://www.ncbi.nlm.nih.gov/biosample/SAMN40621388	Attributes/Attribute[@attribute_name='lat_lon']	SAMN40621388	Hemisphere sign applied; no geographic correction inferred.
Church2025:YPM-IZ-111010	tissue	tentacle	biosample	https://www.ncbi.nlm.nih.gov/biosample/SAMN40621388	Attributes/Attribute[@attribute_name='tissue']	SAMN40621388	
Church2025:YPM-IZ-111012	biosample	SAMN40621389	biosample	https://www.ncbi.nlm.nih.gov/biosample/SAMN40621389	BioSample/@accession	SAMN40621389	
Church2025:YPM-IZ-111012	collection_date	2022-03-08	biosample	https://www.ncbi.nlm.nih.gov/biosample/SAMN40621389	Attributes/Attribute[@attribute_name='collection_date']	SAMN40621389	
Church2025:YPM-IZ-111012	country	Bermuda	biosample	https://www.ncbi.nlm.nih.gov/biosample/SAMN40621389	Attributes/Attribute[@attribute_name='geo_loc_name']	SAMN40621389	Top-level geographic jurisdiction retained as submitted, including named territories.
Church2025:YPM-IZ-111012	locality	Bermuda	biosample	https://www.ncbi.nlm.nih.gov/biosample/SAMN40621389	Attributes/Attribute[@attribute_name='geo_loc_name']	SAMN40621389	Original geographic-location label retained; not an inference-region assignment.
Church2025:YPM-IZ-111012	tissue	tentacle	biosample	https://www.ncbi.nlm.nih.gov/biosample/SAMN40621389	Attributes/Attribute[@attribute_name='tissue']	SAMN40621389	
Church2025:YPM-IZ-111013	biosample	SAMN40621390	biosample	https://www.ncbi.nlm.nih.gov/biosample/SAMN40621390	BioSample/@accession	SAMN40621390	
Church2025:YPM-IZ-111013	collection_date	2022-03-08	biosample	https://www.ncbi.nlm.nih.gov/biosample/SAMN40621390	Attributes/Attribute[@attribute_name='collection_date']	SAMN40621390	
Church2025:YPM-IZ-111013	country	Bermuda	biosample	https://www.ncbi.nlm.nih.gov/biosample/SAMN40621390	Attributes/Attribute[@attribute_name='geo_loc_name']	SAMN40621390	Top-level geographic jurisdiction retained as submitted, including named territories.
Church2025:YPM-IZ-111013	locality	Bermuda	biosample	https://www.ncbi.nlm.nih.gov/biosample/SAMN40621390	Attributes/Attribute[@attribute_name='geo_loc_name']	SAMN40621390	Original geographic-location label retained; not an inference-region assignment.
Church2025:YPM-IZ-111013	tissue	tentacle	biosample	https://www.ncbi.nlm.nih.gov/biosample/SAMN40621390	Attributes/Attribute[@attribute_name='tissue']	SAMN40621390	
Church2025:YPM-IZ-111014	biosample	SAMN40621391	biosample	https://www.ncbi.nlm.nih.gov/biosample/SAMN40621391	BioSample/@accession	SAMN40621391	
Church2025:YPM-IZ-111014	collection_date	2022-03-09	biosample	https://www.ncbi.nlm.nih.gov/biosample/SAMN40621391	Attributes/Attribute[@attribute_name='collection_date']	SAMN40621391	
Church2025:YPM-IZ-111014	country	Bermuda	biosample	https://www.ncbi.nlm.nih.gov/biosample/SAMN40621391	Attributes/Attribute[@attribute_name='geo_loc_name']	SAMN40621391	Top-level geographic jurisdiction retained as submitted, including named territories.
Church2025:YPM-IZ-111014	locality	Bermuda	biosample	https://www.ncbi.nlm.nih.gov/biosample/SAMN40621391	Attributes/Attribute[@attribute_name='geo_loc_name']	SAMN40621391	Original geographic-location label retained; not an inference-region assignment.
Church2025:YPM-IZ-111014	tissue	tentacle	biosample	https://www.ncbi.nlm.nih.gov/biosample/SAMN40621391	Attributes/Attribute[@attribute_name='tissue']	SAMN40621391	
Church2025:YPM-IZ-111016	biosample	SAMN40621392	biosample	https://www.ncbi.nlm.nih.gov/biosample/SAMN40621392	BioSample/@accession	SAMN40621392	
Church2025:YPM-IZ-111016	collection_date	2022-03-09	biosample	https://www.ncbi.nlm.nih.gov/biosample/SAMN40621392	Attributes/Attribute[@attribute_name='collection_date']	SAMN40621392	
Church2025:YPM-IZ-111016	country	Bermuda	biosample	https://www.ncbi.nlm.nih.gov/biosample/SAMN40621392	Attributes/Attribute[@attribute_name='geo_loc_name']	SAMN40621392	Top-level geographic jurisdiction retained as submitted, including named territories.
Church2025:YPM-IZ-111016	locality	Bermuda	biosample	https://www.ncbi.nlm.nih.gov/biosample/SAMN40621392	Attributes/Attribute[@attribute_name='geo_loc_name']	SAMN40621392	Original geographic-location label retained; not an inference-region assignment.
Church2025:YPM-IZ-111016	tissue	tentacle	biosample	https://www.ncbi.nlm.nih.gov/biosample/SAMN40621392	Attributes/Attribute[@attribute_name='tissue']	SAMN40621392	
Church2025:YPM-IZ-111017	biosample	SAMN40621393	biosample	https://www.ncbi.nlm.nih.gov/biosample/SAMN40621393	BioSample/@accession	SAMN40621393	
Church2025:YPM-IZ-111017	collection_date	2022-03-09	biosample	https://www.ncbi.nlm.nih.gov/biosample/SAMN40621393	Attributes/Attribute[@attribute_name='collection_date']	SAMN40621393	
Church2025:YPM-IZ-111017	country	Bermuda	biosample	https://www.ncbi.nlm.nih.gov/biosample/SAMN40621393	Attributes/Attribute[@attribute_name='geo_loc_name']	SAMN40621393	Top-level geographic jurisdiction retained as submitted, including named territories.
Church2025:YPM-IZ-111017	locality	Bermuda	biosample	https://www.ncbi.nlm.nih.gov/biosample/SAMN40621393	Attributes/Attribute[@attribute_name='geo_loc_name']	SAMN40621393	Original geographic-location label retained; not an inference-region assignment.
Church2025:YPM-IZ-111017	tissue	tentacle	biosample	https://www.ncbi.nlm.nih.gov/biosample/SAMN40621393	Attributes/Attribute[@attribute_name='tissue']	SAMN40621393	
Church2025:YPM-IZ-111018	biosample	SAMN40621394	biosample	https://www.ncbi.nlm.nih.gov/biosample/SAMN40621394	BioSample/@accession	SAMN40621394	
Church2025:YPM-IZ-111018	collection_date	2022-03-09	biosample	https://www.ncbi.nlm.nih.gov/biosample/SAMN40621394	Attributes/Attribute[@attribute_name='collection_date']	SAMN40621394	
Church2025:YPM-IZ-111018	country	Bermuda	biosample	https://www.ncbi.nlm.nih.gov/biosample/SAMN40621394	Attributes/Attribute[@attribute_name='geo_loc_name']	SAMN40621394	Top-level geographic jurisdiction retained as submitted, including named territories.
Church2025:YPM-IZ-111018	locality	Bermuda	biosample	https://www.ncbi.nlm.nih.gov/biosample/SAMN40621394	Attributes/Attribute[@attribute_name='geo_loc_name']	SAMN40621394	Original geographic-location label retained; not an inference-region assignment.
Church2025:YPM-IZ-111018	tissue	tentacle	biosample	https://www.ncbi.nlm.nih.gov/biosample/SAMN40621394	Attributes/Attribute[@attribute_name='tissue']	SAMN40621394	
Church2025:YPM-IZ-111156	biosample	SAMN41900818	biosample	https://www.ncbi.nlm.nih.gov/biosample/SAMN41900818	BioSample/@accession	SAMN41900818	
Church2025:YPM-IZ-111156	collection_date	2023-10-16	biosample	https://www.ncbi.nlm.nih.gov/biosample/SAMN41900818	Attributes/Attribute[@attribute_name='collection_date']	SAMN41900818	
Church2025:YPM-IZ-111156	lat_long_raw	35.747000 S 154.330000 E	biosample	https://www.ncbi.nlm.nih.gov/biosample/SAMN41900818	Attributes/Attribute[@attribute_name='lat_lon']	SAMN41900818	
Church2025:YPM-IZ-111156	latitude	-35.747	biosample	https://www.ncbi.nlm.nih.gov/biosample/SAMN41900818	Attributes/Attribute[@attribute_name='lat_lon']	SAMN41900818	Hemisphere sign applied; no geographic correction inferred.
Church2025:YPM-IZ-111156	locality	Tasman Sea	biosample	https://www.ncbi.nlm.nih.gov/biosample/SAMN41900818	Attributes/Attribute[@attribute_name='geo_loc_name']	SAMN41900818	Original geographic-location label retained; not an inference-region assignment.
Church2025:YPM-IZ-111156	longitude	154.33	biosample	https://www.ncbi.nlm.nih.gov/biosample/SAMN41900818	Attributes/Attribute[@attribute_name='lat_lon']	SAMN41900818	Hemisphere sign applied; no geographic correction inferred.
Church2025:YPM-IZ-111156	tissue	tentacle	biosample	https://www.ncbi.nlm.nih.gov/biosample/SAMN41900818	Attributes/Attribute[@attribute_name='tissue']	SAMN41900818	
Church2025:YPM-IZ-111157	biosample	SAMN41900819	biosample	https://www.ncbi.nlm.nih.gov/biosample/SAMN41900819	BioSample/@accession	SAMN41900819	
Church2025:YPM-IZ-111157	collection_date	2023-10-16	biosample	https://www.ncbi.nlm.nih.gov/biosample/SAMN41900819	Attributes/Attribute[@attribute_name='collection_date']	SAMN41900819	
Church2025:YPM-IZ-111157	lat_long_raw	35.747000 S 154.330000 E	biosample	https://www.ncbi.nlm.nih.gov/biosample/SAMN41900819	Attributes/Attribute[@attribute_name='lat_lon']	SAMN41900819	
Church2025:YPM-IZ-111157	latitude	-35.747	biosample	https://www.ncbi.nlm.nih.gov/biosample/SAMN41900819	Attributes/Attribute[@attribute_name='lat_lon']	SAMN41900819	Hemisphere sign applied; no geographic correction inferred.
Church2025:YPM-IZ-111157	locality	Tasman Sea	biosample	https://www.ncbi.nlm.nih.gov/biosample/SAMN41900819	Attributes/Attribute[@attribute_name='geo_loc_name']	SAMN41900819	Original geographic-location label retained; not an inference-region assignment.
Church2025:YPM-IZ-111157	longitude	154.33	biosample	https://www.ncbi.nlm.nih.gov/biosample/SAMN41900819	Attributes/Attribute[@attribute_name='lat_lon']	SAMN41900819	Hemisphere sign applied; no geographic correction inferred.
Church2025:YPM-IZ-111157	tissue	tentacle	biosample	https://www.ncbi.nlm.nih.gov/biosample/SAMN41900819	Attributes/Attribute[@attribute_name='tissue']	SAMN41900819	
Church2025:YPM-IZ-111158	biosample	SAMN41900820	biosample	https://www.ncbi.nlm.nih.gov/biosample/SAMN41900820	BioSample/@accession	SAMN41900820	
Church2025:YPM-IZ-111158	collection_date	2023-10-16	biosample	https://www.ncbi.nlm.nih.gov/biosample/SAMN41900820	Attributes/Attribute[@attribute_name='collection_date']	SAMN41900820	
Church2025:YPM-IZ-111158	lat_long_raw	35.747000 S 154.330000 E	biosample	https://www.ncbi.nlm.nih.gov/biosample/SAMN41900820	Attributes/Attribute[@attribute_name='lat_lon']	SAMN41900820	
Church2025:YPM-IZ-111158	latitude	-35.747	biosample	https://www.ncbi.nlm.nih.gov/biosample/SAMN41900820	Attributes/Attribute[@attribute_name='lat_lon']	SAMN41900820	Hemisphere sign applied; no geographic correction inferred.
Church2025:YPM-IZ-111158	locality	Tasman Sea	biosample	https://www.ncbi.nlm.nih.gov/biosample/SAMN41900820	Attributes/Attribute[@attribute_name='geo_loc_name']	SAMN41900820	Original geographic-location label retained; not an inference-region assignment.
Church2025:YPM-IZ-111158	longitude	154.33	biosample	https://www.ncbi.nlm.nih.gov/biosample/SAMN41900820	Attributes/Attribute[@attribute_name='lat_lon']	SAMN41900820	Hemisphere sign applied; no geographic correction inferred.
Church2025:YPM-IZ-111158	tissue	tentacle	biosample	https://www.ncbi.nlm.nih.gov/biosample/SAMN41900820	Attributes/Attribute[@attribute_name='tissue']	SAMN41900820	
Church2025:YPM-IZ-111159	biosample	SAMN41900821	biosample	https://www.ncbi.nlm.nih.gov/biosample/SAMN41900821	BioSample/@accession	SAMN41900821	
Church2025:YPM-IZ-111159	collection_date	2023-10-16	biosample	https://www.ncbi.nlm.nih.gov/biosample/SAMN41900821	Attributes/Attribute[@attribute_name='collection_date']	SAMN41900821	
Church2025:YPM-IZ-111159	lat_long_raw	35.747000 S 154.330000 E	biosample	https://www.ncbi.nlm.nih.gov/biosample/SAMN41900821	Attributes/Attribute[@attribute_name='lat_lon']	SAMN41900821	
Church2025:YPM-IZ-111159	latitude	-35.747	biosample	https://www.ncbi.nlm.nih.gov/biosample/SAMN41900821	Attributes/Attribute[@attribute_name='lat_lon']	SAMN41900821	Hemisphere sign applied; no geographic correction inferred.
Church2025:YPM-IZ-111159	locality	Tasman Sea	biosample	https://www.ncbi.nlm.nih.gov/biosample/SAMN41900821	Attributes/Attribute[@attribute_name='geo_loc_name']	SAMN41900821	Original geographic-location label retained; not an inference-region assignment.
Church2025:YPM-IZ-111159	longitude	154.33	biosample	https://www.ncbi.nlm.nih.gov/biosample/SAMN41900821	Attributes/Attribute[@attribute_name='lat_lon']	SAMN41900821	Hemisphere sign applied; no geographic correction inferred.
Church2025:YPM-IZ-111159	tissue	tentacle	biosample	https://www.ncbi.nlm.nih.gov/biosample/SAMN41900821	Attributes/Attribute[@attribute_name='tissue']	SAMN41900821	
Church2025:YPM-IZ-111160	biosample	SAMN41900822	biosample	https://www.ncbi.nlm.nih.gov/biosample/SAMN41900822	BioSample/@accession	SAMN41900822	
Church2025:YPM-IZ-111160	collection_date	2023-10-16	biosample	https://www.ncbi.nlm.nih.gov/biosample/SAMN41900822	Attributes/Attribute[@attribute_name='collection_date']	SAMN41900822	
Church2025:YPM-IZ-111160	lat_long_raw	35.747000 S 154.330000 E	biosample	https://www.ncbi.nlm.nih.gov/biosample/SAMN41900822	Attributes/Attribute[@attribute_name='lat_lon']	SAMN41900822	
Church2025:YPM-IZ-111160	latitude	-35.747	biosample	https://www.ncbi.nlm.nih.gov/biosample/SAMN41900822	Attributes/Attribute[@attribute_name='lat_lon']	SAMN41900822	Hemisphere sign applied; no geographic correction inferred.
Church2025:YPM-IZ-111160	locality	Tasman Sea	biosample	https://www.ncbi.nlm.nih.gov/biosample/SAMN41900822	Attributes/Attribute[@attribute_name='geo_loc_name']	SAMN41900822	Original geographic-location label retained; not an inference-region assignment.
Church2025:YPM-IZ-111160	longitude	154.33	biosample	https://www.ncbi.nlm.nih.gov/biosample/SAMN41900822	Attributes/Attribute[@attribute_name='lat_lon']	SAMN41900822	Hemisphere sign applied; no geographic correction inferred.
Church2025:YPM-IZ-111160	tissue	tentacle	biosample	https://www.ncbi.nlm.nih.gov/biosample/SAMN41900822	Attributes/Attribute[@attribute_name='tissue']	SAMN41900822	
Church2025:YPM-IZ-111163	biosample	SAMN41900823	biosample	https://www.ncbi.nlm.nih.gov/biosample/SAMN41900823	BioSample/@accession	SAMN41900823	
Church2025:YPM-IZ-111163	collection_date	2024-03-18	biosample	https://www.ncbi.nlm.nih.gov/biosample/SAMN41900823	Attributes/Attribute[@attribute_name='collection_date']	SAMN41900823	
Church2025:YPM-IZ-111163	country	Australia	biosample	https://www.ncbi.nlm.nih.gov/biosample/SAMN41900823	Attributes/Attribute[@attribute_name='geo_loc_name']	SAMN41900823	Top-level geographic jurisdiction retained as submitted, including named territories.
Church2025:YPM-IZ-111163	lat_long_raw	33.947500 S 151.257361 E	biosample	https://www.ncbi.nlm.nih.gov/biosample/SAMN41900823	Attributes/Attribute[@attribute_name='lat_lon']	SAMN41900823	
Church2025:YPM-IZ-111163	latitude	-33.9475	biosample	https://www.ncbi.nlm.nih.gov/biosample/SAMN41900823	Attributes/Attribute[@attribute_name='lat_lon']	SAMN41900823	Hemisphere sign applied; no geographic correction inferred.
Church2025:YPM-IZ-111163	locality	Australia: New South Wales	biosample	https://www.ncbi.nlm.nih.gov/biosample/SAMN41900823	Attributes/Attribute[@attribute_name='geo_loc_name']	SAMN41900823	Original geographic-location label retained; not an inference-region assignment.
Church2025:YPM-IZ-111163	longitude	151.257361	biosample	https://www.ncbi.nlm.nih.gov/biosample/SAMN41900823	Attributes/Attribute[@attribute_name='lat_lon']	SAMN41900823	Hemisphere sign applied; no geographic correction inferred.
Church2025:YPM-IZ-111163	tissue	tentacle	biosample	https://www.ncbi.nlm.nih.gov/biosample/SAMN41900823	Attributes/Attribute[@attribute_name='tissue']	SAMN41900823	
Church2025:YPM-IZ-111207	biosample	SAMN41900824	biosample	https://www.ncbi.nlm.nih.gov/biosample/SAMN41900824	BioSample/@accession	SAMN41900824	
Church2025:YPM-IZ-111207	collection_date	2024-03-15	biosample	https://www.ncbi.nlm.nih.gov/biosample/SAMN41900824	Attributes/Attribute[@attribute_name='collection_date']	SAMN41900824	
Church2025:YPM-IZ-111207	country	New Zealand	biosample	https://www.ncbi.nlm.nih.gov/biosample/SAMN41900824	Attributes/Attribute[@attribute_name='geo_loc_name']	SAMN41900824	Top-level geographic jurisdiction retained as submitted, including named territories.
Church2025:YPM-IZ-111207	lat_long_raw	36.895150 S 174.443889 E	biosample	https://www.ncbi.nlm.nih.gov/biosample/SAMN41900824	Attributes/Attribute[@attribute_name='lat_lon']	SAMN41900824	
Church2025:YPM-IZ-111207	latitude	-36.89515	biosample	https://www.ncbi.nlm.nih.gov/biosample/SAMN41900824	Attributes/Attribute[@attribute_name='lat_lon']	SAMN41900824	Hemisphere sign applied; no geographic correction inferred.
Church2025:YPM-IZ-111207	locality	New Zealand	biosample	https://www.ncbi.nlm.nih.gov/biosample/SAMN41900824	Attributes/Attribute[@attribute_name='geo_loc_name']	SAMN41900824	Original geographic-location label retained; not an inference-region assignment.
Church2025:YPM-IZ-111207	longitude	174.443889	biosample	https://www.ncbi.nlm.nih.gov/biosample/SAMN41900824	Attributes/Attribute[@attribute_name='lat_lon']	SAMN41900824	Hemisphere sign applied; no geographic correction inferred.
Church2025:YPM-IZ-111207	tissue	tentacle	biosample	https://www.ncbi.nlm.nih.gov/biosample/SAMN41900824	Attributes/Attribute[@attribute_name='tissue']	SAMN41900824	
Church2025:YPM-IZ-111208	biosample	SAMN41900825	biosample	https://www.ncbi.nlm.nih.gov/biosample/SAMN41900825	BioSample/@accession	SAMN41900825	
Church2025:YPM-IZ-111208	collection_date	2024-03-15	biosample	https://www.ncbi.nlm.nih.gov/biosample/SAMN41900825	Attributes/Attribute[@attribute_name='collection_date']	SAMN41900825	
Church2025:YPM-IZ-111208	country	New Zealand	biosample	https://www.ncbi.nlm.nih.gov/biosample/SAMN41900825	Attributes/Attribute[@attribute_name='geo_loc_name']	SAMN41900825	Top-level geographic jurisdiction retained as submitted, including named territories.
Church2025:YPM-IZ-111208	lat_long_raw	36.895150 S 174.443889 E	biosample	https://www.ncbi.nlm.nih.gov/biosample/SAMN41900825	Attributes/Attribute[@attribute_name='lat_lon']	SAMN41900825	
Church2025:YPM-IZ-111208	latitude	-36.89515	biosample	https://www.ncbi.nlm.nih.gov/biosample/SAMN41900825	Attributes/Attribute[@attribute_name='lat_lon']	SAMN41900825	Hemisphere sign applied; no geographic correction inferred.
Church2025:YPM-IZ-111208	locality	New Zealand	biosample	https://www.ncbi.nlm.nih.gov/biosample/SAMN41900825	Attributes/Attribute[@attribute_name='geo_loc_name']	SAMN41900825	Original geographic-location label retained; not an inference-region assignment.
Church2025:YPM-IZ-111208	longitude	174.443889	biosample	https://www.ncbi.nlm.nih.gov/biosample/SAMN41900825	Attributes/Attribute[@attribute_name='lat_lon']	SAMN41900825	Hemisphere sign applied; no geographic correction inferred.
Church2025:YPM-IZ-111208	tissue	tentacle	biosample	https://www.ncbi.nlm.nih.gov/biosample/SAMN41900825	Attributes/Attribute[@attribute_name='tissue']	SAMN41900825	
Church2025:YPM-IZ-111209	biosample	SAMN41900826	biosample	https://www.ncbi.nlm.nih.gov/biosample/SAMN41900826	BioSample/@accession	SAMN41900826	
Church2025:YPM-IZ-111209	collection_date	2024-03-15	biosample	https://www.ncbi.nlm.nih.gov/biosample/SAMN41900826	Attributes/Attribute[@attribute_name='collection_date']	SAMN41900826	
Church2025:YPM-IZ-111209	country	New Zealand	biosample	https://www.ncbi.nlm.nih.gov/biosample/SAMN41900826	Attributes/Attribute[@attribute_name='geo_loc_name']	SAMN41900826	Top-level geographic jurisdiction retained as submitted, including named territories.
Church2025:YPM-IZ-111209	lat_long_raw	36.895150 S 174.443889 E	biosample	https://www.ncbi.nlm.nih.gov/biosample/SAMN41900826	Attributes/Attribute[@attribute_name='lat_lon']	SAMN41900826	
Church2025:YPM-IZ-111209	latitude	-36.89515	biosample	https://www.ncbi.nlm.nih.gov/biosample/SAMN41900826	Attributes/Attribute[@attribute_name='lat_lon']	SAMN41900826	Hemisphere sign applied; no geographic correction inferred.
Church2025:YPM-IZ-111209	locality	New Zealand	biosample	https://www.ncbi.nlm.nih.gov/biosample/SAMN41900826	Attributes/Attribute[@attribute_name='geo_loc_name']	SAMN41900826	Original geographic-location label retained; not an inference-region assignment.
Church2025:YPM-IZ-111209	longitude	174.443889	biosample	https://www.ncbi.nlm.nih.gov/biosample/SAMN41900826	Attributes/Attribute[@attribute_name='lat_lon']	SAMN41900826	Hemisphere sign applied; no geographic correction inferred.
Church2025:YPM-IZ-111209	tissue	tentacle	biosample	https://www.ncbi.nlm.nih.gov/biosample/SAMN41900826	Attributes/Attribute[@attribute_name='tissue']	SAMN41900826	
Church2025:YPM-IZ-111210	biosample	SAMN41900827	biosample	https://www.ncbi.nlm.nih.gov/biosample/SAMN41900827	BioSample/@accession	SAMN41900827	
Church2025:YPM-IZ-111210	collection_date	2024-03-15	biosample	https://www.ncbi.nlm.nih.gov/biosample/SAMN41900827	Attributes/Attribute[@attribute_name='collection_date']	SAMN41900827	
Church2025:YPM-IZ-111210	country	New Zealand	biosample	https://www.ncbi.nlm.nih.gov/biosample/SAMN41900827	Attributes/Attribute[@attribute_name='geo_loc_name']	SAMN41900827	Top-level geographic jurisdiction retained as submitted, including named territories.
Church2025:YPM-IZ-111210	lat_long_raw	36.895150 S 174.443889 E	biosample	https://www.ncbi.nlm.nih.gov/biosample/SAMN41900827	Attributes/Attribute[@attribute_name='lat_lon']	SAMN41900827	
Church2025:YPM-IZ-111210	latitude	-36.89515	biosample	https://www.ncbi.nlm.nih.gov/biosample/SAMN41900827	Attributes/Attribute[@attribute_name='lat_lon']	SAMN41900827	Hemisphere sign applied; no geographic correction inferred.
Church2025:YPM-IZ-111210	locality	New Zealand	biosample	https://www.ncbi.nlm.nih.gov/biosample/SAMN41900827	Attributes/Attribute[@attribute_name='geo_loc_name']	SAMN41900827	Original geographic-location label retained; not an inference-region assignment.
Church2025:YPM-IZ-111210	longitude	174.443889	biosample	https://www.ncbi.nlm.nih.gov/biosample/SAMN41900827	Attributes/Attribute[@attribute_name='lat_lon']	SAMN41900827	Hemisphere sign applied; no geographic correction inferred.
Church2025:YPM-IZ-111210	tissue	tentacle	biosample	https://www.ncbi.nlm.nih.gov/biosample/SAMN41900827	Attributes/Attribute[@attribute_name='tissue']	SAMN41900827	
