library_id	sample_id	domain	target_or_group	unit	grade	genome_id	focal_lineage	taxonomy	biological_role	breadth	mapped_reads	read_pairs_ge97	assembly_support_bases	assembled_sequences	assembled_sources	mag_from_library
Ahuja2024:CWD101	Ahuja2024__CWD101	bacterial	BAC00164	genome_target	validated			d__Bacteria;p__Pseudomonadota;c__Alphaproteobacteria;o__Rhodobacterales;f__Rhodobacteraceae;g__Amylibacter;s__Amylibacter sp905182285		0.336619	14365		1188			false
Ahuja2024:CWD116	Ahuja2024__CWD116	bacterial	BAC00162	genome_target	validated			d__Bacteria;p__Pseudomonadota;c__Alphaproteobacteria;o__Rhodobacterales;f__Rhodobacteraceae;g__Amylibacter;s__Amylibacter sp000153745		0.568649	13979		178			false
Ahuja2024:NA1	Ahuja2024__NA1	bacterial	BAC00360	genome_target	high_confidence			d__Bacteria;p__Pseudomonadota;c__Gammaproteobacteria;o__GCF-002020875;f__GCF-002020875;g__;s__		0.969614	106033		1253334			true
Ahuja2024:NA10	Ahuja2024__NA10	bacterial	BAC00019	genome_target	validated			d__Bacteria;p__Actinomycetota;c__Actinomycetes;o__Propionibacteriales;f__Propionibacteriaceae;g__Cutibacterium;s__Cutibacterium acnes		0.105604	3039		0			false
Ahuja2024:NA10	Ahuja2024__NA10	bacterial	BAC00030	genome_target	high_confidence	MAGSP0011	DT-68	d__Bacteria;p__Bacillota_I;c__Bacilli_A;o__Mycoplasmatales;f__Metamycoplasmataceae;g__DT-68;s__		0.880594	1565244		130478			true
Ahuja2024:NA10	Ahuja2024__NA10	bacterial	BAC00199	genome_target	high_confidence			d__Bacteria;p__Pseudomonadota;c__Alphaproteobacteria;o__Sphingomonadales;f__Sphingomonadaceae;g__Blastomonas;s__Blastomonas delafieldii_A		0.946173	425507		269146			false
Ahuja2024:NA10	Ahuja2024__NA10	bacterial	BAC00200	genome_target	validated			d__Bacteria;p__Pseudomonadota;c__Alphaproteobacteria;o__Sphingomonadales;f__Sphingomonadaceae;g__Blastomonas;s__Blastomonas ursincola		0.156243	29384		2198			false
Ahuja2024:NA10	Ahuja2024__NA10	bacterial	BAC00207	genome_target	validated			d__Bacteria;p__Pseudomonadota;c__Alphaproteobacteria;o__Sphingomonadales;f__Sphingomonadaceae;g__Sphingobium;s__Sphingobium limneticum		0.260419	16533		8476			false
Ahuja2024:NA10	Ahuja2024__NA10	bacterial	BAC00208	genome_target	validated			d__Bacteria;p__Pseudomonadota;c__Alphaproteobacteria;o__Sphingomonadales;f__Sphingomonadaceae;g__Sphingobium;s__Sphingobium xenophagum		0.83035	64730		1178			false
Ahuja2024:NA10	Ahuja2024__NA10	bacterial	BAC00209	genome_target	high_confidence			d__Bacteria;p__Pseudomonadota;c__Alphaproteobacteria;o__Sphingomonadales;f__Sphingomonadaceae;g__Sphingobium;s__Sphingobium yanoikuyae_A		0.674916	283544		56049			false
Ahuja2024:NA10	Ahuja2024__NA10	bacterial	BAC00210	genome_target	validated			d__Bacteria;p__Pseudomonadota;c__Alphaproteobacteria;o__Sphingomonadales;f__Sphingomonadaceae;g__Sphingomonas;s__Sphingomonas ginsenosidimutans		0.33821	17986		2488			false
Ahuja2024:NA10	Ahuja2024__NA10	bacterial	BAC00213	genome_target	validated			d__Bacteria;p__Pseudomonadota;c__Gammaproteobacteria;o__Burkholderiales;f__Burkholderiaceae;g__Acidovorax;s__Acidovorax temperans		0.209756	12254		6478			false
Ahuja2024:NA10	Ahuja2024__NA10	bacterial	BAC00214	genome_target	high_confidence			d__Bacteria;p__Pseudomonadota;c__Gammaproteobacteria;o__Burkholderiales;f__Burkholderiaceae;g__Aquabacterium;s__Aquabacterium parvum		0.956889	726038		820626			false
Ahuja2024:NA10	Ahuja2024__NA10	bacterial	BAC00215	genome_target	high_confidence			d__Bacteria;p__Pseudomonadota;c__Gammaproteobacteria;o__Burkholderiales;f__Burkholderiaceae;g__Aquabacterium;s__Aquabacterium sp017989885		0.776755	638251		1481868			false
Ahuja2024:NA10	Ahuja2024__NA10	bacterial	BAC00219	genome_target	validated			d__Bacteria;p__Pseudomonadota;c__Gammaproteobacteria;o__Burkholderiales;f__Methylophilaceae;g__Methylophilus;s__Methylophilus sp008015755		0.301727	10427		0			false
Ahuja2024:NA10	Ahuja2024__NA10	bacterial	BAC00220	genome_target	validated			d__Bacteria;p__Pseudomonadota;c__Gammaproteobacteria;o__Burkholderiales;f__Rhodocyclaceae;g__Azonexus;s__Azonexus sp946477505		0.457959	68196		3278			false
Ahuja2024:NA10	Ahuja2024__NA10	bacterial	BAC00221	genome_target	validated			d__Bacteria;p__Pseudomonadota;c__Gammaproteobacteria;o__Burkholderiales;f__Rhodocyclaceae;g__Methyloversatilis;s__Methyloversatilis sp016791045		0.496953	26522		0			false
Ahuja2024:NA10	Ahuja2024__NA10	bacterial	BAC00407	genome_target	validated			d__Bacteria;p__Pseudomonadota;c__Gammaproteobacteria;o__Pseudomonadales;f__Moraxellaceae;g__Perlucidibaca;s__Perlucidibaca sp018066805		0.386021	11164		0			false
Ahuja2024:NA11	Ahuja2024__NA11	bacterial	BAC00030	genome_target	high_confidence	MAGSP0011	DT-68	d__Bacteria;p__Bacillota_I;c__Bacilli_A;o__Mycoplasmatales;f__Metamycoplasmataceae;g__DT-68;s__		0.879588	1904491		146455			true
Ahuja2024:NA11	Ahuja2024__NA11	bacterial	BAC00378	genome_target	validated			d__Bacteria;p__Pseudomonadota;c__Gammaproteobacteria;o__Pseudomonadales;f__DT-91;g__CAKMZU01;s__		0.576437	21075		0			false
Ahuja2024:NA6	Ahuja2024__NA6	bacterial	BAC00158	genome_target	validated			d__Bacteria;p__Pseudomonadota;c__Alphaproteobacteria;o__Rhizobiales;f__Xanthobacteraceae;g__Afipia;s__Afipia broomeae		0.15113	9101		0			false
Ahuja2024:NA7	Ahuja2024__NA7	bacterial	BAC00019	genome_target	validated			d__Bacteria;p__Actinomycetota;c__Actinomycetes;o__Propionibacteriales;f__Propionibacteriaceae;g__Cutibacterium;s__Cutibacterium acnes		0.127605	3658		0			false
Ahuja2024:NA7	Ahuja2024__NA7	bacterial	BAC00158	genome_target	validated			d__Bacteria;p__Pseudomonadota;c__Alphaproteobacteria;o__Rhizobiales;f__Xanthobacteraceae;g__Afipia;s__Afipia broomeae		0.118712	7411		0			false
Ahuja2026:NA19	Ahuja2026__NA19	bacterial	BAC00030	genome_target	high_confidence	MAGSP0011	DT-68	d__Bacteria;p__Bacillota_I;c__Bacilli_A;o__Mycoplasmatales;f__Metamycoplasmataceae;g__DT-68;s__		0.850115	7896		112156			false
Ahuja2026:NA19	Ahuja2026__NA19	bacterial	BAC00163	genome_target	validated			d__Bacteria;p__Pseudomonadota;c__Alphaproteobacteria;o__Rhodobacterales;f__Rhodobacteraceae;g__Amylibacter;s__Amylibacter sp900197625		0.341208	6818		1353			false
Ahuja2026:NA29	Ahuja2026__NA29	bacterial	BAC00017	genome_target	validated			d__Bacteria;p__Actinomycetota;c__Actinomycetes;o__Mycobacteriales;f__Mycobacteriaceae;g__Lawsonella;s__Lawsonella clevelandensis_A		0.166054	3201		0			false
Ahuja2026:NA29	Ahuja2026__NA29	bacterial	BAC00019	genome_target	validated			d__Bacteria;p__Actinomycetota;c__Actinomycetes;o__Propionibacteriales;f__Propionibacteriaceae;g__Cutibacterium;s__Cutibacterium acnes		0.844684	58588		0			false
Ahuja2026:NA29	Ahuja2026__NA29	bacterial	BAC00150	genome_target	validated			d__Bacteria;p__Pseudomonadota;c__Alphaproteobacteria;o__Rhizobiales;f__Beijerinckiaceae;g__Methylobacterium;s__Methylobacterium sp001424705		0.334961	19328		0			false
Ahuja2026:NA31	Ahuja2026__NA31	bacterial	BAC00017	genome_target	validated			d__Bacteria;p__Actinomycetota;c__Actinomycetes;o__Mycobacteriales;f__Mycobacteriaceae;g__Lawsonella;s__Lawsonella clevelandensis_A		0.355089	5481		0			false
Ahuja2026:NA31	Ahuja2026__NA31	bacterial	BAC00019	genome_target	validated			d__Bacteria;p__Actinomycetota;c__Actinomycetes;o__Propionibacteriales;f__Propionibacteriaceae;g__Cutibacterium;s__Cutibacterium acnes		0.71554	25064		1121			false
Ahuja2026:NA31	Ahuja2026__NA31	bacterial	BAC00027	genome_target	validated	MAGSP0010	Clade B	d__Bacteria;p__Bacillota_I;c__Bacilli_A;o__Mycoplasmatales;f__Metamycoplasmataceae;g__;s__		0.212167	1686		0			false
Ahuja2026:NA31	Ahuja2026__NA31	bacterial	BAC00031	genome_target	high_confidence	MAGSP0012	Mycoplasma_K	d__Bacteria;p__Bacillota_I;c__Bacilli_A;o__Mycoplasmatales;f__Metamycoplasmataceae;g__Mycoplasma_K;s__		1.0	4251409		483749			true
Ahuja2026:NA31	Ahuja2026__NA31	bacterial	BAC00052	genome_target	validated			d__Bacteria;p__Bacteroidota;c__Bacteroidia;o__Flavobacteriales;f__Flavobacteriaceae;g__Flagellimonas;s__Flagellimonas sp013407935		0.611545	33719		8359			false
Ahuja2026:NA31	Ahuja2026__NA31	bacterial	BAC00054	genome_target	validated			d__Bacteria;p__Bacteroidota;c__Bacteroidia;o__Flavobacteriales;f__Flavobacteriaceae;g__Gilvibacter;s__Gilvibacter sp002163875		0.549589	20858		1183			false
Ahuja2026:NA31	Ahuja2026__NA31	bacterial	BAC00069	genome_target	high_confidence			d__Bacteria;p__Bacteroidota;c__Bacteroidia;o__Flavobacteriales;f__Flavobacteriaceae;g__Muricauda_A;s__Muricauda_A lutaonensis		0.743589	40035		14153			false
Ahuja2026:NA31	Ahuja2026__NA31	bacterial	BAC00090	genome_target	high_confidence			d__Bacteria;p__Bacteroidota;c__Bacteroidia;o__Flavobacteriales;f__Flavobacteriaceae;g__Winogradskyella;s__Winogradskyella sp002682935		0.635445	79325		359579			false
Ahuja2026:NA31	Ahuja2026__NA31	bacterial	BAC00108	genome_target	validated			d__Bacteria;p__Bdellovibrionota;c__Bacteriovoracia;o__Bacteriovoracales;f__Bacteriovoracaceae;g__UBA845;s__UBA845 sp913053615		0.332843	11719		1227			false
Ahuja2026:NA31	Ahuja2026__NA31	bacterial	BAC00118	genome_target	validated			d__Bacteria;p__Cyanobacteriota;c__Cyanobacteriia;o__PCC-6307;f__Cyanobiaceae;g__Parasynechococcus;s__Parasynechococcus sp002724845		0.843037	27218		5926			false
Ahuja2026:NA31	Ahuja2026__NA31	bacterial	BAC00168	genome_target	high_confidence			d__Bacteria;p__Pseudomonadota;c__Alphaproteobacteria;o__Rhodobacterales;f__Rhodobacteraceae;g__Cognatishimia;s__		0.631185	76392		589633			false
Ahuja2026:NA31	Ahuja2026__NA31	bacterial	BAC00181	genome_target	validated			d__Bacteria;p__Pseudomonadota;c__Alphaproteobacteria;o__Rhodobacterales;f__Rhodobacteraceae;g__Phaeobacter;s__Phaeobacter italicus		0.253901	9507		0			false
Ahuja2026:NA31	Ahuja2026__NA31	bacterial	BAC00188	genome_target	validated			d__Bacteria;p__Pseudomonadota;c__Alphaproteobacteria;o__Rhodobacterales;f__Rhodobacteraceae;g__Shimia;s__Shimia marina_A		0.363854	15044		949			false
Ahuja2026:NA31	Ahuja2026__NA31	bacterial	BAC00223	genome_target	validated			d__Bacteria;p__Pseudomonadota;c__Gammaproteobacteria;o__Enterobacterales;f__Alteromonadaceae;g__Alteromonas;s__Alteromonas abrolhosensis		0.130798	4882		0			false
Ahuja2026:NA31	Ahuja2026__NA31	bacterial	BAC00375	genome_target	high_confidence			d__Bacteria;p__Pseudomonadota;c__Gammaproteobacteria;o__Pseudomonadales;f__DT-91;g__CAKMZU01;s__		0.971003	2725013		3218960			true
Ahuja2026:NA31	Ahuja2026__NA31	bacterial	BAC00376	genome_target	high_confidence			d__Bacteria;p__Pseudomonadota;c__Gammaproteobacteria;o__Pseudomonadales;f__DT-91;g__CAKMZU01;s__		0.999984	2845514		4629323			true
Ahuja2026:NA31	Ahuja2026__NA31	bacterial	BAC00377	genome_target	high_confidence			d__Bacteria;p__Pseudomonadota;c__Gammaproteobacteria;o__Pseudomonadales;f__DT-91;g__CAKMZU01;s__		1.0	19921444		2482993			true
Ahuja2026:NA31	Ahuja2026__NA31	bacterial	BAC00378	genome_target	high_confidence			d__Bacteria;p__Pseudomonadota;c__Gammaproteobacteria;o__Pseudomonadales;f__DT-91;g__CAKMZU01;s__		0.997673	207246		2276885			true
Ahuja2026:NA31	Ahuja2026__NA31	bacterial	BAC00429	genome_target	validated			d__Bacteria;p__Pseudomonadota;c__Gammaproteobacteria;o__Pseudomonadales;f__Pseudomonadaceae;g__Pseudomonas_E;s__Pseudomonas_E shirazensis		0.686406	48450		0			false
Ahuja2026:NA33	Ahuja2026__NA33	bacterial	BAC00118	genome_target	validated			d__Bacteria;p__Cyanobacteriota;c__Cyanobacteriia;o__PCC-6307;f__Cyanobiaceae;g__Parasynechococcus;s__Parasynechococcus sp002724845		0.179196	2472		0			false
Ahuja2026:NA33	Ahuja2026__NA33	bacterial	BAC00168	genome_target	high_confidence			d__Bacteria;p__Pseudomonadota;c__Alphaproteobacteria;o__Rhodobacterales;f__Rhodobacteraceae;g__Cognatishimia;s__		0.631698	77829		11168			false
Ahuja2026:NA33	Ahuja2026__NA33	bacterial	BAC00223	genome_target	validated			d__Bacteria;p__Pseudomonadota;c__Gammaproteobacteria;o__Enterobacterales;f__Alteromonadaceae;g__Alteromonas;s__Alteromonas abrolhosensis		0.146202	14538		5115			false
Ahuja2026:NA33	Ahuja2026__NA33	bacterial	BAC00227	genome_target	high_confidence			d__Bacteria;p__Pseudomonadota;c__Gammaproteobacteria;o__Enterobacterales;f__Alteromonadaceae;g__Alteromonas;s__Alteromonas macleodii		0.846693	208630		112973			false
Ahuja2026:NA33	Ahuja2026__NA33	bacterial	BAC00233	genome_target	validated			d__Bacteria;p__Pseudomonadota;c__Gammaproteobacteria;o__Enterobacterales;f__Alteromonadaceae;g__Alteromonas;s__Alteromonas sp009811495		0.10036	2772		0			false
Ahuja2026:NA33	Ahuja2026__NA33	bacterial	BAC00319	genome_target	validated			d__Bacteria;p__Pseudomonadota;c__Gammaproteobacteria;o__Enterobacterales;f__Vibrionaceae;g__Vibrio;s__Vibrio coralliilyticus		0.129461	6543		81			false
Ahuja2026:NA33	Ahuja2026__NA33	bacterial	BAC00376	genome_target	validated			d__Bacteria;p__Pseudomonadota;c__Gammaproteobacteria;o__Pseudomonadales;f__DT-91;g__CAKMZU01;s__		0.844954	91949		1758			false
Ahuja2026:NA33	Ahuja2026__NA33	bacterial	BAC00377	genome_target	validated			d__Bacteria;p__Pseudomonadota;c__Gammaproteobacteria;o__Pseudomonadales;f__DT-91;g__CAKMZU01;s__		0.75242	27186		3737			false
Ahuja2026:NA33	Ahuja2026__NA33	bacterial	BAC00378	genome_target	high_confidence			d__Bacteria;p__Pseudomonadota;c__Gammaproteobacteria;o__Pseudomonadales;f__DT-91;g__CAKMZU01;s__		0.933342	197615		248034			false
Ahuja2026:NA35	Ahuja2026__NA35	bacterial	BAC00163	genome_target	validated			d__Bacteria;p__Pseudomonadota;c__Alphaproteobacteria;o__Rhodobacterales;f__Rhodobacteraceae;g__Amylibacter;s__Amylibacter sp900197625		0.188609	3142		621			false
Ahuja2026:NA35	Ahuja2026__NA35	bacterial	BAC00216	genome_target	validated			d__Bacteria;p__Pseudomonadota;c__Gammaproteobacteria;o__Burkholderiales;f__Burkholderiaceae;g__Pelomonas;s__Pelomonas sp003963075		0.108059	4100		213			false
Ahuja2026:NA35	Ahuja2026__NA35	bacterial	BAC00236	genome_target	validated			d__Bacteria;p__Pseudomonadota;c__Gammaproteobacteria;o__Enterobacterales;f__Alteromonadaceae;g__Cognaticolwellia;s__Cognaticolwellia sp913058395		0.14018	4721		0			false
Ahuja2026:NA35	Ahuja2026__NA35	bacterial	BAC00246	genome_target	validated			d__Bacteria;p__Pseudomonadota;c__Gammaproteobacteria;o__Enterobacterales;f__Alteromonadaceae;g__Pseudoalteromonas;s__Pseudoalteromonas atlantica		0.199729	7200		0			false
Ahuja2026:NA35	Ahuja2026__NA35	bacterial	BAC00265	genome_target	validated			d__Bacteria;p__Pseudomonadota;c__Gammaproteobacteria;o__Enterobacterales;f__Alteromonadaceae;g__Pseudoalteromonas;s__Pseudoalteromonas sp001468485		0.110585	3390		0			false
Ahuja2026:NA37	Ahuja2026__NA37	archaeal	BAC00006	genome_target	validated			d__Archaea;p__Thermoproteota;c__JANJXX01;o__JAMOTR01;f__;g__;s__		0.377337	28738		0			false
Ahuja2026:NA37	Ahuja2026__NA37	bacterial	BAC00019	genome_target	validated			d__Bacteria;p__Actinomycetota;c__Actinomycetes;o__Propionibacteriales;f__Propionibacteriaceae;g__Cutibacterium;s__Cutibacterium acnes		0.177552	4473		0			false
Ahuja2026:NA37	Ahuja2026__NA37	bacterial	BAC00227	genome_target	validated			d__Bacteria;p__Pseudomonadota;c__Gammaproteobacteria;o__Enterobacterales;f__Alteromonadaceae;g__Alteromonas;s__Alteromonas macleodii		0.242246	13641		0			false
Ahuja2026:NA37	Ahuja2026__NA37	bacterial	BAC00246	genome_target	validated			d__Bacteria;p__Pseudomonadota;c__Gammaproteobacteria;o__Enterobacterales;f__Alteromonadaceae;g__Pseudoalteromonas;s__Pseudoalteromonas atlantica		0.301833	16379		0			false
Ahuja2026:NA37	Ahuja2026__NA37	bacterial	BAC00253	genome_target	validated			d__Bacteria;p__Pseudomonadota;c__Gammaproteobacteria;o__Enterobacterales;f__Alteromonadaceae;g__Pseudoalteromonas;s__Pseudoalteromonas gelatinilytica		0.119406	6856		1608			false
Ahuja2026:NA37	Ahuja2026__NA37	bacterial	BAC00255	genome_target	validated			d__Bacteria;p__Pseudomonadota;c__Gammaproteobacteria;o__Enterobacterales;f__Alteromonadaceae;g__Pseudoalteromonas;s__Pseudoalteromonas lipolytica_A		0.608271	52735		1182			false
Ahuja2026:NA37	Ahuja2026__NA37	bacterial	BAC00258	genome_target	validated			d__Bacteria;p__Pseudomonadota;c__Gammaproteobacteria;o__Enterobacterales;f__Alteromonadaceae;g__Pseudoalteromonas;s__Pseudoalteromonas phenolica		0.112824	5303		0			false
Ahuja2026:NA37	Ahuja2026__NA37	bacterial	BAC00268	genome_target	validated			d__Bacteria;p__Pseudomonadota;c__Gammaproteobacteria;o__Enterobacterales;f__Alteromonadaceae;g__Pseudoalteromonas;s__Pseudoalteromonas sp002684115		0.250672	15054		0			false
Ahuja2026:NA37	Ahuja2026__NA37	bacterial	BAC00328	genome_target	validated			d__Bacteria;p__Pseudomonadota;c__Gammaproteobacteria;o__Enterobacterales;f__Vibrionaceae;g__Vibrio;s__Vibrio fortis_A		0.142651	9191		0			false
Ahuja2026:NA37	Ahuja2026__NA37	bacterial	BAC00399	genome_target	validated			d__Bacteria;p__Pseudomonadota;c__Gammaproteobacteria;o__Pseudomonadales;f__Marinomonadaceae;g__Marinomonas;s__Marinomonas communis		0.539404	33950		0			false
Ahuja2026:NA37	Ahuja2026__NA37	bacterial	BAC00400	genome_target	validated			d__Bacteria;p__Pseudomonadota;c__Gammaproteobacteria;o__Pseudomonadales;f__Marinomonadaceae;g__Marinomonas;s__Marinomonas pontica		0.272848	12611		0			false
Ahuja2026:NA38	Ahuja2026__NA38	bacterial	BAC00019	genome_target	validated			d__Bacteria;p__Actinomycetota;c__Actinomycetes;o__Propionibacteriales;f__Propionibacteriaceae;g__Cutibacterium;s__Cutibacterium acnes		0.114907	2412		0			false
Ahuja2026:NA38	Ahuja2026__NA38	bacterial	BAC00156	genome_target	validated			d__Bacteria;p__Pseudomonadota;c__Alphaproteobacteria;o__Rhizobiales;f__Rhizobiaceae;g__Mesorhizobium;s__Mesorhizobium terrae		0.144075	7244		0			false
Ahuja2026:NA38	Ahuja2026__NA38	bacterial	BAC00159	genome_target	validated			d__Bacteria;p__Pseudomonadota;c__Alphaproteobacteria;o__Rhizobiales;f__Xanthobacteraceae;g__Bradyrhizobium;s__Bradyrhizobium sp002831585		0.154267	10776		0			false
Ahuja2026:NA38	Ahuja2026__NA38	bacterial	BAC00216	genome_target	validated			d__Bacteria;p__Pseudomonadota;c__Gammaproteobacteria;o__Burkholderiales;f__Burkholderiaceae;g__Pelomonas;s__Pelomonas sp003963075		0.119739	4751		0			false
Ahuja2026:NA38	Ahuja2026__NA38	bacterial	BAC00227	genome_target	validated			d__Bacteria;p__Pseudomonadota;c__Gammaproteobacteria;o__Enterobacterales;f__Alteromonadaceae;g__Alteromonas;s__Alteromonas macleodii		0.101517	3581		0			false
Ahuja2026:NA38	Ahuja2026__NA38	bacterial	BAC00255	genome_target	validated			d__Bacteria;p__Pseudomonadota;c__Gammaproteobacteria;o__Enterobacterales;f__Alteromonadaceae;g__Pseudoalteromonas;s__Pseudoalteromonas lipolytica_A		0.615352	38915		0			false
Ahuja2026:NA38	Ahuja2026__NA38	bacterial	BAC00268	genome_target	validated			d__Bacteria;p__Pseudomonadota;c__Gammaproteobacteria;o__Enterobacterales;f__Alteromonadaceae;g__Pseudoalteromonas;s__Pseudoalteromonas sp002684115		0.121815	5048		0			false
Ahuja2026:NA38	Ahuja2026__NA38	bacterial	BAC00375	genome_target	validated			d__Bacteria;p__Pseudomonadota;c__Gammaproteobacteria;o__Pseudomonadales;f__DT-91;g__CAKMZU01;s__		0.20224	7142		0			false
Ahuja2026:NA38	Ahuja2026__NA38	bacterial	BAC00399	genome_target	validated			d__Bacteria;p__Pseudomonadota;c__Gammaproteobacteria;o__Pseudomonadales;f__Marinomonadaceae;g__Marinomonas;s__Marinomonas communis		0.106377	3273		0			false
Ahuja2026:NA38	Ahuja2026__NA38	bacterial	BAC00424	genome_target	validated			d__Bacteria;p__Pseudomonadota;c__Gammaproteobacteria;o__Pseudomonadales;f__Pseudomonadaceae;g__Pseudomonas;s__Pseudomonas aeruginosa		0.908707	153135		1497			false
Ahuja2026:WS10	Ahuja2026__WS10	bacterial	BAC00030	genome_target	validated	MAGSP0011	DT-68	d__Bacteria;p__Bacillota_I;c__Bacilli_A;o__Mycoplasmatales;f__Metamycoplasmataceae;g__DT-68;s__		0.260404	1113		0			false
Ahuja2026:WS5	Ahuja2026__WS5	bacterial	BAC00030	genome_target	high_confidence	MAGSP0011	DT-68	d__Bacteria;p__Bacillota_I;c__Bacilli_A;o__Mycoplasmatales;f__Metamycoplasmataceae;g__DT-68;s__		0.888175	10079		155209			false
Ahuja2026:WS6	Ahuja2026__WS6	bacterial	BAC00030	genome_target	high_confidence	MAGSP0011	DT-68	d__Bacteria;p__Bacillota_I;c__Bacilli_A;o__Mycoplasmatales;f__Metamycoplasmataceae;g__DT-68;s__		0.999798	68918		540676			true
Ahuja2026:WS7	Ahuja2026__WS7	bacterial	BAC00030	genome_target	validated	MAGSP0011	DT-68	d__Bacteria;p__Bacillota_I;c__Bacilli_A;o__Mycoplasmatales;f__Metamycoplasmataceae;g__DT-68;s__		0.602868	3721		2288			false
Ahuja2026:WS8	Ahuja2026__WS8	bacterial	BAC00030	genome_target	validated	MAGSP0011	DT-68	d__Bacteria;p__Bacillota_I;c__Bacilli_A;o__Mycoplasmatales;f__Metamycoplasmataceae;g__DT-68;s__		0.391776	1873		0			false
Ahuja2026:WS9	Ahuja2026__WS9	bacterial	BAC00030	genome_target	validated	MAGSP0011	DT-68	d__Bacteria;p__Bacillota_I;c__Bacilli_A;o__Mycoplasmatales;f__Metamycoplasmataceae;g__DT-68;s__		0.865814	8834		0			false
Church2025:FM-16644	Church2025__FM-16644	bacterial	BAC00166	genome_target	high_confidence			d__Bacteria;p__Pseudomonadota;c__Alphaproteobacteria;o__Rhodobacterales;f__Rhodobacteraceae;g__Cognatishimia;s__		0.784281	49369		386158			false
Church2025:FM-16644	Church2025__FM-16644	bacterial	BAC00317	genome_target	validated			d__Bacteria;p__Pseudomonadota;c__Gammaproteobacteria;o__Enterobacterales;f__Vibrionaceae;g__Vibrio;s__Vibrio chagasii_B		0.118754	6565		207			false
Church2025:FM-16644	Church2025__FM-16644	bacterial	BAC00352	genome_target	validated			d__Bacteria;p__Pseudomonadota;c__Gammaproteobacteria;o__Enterobacterales;f__Vibrionaceae;g__Vibrio;s__Vibrio sp030248535		0.150038	8342		0			false
Church2025:NIWA-173304	Church2025__NIWA-173304	bacterial	BAC00027	genome_target	high_confidence	MAGSP0010	Clade B	d__Bacteria;p__Bacillota_I;c__Bacilli_A;o__Mycoplasmatales;f__Metamycoplasmataceae;g__;s__		0.999934	169442		850543			true
Church2025:NIWA-173304	Church2025__NIWA-173304	bacterial	BAC00147	genome_target	high_confidence			d__Bacteria;p__Pseudomonadota;c__Alphaproteobacteria;o__JABSOH01;f__JABSOH01;g__;s__		0.983108	63588		1511332			true
Church2025:NIWA-173304	Church2025__NIWA-173304	bacterial	BAC00362	genome_target	high_confidence			d__Bacteria;p__Pseudomonadota;c__Gammaproteobacteria;o__JABDGN01;f__JABDGN01;g__;s__		0.999993	969906		1734743			true
Church2025:NIWA-173304	Church2025__NIWA-173304	bacterial	BAC00370	genome_target	high_confidence			d__Bacteria;p__Pseudomonadota;c__Gammaproteobacteria;o__Pseudomonadales;f__Cellvibrionaceae;g__;s__		0.564657	12073		14907			false
Church2025:NIWA-173305	Church2025__NIWA-173305	archaeal	BAC00006	genome_target	high_confidence			d__Archaea;p__Thermoproteota;c__JANJXX01;o__JAMOTR01;f__;g__;s__		0.956011	121969		2538451			false
Church2025:NIWA-173305	Church2025__NIWA-173305	bacterial	BAC00147	genome_target	high_confidence			d__Bacteria;p__Pseudomonadota;c__Alphaproteobacteria;o__JABSOH01;f__JABSOH01;g__;s__		0.693701	19867		21448			false
Church2025:NIWA-173305	Church2025__NIWA-173305	bacterial	BAC00362	genome_target	high_confidence			d__Bacteria;p__Pseudomonadota;c__Gammaproteobacteria;o__JABDGN01;f__JABDGN01;g__;s__		0.96858	203104		1664266			true
Church2025:NIWA-173305	Church2025__NIWA-173305	bacterial	BAC00370	genome_target	validated			d__Bacteria;p__Pseudomonadota;c__Gammaproteobacteria;o__Pseudomonadales;f__Cellvibrionaceae;g__;s__		0.142883	2476		7552			false
Church2025:OA-190531-1	Church2025__OA-190531-1	bacterial	BAC00026	genome_target	high_confidence	MAGSP0007	Clade B	d__Bacteria;p__Bacillota_I;c__Bacilli_A;o__Mycoplasmatales;f__Metamycoplasmataceae;g__;s__		0.893747	162820		710607			true
Church2025:OA-190531-1	Church2025__OA-190531-1	bacterial	BAC00027	genome_target	high_confidence	MAGSP0010	Clade B	d__Bacteria;p__Bacillota_I;c__Bacilli_A;o__Mycoplasmatales;f__Metamycoplasmataceae;g__;s__		0.834789	38493		415492			true
Church2025:OA-190531-1	Church2025__OA-190531-1	bacterial	BAC00045	genome_target	validated			d__Bacteria;p__Bacteroidota;c__Bacteroidia;o__Flavobacteriales;f__Flavobacteriaceae;g__CAMZMA01;s__		0.1499	2157		3354			false
Church2025:TMAG-K5632	Church2025__TMAG-K5632	archaeal	BAC00006	genome_target	high_confidence			d__Archaea;p__Thermoproteota;c__JANJXX01;o__JAMOTR01;f__;g__;s__		0.943348	149912		3142820			true
Church2025:TMAG-K5632	Church2025__TMAG-K5632	bacterial	BAC00025	genome_target	high_confidence	MAGSP0005	Clade A	d__Bacteria;p__Bacillota_I;c__Bacilli_A;o__Mycoplasmatales;f__Metamycoplasmataceae;g__;s__		0.836579	39497		466411			false
Church2025:TMAG-K5632	Church2025__TMAG-K5632	bacterial	BAC00026	genome_target	high_confidence	MAGSP0007	Clade B	d__Bacteria;p__Bacillota_I;c__Bacilli_A;o__Mycoplasmatales;f__Metamycoplasmataceae;g__;s__		0.935957	104305		751891			false
Church2025:TMAG-K5632	Church2025__TMAG-K5632	bacterial	BAC00027	genome_target	high_confidence	MAGSP0010	Clade B	d__Bacteria;p__Bacillota_I;c__Bacilli_A;o__Mycoplasmatales;f__Metamycoplasmataceae;g__;s__		0.791111	33804		154199			false
Church2025:TMAG-K5632	Church2025__TMAG-K5632	bacterial	BAC00183	genome_target	high_confidence			d__Bacteria;p__Pseudomonadota;c__Alphaproteobacteria;o__Rhodobacterales;f__Rhodobacteraceae;g__Planktomarina;s__		0.999996	628355		2272809			true
Church2025:TMAG-K5632	Church2025__TMAG-K5632	bacterial	BAC00333	genome_target	high_confidence			d__Bacteria;p__Pseudomonadota;c__Gammaproteobacteria;o__Enterobacterales;f__Vibrionaceae;g__Vibrio;s__Vibrio lentus		0.17701	9259		39815			false
Church2025:TMAG-K5632	Church2025__TMAG-K5632	bacterial	BAC00334	genome_target	high_confidence			d__Bacteria;p__Pseudomonadota;c__Gammaproteobacteria;o__Enterobacterales;f__Vibrionaceae;g__Vibrio;s__Vibrio lentus_A		0.212443	11658		48475			false
Church2025:TMAG-K5633	Church2025__TMAG-K5633	archaeal	BAC00006	genome_target	validated			d__Archaea;p__Thermoproteota;c__JANJXX01;o__JAMOTR01;f__;g__;s__		0.328708	13051		8690			false
Church2025:TMAG-K5633	Church2025__TMAG-K5633	bacterial	BAC00025	genome_target	high_confidence	MAGSP0005	Clade A	d__Bacteria;p__Bacillota_I;c__Bacilli_A;o__Mycoplasmatales;f__Metamycoplasmataceae;g__;s__		0.667181	16719		174580			false
Church2025:TMAG-K5633	Church2025__TMAG-K5633	bacterial	BAC00147	genome_target	high_confidence			d__Bacteria;p__Pseudomonadota;c__Alphaproteobacteria;o__JABSOH01;f__JABSOH01;g__;s__		0.981997	63850		1587646			true
Church2025:TMAG-K5633	Church2025__TMAG-K5633	bacterial	BAC00183	genome_target	high_confidence			d__Bacteria;p__Pseudomonadota;c__Alphaproteobacteria;o__Rhodobacterales;f__Rhodobacteraceae;g__Planktomarina;s__		0.839769	31403		237049			false
Church2025:TMAG-K5634	Church2025__TMAG-K5634	bacterial	BAC00025	genome_target	validated	MAGSP0005	Clade A	d__Bacteria;p__Bacillota_I;c__Bacilli_A;o__Mycoplasmatales;f__Metamycoplasmataceae;g__;s__		0.28621	2449		1038			false
Church2025:TMAG-K5635	Church2025__TMAG-K5635	archaeal	BAC00006	genome_target	validated			d__Archaea;p__Thermoproteota;c__JANJXX01;o__JAMOTR01;f__;g__;s__		0.132654	4499		5161			false
Church2025:TMAG-K5635	Church2025__TMAG-K5635	bacterial	BAC00019	genome_target	validated			d__Bacteria;p__Actinomycetota;c__Actinomycetes;o__Propionibacteriales;f__Propionibacteriaceae;g__Cutibacterium;s__Cutibacterium acnes		0.110022	2148		0			false
Church2025:TMAG-K5635	Church2025__TMAG-K5635	bacterial	BAC00025	genome_target	high_confidence	MAGSP0005	Clade A	d__Bacteria;p__Bacillota_I;c__Bacilli_A;o__Mycoplasmatales;f__Metamycoplasmataceae;g__;s__		0.863984	30956		566632			true
Church2025:TMAG-K5635	Church2025__TMAG-K5635	bacterial	BAC00026	genome_target	validated	MAGSP0007	Clade B	d__Bacteria;p__Bacillota_I;c__Bacilli_A;o__Mycoplasmatales;f__Metamycoplasmataceae;g__;s__		0.164074	3357		1025			false
Church2025:TMAG-K5635	Church2025__TMAG-K5635	bacterial	BAC00027	genome_target	high_confidence	MAGSP0010	Clade B	d__Bacteria;p__Bacillota_I;c__Bacilli_A;o__Mycoplasmatales;f__Metamycoplasmataceae;g__;s__		0.85016	997206		134427			true
Church2025:TMAG-K5635	Church2025__TMAG-K5635	bacterial	BAC00183	genome_target	validated			d__Bacteria;p__Pseudomonadota;c__Alphaproteobacteria;o__Rhodobacterales;f__Rhodobacteraceae;g__Planktomarina;s__		0.325521	6507		280			false
Church2025:TMAG-K5636	Church2025__TMAG-K5636	archaeal	BAC00006	genome_target	validated			d__Archaea;p__Thermoproteota;c__JANJXX01;o__JAMOTR01;f__;g__;s__		0.117472	3883		5700			false
Church2025:TMAG-K5636	Church2025__TMAG-K5636	bacterial	BAC00019	genome_target	validated			d__Bacteria;p__Actinomycetota;c__Actinomycetes;o__Propionibacteriales;f__Propionibacteriaceae;g__Cutibacterium;s__Cutibacterium acnes		0.11198	2210		0			false
Church2025:TMAG-K5636	Church2025__TMAG-K5636	bacterial	BAC00025	genome_target	high_confidence	MAGSP0005	Clade A	d__Bacteria;p__Bacillota_I;c__Bacilli_A;o__Mycoplasmatales;f__Metamycoplasmataceae;g__;s__		0.718701	11983		204384			false
Church2025:TMAG-K5636	Church2025__TMAG-K5636	bacterial	BAC00027	genome_target	validated	MAGSP0010	Clade B	d__Bacteria;p__Bacillota_I;c__Bacilli_A;o__Mycoplasmatales;f__Metamycoplasmataceae;g__;s__		0.172003	1109		0			false
Church2025:TMAG-K5636	Church2025__TMAG-K5636	bacterial	BAC00183	genome_target	validated			d__Bacteria;p__Pseudomonadota;c__Alphaproteobacteria;o__Rhodobacterales;f__Rhodobacteraceae;g__Planktomarina;s__		0.240092	4487		1176			false
Church2025:WAM-Z88480	Church2025__WAM-Z88480	bacterial	BAC00025	genome_target	high_confidence	MAGSP0005	Clade A	d__Bacteria;p__Bacillota_I;c__Bacilli_A;o__Mycoplasmatales;f__Metamycoplasmataceae;g__;s__		0.917096	313930		567529			false
Church2025:WAM-Z88480	Church2025__WAM-Z88480	bacterial	BAC00027	genome_target	high_confidence	MAGSP0010	Clade B	d__Bacteria;p__Bacillota_I;c__Bacilli_A;o__Mycoplasmatales;f__Metamycoplasmataceae;g__;s__		0.939595	294395		517295			false
Church2025:WAM-Z88480	Church2025__WAM-Z88480	bacterial	BAC00183	genome_target	validated			d__Bacteria;p__Pseudomonadota;c__Alphaproteobacteria;o__Rhodobacterales;f__Rhodobacteraceae;g__Planktomarina;s__		0.105234	2213		0			false
Church2025:WAM-Z97900	Church2025__WAM-Z97900	bacterial	BAC00025	genome_target	high_confidence	MAGSP0005	Clade A	d__Bacteria;p__Bacillota_I;c__Bacilli_A;o__Mycoplasmatales;f__Metamycoplasmataceae;g__;s__		0.85936	166041		324947			true
Church2025:WAM-Z97900	Church2025__WAM-Z97900	bacterial	BAC00183	genome_target	validated			d__Bacteria;p__Pseudomonadota;c__Alphaproteobacteria;o__Rhodobacterales;f__Rhodobacteraceae;g__Planktomarina;s__		0.443585	10711		2596			false
Church2025:WAM-Z97901	Church2025__WAM-Z97901	archaeal	BAC00006	genome_target	high_confidence			d__Archaea;p__Thermoproteota;c__JANJXX01;o__JAMOTR01;f__;g__;s__		0.814534	60251		424163			false
Church2025:WAM-Z97901	Church2025__WAM-Z97901	bacterial	BAC00025	genome_target	high_confidence	MAGSP0005	Clade A	d__Bacteria;p__Bacillota_I;c__Bacilli_A;o__Mycoplasmatales;f__Metamycoplasmataceae;g__;s__		0.858635	238692		279540			true
Church2025:WAM-Z97901	Church2025__WAM-Z97901	bacterial	BAC00027	genome_target	high_confidence	MAGSP0010	Clade B	d__Bacteria;p__Bacillota_I;c__Bacilli_A;o__Mycoplasmatales;f__Metamycoplasmataceae;g__;s__		0.934317	78811		613410			true
Church2025:WAM-Z97902	Church2025__WAM-Z97902	bacterial	BAC00019	genome_target	validated			d__Bacteria;p__Actinomycetota;c__Actinomycetes;o__Propionibacteriales;f__Propionibacteriaceae;g__Cutibacterium;s__Cutibacterium acnes		0.280553	6809		0			false
Church2025:WAM-Z97902	Church2025__WAM-Z97902	bacterial	BAC00025	genome_target	high_confidence	MAGSP0005	Clade A	d__Bacteria;p__Bacillota_I;c__Bacilli_A;o__Mycoplasmatales;f__Metamycoplasmataceae;g__;s__		0.840213	34374		468875			true
Church2025:WAM-Z97902	Church2025__WAM-Z97902	bacterial	BAC00026	genome_target	high_confidence	MAGSP0007	Clade B	d__Bacteria;p__Bacillota_I;c__Bacilli_A;o__Mycoplasmatales;f__Metamycoplasmataceae;g__;s__		0.927934	501775		826994			true
Church2025:WAM-Z97902	Church2025__WAM-Z97902	bacterial	BAC00027	genome_target	validated	MAGSP0010	Clade B	d__Bacteria;p__Bacillota_I;c__Bacilli_A;o__Mycoplasmatales;f__Metamycoplasmataceae;g__;s__		0.111818	5938		201			false
Church2025:WAM-Z97902	Church2025__WAM-Z97902	bacterial	BAC00046	genome_target	validated			d__Bacteria;p__Bacteroidota;c__Bacteroidia;o__Flavobacteriales;f__Flavobacteriaceae;g__Cellulophaga;s__Cellulophaga lytica		0.146261	4266		0			false
Church2025:WAM-Z97902	Church2025__WAM-Z97902	bacterial	BAC00051	genome_target	validated			d__Bacteria;p__Bacteroidota;c__Bacteroidia;o__Flavobacteriales;f__Flavobacteriaceae;g__Dokdonia;s__Dokdonia sp947496725		0.12276	3236		1563			false
Church2025:WAM-Z97902	Church2025__WAM-Z97902	bacterial	BAC00228	genome_target	validated			d__Bacteria;p__Pseudomonadota;c__Gammaproteobacteria;o__Enterobacterales;f__Alteromonadaceae;g__Alteromonas;s__Alteromonas macleodii_A		0.177266	7361		0			false
Church2025:WAM-Z97902	Church2025__WAM-Z97902	bacterial	BAC00246	genome_target	validated			d__Bacteria;p__Pseudomonadota;c__Gammaproteobacteria;o__Enterobacterales;f__Alteromonadaceae;g__Pseudoalteromonas;s__Pseudoalteromonas atlantica		0.460976	23962		8514			false
Church2025:WAM-Z97902	Church2025__WAM-Z97902	bacterial	BAC00250	genome_target	high_confidence			d__Bacteria;p__Pseudomonadota;c__Gammaproteobacteria;o__Enterobacterales;f__Alteromonadaceae;g__Pseudoalteromonas;s__Pseudoalteromonas espejiana		0.866467	374139		2869082			true
Church2025:WAM-Z97902	Church2025__WAM-Z97902	bacterial	BAC00276	genome_target	high_confidence			d__Bacteria;p__Pseudomonadota;c__Gammaproteobacteria;o__Enterobacterales;f__Alteromonadaceae;g__Pseudoalteromonas;s__Pseudoalteromonas sp030296835		0.157324	11051		33171			false
Church2025:WAM-Z97902	Church2025__WAM-Z97902	bacterial	BAC00291	genome_target	validated			d__Bacteria;p__Pseudomonadota;c__Gammaproteobacteria;o__Enterobacterales;f__Psychromonadaceae;g__Psychromonas;s__Psychromonas sp003318165		0.22668	9234		5101			false
Church2025:WAM-Z97902	Church2025__WAM-Z97902	bacterial	BAC00342	genome_target	high_confidence			d__Bacteria;p__Pseudomonadota;c__Gammaproteobacteria;o__Enterobacterales;f__Vibrionaceae;g__Vibrio;s__Vibrio pomeroyi		0.113676	5690		11342			false
Church2025:WAM-Z97902	Church2025__WAM-Z97902	bacterial	BAC00384	genome_target	high_confidence			d__Bacteria;p__Pseudomonadota;c__Gammaproteobacteria;o__Pseudomonadales;f__Halomonadaceae;g__Cobetia;s__Cobetia amphilecti		0.654992	51653		1196807			false
Church2025:WAM-Z97902	Church2025__WAM-Z97902	bacterial	BAC00386	genome_target	high_confidence			d__Bacteria;p__Pseudomonadota;c__Gammaproteobacteria;o__Pseudomonadales;f__Halomonadaceae;g__Cobetia;s__Cobetia sp016495405		0.324083	15959		58943			false
Church2025:WAM-Z97903	Church2025__WAM-Z97903	bacterial	BAC00025	genome_target	high_confidence	MAGSP0005	Clade A	d__Bacteria;p__Bacillota_I;c__Bacilli_A;o__Mycoplasmatales;f__Metamycoplasmataceae;g__;s__		0.879234	155856		349781			true
Church2025:WAM-Z97903	Church2025__WAM-Z97903	bacterial	BAC00027	genome_target	high_confidence	MAGSP0010	Clade B	d__Bacteria;p__Bacillota_I;c__Bacilli_A;o__Mycoplasmatales;f__Metamycoplasmataceae;g__;s__		0.878673	17910		430165			false
Church2025:WAM-Z97903	Church2025__WAM-Z97903	bacterial	BAC00316	genome_target	high_confidence			d__Bacteria;p__Pseudomonadota;c__Gammaproteobacteria;o__Enterobacterales;f__Vibrionaceae;g__Vibrio;s__Vibrio chagasii_A		0.154945	9513		211590			false
Church2025:WAM-Z97903	Church2025__WAM-Z97903	bacterial	BAC00351	genome_target	high_confidence			d__Bacteria;p__Pseudomonadota;c__Gammaproteobacteria;o__Enterobacterales;f__Vibrionaceae;g__Vibrio;s__Vibrio sp022398115		0.319886	25866		605938			false
Church2025:WAM-Z97906	Church2025__WAM-Z97906	bacterial	BAC00027	genome_target	high_confidence	MAGSP0010	Clade B	d__Bacteria;p__Bacillota_I;c__Bacilli_A;o__Mycoplasmatales;f__Metamycoplasmataceae;g__;s__		0.92668	108840		539660			true
Church2025:WAM-Z97907	Church2025__WAM-Z97907	bacterial	BAC00025	genome_target	high_confidence	MAGSP0005	Clade A	d__Bacteria;p__Bacillota_I;c__Bacilli_A;o__Mycoplasmatales;f__Metamycoplasmataceae;g__;s__		0.907721	66612		638821			true
Church2025:WAM-Z97907	Church2025__WAM-Z97907	bacterial	BAC00026	genome_target	high_confidence	MAGSP0007	Clade B	d__Bacteria;p__Bacillota_I;c__Bacilli_A;o__Mycoplasmatales;f__Metamycoplasmataceae;g__;s__		0.898686	226925		670057			false
Church2025:WAM-Z97907	Church2025__WAM-Z97907	bacterial	BAC00027	genome_target	high_confidence	MAGSP0010	Clade B	d__Bacteria;p__Bacillota_I;c__Bacilli_A;o__Mycoplasmatales;f__Metamycoplasmataceae;g__;s__		0.936327	204298		686615			false
Church2025:WAM-Z97907	Church2025__WAM-Z97907	bacterial	BAC00029	genome_target	validated	MAGSP0031	Clade B	d__Bacteria;p__Bacillota_I;c__Bacilli_A;o__Mycoplasmatales;f__Metamycoplasmataceae;g__;s__		0.123324	748		0			false
Church2025:WAM-Z97907	Church2025__WAM-Z97907	bacterial	BAC00146	genome_target	validated			d__Bacteria;p__Pseudomonadota;c__Alphaproteobacteria;o__JABSOH01;f__JABSOH01;g__;s__		0.139369	2226		0			false
Church2025:WAM-Z97907	Church2025__WAM-Z97907	bacterial	BAC00166	genome_target	validated			d__Bacteria;p__Pseudomonadota;c__Alphaproteobacteria;o__Rhodobacterales;f__Rhodobacteraceae;g__Cognatishimia;s__		0.147668	3478		4293			false
Church2025:WAM-Z97908	Church2025__WAM-Z97908	bacterial	BAC00025	genome_target	high_confidence	MAGSP0005	Clade A	d__Bacteria;p__Bacillota_I;c__Bacilli_A;o__Mycoplasmatales;f__Metamycoplasmataceae;g__;s__		0.897207	291467		329426			true
Church2025:WAM-Z97908	Church2025__WAM-Z97908	bacterial	BAC00027	genome_target	high_confidence	MAGSP0010	Clade B	d__Bacteria;p__Bacillota_I;c__Bacilli_A;o__Mycoplasmatales;f__Metamycoplasmataceae;g__;s__		0.859343	397286		120178			false
Church2025:WAM-Z97908	Church2025__WAM-Z97908	bacterial	BAC00028	genome_target	high_confidence	MAGSP0029	Clade B	d__Bacteria;p__Bacillota_I;c__Bacilli_A;o__Mycoplasmatales;f__Metamycoplasmataceae;g__;s__		0.118592	9933		23074			false
Church2025:WAM-Z97908	Church2025__WAM-Z97908	bacterial	BAC00029	genome_target	high_confidence	MAGSP0031	Clade B	d__Bacteria;p__Bacillota_I;c__Bacilli_A;o__Mycoplasmatales;f__Metamycoplasmataceae;g__;s__		0.790768	643662		693217			false
Church2025:WAM-Z97908	Church2025__WAM-Z97908	bacterial	BAC00113	genome_target	validated			d__Bacteria;p__Cyanobacteriota;c__Cyanobacteriia;o__Cyanobacteriales;f__Microcoleaceae;g__Trichodesmium;s__Trichodesmium erythraeum		0.133287	7357		0			false
Church2025:WAM-Z97908	Church2025__WAM-Z97908	bacterial	BAC00146	genome_target	validated			d__Bacteria;p__Pseudomonadota;c__Alphaproteobacteria;o__JABSOH01;f__JABSOH01;g__;s__		0.156134	2498		1106			false
Church2025:WAM-Z97910	Church2025__WAM-Z97910	bacterial	BAC00019	genome_target	validated			d__Bacteria;p__Actinomycetota;c__Actinomycetes;o__Propionibacteriales;f__Propionibacteriaceae;g__Cutibacterium;s__Cutibacterium acnes		0.201432	4617		0			false
Church2025:WAM-Z97910	Church2025__WAM-Z97910	bacterial	BAC00025	genome_target	high_confidence	MAGSP0005	Clade A	d__Bacteria;p__Bacillota_I;c__Bacilli_A;o__Mycoplasmatales;f__Metamycoplasmataceae;g__;s__		0.764983	49630		202848			true
Church2025:WAM-Z97910	Church2025__WAM-Z97910	bacterial	BAC00029	genome_target	high_confidence	MAGSP0031	Clade B	d__Bacteria;p__Bacillota_I;c__Bacilli_A;o__Mycoplasmatales;f__Metamycoplasmataceae;g__;s__		0.789791	37635		774230			true
Church2025:WAM-Z97910	Church2025__WAM-Z97910	bacterial	BAC00216	genome_target	validated			d__Bacteria;p__Pseudomonadota;c__Gammaproteobacteria;o__Burkholderiales;f__Burkholderiaceae;g__Pelomonas;s__Pelomonas sp003963075		0.124	5118		0			false
Church2025:WAM-Z97910	Church2025__WAM-Z97910	bacterial	BAC00250	genome_target	validated			d__Bacteria;p__Pseudomonadota;c__Gammaproteobacteria;o__Enterobacterales;f__Alteromonadaceae;g__Pseudoalteromonas;s__Pseudoalteromonas espejiana		0.233773	9312		2254			false
Church2025:WAM-Z97910	Church2025__WAM-Z97910	bacterial	BAC00384	genome_target	high_confidence			d__Bacteria;p__Pseudomonadota;c__Gammaproteobacteria;o__Pseudomonadales;f__Halomonadaceae;g__Cobetia;s__Cobetia amphilecti		0.420948	19956		39926			false
Church2025:WAM-Z97910	Church2025__WAM-Z97910	bacterial	BAC00386	genome_target	validated			d__Bacteria;p__Pseudomonadota;c__Gammaproteobacteria;o__Pseudomonadales;f__Halomonadaceae;g__Cobetia;s__Cobetia sp016495405		0.138074	5507		8494			false
Church2025:WAM-Z97911	Church2025__WAM-Z97911	bacterial	BAC00025	genome_target	high_confidence	MAGSP0005	Clade A	d__Bacteria;p__Bacillota_I;c__Bacilli_A;o__Mycoplasmatales;f__Metamycoplasmataceae;g__;s__		0.845559	69398		246203			true
Church2025:WAM-Z97911	Church2025__WAM-Z97911	bacterial	BAC00026	genome_target	validated	MAGSP0007	Clade B	d__Bacteria;p__Bacillota_I;c__Bacilli_A;o__Mycoplasmatales;f__Metamycoplasmataceae;g__;s__		0.182561	6711		396			false
Church2025:WAM-Z97911	Church2025__WAM-Z97911	bacterial	BAC00027	genome_target	high_confidence	MAGSP0010	Clade B	d__Bacteria;p__Bacillota_I;c__Bacilli_A;o__Mycoplasmatales;f__Metamycoplasmataceae;g__;s__		0.831248	202955		267891			true
Church2025:WAM-Z97911	Church2025__WAM-Z97911	bacterial	BAC00250	genome_target	validated			d__Bacteria;p__Pseudomonadota;c__Gammaproteobacteria;o__Enterobacterales;f__Alteromonadaceae;g__Pseudoalteromonas;s__Pseudoalteromonas espejiana		0.364617	17447		7068			false
Church2025:WAM-Z97911	Church2025__WAM-Z97911	bacterial	BAC00384	genome_target	validated			d__Bacteria;p__Pseudomonadota;c__Gammaproteobacteria;o__Pseudomonadales;f__Halomonadaceae;g__Cobetia;s__Cobetia amphilecti		0.157698	5847		0			false
Church2025:WAM-Z97914	Church2025__WAM-Z97914	bacterial	BAC00025	genome_target	high_confidence	MAGSP0005	Clade A	d__Bacteria;p__Bacillota_I;c__Bacilli_A;o__Mycoplasmatales;f__Metamycoplasmataceae;g__;s__		0.860024	134746		607757			false
Church2025:WAM-Z97914	Church2025__WAM-Z97914	bacterial	BAC00250	genome_target	validated			d__Bacteria;p__Pseudomonadota;c__Gammaproteobacteria;o__Enterobacterales;f__Alteromonadaceae;g__Pseudoalteromonas;s__Pseudoalteromonas espejiana		0.121362	4484		1426			false
Church2025:WAM-Z97916	Church2025__WAM-Z97916	bacterial	BAC00025	genome_target	high_confidence	MAGSP0005	Clade A	d__Bacteria;p__Bacillota_I;c__Bacilli_A;o__Mycoplasmatales;f__Metamycoplasmataceae;g__;s__		0.902498	729556		483701			true
Church2025:WAM-Z97916	Church2025__WAM-Z97916	bacterial	BAC00026	genome_target	validated	MAGSP0007	Clade B	d__Bacteria;p__Bacillota_I;c__Bacilli_A;o__Mycoplasmatales;f__Metamycoplasmataceae;g__;s__		0.180725	17316		0			false
Church2025:WAM-Z97916	Church2025__WAM-Z97916	bacterial	BAC00027	genome_target	high_confidence	MAGSP0010	Clade B	d__Bacteria;p__Bacillota_I;c__Bacilli_A;o__Mycoplasmatales;f__Metamycoplasmataceae;g__;s__		0.836774	836248		219297			true
Church2025:WAM-Z97916	Church2025__WAM-Z97916	bacterial	BAC00146	genome_target	validated			d__Bacteria;p__Pseudomonadota;c__Alphaproteobacteria;o__JABSOH01;f__JABSOH01;g__;s__		0.234715	4316		2020			false
Church2025:WAM-Z97916	Church2025__WAM-Z97916	bacterial	BAC00166	genome_target	validated			d__Bacteria;p__Pseudomonadota;c__Alphaproteobacteria;o__Rhodobacterales;f__Rhodobacteraceae;g__Cognatishimia;s__		0.12553	3098		5030			false
Church2025:WAM-Z97916	Church2025__WAM-Z97916	bacterial	BAC00250	genome_target	high_confidence			d__Bacteria;p__Pseudomonadota;c__Gammaproteobacteria;o__Enterobacterales;f__Alteromonadaceae;g__Pseudoalteromonas;s__Pseudoalteromonas espejiana		0.544757	32903		128235			false
Church2025:WAM-Z97916	Church2025__WAM-Z97916	bacterial	BAC00384	genome_target	validated			d__Bacteria;p__Pseudomonadota;c__Gammaproteobacteria;o__Pseudomonadales;f__Halomonadaceae;g__Cobetia;s__Cobetia amphilecti		0.194968	7372		0			false
Church2025:WAM-Z97917	Church2025__WAM-Z97917	bacterial	BAC00019	genome_target	validated			d__Bacteria;p__Actinomycetota;c__Actinomycetes;o__Propionibacteriales;f__Propionibacteriaceae;g__Cutibacterium;s__Cutibacterium acnes		0.135249	3610		0			false
Church2025:WAM-Z97917	Church2025__WAM-Z97917	bacterial	BAC00025	genome_target	high_confidence	MAGSP0005	Clade A	d__Bacteria;p__Bacillota_I;c__Bacilli_A;o__Mycoplasmatales;f__Metamycoplasmataceae;g__;s__		1.0	2015505		819221			true
Church2025:WAM-Z97917	Church2025__WAM-Z97917	bacterial	BAC00026	genome_target	high_confidence	MAGSP0007	Clade B	d__Bacteria;p__Bacillota_I;c__Bacilli_A;o__Mycoplasmatales;f__Metamycoplasmataceae;g__;s__		0.860595	342821		641780			true
Church2025:WAM-Z97917	Church2025__WAM-Z97917	bacterial	BAC00027	genome_target	high_confidence	MAGSP0010	Clade B	d__Bacteria;p__Bacillota_I;c__Bacilli_A;o__Mycoplasmatales;f__Metamycoplasmataceae;g__;s__		0.889646	188823		287472			true
Church2025:WAM-Z97917	Church2025__WAM-Z97917	bacterial	BAC00028	genome_target	validated	MAGSP0029	Clade B	d__Bacteria;p__Bacillota_I;c__Bacilli_A;o__Mycoplasmatales;f__Metamycoplasmataceae;g__;s__		0.111873	7885		6466			false
Church2025:WAM-Z97917	Church2025__WAM-Z97917	bacterial	BAC00166	genome_target	validated			d__Bacteria;p__Pseudomonadota;c__Alphaproteobacteria;o__Rhodobacterales;f__Rhodobacteraceae;g__Cognatishimia;s__		0.362471	12580		7574			false
Church2025:WAM-Z97920	Church2025__WAM-Z97920	bacterial	BAC00025	genome_target	high_confidence	MAGSP0005	Clade A	d__Bacteria;p__Bacillota_I;c__Bacilli_A;o__Mycoplasmatales;f__Metamycoplasmataceae;g__;s__		0.926288	232977		615812			true
Church2025:WAM-Z97920	Church2025__WAM-Z97920	bacterial	BAC00026	genome_target	high_confidence	MAGSP0007	Clade B	d__Bacteria;p__Bacillota_I;c__Bacilli_A;o__Mycoplasmatales;f__Metamycoplasmataceae;g__;s__		0.751126	16625		253379			false
Church2025:WAM-Z97920	Church2025__WAM-Z97920	bacterial	BAC00027	genome_target	high_confidence	MAGSP0010	Clade B	d__Bacteria;p__Bacillota_I;c__Bacilli_A;o__Mycoplasmatales;f__Metamycoplasmataceae;g__;s__		0.827034	28333		440877			false
Church2025:WAM-Z97921	Church2025__WAM-Z97921	bacterial	BAC00025	genome_target	high_confidence	MAGSP0005	Clade A	d__Bacteria;p__Bacillota_I;c__Bacilli_A;o__Mycoplasmatales;f__Metamycoplasmataceae;g__;s__		0.933305	92585		572398			false
Church2025:WAM-Z97921	Church2025__WAM-Z97921	bacterial	BAC00026	genome_target	high_confidence	MAGSP0007	Clade B	d__Bacteria;p__Bacillota_I;c__Bacilli_A;o__Mycoplasmatales;f__Metamycoplasmataceae;g__;s__		0.881602	112023		632125			false
Church2025:WAM-Z97921	Church2025__WAM-Z97921	bacterial	BAC00027	genome_target	high_confidence	MAGSP0010	Clade B	d__Bacteria;p__Bacillota_I;c__Bacilli_A;o__Mycoplasmatales;f__Metamycoplasmataceae;g__;s__		0.92935	169366		694980			false
Church2025:WAM-Z97921	Church2025__WAM-Z97921	bacterial	BAC00028	genome_target	high_confidence	MAGSP0029	Clade B	d__Bacteria;p__Bacillota_I;c__Bacilli_A;o__Mycoplasmatales;f__Metamycoplasmataceae;g__;s__		0.113515	4588		24083			false
Church2025:WAM-Z97921	Church2025__WAM-Z97921	bacterial	BAC00118	genome_target	validated			d__Bacteria;p__Cyanobacteriota;c__Cyanobacteriia;o__PCC-6307;f__Cyanobiaceae;g__Parasynechococcus;s__Parasynechococcus sp002724845		0.171797	2820		0			false
Church2025:WAM-Z97921	Church2025__WAM-Z97921	bacterial	BAC00139	genome_target	validated			d__Bacteria;p__Planctomycetota;c__UBA1135;o__UBA1135;f__GCA-002686595;g__GCA-2862085;s__		0.137423	2996		0			false
Church2025:WAM-Z97921	Church2025__WAM-Z97921	bacterial	BAC00146	genome_target	validated			d__Bacteria;p__Pseudomonadota;c__Alphaproteobacteria;o__JABSOH01;f__JABSOH01;g__;s__		0.356022	7150		2623			false
Church2025:WAM-Z97923	Church2025__WAM-Z97923	bacterial	BAC00025	genome_target	validated	MAGSP0005	Clade A	d__Bacteria;p__Bacillota_I;c__Bacilli_A;o__Mycoplasmatales;f__Metamycoplasmataceae;g__;s__		0.196429	6548		1464			false
Church2025:WAM-Z97923	Church2025__WAM-Z97923	bacterial	BAC00027	genome_target	high_confidence	MAGSP0010	Clade B	d__Bacteria;p__Bacillota_I;c__Bacilli_A;o__Mycoplasmatales;f__Metamycoplasmataceae;g__;s__		0.874932	58869		180520			true
Church2025:YPM-IZ-104460	Church2025__YPM-IZ-104460	bacterial	BAC00289	genome_target	validated			d__Bacteria;p__Pseudomonadota;c__Gammaproteobacteria;o__Enterobacterales;f__Enterobacteriaceae;g__Serratia;s__Serratia nevei		0.383432	19566		4423			false
Church2025:YPM-IZ-104461	Church2025__YPM-IZ-104461	bacterial	BAC00146	genome_target	validated			d__Bacteria;p__Pseudomonadota;c__Alphaproteobacteria;o__JABSOH01;f__JABSOH01;g__;s__		0.226805	3476		2188			false
Church2025:YPM-IZ-104461	Church2025__YPM-IZ-104461	bacterial	BAC00166	genome_target	validated			d__Bacteria;p__Pseudomonadota;c__Alphaproteobacteria;o__Rhodobacterales;f__Rhodobacteraceae;g__Cognatishimia;s__		0.103793	2000		4600			false
Church2025:YPM-IZ-104461	Church2025__YPM-IZ-104461	bacterial	BAC00289	genome_target	validated			d__Bacteria;p__Pseudomonadota;c__Gammaproteobacteria;o__Enterobacterales;f__Enterobacteriaceae;g__Serratia;s__Serratia nevei		0.427625	23226		3706			false
Church2025:YPM-IZ-104464	Church2025__YPM-IZ-104464	bacterial	BAC00146	genome_target	validated			d__Bacteria;p__Pseudomonadota;c__Alphaproteobacteria;o__JABSOH01;f__JABSOH01;g__;s__		0.43541	9924		3302			false
Church2025:YPM-IZ-104464	Church2025__YPM-IZ-104464	bacterial	BAC00166	genome_target	high_confidence			d__Bacteria;p__Pseudomonadota;c__Alphaproteobacteria;o__Rhodobacterales;f__Rhodobacteraceae;g__Cognatishimia;s__		0.55518	22739		29549			false
Church2025:YPM-IZ-104464	Church2025__YPM-IZ-104464	bacterial	BAC00167	genome_target	high_confidence			d__Bacteria;p__Pseudomonadota;c__Alphaproteobacteria;o__Rhodobacterales;f__Rhodobacteraceae;g__Cognatishimia;s__		0.665237	34433		88648			false
Church2025:YPM-IZ-104464	Church2025__YPM-IZ-104464	bacterial	BAC00289	genome_target	high_confidence			d__Bacteria;p__Pseudomonadota;c__Gammaproteobacteria;o__Enterobacterales;f__Enterobacteriaceae;g__Serratia;s__Serratia nevei		0.854903	800320		2762129			true
Church2025:YPM-IZ-104465	Church2025__YPM-IZ-104465	bacterial	BAC00146	genome_target	validated			d__Bacteria;p__Pseudomonadota;c__Alphaproteobacteria;o__JABSOH01;f__JABSOH01;g__;s__		0.439258	11083		2742			false
Church2025:YPM-IZ-104465	Church2025__YPM-IZ-104465	bacterial	BAC00167	genome_target	high_confidence			d__Bacteria;p__Pseudomonadota;c__Alphaproteobacteria;o__Rhodobacterales;f__Rhodobacteraceae;g__Cognatishimia;s__		0.535495	27291		48106			false
Church2025:YPM-IZ-104465	Church2025__YPM-IZ-104465	bacterial	BAC00289	genome_target	high_confidence			d__Bacteria;p__Pseudomonadota;c__Gammaproteobacteria;o__Enterobacterales;f__Enterobacteriaceae;g__Serratia;s__Serratia nevei		0.649199	68229		160483			false
Church2025:YPM-IZ-106919	Church2025__YPM-IZ-106919	bacterial	BAC00146	genome_target	high_confidence			d__Bacteria;p__Pseudomonadota;c__Alphaproteobacteria;o__JABSOH01;f__JABSOH01;g__;s__		0.99644	91580		1902301			true
Church2025:YPM-IZ-106919	Church2025__YPM-IZ-106919	bacterial	BAC00166	genome_target	high_confidence			d__Bacteria;p__Pseudomonadota;c__Alphaproteobacteria;o__Rhodobacterales;f__Rhodobacteraceae;g__Cognatishimia;s__		0.874664	58573		1509383			false
Church2025:YPM-IZ-106919	Church2025__YPM-IZ-106919	bacterial	BAC00375	genome_target	high_confidence			d__Bacteria;p__Pseudomonadota;c__Gammaproteobacteria;o__Pseudomonadales;f__DT-91;g__CAKMZU01;s__		0.999767	1548380		4142718			true
Church2025:YPM-IZ-106920	Church2025__YPM-IZ-106920	bacterial	BAC00146	genome_target	validated			d__Bacteria;p__Pseudomonadota;c__Alphaproteobacteria;o__JABSOH01;f__JABSOH01;g__;s__		0.153017	2583		489			false
Church2025:YPM-IZ-106920	Church2025__YPM-IZ-106920	bacterial	BAC00375	genome_target	high_confidence			d__Bacteria;p__Pseudomonadota;c__Gammaproteobacteria;o__Pseudomonadales;f__DT-91;g__CAKMZU01;s__		0.909671	80650		1181533			false
Church2025:YPM-IZ-106923	Church2025__YPM-IZ-106923	bacterial	BAC00028	genome_target	high_confidence	MAGSP0029	Clade B	d__Bacteria;p__Bacillota_I;c__Bacilli_A;o__Mycoplasmatales;f__Metamycoplasmataceae;g__;s__		0.988703	18312		570426			true
Church2025:YPM-IZ-106923	Church2025__YPM-IZ-106923	bacterial	BAC00146	genome_target	validated			d__Bacteria;p__Pseudomonadota;c__Alphaproteobacteria;o__JABSOH01;f__JABSOH01;g__;s__		0.221785	4085		1495			false
Church2025:YPM-IZ-106923	Church2025__YPM-IZ-106923	bacterial	BAC00166	genome_target	high_confidence			d__Bacteria;p__Pseudomonadota;c__Alphaproteobacteria;o__Rhodobacterales;f__Rhodobacteraceae;g__Cognatishimia;s__		0.624494	26135		51416			false
Church2025:YPM-IZ-106923	Church2025__YPM-IZ-106923	bacterial	BAC00167	genome_target	high_confidence			d__Bacteria;p__Pseudomonadota;c__Alphaproteobacteria;o__Rhodobacterales;f__Rhodobacteraceae;g__Cognatishimia;s__		0.642998	32105		87037			false
Church2025:YPM-IZ-106923	Church2025__YPM-IZ-106923	bacterial	BAC00307	genome_target	validated			d__Bacteria;p__Pseudomonadota;c__Gammaproteobacteria;o__Enterobacterales;f__Vibrionaceae;g__Photobacterium;s__Photobacterium swingsii		0.209968	11280		845			false
Church2025:YPM-IZ-106923	Church2025__YPM-IZ-106923	bacterial	BAC00316	genome_target	validated			d__Bacteria;p__Pseudomonadota;c__Gammaproteobacteria;o__Enterobacterales;f__Vibrionaceae;g__Vibrio;s__Vibrio chagasii_A		0.101882	4679		4168			false
Church2025:YPM-IZ-106923	Church2025__YPM-IZ-106923	bacterial	BAC00317	genome_target	validated			d__Bacteria;p__Pseudomonadota;c__Gammaproteobacteria;o__Enterobacterales;f__Vibrionaceae;g__Vibrio;s__Vibrio chagasii_B		0.200203	10572		7448			false
Church2025:YPM-IZ-106923	Church2025__YPM-IZ-106923	bacterial	BAC00351	genome_target	validated			d__Bacteria;p__Pseudomonadota;c__Gammaproteobacteria;o__Enterobacterales;f__Vibrionaceae;g__Vibrio;s__Vibrio sp022398115		0.102094	5641		3769			false
Church2025:YPM-IZ-106954	Church2025__YPM-IZ-106954	bacterial	BAC00027	genome_target	high_confidence	MAGSP0010	Clade B	d__Bacteria;p__Bacillota_I;c__Bacilli_A;o__Mycoplasmatales;f__Metamycoplasmataceae;g__;s__		0.840382	45201		386062			true
Church2025:YPM-IZ-110251	Church2025__YPM-IZ-110251	bacterial	BAC00019	genome_target	validated			d__Bacteria;p__Actinomycetota;c__Actinomycetes;o__Propionibacteriales;f__Propionibacteriaceae;g__Cutibacterium;s__Cutibacterium acnes		0.114974	2911		0			false
Church2025:YPM-IZ-110254	Church2025__YPM-IZ-110254	bacterial	BAC00019	genome_target	validated			d__Bacteria;p__Actinomycetota;c__Actinomycetes;o__Propionibacteriales;f__Propionibacteriaceae;g__Cutibacterium;s__Cutibacterium acnes		0.105423	2821		0			false
Church2025:YPM-IZ-110264	Church2025__YPM-IZ-110264	bacterial	BAC00019	genome_target	validated			d__Bacteria;p__Actinomycetota;c__Actinomycetes;o__Propionibacteriales;f__Propionibacteriaceae;g__Cutibacterium;s__Cutibacterium acnes		0.233446	5221		0			false
Church2025:YPM-IZ-110264	Church2025__YPM-IZ-110264	bacterial	BAC00166	genome_target	high_confidence			d__Bacteria;p__Pseudomonadota;c__Alphaproteobacteria;o__Rhodobacterales;f__Rhodobacteraceae;g__Cognatishimia;s__		0.559725	17142		28079			false
Church2025:YPM-IZ-110264	Church2025__YPM-IZ-110264	bacterial	BAC00167	genome_target	high_confidence			d__Bacteria;p__Pseudomonadota;c__Alphaproteobacteria;o__Rhodobacterales;f__Rhodobacteraceae;g__Cognatishimia;s__		0.415254	12885		15635			false
Church2025:YPM-IZ-110276	Church2025__YPM-IZ-110276	bacterial	BAC00166	genome_target	high_confidence			d__Bacteria;p__Pseudomonadota;c__Alphaproteobacteria;o__Rhodobacterales;f__Rhodobacteraceae;g__Cognatishimia;s__		0.142751	2940		12136			false
Church2025:YPM-IZ-110277	Church2025__YPM-IZ-110277	bacterial	BAC00166	genome_target	high_confidence			d__Bacteria;p__Pseudomonadota;c__Alphaproteobacteria;o__Rhodobacterales;f__Rhodobacteraceae;g__Cognatishimia;s__		0.813025	37219		481265			false
Church2025:YPM-IZ-110433	Church2025__YPM-IZ-110433	bacterial	BAC00277	genome_target	validated			d__Bacteria;p__Pseudomonadota;c__Gammaproteobacteria;o__Enterobacterales;f__Alteromonadaceae;g__Pseudoalteromonas;s__Pseudoalteromonas spongiae		0.109423	4231		0			false
Church2025:YPM-IZ-110433	Church2025__YPM-IZ-110433	bacterial	BAC00304	genome_target	validated			d__Bacteria;p__Pseudomonadota;c__Gammaproteobacteria;o__Enterobacterales;f__Vibrionaceae;g__Photobacterium;s__Photobacterium jeanii		0.428886	23383		4733			false
Church2025:YPM-IZ-110433	Church2025__YPM-IZ-110433	bacterial	BAC00308	genome_target	high_confidence			d__Bacteria;p__Pseudomonadota;c__Gammaproteobacteria;o__Enterobacterales;f__Vibrionaceae;g__Vibrio;s__Vibrio alginolyticus		0.896105	170297		3570870			false
Church2025:YPM-IZ-110433	Church2025__YPM-IZ-110433	bacterial	BAC00319	genome_target	validated			d__Bacteria;p__Pseudomonadota;c__Gammaproteobacteria;o__Enterobacterales;f__Vibrionaceae;g__Vibrio;s__Vibrio coralliilyticus		0.162867	8292		6791			false
Church2025:YPM-IZ-110433	Church2025__YPM-IZ-110433	bacterial	BAC00324	genome_target	high_confidence			d__Bacteria;p__Pseudomonadota;c__Gammaproteobacteria;o__Enterobacterales;f__Vibrionaceae;g__Vibrio;s__Vibrio diabolicus		0.10545	6632		45202			false
Church2025:YPM-IZ-110433	Church2025__YPM-IZ-110433	bacterial	BAC00326	genome_target	high_confidence			d__Bacteria;p__Pseudomonadota;c__Gammaproteobacteria;o__Enterobacterales;f__Vibrionaceae;g__Vibrio;s__Vibrio europaeus		0.226939	22799		285752			false
Church2025:YPM-IZ-110433	Church2025__YPM-IZ-110433	bacterial	BAC00328	genome_target	high_confidence			d__Bacteria;p__Pseudomonadota;c__Gammaproteobacteria;o__Enterobacterales;f__Vibrionaceae;g__Vibrio;s__Vibrio fortis_A		0.373219	25240		218335			false
Church2025:YPM-IZ-110433	Church2025__YPM-IZ-110433	bacterial	BAC00331	genome_target	high_confidence			d__Bacteria;p__Pseudomonadota;c__Gammaproteobacteria;o__Enterobacterales;f__Vibrionaceae;g__Vibrio;s__Vibrio harveyi		0.918677	307208		4738881			false
Church2025:YPM-IZ-110433	Church2025__YPM-IZ-110433	bacterial	BAC00337	genome_target	validated			d__Bacteria;p__Pseudomonadota;c__Gammaproteobacteria;o__Enterobacterales;f__Vibrionaceae;g__Vibrio;s__Vibrio neptunius		0.221444	9732		173			false
Church2025:YPM-IZ-110433	Church2025__YPM-IZ-110433	bacterial	BAC00339	genome_target	high_confidence			d__Bacteria;p__Pseudomonadota;c__Gammaproteobacteria;o__Enterobacterales;f__Vibrionaceae;g__Vibrio;s__Vibrio owensii		0.186433	17084		161839			false
Church2025:YPM-IZ-110433	Church2025__YPM-IZ-110433	bacterial	BAC00341	genome_target	high_confidence			d__Bacteria;p__Pseudomonadota;c__Gammaproteobacteria;o__Enterobacterales;f__Vibrionaceae;g__Vibrio;s__Vibrio pelagius		0.499717	44575		737356			false
Church2025:YPM-IZ-110433	Church2025__YPM-IZ-110433	bacterial	BAC00343	genome_target	high_confidence			d__Bacteria;p__Pseudomonadota;c__Gammaproteobacteria;o__Enterobacterales;f__Vibrionaceae;g__Vibrio;s__Vibrio rotiferianus		0.154039	9159		24454			false
Church2025:YPM-IZ-110433	Church2025__YPM-IZ-110433	bacterial	BAC00357	genome_target	high_confidence			d__Bacteria;p__Pseudomonadota;c__Gammaproteobacteria;o__Enterobacterales;f__Vibrionaceae;g__Vibrio;s__Vibrio tubiashii_B		0.523885	69391		1948519			false
Church2025:YPM-IZ-110434	Church2025__YPM-IZ-110434	bacterial	BAC00337	genome_target	validated			d__Bacteria;p__Pseudomonadota;c__Gammaproteobacteria;o__Enterobacterales;f__Vibrionaceae;g__Vibrio;s__Vibrio neptunius		0.101058	3976		0			false
Church2025:YPM-IZ-110434	Church2025__YPM-IZ-110434	bacterial	BAC00341	genome_target	validated			d__Bacteria;p__Pseudomonadota;c__Gammaproteobacteria;o__Enterobacterales;f__Vibrionaceae;g__Vibrio;s__Vibrio pelagius		0.113252	4773		4732			false
Church2025:YPM-IZ-110436	Church2025__YPM-IZ-110436	bacterial	BAC00027	genome_target	high_confidence	MAGSP0010	Clade B	d__Bacteria;p__Bacillota_I;c__Bacilli_A;o__Mycoplasmatales;f__Metamycoplasmataceae;g__;s__		0.471425	7331		97914			false
Church2025:YPM-IZ-110467	Church2025__YPM-IZ-110467	bacterial	BAC00027	genome_target	high_confidence	MAGSP0010	Clade B	d__Bacteria;p__Bacillota_I;c__Bacilli_A;o__Mycoplasmatales;f__Metamycoplasmataceae;g__;s__		0.532572	5528		13246			false
Church2025:YPM-IZ-110467	Church2025__YPM-IZ-110467	bacterial	BAC00362	genome_target	high_confidence			d__Bacteria;p__Pseudomonadota;c__Gammaproteobacteria;o__JABDGN01;f__JABDGN01;g__;s__		0.217414	7821		14380			false
Church2025:YPM-IZ-110468	Church2025__YPM-IZ-110468	bacterial	BAC00025	genome_target	high_confidence	MAGSP0005	Clade A	d__Bacteria;p__Bacillota_I;c__Bacilli_A;o__Mycoplasmatales;f__Metamycoplasmataceae;g__;s__		0.828475	223683		319869			true
Church2025:YPM-IZ-110468	Church2025__YPM-IZ-110468	bacterial	BAC00362	genome_target	high_confidence			d__Bacteria;p__Pseudomonadota;c__Gammaproteobacteria;o__JABDGN01;f__JABDGN01;g__;s__		0.213248	8816		15825			false
Church2025:YPM-IZ-110469	Church2025__YPM-IZ-110469	archaeal	BAC00006	genome_target	high_confidence			d__Archaea;p__Thermoproteota;c__JANJXX01;o__JAMOTR01;f__;g__;s__		0.995514	196037		4062497			true
Church2025:YPM-IZ-110469	Church2025__YPM-IZ-110469	bacterial	BAC00025	genome_target	high_confidence	MAGSP0005	Clade A	d__Bacteria;p__Bacillota_I;c__Bacilli_A;o__Mycoplasmatales;f__Metamycoplasmataceae;g__;s__		0.726699	12288		150685			false
Church2025:YPM-IZ-110469	Church2025__YPM-IZ-110469	bacterial	BAC00042	genome_target	validated			d__Bacteria;p__Bacteroidota;c__Bacteroidia;o__Flavobacteriales;f__Flavobacteriaceae;g__Aquimarina;s__Aquimarina amphilecti		0.211333	9074		0			false
Church2025:YPM-IZ-110469	Church2025__YPM-IZ-110469	bacterial	BAC00155	genome_target	validated			d__Bacteria;p__Pseudomonadota;c__Alphaproteobacteria;o__Rhizobiales;f__Rhizobiaceae;g__JAALLB01;s__JAALLB01 sp011087745		0.324065	6182		1101			false
Church2025:YPM-IZ-110469	Church2025__YPM-IZ-110469	bacterial	BAC00362	genome_target	high_confidence			d__Bacteria;p__Pseudomonadota;c__Gammaproteobacteria;o__JABDGN01;f__JABDGN01;g__;s__		0.967522	12496499		1654258			true
Church2025:YPM-IZ-110473	Church2025__YPM-IZ-110473	bacterial	BAC00027	genome_target	validated	MAGSP0010	Clade B	d__Bacteria;p__Bacillota_I;c__Bacilli_A;o__Mycoplasmatales;f__Metamycoplasmataceae;g__;s__		0.157705	1037		0			false
Church2025:YPM-IZ-110515	Church2025__YPM-IZ-110515	bacterial	BAC00025	genome_target	high_confidence	MAGSP0005	Clade A	d__Bacteria;p__Bacillota_I;c__Bacilli_A;o__Mycoplasmatales;f__Metamycoplasmataceae;g__;s__		0.856697	614380		359470			true
Church2025:YPM-IZ-110515	Church2025__YPM-IZ-110515	bacterial	BAC00026	genome_target	high_confidence	MAGSP0007	Clade B	d__Bacteria;p__Bacillota_I;c__Bacilli_A;o__Mycoplasmatales;f__Metamycoplasmataceae;g__;s__		0.865514	43079		588757			false
Church2025:YPM-IZ-110515	Church2025__YPM-IZ-110515	bacterial	BAC00027	genome_target	high_confidence	MAGSP0010	Clade B	d__Bacteria;p__Bacillota_I;c__Bacilli_A;o__Mycoplasmatales;f__Metamycoplasmataceae;g__;s__		0.876378	939790		107622			true
Church2025:YPM-IZ-110515	Church2025__YPM-IZ-110515	bacterial	BAC00028	genome_target	high_confidence	MAGSP0029	Clade B	d__Bacteria;p__Bacillota_I;c__Bacilli_A;o__Mycoplasmatales;f__Metamycoplasmataceae;g__;s__		0.162447	13486		10206			false
Church2025:YPM-IZ-110520	Church2025__YPM-IZ-110520	bacterial	BAC00026	genome_target	high_confidence	MAGSP0007	Clade B	d__Bacteria;p__Bacillota_I;c__Bacilli_A;o__Mycoplasmatales;f__Metamycoplasmataceae;g__;s__		0.920809	92476		710679			true
Church2025:YPM-IZ-110520	Church2025__YPM-IZ-110520	bacterial	BAC00027	genome_target	high_confidence	MAGSP0010	Clade B	d__Bacteria;p__Bacillota_I;c__Bacilli_A;o__Mycoplasmatales;f__Metamycoplasmataceae;g__;s__		0.833563	1318981		101503			true
Church2025:YPM-IZ-110520	Church2025__YPM-IZ-110520	bacterial	BAC00028	genome_target	high_confidence	MAGSP0029	Clade B	d__Bacteria;p__Bacillota_I;c__Bacilli_A;o__Mycoplasmatales;f__Metamycoplasmataceae;g__;s__		0.151716	34402		23231			false
Church2025:YPM-IZ-110556	Church2025__YPM-IZ-110556	bacterial	BAC00025	genome_target	validated	MAGSP0005	Clade A	d__Bacteria;p__Bacillota_I;c__Bacilli_A;o__Mycoplasmatales;f__Metamycoplasmataceae;g__;s__		0.217916	3795		1177			false
Church2025:YPM-IZ-110557	Church2025__YPM-IZ-110557	bacterial	BAC00025	genome_target	high_confidence	MAGSP0005	Clade A	d__Bacteria;p__Bacillota_I;c__Bacilli_A;o__Mycoplasmatales;f__Metamycoplasmataceae;g__;s__		0.898212	250897		602815			true
Church2025:YPM-IZ-110558	Church2025__YPM-IZ-110558	bacterial	BAC00025	genome_target	high_confidence	MAGSP0005	Clade A	d__Bacteria;p__Bacillota_I;c__Bacilli_A;o__Mycoplasmatales;f__Metamycoplasmataceae;g__;s__		0.849747	41934		442861			true
Church2025:YPM-IZ-110566	Church2025__YPM-IZ-110566	bacterial	BAC00025	genome_target	high_confidence	MAGSP0005	Clade A	d__Bacteria;p__Bacillota_I;c__Bacilli_A;o__Mycoplasmatales;f__Metamycoplasmataceae;g__;s__		0.87474	50330		562816			false
Church2025:YPM-IZ-110566	Church2025__YPM-IZ-110566	bacterial	BAC00027	genome_target	high_confidence	MAGSP0010	Clade B	d__Bacteria;p__Bacillota_I;c__Bacilli_A;o__Mycoplasmatales;f__Metamycoplasmataceae;g__;s__		0.765654	401176		37119			true
Church2025:YPM-IZ-110569	Church2025__YPM-IZ-110569	bacterial	BAC00025	genome_target	high_confidence	MAGSP0005	Clade A	d__Bacteria;p__Bacillota_I;c__Bacilli_A;o__Mycoplasmatales;f__Metamycoplasmataceae;g__;s__		0.926903	325211		700109			true
Church2025:YPM-IZ-110569	Church2025__YPM-IZ-110569	bacterial	BAC00027	genome_target	validated	MAGSP0010	Clade B	d__Bacteria;p__Bacillota_I;c__Bacilli_A;o__Mycoplasmatales;f__Metamycoplasmataceae;g__;s__		0.362257	3071		0			false
Church2025:YPM-IZ-110569	Church2025__YPM-IZ-110569	bacterial	BAC00114	genome_target	validated			d__Bacteria;p__Cyanobacteriota;c__Cyanobacteriia;o__Cyanobacteriales;f__Xenococcaceae;g__JASJCP01;s__JASJCP01 sp030064915		0.21525	10985		9970			false
Church2025:YPM-IZ-110569	Church2025__YPM-IZ-110569	bacterial	BAC00116	genome_target	high_confidence			d__Bacteria;p__Cyanobacteriota;c__Cyanobacteriia;o__Cyanobacteriales;f__Xenococcaceae;g__Xenococcus;s__		0.992536	534209		9140840			true
Church2025:YPM-IZ-110569	Church2025__YPM-IZ-110569	bacterial	BAC00146	genome_target	validated			d__Bacteria;p__Pseudomonadota;c__Alphaproteobacteria;o__JABSOH01;f__JABSOH01;g__;s__		0.108505	1622		0			false
Church2025:YPM-IZ-110569	Church2025__YPM-IZ-110569	bacterial	BAC00167	genome_target	validated			d__Bacteria;p__Pseudomonadota;c__Alphaproteobacteria;o__Rhodobacterales;f__Rhodobacteraceae;g__Cognatishimia;s__		0.167235	4228		1713			false
Church2025:YPM-IZ-110600	Church2025__YPM-IZ-110600	bacterial	BAC00166	genome_target	validated			d__Bacteria;p__Pseudomonadota;c__Alphaproteobacteria;o__Rhodobacterales;f__Rhodobacteraceae;g__Cognatishimia;s__		0.133737	3052		6509			false
Church2025:YPM-IZ-110600	Church2025__YPM-IZ-110600	bacterial	BAC00319	genome_target	high_confidence			d__Bacteria;p__Pseudomonadota;c__Gammaproteobacteria;o__Enterobacterales;f__Vibrionaceae;g__Vibrio;s__Vibrio coralliilyticus		0.128916	6729		12594			false
Church2025:YPM-IZ-110600	Church2025__YPM-IZ-110600	bacterial	BAC00331	genome_target	validated			d__Bacteria;p__Pseudomonadota;c__Gammaproteobacteria;o__Enterobacterales;f__Vibrionaceae;g__Vibrio;s__Vibrio harveyi		0.179332	9140		151			false
Church2025:YPM-IZ-110600	Church2025__YPM-IZ-110600	bacterial	BAC00337	genome_target	high_confidence			d__Bacteria;p__Pseudomonadota;c__Gammaproteobacteria;o__Enterobacterales;f__Vibrionaceae;g__Vibrio;s__Vibrio neptunius		0.626349	45776		199487			false
Church2025:YPM-IZ-110602	Church2025__YPM-IZ-110602	bacterial	BAC00027	genome_target	high_confidence	MAGSP0010	Clade B	d__Bacteria;p__Bacillota_I;c__Bacilli_A;o__Mycoplasmatales;f__Metamycoplasmataceae;g__;s__		0.831039	223613		159437			true
Church2025:YPM-IZ-110602	Church2025__YPM-IZ-110602	bacterial	BAC00308	genome_target	validated			d__Bacteria;p__Pseudomonadota;c__Gammaproteobacteria;o__Enterobacterales;f__Vibrionaceae;g__Vibrio;s__Vibrio alginolyticus		0.210464	9246		5085			false
Church2025:YPM-IZ-110605	Church2025__YPM-IZ-110605	bacterial	BAC00025	genome_target	high_confidence	MAGSP0005	Clade A	d__Bacteria;p__Bacillota_I;c__Bacilli_A;o__Mycoplasmatales;f__Metamycoplasmataceae;g__;s__		0.701127	17310		243931			false
Church2025:YPM-IZ-110605	Church2025__YPM-IZ-110605	bacterial	BAC00166	genome_target	validated			d__Bacteria;p__Pseudomonadota;c__Alphaproteobacteria;o__Rhodobacterales;f__Rhodobacteraceae;g__Cognatishimia;s__		0.148919	3749		6435			false
Church2025:YPM-IZ-110612	Church2025__YPM-IZ-110612	bacterial	BAC00166	genome_target	validated			d__Bacteria;p__Pseudomonadota;c__Alphaproteobacteria;o__Rhodobacterales;f__Rhodobacteraceae;g__Cognatishimia;s__		0.193062	4364		7105			false
Church2025:YPM-IZ-110613	Church2025__YPM-IZ-110613	bacterial	BAC00025	genome_target	high_confidence	MAGSP0005	Clade A	d__Bacteria;p__Bacillota_I;c__Bacilli_A;o__Mycoplasmatales;f__Metamycoplasmataceae;g__;s__		0.882603	3480482		477990			true
Church2025:YPM-IZ-110613	Church2025__YPM-IZ-110613	bacterial	BAC00026	genome_target	high_confidence	MAGSP0007	Clade B	d__Bacteria;p__Bacillota_I;c__Bacilli_A;o__Mycoplasmatales;f__Metamycoplasmataceae;g__;s__		0.926771	1021403		853408			false
Church2025:YPM-IZ-110613	Church2025__YPM-IZ-110613	bacterial	BAC00027	genome_target	high_confidence	MAGSP0010	Clade B	d__Bacteria;p__Bacillota_I;c__Bacilli_A;o__Mycoplasmatales;f__Metamycoplasmataceae;g__;s__		0.893634	445028		517842			true
Church2025:YPM-IZ-110613	Church2025__YPM-IZ-110613	bacterial	BAC00028	genome_target	high_confidence	MAGSP0029	Clade B	d__Bacteria;p__Bacillota_I;c__Bacilli_A;o__Mycoplasmatales;f__Metamycoplasmataceae;g__;s__		0.116664	21305		22345			false
Church2025:YPM-IZ-110616	Church2025__YPM-IZ-110616	bacterial	BAC00146	genome_target	validated			d__Bacteria;p__Pseudomonadota;c__Alphaproteobacteria;o__JABSOH01;f__JABSOH01;g__;s__		0.121774	1882		584			false
Church2025:YPM-IZ-110616	Church2025__YPM-IZ-110616	bacterial	BAC00302	genome_target	high_confidence			d__Bacteria;p__Pseudomonadota;c__Gammaproteobacteria;o__Enterobacterales;f__Vibrionaceae;g__Photobacterium;s__Photobacterium angustum		0.827687	608240		1436626			true
Church2025:YPM-IZ-110616	Church2025__YPM-IZ-110616	bacterial	BAC00303	genome_target	validated			d__Bacteria;p__Pseudomonadota;c__Gammaproteobacteria;o__Enterobacterales;f__Vibrionaceae;g__Photobacterium;s__Photobacterium damselae		0.171059	7578		83			false
Church2025:YPM-IZ-110616	Church2025__YPM-IZ-110616	bacterial	BAC00305	genome_target	validated			d__Bacteria;p__Pseudomonadota;c__Gammaproteobacteria;o__Enterobacterales;f__Vibrionaceae;g__Photobacterium;s__Photobacterium leiognathi		0.187832	9788		135			false
Church2025:YPM-IZ-110616	Church2025__YPM-IZ-110616	bacterial	BAC00308	genome_target	high_confidence			d__Bacteria;p__Pseudomonadota;c__Gammaproteobacteria;o__Enterobacterales;f__Vibrionaceae;g__Vibrio;s__Vibrio alginolyticus		0.897655	196165		3896799			true
Church2025:YPM-IZ-110616	Church2025__YPM-IZ-110616	bacterial	BAC00313	genome_target	high_confidence			d__Bacteria;p__Pseudomonadota;c__Gammaproteobacteria;o__Enterobacterales;f__Vibrionaceae;g__Vibrio;s__Vibrio campbellii		0.353823	15922		16290			false
Church2025:YPM-IZ-110616	Church2025__YPM-IZ-110616	bacterial	BAC00316	genome_target	validated			d__Bacteria;p__Pseudomonadota;c__Gammaproteobacteria;o__Enterobacterales;f__Vibrionaceae;g__Vibrio;s__Vibrio chagasii_A		0.176963	7587		1324			false
Church2025:YPM-IZ-110616	Church2025__YPM-IZ-110616	bacterial	BAC00331	genome_target	high_confidence			d__Bacteria;p__Pseudomonadota;c__Gammaproteobacteria;o__Enterobacterales;f__Vibrionaceae;g__Vibrio;s__Vibrio harveyi		0.164179	8854		15087			false
Church2025:YPM-IZ-110616	Church2025__YPM-IZ-110616	bacterial	BAC00339	genome_target	high_confidence			d__Bacteria;p__Pseudomonadota;c__Gammaproteobacteria;o__Enterobacterales;f__Vibrionaceae;g__Vibrio;s__Vibrio owensii		0.219892	13245		42040			false
Church2025:YPM-IZ-110631	Church2025__YPM-IZ-110631	bacterial	BAC00225	genome_target	high_confidence			d__Bacteria;p__Pseudomonadota;c__Gammaproteobacteria;o__Enterobacterales;f__Alteromonadaceae;g__Alteromonas;s__Alteromonas gracilis		0.787022	72843		973376			false
Church2025:YPM-IZ-110631	Church2025__YPM-IZ-110631	bacterial	BAC00227	genome_target	validated			d__Bacteria;p__Pseudomonadota;c__Gammaproteobacteria;o__Enterobacterales;f__Alteromonadaceae;g__Alteromonas;s__Alteromonas macleodii		0.105319	4108		1747			false
Church2025:YPM-IZ-110631	Church2025__YPM-IZ-110631	bacterial	BAC00246	genome_target	high_confidence			d__Bacteria;p__Pseudomonadota;c__Gammaproteobacteria;o__Enterobacterales;f__Alteromonadaceae;g__Pseudoalteromonas;s__Pseudoalteromonas atlantica		0.725491	58364		627401			false
Church2025:YPM-IZ-110631	Church2025__YPM-IZ-110631	bacterial	BAC00272	genome_target	validated			d__Bacteria;p__Pseudomonadota;c__Gammaproteobacteria;o__Enterobacterales;f__Alteromonadaceae;g__Pseudoalteromonas;s__Pseudoalteromonas sp004208945		0.136584	5205		0			false
Church2025:YPM-IZ-110631	Church2025__YPM-IZ-110631	bacterial	BAC00307	genome_target	validated			d__Bacteria;p__Pseudomonadota;c__Gammaproteobacteria;o__Enterobacterales;f__Vibrionaceae;g__Photobacterium;s__Photobacterium swingsii		0.252455	14135		1216			false
Church2025:YPM-IZ-110631	Church2025__YPM-IZ-110631	bacterial	BAC00308	genome_target	high_confidence			d__Bacteria;p__Pseudomonadota;c__Gammaproteobacteria;o__Enterobacterales;f__Vibrionaceae;g__Vibrio;s__Vibrio alginolyticus		0.87929	161705		3093118			false
Church2025:YPM-IZ-110631	Church2025__YPM-IZ-110631	bacterial	BAC00310	genome_target	validated			d__Bacteria;p__Pseudomonadota;c__Gammaproteobacteria;o__Enterobacterales;f__Vibrionaceae;g__Vibrio;s__Vibrio atypicus		0.191382	8917		6687			false
Church2025:YPM-IZ-110631	Church2025__YPM-IZ-110631	bacterial	BAC00316	genome_target	high_confidence			d__Bacteria;p__Pseudomonadota;c__Gammaproteobacteria;o__Enterobacterales;f__Vibrionaceae;g__Vibrio;s__Vibrio chagasii_A		0.169381	9290		66598			false
Church2025:YPM-IZ-110631	Church2025__YPM-IZ-110631	bacterial	BAC00317	genome_target	high_confidence			d__Bacteria;p__Pseudomonadota;c__Gammaproteobacteria;o__Enterobacterales;f__Vibrionaceae;g__Vibrio;s__Vibrio chagasii_B		0.513482	41420		813391			false
Church2025:YPM-IZ-110631	Church2025__YPM-IZ-110631	bacterial	BAC00321	genome_target	validated			d__Bacteria;p__Pseudomonadota;c__Gammaproteobacteria;o__Enterobacterales;f__Vibrionaceae;g__Vibrio;s__Vibrio crassostreae		0.135897	7750		7578			false
Church2025:YPM-IZ-110631	Church2025__YPM-IZ-110631	bacterial	BAC00322	genome_target	high_confidence			d__Bacteria;p__Pseudomonadota;c__Gammaproteobacteria;o__Enterobacterales;f__Vibrionaceae;g__Vibrio;s__Vibrio crassostreae_C		0.109728	5195		12287			false
Church2025:YPM-IZ-110631	Church2025__YPM-IZ-110631	bacterial	BAC00323	genome_target	validated			d__Bacteria;p__Pseudomonadota;c__Gammaproteobacteria;o__Enterobacterales;f__Vibrionaceae;g__Vibrio;s__Vibrio cyclitrophicus		0.182519	8993		2481			false
Church2025:YPM-IZ-110631	Church2025__YPM-IZ-110631	bacterial	BAC00328	genome_target	high_confidence			d__Bacteria;p__Pseudomonadota;c__Gammaproteobacteria;o__Enterobacterales;f__Vibrionaceae;g__Vibrio;s__Vibrio fortis_A		0.291188	16741		20287			false
Church2025:YPM-IZ-110631	Church2025__YPM-IZ-110631	bacterial	BAC00331	genome_target	high_confidence			d__Bacteria;p__Pseudomonadota;c__Gammaproteobacteria;o__Enterobacterales;f__Vibrionaceae;g__Vibrio;s__Vibrio harveyi		0.859218	160065		3560021			false
Church2025:YPM-IZ-110631	Church2025__YPM-IZ-110631	bacterial	BAC00332	genome_target	high_confidence			d__Bacteria;p__Pseudomonadota;c__Gammaproteobacteria;o__Enterobacterales;f__Vibrionaceae;g__Vibrio;s__Vibrio jasicida		0.590047	60567		331905			false
Church2025:YPM-IZ-110631	Church2025__YPM-IZ-110631	bacterial	BAC00337	genome_target	validated			d__Bacteria;p__Pseudomonadota;c__Gammaproteobacteria;o__Enterobacterales;f__Vibrionaceae;g__Vibrio;s__Vibrio neptunius		0.29552	15063		0			false
Church2025:YPM-IZ-110631	Church2025__YPM-IZ-110631	bacterial	BAC00339	genome_target	high_confidence			d__Bacteria;p__Pseudomonadota;c__Gammaproteobacteria;o__Enterobacterales;f__Vibrionaceae;g__Vibrio;s__Vibrio owensii		0.127843	11473		129344			false
Church2025:YPM-IZ-110631	Church2025__YPM-IZ-110631	bacterial	BAC00341	genome_target	high_confidence			d__Bacteria;p__Pseudomonadota;c__Gammaproteobacteria;o__Enterobacterales;f__Vibrionaceae;g__Vibrio;s__Vibrio pelagius		0.305721	16675		11432			false
Church2025:YPM-IZ-110631	Church2025__YPM-IZ-110631	bacterial	BAC00346	genome_target	high_confidence			d__Bacteria;p__Pseudomonadota;c__Gammaproteobacteria;o__Enterobacterales;f__Vibrionaceae;g__Vibrio;s__Vibrio sp000169995		0.167148	11596		200666			false
Church2025:YPM-IZ-110631	Church2025__YPM-IZ-110631	bacterial	BAC00351	genome_target	high_confidence			d__Bacteria;p__Pseudomonadota;c__Gammaproteobacteria;o__Enterobacterales;f__Vibrionaceae;g__Vibrio;s__Vibrio sp022398115		0.173816	10887		106412			false
Church2025:YPM-IZ-110631	Church2025__YPM-IZ-110631	bacterial	BAC00384	genome_target	validated			d__Bacteria;p__Pseudomonadota;c__Gammaproteobacteria;o__Pseudomonadales;f__Halomonadaceae;g__Cobetia;s__Cobetia amphilecti		0.265882	11307		1154			false
Church2025:YPM-IZ-110631	Church2025__YPM-IZ-110631	bacterial	BAC00385	genome_target	validated			d__Bacteria;p__Pseudomonadota;c__Gammaproteobacteria;o__Pseudomonadales;f__Halomonadaceae;g__Cobetia;s__Cobetia marina		0.347207	16289		7448			false
Church2025:YPM-IZ-110633	Church2025__YPM-IZ-110633	bacterial	BAC00166	genome_target	validated			d__Bacteria;p__Pseudomonadota;c__Alphaproteobacteria;o__Rhodobacterales;f__Rhodobacteraceae;g__Cognatishimia;s__		0.100175	2971		3032			false
Church2025:YPM-IZ-110633	Church2025__YPM-IZ-110633	bacterial	BAC00307	genome_target	validated			d__Bacteria;p__Pseudomonadota;c__Gammaproteobacteria;o__Enterobacterales;f__Vibrionaceae;g__Photobacterium;s__Photobacterium swingsii		0.286317	20950		0			false
Church2025:YPM-IZ-110633	Church2025__YPM-IZ-110633	bacterial	BAC00308	genome_target	validated			d__Bacteria;p__Pseudomonadota;c__Gammaproteobacteria;o__Enterobacterales;f__Vibrionaceae;g__Vibrio;s__Vibrio alginolyticus		0.330061	21729		3641			false
Church2025:YPM-IZ-110633	Church2025__YPM-IZ-110633	bacterial	BAC00310	genome_target	validated			d__Bacteria;p__Pseudomonadota;c__Gammaproteobacteria;o__Enterobacterales;f__Vibrionaceae;g__Vibrio;s__Vibrio atypicus		0.151741	8156		0			false
Church2025:YPM-IZ-110633	Church2025__YPM-IZ-110633	bacterial	BAC00316	genome_target	high_confidence			d__Bacteria;p__Pseudomonadota;c__Gammaproteobacteria;o__Enterobacterales;f__Vibrionaceae;g__Vibrio;s__Vibrio chagasii_A		0.10584	6926		32201			false
Church2025:YPM-IZ-110633	Church2025__YPM-IZ-110633	bacterial	BAC00317	genome_target	high_confidence			d__Bacteria;p__Pseudomonadota;c__Gammaproteobacteria;o__Enterobacterales;f__Vibrionaceae;g__Vibrio;s__Vibrio chagasii_B		0.658172	93286		1849878			false
Church2025:YPM-IZ-110633	Church2025__YPM-IZ-110633	bacterial	BAC00322	genome_target	high_confidence			d__Bacteria;p__Pseudomonadota;c__Gammaproteobacteria;o__Enterobacterales;f__Vibrionaceae;g__Vibrio;s__Vibrio crassostreae_C		0.122312	7538		15030			false
Church2025:YPM-IZ-110633	Church2025__YPM-IZ-110633	bacterial	BAC00327	genome_target	validated			d__Bacteria;p__Pseudomonadota;c__Gammaproteobacteria;o__Enterobacterales;f__Vibrionaceae;g__Vibrio;s__Vibrio fortis		0.129211	7662		122			false
Church2025:YPM-IZ-110633	Church2025__YPM-IZ-110633	bacterial	BAC00328	genome_target	validated			d__Bacteria;p__Pseudomonadota;c__Gammaproteobacteria;o__Enterobacterales;f__Vibrionaceae;g__Vibrio;s__Vibrio fortis_A		0.299802	20808		7345			false
Church2025:YPM-IZ-110633	Church2025__YPM-IZ-110633	bacterial	BAC00331	genome_target	validated			d__Bacteria;p__Pseudomonadota;c__Gammaproteobacteria;o__Enterobacterales;f__Vibrionaceae;g__Vibrio;s__Vibrio harveyi		0.126963	7894		0			false
Church2025:YPM-IZ-110633	Church2025__YPM-IZ-110633	bacterial	BAC00332	genome_target	validated			d__Bacteria;p__Pseudomonadota;c__Gammaproteobacteria;o__Enterobacterales;f__Vibrionaceae;g__Vibrio;s__Vibrio jasicida		0.255229	19480		248			false
Church2025:YPM-IZ-110633	Church2025__YPM-IZ-110633	bacterial	BAC00341	genome_target	validated			d__Bacteria;p__Pseudomonadota;c__Gammaproteobacteria;o__Enterobacterales;f__Vibrionaceae;g__Vibrio;s__Vibrio pelagius		0.198224	12432		1756			false
Church2025:YPM-IZ-110633	Church2025__YPM-IZ-110633	bacterial	BAC00342	genome_target	high_confidence			d__Bacteria;p__Pseudomonadota;c__Gammaproteobacteria;o__Enterobacterales;f__Vibrionaceae;g__Vibrio;s__Vibrio pomeroyi		0.139905	9599		11201			false
Church2025:YPM-IZ-110633	Church2025__YPM-IZ-110633	bacterial	BAC00346	genome_target	high_confidence			d__Bacteria;p__Pseudomonadota;c__Gammaproteobacteria;o__Enterobacterales;f__Vibrionaceae;g__Vibrio;s__Vibrio sp000169995		0.211296	21628		257680			false
Church2025:YPM-IZ-110633	Church2025__YPM-IZ-110633	bacterial	BAC00347	genome_target	validated			d__Bacteria;p__Pseudomonadota;c__Gammaproteobacteria;o__Enterobacterales;f__Vibrionaceae;g__Vibrio;s__Vibrio sp000316985		0.105194	7329		8081			false
Church2025:YPM-IZ-110633	Church2025__YPM-IZ-110633	bacterial	BAC00351	genome_target	high_confidence			d__Bacteria;p__Pseudomonadota;c__Gammaproteobacteria;o__Enterobacterales;f__Vibrionaceae;g__Vibrio;s__Vibrio sp022398115		0.111957	9203		28541			false
Church2025:YPM-IZ-110667	Church2025__YPM-IZ-110667	bacterial	BAC00316	genome_target	high_confidence			d__Bacteria;p__Pseudomonadota;c__Gammaproteobacteria;o__Enterobacterales;f__Vibrionaceae;g__Vibrio;s__Vibrio chagasii_A		0.205595	14812		154765			false
Church2025:YPM-IZ-110667	Church2025__YPM-IZ-110667	bacterial	BAC00317	genome_target	high_confidence			d__Bacteria;p__Pseudomonadota;c__Gammaproteobacteria;o__Enterobacterales;f__Vibrionaceae;g__Vibrio;s__Vibrio chagasii_B		0.152633	10744		55494			false
Church2025:YPM-IZ-110667	Church2025__YPM-IZ-110667	bacterial	BAC00328	genome_target	high_confidence			d__Bacteria;p__Pseudomonadota;c__Gammaproteobacteria;o__Enterobacterales;f__Vibrionaceae;g__Vibrio;s__Vibrio fortis_A		0.562095	65086		665189			false
Church2025:YPM-IZ-110667	Church2025__YPM-IZ-110667	bacterial	BAC00346	genome_target	high_confidence			d__Bacteria;p__Pseudomonadota;c__Gammaproteobacteria;o__Enterobacterales;f__Vibrionaceae;g__Vibrio;s__Vibrio sp000169995		0.126923	10360		60397			false
Church2025:YPM-IZ-110667	Church2025__YPM-IZ-110667	bacterial	BAC00351	genome_target	high_confidence			d__Bacteria;p__Pseudomonadota;c__Gammaproteobacteria;o__Enterobacterales;f__Vibrionaceae;g__Vibrio;s__Vibrio sp022398115		0.229446	21029		235179			false
Church2025:YPM-IZ-110694	Church2025__YPM-IZ-110694	bacterial	BAC00027	genome_target	high_confidence	MAGSP0010	Clade B	d__Bacteria;p__Bacillota_I;c__Bacilli_A;o__Mycoplasmatales;f__Metamycoplasmataceae;g__;s__		0.883171	72443		313570			true
Church2025:YPM-IZ-110738	Church2025__YPM-IZ-110738	bacterial	BAC00306	genome_target	validated			d__Bacteria;p__Pseudomonadota;c__Gammaproteobacteria;o__Enterobacterales;f__Vibrionaceae;g__Photobacterium;s__Photobacterium sanguinicancri		0.105585	5033		1026			false
Church2025:YPM-IZ-110738	Church2025__YPM-IZ-110738	bacterial	BAC00309	genome_target	validated			d__Bacteria;p__Pseudomonadota;c__Gammaproteobacteria;o__Enterobacterales;f__Vibrionaceae;g__Vibrio;s__Vibrio atlanticus		0.12129	5646		2116			false
Church2025:YPM-IZ-110738	Church2025__YPM-IZ-110738	bacterial	BAC00315	genome_target	high_confidence			d__Bacteria;p__Pseudomonadota;c__Gammaproteobacteria;o__Enterobacterales;f__Vibrionaceae;g__Vibrio;s__Vibrio celticus		0.137024	7994		130061			false
Church2025:YPM-IZ-110738	Church2025__YPM-IZ-110738	bacterial	BAC00320	genome_target	high_confidence			d__Bacteria;p__Pseudomonadota;c__Gammaproteobacteria;o__Enterobacterales;f__Vibrionaceae;g__Vibrio;s__Vibrio coralliirubri		0.210474	12686		141534			false
Church2025:YPM-IZ-110738	Church2025__YPM-IZ-110738	bacterial	BAC00322	genome_target	high_confidence			d__Bacteria;p__Pseudomonadota;c__Gammaproteobacteria;o__Enterobacterales;f__Vibrionaceae;g__Vibrio;s__Vibrio crassostreae_C		0.103453	5233		61262			false
Church2025:YPM-IZ-110738	Church2025__YPM-IZ-110738	bacterial	BAC00329	genome_target	validated			d__Bacteria;p__Pseudomonadota;c__Gammaproteobacteria;o__Enterobacterales;f__Vibrionaceae;g__Vibrio;s__Vibrio gallaecicus		0.147978	6625		147			false
Church2025:YPM-IZ-110738	Church2025__YPM-IZ-110738	bacterial	BAC00353	genome_target	validated			d__Bacteria;p__Pseudomonadota;c__Gammaproteobacteria;o__Enterobacterales;f__Vibrionaceae;g__Vibrio;s__Vibrio splendidus		0.111377	5983		7397			false
Church2025:YPM-IZ-110780	Church2025__YPM-IZ-110780	bacterial	BAC00026	genome_target	high_confidence	MAGSP0007	Clade B	d__Bacteria;p__Bacillota_I;c__Bacilli_A;o__Mycoplasmatales;f__Metamycoplasmataceae;g__;s__		0.902296	2745213		808478			true
Church2025:YPM-IZ-110780	Church2025__YPM-IZ-110780	bacterial	BAC00166	genome_target	high_confidence			d__Bacteria;p__Pseudomonadota;c__Alphaproteobacteria;o__Rhodobacterales;f__Rhodobacteraceae;g__Cognatishimia;s__		0.636915	28271		115432			false
Church2025:YPM-IZ-110785	Church2025__YPM-IZ-110785	archaeal	BAC00006	genome_target	high_confidence			d__Archaea;p__Thermoproteota;c__JANJXX01;o__JAMOTR01;f__;g__;s__		0.99237	472053		4016699			true
Church2025:YPM-IZ-110785	Church2025__YPM-IZ-110785	bacterial	BAC00146	genome_target	validated			d__Bacteria;p__Pseudomonadota;c__Alphaproteobacteria;o__JABSOH01;f__JABSOH01;g__;s__		0.253276	5749		9501			false
Church2025:YPM-IZ-110785	Church2025__YPM-IZ-110785	bacterial	BAC00166	genome_target	high_confidence			d__Bacteria;p__Pseudomonadota;c__Alphaproteobacteria;o__Rhodobacterales;f__Rhodobacteraceae;g__Cognatishimia;s__		0.989951	370877		2472016			true
Church2025:YPM-IZ-110785	Church2025__YPM-IZ-110785	bacterial	BAC00314	genome_target	high_confidence			d__Bacteria;p__Pseudomonadota;c__Gammaproteobacteria;o__Enterobacterales;f__Vibrionaceae;g__Vibrio;s__Vibrio caribbeanicus		0.894219	394897		2516560			true
Church2025:YPM-IZ-110786	Church2025__YPM-IZ-110786	bacterial	BAC00167	genome_target	validated			d__Bacteria;p__Pseudomonadota;c__Alphaproteobacteria;o__Rhodobacterales;f__Rhodobacteraceae;g__Cognatishimia;s__		0.373025	15840		4837			false
Church2025:YPM-IZ-110786	Church2025__YPM-IZ-110786	bacterial	BAC00181	genome_target	validated			d__Bacteria;p__Pseudomonadota;c__Alphaproteobacteria;o__Rhodobacterales;f__Rhodobacteraceae;g__Phaeobacter;s__Phaeobacter italicus		0.289315	15266		1859			false
Church2025:YPM-IZ-110786	Church2025__YPM-IZ-110786	bacterial	BAC00308	genome_target	validated			d__Bacteria;p__Pseudomonadota;c__Gammaproteobacteria;o__Enterobacterales;f__Vibrionaceae;g__Vibrio;s__Vibrio alginolyticus		0.104316	5847		4636			false
Church2025:YPM-IZ-110828	Church2025__YPM-IZ-110828	bacterial	BAC00187	genome_target	validated			d__Bacteria;p__Pseudomonadota;c__Alphaproteobacteria;o__Rhodobacterales;f__Rhodobacteraceae;g__Sediminimonas;s__Sediminimonas sp011389955		0.198545	4256		0			false
Church2025:YPM-IZ-110828	Church2025__YPM-IZ-110828	bacterial	BAC00241	genome_target	high_confidence			d__Bacteria;p__Pseudomonadota;c__Gammaproteobacteria;o__Enterobacterales;f__Alteromonadaceae;g__Paraglaciecola;s__Paraglaciecola mesophila		0.391256	30129		90338			false
Church2025:YPM-IZ-110828	Church2025__YPM-IZ-110828	bacterial	BAC00246	genome_target	high_confidence			d__Bacteria;p__Pseudomonadota;c__Gammaproteobacteria;o__Enterobacterales;f__Alteromonadaceae;g__Pseudoalteromonas;s__Pseudoalteromonas atlantica		0.812879	104089		1866665			false
Church2025:YPM-IZ-110828	Church2025__YPM-IZ-110828	bacterial	BAC00248	genome_target	high_confidence			d__Bacteria;p__Pseudomonadota;c__Gammaproteobacteria;o__Enterobacterales;f__Alteromonadaceae;g__Pseudoalteromonas;s__Pseudoalteromonas carrageenovora		0.418438	25954		131322			false
Church2025:YPM-IZ-110828	Church2025__YPM-IZ-110828	bacterial	BAC00250	genome_target	high_confidence			d__Bacteria;p__Pseudomonadota;c__Gammaproteobacteria;o__Enterobacterales;f__Alteromonadaceae;g__Pseudoalteromonas;s__Pseudoalteromonas espejiana		0.12859	6518		22898			false
Church2025:YPM-IZ-110828	Church2025__YPM-IZ-110828	bacterial	BAC00274	genome_target	high_confidence			d__Bacteria;p__Pseudomonadota;c__Gammaproteobacteria;o__Enterobacterales;f__Alteromonadaceae;g__Pseudoalteromonas;s__Pseudoalteromonas sp018100985		0.462152	26410		142960			false
Church2025:YPM-IZ-110828	Church2025__YPM-IZ-110828	bacterial	BAC00279	genome_target	validated			d__Bacteria;p__Pseudomonadota;c__Gammaproteobacteria;o__Enterobacterales;f__Alteromonadaceae;g__Pseudoalteromonas;s__Pseudoalteromonas undina		0.14723	5488		401			false
Church2025:YPM-IZ-110828	Church2025__YPM-IZ-110828	bacterial	BAC00280	genome_target	validated			d__Bacteria;p__Pseudomonadota;c__Gammaproteobacteria;o__Enterobacterales;f__Alteromonadaceae;g__Pseudocolwellia;s__Pseudocolwellia agarivorans		0.207351	9231		0			false
Church2025:YPM-IZ-110828	Church2025__YPM-IZ-110828	bacterial	BAC00293	genome_target	validated			d__Bacteria;p__Pseudomonadota;c__Gammaproteobacteria;o__Enterobacterales;f__Shewanellaceae;g__Shewanella;s__Shewanella algicola		0.115187	5267		0			false
Church2025:YPM-IZ-110828	Church2025__YPM-IZ-110828	bacterial	BAC00323	genome_target	high_confidence			d__Bacteria;p__Pseudomonadota;c__Gammaproteobacteria;o__Enterobacterales;f__Vibrionaceae;g__Vibrio;s__Vibrio cyclitrophicus		0.390481	27455		80077			false
Church2025:YPM-IZ-110828	Church2025__YPM-IZ-110828	bacterial	BAC00356	genome_target	validated			d__Bacteria;p__Pseudomonadota;c__Gammaproteobacteria;o__Enterobacterales;f__Vibrionaceae;g__Vibrio;s__Vibrio toranzoniae		0.247233	11835		4229			false
Church2025:YPM-IZ-110828	Church2025__YPM-IZ-110828	bacterial	BAC00363	genome_target	high_confidence			d__Bacteria;p__Pseudomonadota;c__Gammaproteobacteria;o__Nevskiales;f__Salinisphaeraceae;g__;s__		0.992813	95780		1980076			true
Church2025:YPM-IZ-110828	Church2025__YPM-IZ-110828	bacterial	BAC00384	genome_target	high_confidence			d__Bacteria;p__Pseudomonadota;c__Gammaproteobacteria;o__Pseudomonadales;f__Halomonadaceae;g__Cobetia;s__Cobetia amphilecti		0.614028	47892		435573			false
Church2025:YPM-IZ-110828	Church2025__YPM-IZ-110828	bacterial	BAC00387	genome_target	validated			d__Bacteria;p__Pseudomonadota;c__Gammaproteobacteria;o__Pseudomonadales;f__Halomonadaceae;g__Halomonas;s__Halomonas borealis		0.120755	4104		0			false
Church2025:YPM-IZ-110828	Church2025__YPM-IZ-110828	bacterial	BAC00389	genome_target	validated			d__Bacteria;p__Pseudomonadota;c__Gammaproteobacteria;o__Pseudomonadales;f__Halomonadaceae;g__Halomonas;s__Halomonas saccharevitans		0.138334	5635		137			false
Church2025:YPM-IZ-110828	Church2025__YPM-IZ-110828	bacterial	BAC00390	genome_target	validated			d__Bacteria;p__Pseudomonadota;c__Gammaproteobacteria;o__Pseudomonadales;f__Halomonadaceae;g__Halomonas;s__Halomonas sp947490095		0.398872	17853		1007			false
Church2025:YPM-IZ-110828	Church2025__YPM-IZ-110828	bacterial	BAC00417	genome_target	validated			d__Bacteria;p__Pseudomonadota;c__Gammaproteobacteria;o__Pseudomonadales;f__Oleiphilaceae;g__Marinobacter;s__Marinobacter salarius		0.144191	6493		632			false
Church2025:YPM-IZ-110828	Church2025__YPM-IZ-110828	bacterial	BAC00421	genome_target	validated			d__Bacteria;p__Pseudomonadota;c__Gammaproteobacteria;o__Pseudomonadales;f__Oleiphilaceae;g__Marinobacter;s__Marinobacter sp913057975		0.154465	6951		1101			false
Church2025:YPM-IZ-110828	Church2025__YPM-IZ-110828	bacterial	BAC00423	genome_target	validated			d__Bacteria;p__Pseudomonadota;c__Gammaproteobacteria;o__Pseudomonadales;f__Oleiphilaceae;g__Marinobacter_A;s__Marinobacter_A sp002717955		0.332031	15742		0			false
Church2025:YPM-IZ-110829	Church2025__YPM-IZ-110829	bacterial	BAC00047	genome_target	validated			d__Bacteria;p__Bacteroidota;c__Bacteroidia;o__Flavobacteriales;f__Flavobacteriaceae;g__Cellulophaga;s__Cellulophaga sp002813425		0.164389	5292		0			false
Church2025:YPM-IZ-110829	Church2025__YPM-IZ-110829	bacterial	BAC00095	genome_target	validated			d__Bacteria;p__Bacteroidota;c__Bacteroidia;o__Flavobacteriales;f__Flavobacteriaceae;g__Zobellia;s__Zobellia uliginosa_B		0.182129	8651		2094			false
Church2025:YPM-IZ-110829	Church2025__YPM-IZ-110829	bacterial	BAC00241	genome_target	validated			d__Bacteria;p__Pseudomonadota;c__Gammaproteobacteria;o__Enterobacterales;f__Alteromonadaceae;g__Paraglaciecola;s__Paraglaciecola mesophila		0.130749	6349		0			false
Church2025:YPM-IZ-110829	Church2025__YPM-IZ-110829	bacterial	BAC00246	genome_target	high_confidence			d__Bacteria;p__Pseudomonadota;c__Gammaproteobacteria;o__Enterobacterales;f__Alteromonadaceae;g__Pseudoalteromonas;s__Pseudoalteromonas atlantica		0.815481	105417		1934813			false
Church2025:YPM-IZ-110829	Church2025__YPM-IZ-110829	bacterial	BAC00248	genome_target	high_confidence			d__Bacteria;p__Pseudomonadota;c__Gammaproteobacteria;o__Enterobacterales;f__Alteromonadaceae;g__Pseudoalteromonas;s__Pseudoalteromonas carrageenovora		0.466856	31225		231559			false
Church2025:YPM-IZ-110829	Church2025__YPM-IZ-110829	bacterial	BAC00250	genome_target	high_confidence			d__Bacteria;p__Pseudomonadota;c__Gammaproteobacteria;o__Enterobacterales;f__Alteromonadaceae;g__Pseudoalteromonas;s__Pseudoalteromonas espejiana		0.158201	8038		21420			false
Church2025:YPM-IZ-110829	Church2025__YPM-IZ-110829	bacterial	BAC00274	genome_target	high_confidence			d__Bacteria;p__Pseudomonadota;c__Gammaproteobacteria;o__Enterobacterales;f__Alteromonadaceae;g__Pseudoalteromonas;s__Pseudoalteromonas sp018100985		0.530944	33662		319183			false
Church2025:YPM-IZ-110829	Church2025__YPM-IZ-110829	bacterial	BAC00323	genome_target	high_confidence			d__Bacteria;p__Pseudomonadota;c__Gammaproteobacteria;o__Enterobacterales;f__Vibrionaceae;g__Vibrio;s__Vibrio cyclitrophicus		0.301386	18606		16901			false
Church2025:YPM-IZ-110829	Church2025__YPM-IZ-110829	bacterial	BAC00384	genome_target	high_confidence			d__Bacteria;p__Pseudomonadota;c__Gammaproteobacteria;o__Pseudomonadales;f__Halomonadaceae;g__Cobetia;s__Cobetia amphilecti		0.880789	348316		2880741			true
Church2025:YPM-IZ-110829	Church2025__YPM-IZ-110829	bacterial	BAC00386	genome_target	high_confidence			d__Bacteria;p__Pseudomonadota;c__Gammaproteobacteria;o__Pseudomonadales;f__Halomonadaceae;g__Cobetia;s__Cobetia sp016495405		0.305815	41653		70262			false
Church2025:YPM-IZ-110829	Church2025__YPM-IZ-110829	bacterial	BAC00435	genome_target	validated			d__Bacteria;p__Pseudomonadota;c__Gammaproteobacteria;o__Thiotrichales;f__Thiotrichaceae;g__Cocleimonas;s__Cocleimonas flava		0.279633	13081		1385			false
Church2025:YPM-IZ-110829	Church2025__YPM-IZ-110829	bacterial	BAC00436	genome_target	validated			d__Bacteria;p__Pseudomonadota;c__Gammaproteobacteria;o__UBA9214;f__UBA9214;g__UBA9214;s__UBA9214 sp013041945		0.125998	3052		106			false
Church2025:YPM-IZ-110830	Church2025__YPM-IZ-110830	bacterial	BAC00025	genome_target	high_confidence	MAGSP0005	Clade A	d__Bacteria;p__Bacillota_I;c__Bacilli_A;o__Mycoplasmatales;f__Metamycoplasmataceae;g__;s__		0.145319	4518		12640			false
Church2025:YPM-IZ-110830	Church2025__YPM-IZ-110830	bacterial	BAC00166	genome_target	high_confidence			d__Bacteria;p__Pseudomonadota;c__Alphaproteobacteria;o__Rhodobacterales;f__Rhodobacteraceae;g__Cognatishimia;s__		0.893964	142740		1692167			true
Church2025:YPM-IZ-110842	Church2025__YPM-IZ-110842	bacterial	BAC00027	genome_target	high_confidence	MAGSP0010	Clade B	d__Bacteria;p__Bacillota_I;c__Bacilli_A;o__Mycoplasmatales;f__Metamycoplasmataceae;g__;s__		0.739082	9484		87365			false
Church2025:YPM-IZ-110842	Church2025__YPM-IZ-110842	bacterial	BAC00166	genome_target	high_confidence			d__Bacteria;p__Pseudomonadota;c__Alphaproteobacteria;o__Rhodobacterales;f__Rhodobacteraceae;g__Cognatishimia;s__		0.877623	76999		1614064			true
Church2025:YPM-IZ-110844	Church2025__YPM-IZ-110844	bacterial	BAC00027	genome_target	high_confidence	MAGSP0010	Clade B	d__Bacteria;p__Bacillota_I;c__Bacilli_A;o__Mycoplasmatales;f__Metamycoplasmataceae;g__;s__		0.864217	158947		278838			true
Church2025:YPM-IZ-110846	Church2025__YPM-IZ-110846	bacterial	BAC00166	genome_target	validated			d__Bacteria;p__Pseudomonadota;c__Alphaproteobacteria;o__Rhodobacterales;f__Rhodobacteraceae;g__Cognatishimia;s__		0.280075	9550		8330			false
Church2025:YPM-IZ-110847	Church2025__YPM-IZ-110847	bacterial	BAC00234	genome_target	validated			d__Bacteria;p__Pseudomonadota;c__Gammaproteobacteria;o__Enterobacterales;f__Alteromonadaceae;g__Alteromonas;s__Alteromonas sp018619335		0.286042	14353		0			false
Church2025:YPM-IZ-110877	Church2025__YPM-IZ-110877	bacterial	BAC00167	genome_target	validated			d__Bacteria;p__Pseudomonadota;c__Alphaproteobacteria;o__Rhodobacterales;f__Rhodobacteraceae;g__Cognatishimia;s__		0.231183	5929		3095			false
Church2025:YPM-IZ-110878	Church2025__YPM-IZ-110878	bacterial	BAC00167	genome_target	validated			d__Bacteria;p__Pseudomonadota;c__Alphaproteobacteria;o__Rhodobacterales;f__Rhodobacteraceae;g__Cognatishimia;s__		0.145721	5055		1107			false
Church2025:YPM-IZ-110878	Church2025__YPM-IZ-110878	bacterial	BAC00301	genome_target	high_confidence			d__Bacteria;p__Pseudomonadota;c__Gammaproteobacteria;o__Enterobacterales;f__Vibrionaceae;g__Photobacterium;s__Photobacterium alginatilyticum		0.419933	46361		87093			false
Church2025:YPM-IZ-110878	Church2025__YPM-IZ-110878	bacterial	BAC00308	genome_target	high_confidence			d__Bacteria;p__Pseudomonadota;c__Gammaproteobacteria;o__Enterobacterales;f__Vibrionaceae;g__Vibrio;s__Vibrio alginolyticus		0.424326	30191		10911			false
Church2025:YPM-IZ-110878	Church2025__YPM-IZ-110878	bacterial	BAC00312	genome_target	high_confidence			d__Bacteria;p__Pseudomonadota;c__Gammaproteobacteria;o__Enterobacterales;f__Vibrionaceae;g__Vibrio;s__Vibrio brasiliensis		0.591396	45228		31512			false
Church2025:YPM-IZ-110878	Church2025__YPM-IZ-110878	bacterial	BAC00313	genome_target	high_confidence			d__Bacteria;p__Pseudomonadota;c__Gammaproteobacteria;o__Enterobacterales;f__Vibrionaceae;g__Vibrio;s__Vibrio campbellii		0.572733	47133		51180			false
Church2025:YPM-IZ-110878	Church2025__YPM-IZ-110878	bacterial	BAC00316	genome_target	high_confidence			d__Bacteria;p__Pseudomonadota;c__Gammaproteobacteria;o__Enterobacterales;f__Vibrionaceae;g__Vibrio;s__Vibrio chagasii_A		0.735506	99683		1668740			false
Church2025:YPM-IZ-110878	Church2025__YPM-IZ-110878	bacterial	BAC00327	genome_target	high_confidence			d__Bacteria;p__Pseudomonadota;c__Gammaproteobacteria;o__Enterobacterales;f__Vibrionaceae;g__Vibrio;s__Vibrio fortis		0.836228	155261		1178219			false
Church2025:YPM-IZ-110878	Church2025__YPM-IZ-110878	bacterial	BAC00328	genome_target	high_confidence			d__Bacteria;p__Pseudomonadota;c__Gammaproteobacteria;o__Enterobacterales;f__Vibrionaceae;g__Vibrio;s__Vibrio fortis_A		0.828453	270489		3585614			false
Church2025:YPM-IZ-110878	Church2025__YPM-IZ-110878	bacterial	BAC00331	genome_target	high_confidence			d__Bacteria;p__Pseudomonadota;c__Gammaproteobacteria;o__Enterobacterales;f__Vibrionaceae;g__Vibrio;s__Vibrio harveyi		0.860809	340912		4431462			false
Church2025:YPM-IZ-110878	Church2025__YPM-IZ-110878	bacterial	BAC00339	genome_target	high_confidence			d__Bacteria;p__Pseudomonadota;c__Gammaproteobacteria;o__Enterobacterales;f__Vibrionaceae;g__Vibrio;s__Vibrio owensii		0.125894	21053		129123			false
Church2025:YPM-IZ-110878	Church2025__YPM-IZ-110878	bacterial	BAC00343	genome_target	high_confidence			d__Bacteria;p__Pseudomonadota;c__Gammaproteobacteria;o__Enterobacterales;f__Vibrionaceae;g__Vibrio;s__Vibrio rotiferianus		0.392973	30673		18076			false
Church2025:YPM-IZ-110878	Church2025__YPM-IZ-110878	bacterial	BAC00351	genome_target	high_confidence			d__Bacteria;p__Pseudomonadota;c__Gammaproteobacteria;o__Enterobacterales;f__Vibrionaceae;g__Vibrio;s__Vibrio sp022398115		0.127574	12347		102320			false
Church2025:YPM-IZ-110880	Church2025__YPM-IZ-110880	bacterial	BAC00166	genome_target	validated			d__Bacteria;p__Pseudomonadota;c__Alphaproteobacteria;o__Rhodobacterales;f__Rhodobacteraceae;g__Cognatishimia;s__		0.345256	11565		0			false
Church2025:YPM-IZ-110881	Church2025__YPM-IZ-110881	bacterial	BAC00197	genome_target	validated			d__Bacteria;p__Pseudomonadota;c__Alphaproteobacteria;o__Rickettsiales;f__Rickettsiaceae;g__GCA-2402195;s__		0.509623	4132		4905			false
Church2025:YPM-IZ-110881	Church2025__YPM-IZ-110881	bacterial	BAC00216	genome_target	validated			d__Bacteria;p__Pseudomonadota;c__Gammaproteobacteria;o__Burkholderiales;f__Burkholderiaceae;g__Pelomonas;s__Pelomonas sp003963075		0.163259	6978		458			false
Church2025:YPM-IZ-110882	Church2025__YPM-IZ-110882	bacterial	BAC00166	genome_target	high_confidence			d__Bacteria;p__Pseudomonadota;c__Alphaproteobacteria;o__Rhodobacterales;f__Rhodobacteraceae;g__Cognatishimia;s__		0.727921	29913		191557			false
Church2025:YPM-IZ-110883	Church2025__YPM-IZ-110883	bacterial	BAC00166	genome_target	high_confidence			d__Bacteria;p__Pseudomonadota;c__Alphaproteobacteria;o__Rhodobacterales;f__Rhodobacteraceae;g__Cognatishimia;s__		0.652319	25202		76257			false
Church2025:YPM-IZ-110883	Church2025__YPM-IZ-110883	bacterial	BAC00216	genome_target	validated			d__Bacteria;p__Pseudomonadota;c__Gammaproteobacteria;o__Burkholderiales;f__Burkholderiaceae;g__Pelomonas;s__Pelomonas sp003963075		0.121626	4945		276			false
Church2025:YPM-IZ-110906	Church2025__YPM-IZ-110906	bacterial	BAC00166	genome_target	validated			d__Bacteria;p__Pseudomonadota;c__Alphaproteobacteria;o__Rhodobacterales;f__Rhodobacteraceae;g__Cognatishimia;s__		0.107048	2687		6000			false
Church2025:YPM-IZ-110907	Church2025__YPM-IZ-110907	bacterial	BAC00146	genome_target	high_confidence			d__Bacteria;p__Pseudomonadota;c__Alphaproteobacteria;o__JABSOH01;f__JABSOH01;g__;s__		0.614709	16217		13261			false
Church2025:YPM-IZ-110907	Church2025__YPM-IZ-110907	bacterial	BAC00289	genome_target	high_confidence			d__Bacteria;p__Pseudomonadota;c__Gammaproteobacteria;o__Enterobacterales;f__Enterobacteriaceae;g__Serratia;s__Serratia nevei		0.849689	299203		3841456			true
Church2025:YPM-IZ-110925	Church2025__YPM-IZ-110925	bacterial	BAC00375	genome_target	validated			d__Bacteria;p__Pseudomonadota;c__Gammaproteobacteria;o__Pseudomonadales;f__DT-91;g__CAKMZU01;s__		0.291505	11456		2849			false
Church2025:YPM-IZ-110926	Church2025__YPM-IZ-110926	bacterial	BAC00307	genome_target	validated			d__Bacteria;p__Pseudomonadota;c__Gammaproteobacteria;o__Enterobacterales;f__Vibrionaceae;g__Photobacterium;s__Photobacterium swingsii		0.148307	7444		4859			false
Church2025:YPM-IZ-110930	Church2025__YPM-IZ-110930	bacterial	BAC00027	genome_target	high_confidence	MAGSP0010	Clade B	d__Bacteria;p__Bacillota_I;c__Bacilli_A;o__Mycoplasmatales;f__Metamycoplasmataceae;g__;s__		0.94775	225141		552486			true
Church2025:YPM-IZ-110930	Church2025__YPM-IZ-110930	bacterial	BAC00028	genome_target	high_confidence	MAGSP0029	Clade B	d__Bacteria;p__Bacillota_I;c__Bacilli_A;o__Mycoplasmatales;f__Metamycoplasmataceae;g__;s__		0.122901	5258		13862			false
Church2025:YPM-IZ-110931	Church2025__YPM-IZ-110931	bacterial	BAC00025	genome_target	validated	MAGSP0005	Clade A	d__Bacteria;p__Bacillota_I;c__Bacilli_A;o__Mycoplasmatales;f__Metamycoplasmataceae;g__;s__		0.463017	11126		8194			false
Church2025:YPM-IZ-110931	Church2025__YPM-IZ-110931	bacterial	BAC00027	genome_target	high_confidence	MAGSP0010	Clade B	d__Bacteria;p__Bacillota_I;c__Bacilli_A;o__Mycoplasmatales;f__Metamycoplasmataceae;g__;s__		0.917923	2449539		571043			true
Church2025:YPM-IZ-110931	Church2025__YPM-IZ-110931	bacterial	BAC00028	genome_target	high_confidence	MAGSP0029	Clade B	d__Bacteria;p__Bacillota_I;c__Bacilli_A;o__Mycoplasmatales;f__Metamycoplasmataceae;g__;s__		0.17339	75803		16386			false
Church2025:YPM-IZ-110931	Church2025__YPM-IZ-110931	bacterial	BAC00045	genome_target	high_confidence			d__Bacteria;p__Bacteroidota;c__Bacteroidia;o__Flavobacteriales;f__Flavobacteriaceae;g__CAMZMA01;s__		0.999545	161291		1657900			true
Church2025:YPM-IZ-110931	Church2025__YPM-IZ-110931	bacterial	BAC00166	genome_target	high_confidence			d__Bacteria;p__Pseudomonadota;c__Alphaproteobacteria;o__Rhodobacterales;f__Rhodobacteraceae;g__Cognatishimia;s__		0.901269	114224		1695980			true
Church2025:YPM-IZ-110931	Church2025__YPM-IZ-110931	bacterial	BAC00167	genome_target	high_confidence			d__Bacteria;p__Pseudomonadota;c__Alphaproteobacteria;o__Rhodobacterales;f__Rhodobacteraceae;g__Cognatishimia;s__		0.983032	306038		2949111			true
Church2025:YPM-IZ-110931	Church2025__YPM-IZ-110931	bacterial	BAC00307	genome_target	high_confidence			d__Bacteria;p__Pseudomonadota;c__Gammaproteobacteria;o__Enterobacterales;f__Vibrionaceae;g__Photobacterium;s__Photobacterium swingsii		0.657325	64186		193601			false
Church2025:YPM-IZ-110938	Church2025__YPM-IZ-110938	bacterial	BAC00026	genome_target	high_confidence	MAGSP0007	Clade B	d__Bacteria;p__Bacillota_I;c__Bacilli_A;o__Mycoplasmatales;f__Metamycoplasmataceae;g__;s__		0.917095	84675		729550			true
Church2025:YPM-IZ-110938	Church2025__YPM-IZ-110938	bacterial	BAC00027	genome_target	high_confidence	MAGSP0010	Clade B	d__Bacteria;p__Bacillota_I;c__Bacilli_A;o__Mycoplasmatales;f__Metamycoplasmataceae;g__;s__		0.784674	17556		297464			false
Church2025:YPM-IZ-110943	Church2025__YPM-IZ-110943	bacterial	BAC00027	genome_target	high_confidence	MAGSP0010	Clade B	d__Bacteria;p__Bacillota_I;c__Bacilli_A;o__Mycoplasmatales;f__Metamycoplasmataceae;g__;s__		0.870378	234378		50229			true
Church2025:YPM-IZ-110972	Church2025__YPM-IZ-110972	bacterial	BAC00235	genome_target	validated			d__Bacteria;p__Pseudomonadota;c__Gammaproteobacteria;o__Enterobacterales;f__Alteromonadaceae;g__Cognaticolwellia;s__Cognaticolwellia aestuarii		0.323485	13079		625			false
Church2025:YPM-IZ-110972	Church2025__YPM-IZ-110972	bacterial	BAC00245	genome_target	validated			d__Bacteria;p__Pseudomonadota;c__Gammaproteobacteria;o__Enterobacterales;f__Alteromonadaceae;g__Pseudoalteromonas;s__Pseudoalteromonas aliena		0.355213	14266		6687			false
Church2025:YPM-IZ-110972	Church2025__YPM-IZ-110972	bacterial	BAC00248	genome_target	high_confidence			d__Bacteria;p__Pseudomonadota;c__Gammaproteobacteria;o__Enterobacterales;f__Alteromonadaceae;g__Pseudoalteromonas;s__Pseudoalteromonas carrageenovora		0.918625	415721		3748045			true
Church2025:YPM-IZ-110972	Church2025__YPM-IZ-110972	bacterial	BAC00249	genome_target	high_confidence			d__Bacteria;p__Pseudomonadota;c__Gammaproteobacteria;o__Enterobacterales;f__Alteromonadaceae;g__Pseudoalteromonas;s__Pseudoalteromonas distincta		0.848833	122141		2932132			true
Church2025:YPM-IZ-110972	Church2025__YPM-IZ-110972	bacterial	BAC00251	genome_target	high_confidence			d__Bacteria;p__Pseudomonadota;c__Gammaproteobacteria;o__Enterobacterales;f__Alteromonadaceae;g__Pseudoalteromonas;s__Pseudoalteromonas fuliginea		0.179472	10456		72000			false
Church2025:YPM-IZ-110972	Church2025__YPM-IZ-110972	bacterial	BAC00257	genome_target	validated			d__Bacteria;p__Pseudomonadota;c__Gammaproteobacteria;o__Enterobacterales;f__Alteromonadaceae;g__Pseudoalteromonas;s__Pseudoalteromonas marina		0.26564	10342		6342			false
Church2025:YPM-IZ-110972	Church2025__YPM-IZ-110972	bacterial	BAC00263	genome_target	high_confidence			d__Bacteria;p__Pseudomonadota;c__Gammaproteobacteria;o__Enterobacterales;f__Alteromonadaceae;g__Pseudoalteromonas;s__Pseudoalteromonas sp000498095		0.469544	32049		114609			false
Church2025:YPM-IZ-110972	Church2025__YPM-IZ-110972	bacterial	BAC00267	genome_target	validated			d__Bacteria;p__Pseudomonadota;c__Gammaproteobacteria;o__Enterobacterales;f__Alteromonadaceae;g__Pseudoalteromonas;s__Pseudoalteromonas sp002165575		0.231549	10499		930			false
Church2025:YPM-IZ-110972	Church2025__YPM-IZ-110972	bacterial	BAC00273	genome_target	high_confidence			d__Bacteria;p__Pseudomonadota;c__Gammaproteobacteria;o__Enterobacterales;f__Alteromonadaceae;g__Pseudoalteromonas;s__Pseudoalteromonas sp008370255		0.27778	13766		78832			false
Church2025:YPM-IZ-110972	Church2025__YPM-IZ-110972	bacterial	BAC00274	genome_target	high_confidence			d__Bacteria;p__Pseudomonadota;c__Gammaproteobacteria;o__Enterobacterales;f__Alteromonadaceae;g__Pseudoalteromonas;s__Pseudoalteromonas sp018100985		0.702911	57144		386036			false
Church2025:YPM-IZ-110972	Church2025__YPM-IZ-110972	bacterial	BAC00296	genome_target	validated			d__Bacteria;p__Pseudomonadota;c__Gammaproteobacteria;o__Enterobacterales;f__Shewanellaceae;g__Shewanella;s__Shewanella sp014163735		0.122438	3934		1355			false
Church2025:YPM-IZ-110972	Church2025__YPM-IZ-110972	bacterial	BAC00297	genome_target	validated			d__Bacteria;p__Pseudomonadota;c__Gammaproteobacteria;o__Enterobacterales;f__Shewanellaceae;g__Shewanella;s__Shewanella sp025398315		0.125825	4929		8987			false
Church2025:YPM-IZ-110972	Church2025__YPM-IZ-110972	bacterial	BAC00298	genome_target	high_confidence			d__Bacteria;p__Pseudomonadota;c__Gammaproteobacteria;o__Enterobacterales;f__Shewanellaceae;g__Shewanella;s__Shewanella ulleungensis		0.875159	96864		2135739			false
Church2025:YPM-IZ-110972	Church2025__YPM-IZ-110972	bacterial	BAC00306	genome_target	validated			d__Bacteria;p__Pseudomonadota;c__Gammaproteobacteria;o__Enterobacterales;f__Vibrionaceae;g__Photobacterium;s__Photobacterium sanguinicancri		0.105533	4623		2635			false
Church2025:YPM-IZ-110972	Church2025__YPM-IZ-110972	bacterial	BAC00309	genome_target	high_confidence			d__Bacteria;p__Pseudomonadota;c__Gammaproteobacteria;o__Enterobacterales;f__Vibrionaceae;g__Vibrio;s__Vibrio atlanticus		0.764145	184601		2030359			false
Church2025:YPM-IZ-110972	Church2025__YPM-IZ-110972	bacterial	BAC00315	genome_target	high_confidence			d__Bacteria;p__Pseudomonadota;c__Gammaproteobacteria;o__Enterobacterales;f__Vibrionaceae;g__Vibrio;s__Vibrio celticus		0.197181	24725		121970			false
Church2025:YPM-IZ-110972	Church2025__YPM-IZ-110972	bacterial	BAC00320	genome_target	high_confidence			d__Bacteria;p__Pseudomonadota;c__Gammaproteobacteria;o__Enterobacterales;f__Vibrionaceae;g__Vibrio;s__Vibrio coralliirubri		0.208671	19770		82375			false
Church2025:YPM-IZ-110972	Church2025__YPM-IZ-110972	bacterial	BAC00322	genome_target	high_confidence			d__Bacteria;p__Pseudomonadota;c__Gammaproteobacteria;o__Enterobacterales;f__Vibrionaceae;g__Vibrio;s__Vibrio crassostreae_C		0.193729	23108		71214			false
Church2025:YPM-IZ-110972	Church2025__YPM-IZ-110972	bacterial	BAC00323	genome_target	high_confidence			d__Bacteria;p__Pseudomonadota;c__Gammaproteobacteria;o__Enterobacterales;f__Vibrionaceae;g__Vibrio;s__Vibrio cyclitrophicus		0.897848	426295		3936896			false
Church2025:YPM-IZ-110972	Church2025__YPM-IZ-110972	bacterial	BAC00325	genome_target	high_confidence			d__Bacteria;p__Pseudomonadota;c__Gammaproteobacteria;o__Enterobacterales;f__Vibrionaceae;g__Vibrio;s__Vibrio echinoideorum		0.142806	27138		151880			false
Church2025:YPM-IZ-110972	Church2025__YPM-IZ-110972	bacterial	BAC00329	genome_target	high_confidence			d__Bacteria;p__Pseudomonadota;c__Gammaproteobacteria;o__Enterobacterales;f__Vibrionaceae;g__Vibrio;s__Vibrio gallaecicus		0.141058	6513		15012			false
Church2025:YPM-IZ-110972	Church2025__YPM-IZ-110972	bacterial	BAC00333	genome_target	high_confidence			d__Bacteria;p__Pseudomonadota;c__Gammaproteobacteria;o__Enterobacterales;f__Vibrionaceae;g__Vibrio;s__Vibrio lentus		0.589149	65746		303885			false
Church2025:YPM-IZ-110972	Church2025__YPM-IZ-110972	bacterial	BAC00334	genome_target	high_confidence			d__Bacteria;p__Pseudomonadota;c__Gammaproteobacteria;o__Enterobacterales;f__Vibrionaceae;g__Vibrio;s__Vibrio lentus_A		0.180304	18808		54980			false
Church2025:YPM-IZ-110972	Church2025__YPM-IZ-110972	bacterial	BAC00353	genome_target	high_confidence			d__Bacteria;p__Pseudomonadota;c__Gammaproteobacteria;o__Enterobacterales;f__Vibrionaceae;g__Vibrio;s__Vibrio splendidus		0.810821	454026		2286488			false
Church2025:YPM-IZ-110972	Church2025__YPM-IZ-110972	bacterial	BAC00354	genome_target	high_confidence			d__Bacteria;p__Pseudomonadota;c__Gammaproteobacteria;o__Enterobacterales;f__Vibrionaceae;g__Vibrio;s__Vibrio splendidus_J		0.197313	21817		86857			false
Church2025:YPM-IZ-110972	Church2025__YPM-IZ-110972	bacterial	BAC00355	genome_target	high_confidence			d__Bacteria;p__Pseudomonadota;c__Gammaproteobacteria;o__Enterobacterales;f__Vibrionaceae;g__Vibrio;s__Vibrio splendidus_K		0.506243	118104		444053			false
Church2025:YPM-IZ-111006	Church2025__YPM-IZ-111006	bacterial	BAC00025	genome_target	high_confidence	MAGSP0005	Clade A	d__Bacteria;p__Bacillota_I;c__Bacilli_A;o__Mycoplasmatales;f__Metamycoplasmataceae;g__;s__		0.84502	41990		469995			false
Church2025:YPM-IZ-111006	Church2025__YPM-IZ-111006	bacterial	BAC00027	genome_target	high_confidence	MAGSP0010	Clade B	d__Bacteria;p__Bacillota_I;c__Bacilli_A;o__Mycoplasmatales;f__Metamycoplasmataceae;g__;s__		0.77783	25778		288513			false
Church2025:YPM-IZ-111007	Church2025__YPM-IZ-111007	bacterial	BAC00025	genome_target	high_confidence	MAGSP0005	Clade A	d__Bacteria;p__Bacillota_I;c__Bacilli_A;o__Mycoplasmatales;f__Metamycoplasmataceae;g__;s__		0.847587	82910		390512			false
Church2025:YPM-IZ-111007	Church2025__YPM-IZ-111007	bacterial	BAC00026	genome_target	high_confidence	MAGSP0007	Clade B	d__Bacteria;p__Bacillota_I;c__Bacilli_A;o__Mycoplasmatales;f__Metamycoplasmataceae;g__;s__		0.105571	1720		20431			false
Church2025:YPM-IZ-111007	Church2025__YPM-IZ-111007	bacterial	BAC00027	genome_target	high_confidence	MAGSP0010	Clade B	d__Bacteria;p__Bacillota_I;c__Bacilli_A;o__Mycoplasmatales;f__Metamycoplasmataceae;g__;s__		0.92448	81733		623546			false
Church2025:YPM-IZ-111007	Church2025__YPM-IZ-111007	bacterial	BAC00146	genome_target	validated			d__Bacteria;p__Pseudomonadota;c__Alphaproteobacteria;o__JABSOH01;f__JABSOH01;g__;s__		0.305897	5298		2945			false
Church2025:YPM-IZ-111008	Church2025__YPM-IZ-111008	bacterial	BAC00025	genome_target	high_confidence	MAGSP0005	Clade A	d__Bacteria;p__Bacillota_I;c__Bacilli_A;o__Mycoplasmatales;f__Metamycoplasmataceae;g__;s__		0.405547	12011		38812			false
Church2025:YPM-IZ-111008	Church2025__YPM-IZ-111008	bacterial	BAC00026	genome_target	high_confidence	MAGSP0007	Clade B	d__Bacteria;p__Bacillota_I;c__Bacilli_A;o__Mycoplasmatales;f__Metamycoplasmataceae;g__;s__		0.60425	10346		150618			false
Church2025:YPM-IZ-111008	Church2025__YPM-IZ-111008	bacterial	BAC00027	genome_target	validated	MAGSP0010	Clade B	d__Bacteria;p__Bacillota_I;c__Bacilli_A;o__Mycoplasmatales;f__Metamycoplasmataceae;g__;s__		0.209616	1975		6168			false
Church2025:YPM-IZ-111008	Church2025__YPM-IZ-111008	bacterial	BAC00045	genome_target	validated			d__Bacteria;p__Bacteroidota;c__Bacteroidia;o__Flavobacteriales;f__Flavobacteriaceae;g__CAMZMA01;s__		0.183117	2531		3674			false
Church2025:YPM-IZ-111009	Church2025__YPM-IZ-111009	archaeal	BAC00006	genome_target	validated			d__Archaea;p__Thermoproteota;c__JANJXX01;o__JAMOTR01;f__;g__;s__		0.172989	6710		0			false
Church2025:YPM-IZ-111009	Church2025__YPM-IZ-111009	bacterial	BAC00025	genome_target	high_confidence	MAGSP0005	Clade A	d__Bacteria;p__Bacillota_I;c__Bacilli_A;o__Mycoplasmatales;f__Metamycoplasmataceae;g__;s__		0.591418	14200		61902			false
Church2025:YPM-IZ-111009	Church2025__YPM-IZ-111009	bacterial	BAC00027	genome_target	high_confidence	MAGSP0010	Clade B	d__Bacteria;p__Bacillota_I;c__Bacilli_A;o__Mycoplasmatales;f__Metamycoplasmataceae;g__;s__		0.683448	23647		269496			false
Church2025:YPM-IZ-111009	Church2025__YPM-IZ-111009	bacterial	BAC00146	genome_target	high_confidence			d__Bacteria;p__Pseudomonadota;c__Alphaproteobacteria;o__JABSOH01;f__JABSOH01;g__;s__		0.730824	24399		81757			false
Church2025:YPM-IZ-111010	Church2025__YPM-IZ-111010	bacterial	BAC00027	genome_target	high_confidence	MAGSP0010	Clade B	d__Bacteria;p__Bacillota_I;c__Bacilli_A;o__Mycoplasmatales;f__Metamycoplasmataceae;g__;s__		0.824721	43090		464934			false
Church2025:YPM-IZ-111010	Church2025__YPM-IZ-111010	bacterial	BAC00045	genome_target	high_confidence			d__Bacteria;p__Bacteroidota;c__Bacteroidia;o__Flavobacteriales;f__Flavobacteriaceae;g__CAMZMA01;s__		0.67447	22025		328755			false
Church2025:YPM-IZ-111016	Church2025__YPM-IZ-111016	bacterial	BAC00166	genome_target	validated			d__Bacteria;p__Pseudomonadota;c__Alphaproteobacteria;o__Rhodobacterales;f__Rhodobacteraceae;g__Cognatishimia;s__		0.167449	5264		0			false
Church2025:YPM-IZ-111017	Church2025__YPM-IZ-111017	bacterial	BAC00166	genome_target	validated			d__Bacteria;p__Pseudomonadota;c__Alphaproteobacteria;o__Rhodobacterales;f__Rhodobacteraceae;g__Cognatishimia;s__		0.149078	4130		0			false
Church2025:YPM-IZ-111156	Church2025__YPM-IZ-111156	bacterial	BAC00025	genome_target	high_confidence	MAGSP0005	Clade A	d__Bacteria;p__Bacillota_I;c__Bacilli_A;o__Mycoplasmatales;f__Metamycoplasmataceae;g__;s__		0.846785	202318		378989			true
Church2025:YPM-IZ-111156	Church2025__YPM-IZ-111156	bacterial	BAC00026	genome_target	high_confidence	MAGSP0007	Clade B	d__Bacteria;p__Bacillota_I;c__Bacilli_A;o__Mycoplasmatales;f__Metamycoplasmataceae;g__;s__		0.845937	79326		607812			true
Church2025:YPM-IZ-111156	Church2025__YPM-IZ-111156	bacterial	BAC00027	genome_target	high_confidence	MAGSP0010	Clade B	d__Bacteria;p__Bacillota_I;c__Bacilli_A;o__Mycoplasmatales;f__Metamycoplasmataceae;g__;s__		0.998955	167227		848284			true
Church2025:YPM-IZ-111157	Church2025__YPM-IZ-111157	bacterial	BAC00025	genome_target	validated	MAGSP0005	Clade A	d__Bacteria;p__Bacillota_I;c__Bacilli_A;o__Mycoplasmatales;f__Metamycoplasmataceae;g__;s__		0.365776	3388		1033			false
Church2025:YPM-IZ-111157	Church2025__YPM-IZ-111157	bacterial	BAC00026	genome_target	high_confidence	MAGSP0007	Clade B	d__Bacteria;p__Bacillota_I;c__Bacilli_A;o__Mycoplasmatales;f__Metamycoplasmataceae;g__;s__		0.937494	51124		770675			false
Church2025:YPM-IZ-111157	Church2025__YPM-IZ-111157	bacterial	BAC00027	genome_target	high_confidence	MAGSP0010	Clade B	d__Bacteria;p__Bacillota_I;c__Bacilli_A;o__Mycoplasmatales;f__Metamycoplasmataceae;g__;s__		0.997763	102565		762847			false
Church2025:YPM-IZ-111157	Church2025__YPM-IZ-111157	bacterial	BAC00362	genome_target	high_confidence			d__Bacteria;p__Pseudomonadota;c__Gammaproteobacteria;o__JABDGN01;f__JABDGN01;g__;s__		0.946879	308167		1610070			true
Church2025:YPM-IZ-111158	Church2025__YPM-IZ-111158	bacterial	BAC00026	genome_target	high_confidence	MAGSP0007	Clade B	d__Bacteria;p__Bacillota_I;c__Bacilli_A;o__Mycoplasmatales;f__Metamycoplasmataceae;g__;s__		0.857781	31905		478798			false
Church2025:YPM-IZ-111158	Church2025__YPM-IZ-111158	bacterial	BAC00027	genome_target	high_confidence	MAGSP0010	Clade B	d__Bacteria;p__Bacillota_I;c__Bacilli_A;o__Mycoplasmatales;f__Metamycoplasmataceae;g__;s__		0.863689	29987		458976			false
Church2025:YPM-IZ-111159	Church2025__YPM-IZ-111159	bacterial	BAC00025	genome_target	high_confidence	MAGSP0005	Clade A	d__Bacteria;p__Bacillota_I;c__Bacilli_A;o__Mycoplasmatales;f__Metamycoplasmataceae;g__;s__		0.852383	76804		418881			false
Church2025:YPM-IZ-111159	Church2025__YPM-IZ-111159	bacterial	BAC00026	genome_target	high_confidence	MAGSP0007	Clade B	d__Bacteria;p__Bacillota_I;c__Bacilli_A;o__Mycoplasmatales;f__Metamycoplasmataceae;g__;s__		1.0	679731		970471			true
Church2025:YPM-IZ-111159	Church2025__YPM-IZ-111159	bacterial	BAC00027	genome_target	high_confidence	MAGSP0010	Clade B	d__Bacteria;p__Bacillota_I;c__Bacilli_A;o__Mycoplasmatales;f__Metamycoplasmataceae;g__;s__		0.81179	106743		298998			false
Church2025:YPM-IZ-111160	Church2025__YPM-IZ-111160	bacterial	BAC00025	genome_target	validated	MAGSP0005	Clade A	d__Bacteria;p__Bacillota_I;c__Bacilli_A;o__Mycoplasmatales;f__Metamycoplasmataceae;g__;s__		0.36054	2897		0			false
Church2025:YPM-IZ-111160	Church2025__YPM-IZ-111160	bacterial	BAC00027	genome_target	high_confidence	MAGSP0010	Clade B	d__Bacteria;p__Bacillota_I;c__Bacilli_A;o__Mycoplasmatales;f__Metamycoplasmataceae;g__;s__		0.874279	161129		463718			true
Church2025:YPM-IZ-111163	Church2025__YPM-IZ-111163	bacterial	BAC00026	genome_target	high_confidence	MAGSP0007	Clade B	d__Bacteria;p__Bacillota_I;c__Bacilli_A;o__Mycoplasmatales;f__Metamycoplasmataceae;g__;s__		0.951367	811248		834392			true
Church2025:YPM-IZ-111163	Church2025__YPM-IZ-111163	bacterial	BAC00027	genome_target	high_confidence	MAGSP0010	Clade B	d__Bacteria;p__Bacillota_I;c__Bacilli_A;o__Mycoplasmatales;f__Metamycoplasmataceae;g__;s__		0.931411	187767		478166			true
Church2025:YPM-IZ-111163	Church2025__YPM-IZ-111163	bacterial	BAC00223	genome_target	high_confidence			d__Bacteria;p__Pseudomonadota;c__Gammaproteobacteria;o__Enterobacterales;f__Alteromonadaceae;g__Alteromonas;s__Alteromonas abrolhosensis		0.13915	13705		164115			false
Church2025:YPM-IZ-111163	Church2025__YPM-IZ-111163	bacterial	BAC00227	genome_target	high_confidence			d__Bacteria;p__Pseudomonadota;c__Gammaproteobacteria;o__Enterobacterales;f__Alteromonadaceae;g__Alteromonas;s__Alteromonas macleodii		0.762211	140752		2587140			false
Church2025:YPM-IZ-111163	Church2025__YPM-IZ-111163	bacterial	BAC00308	genome_target	high_confidence			d__Bacteria;p__Pseudomonadota;c__Gammaproteobacteria;o__Enterobacterales;f__Vibrionaceae;g__Vibrio;s__Vibrio alginolyticus		0.711439	80739		864245			false
Church2025:YPM-IZ-111163	Church2025__YPM-IZ-111163	bacterial	BAC00331	genome_target	validated			d__Bacteria;p__Pseudomonadota;c__Gammaproteobacteria;o__Enterobacterales;f__Vibrionaceae;g__Vibrio;s__Vibrio harveyi		0.258856	16163		6014			false
Church2025:YPM-IZ-111163	Church2025__YPM-IZ-111163	bacterial	BAC00394	genome_target	high_confidence			d__Bacteria;p__Pseudomonadota;c__Gammaproteobacteria;o__Pseudomonadales;f__Halomonadaceae;g__Vreelandella;s__Vreelandella aquamarina		0.659549	49807		244839			false
Church2025:YPM-IZ-111163	Church2025__YPM-IZ-111163	bacterial	BAC00422	genome_target	high_confidence			d__Bacteria;p__Pseudomonadota;c__Gammaproteobacteria;o__Pseudomonadales;f__Oleiphilaceae;g__Marinobacter;s__Marinobacter vinifirmus		0.586982	34199		55216			false
Church2025:YPM-IZ-111207	Church2025__YPM-IZ-111207	archaeal	BAC00006	genome_target	high_confidence			d__Archaea;p__Thermoproteota;c__JANJXX01;o__JAMOTR01;f__;g__;s__		0.993913	356795		4030029			false
Church2025:YPM-IZ-111207	Church2025__YPM-IZ-111207	bacterial	BAC00027	genome_target	high_confidence	MAGSP0010	Clade B	d__Bacteria;p__Bacillota_I;c__Bacilli_A;o__Mycoplasmatales;f__Metamycoplasmataceae;g__;s__		0.885528	25799		643632			true
Church2025:YPM-IZ-111207	Church2025__YPM-IZ-111207	bacterial	BAC00147	genome_target	high_confidence			d__Bacteria;p__Pseudomonadota;c__Alphaproteobacteria;o__JABSOH01;f__JABSOH01;g__;s__		0.999442	151350		1866945			true
Church2025:YPM-IZ-111207	Church2025__YPM-IZ-111207	bacterial	BAC00290	genome_target	validated			d__Bacteria;p__Pseudomonadota;c__Gammaproteobacteria;o__Enterobacterales;f__Psychrobiaceae;g__Psychrobium;s__		0.115959	2579		0			false
Church2025:YPM-IZ-111207	Church2025__YPM-IZ-111207	bacterial	BAC00362	genome_target	high_confidence			d__Bacteria;p__Pseudomonadota;c__Gammaproteobacteria;o__JABDGN01;f__JABDGN01;g__;s__		0.994898	2234339		1708112			true
Church2025:YPM-IZ-111207	Church2025__YPM-IZ-111207	bacterial	BAC00370	genome_target	high_confidence			d__Bacteria;p__Pseudomonadota;c__Gammaproteobacteria;o__Pseudomonadales;f__Cellvibrionaceae;g__;s__		0.94601	43176		732473			false
Church2025:YPM-IZ-111208	Church2025__YPM-IZ-111208	archaeal	BAC00006	genome_target	high_confidence			d__Archaea;p__Thermoproteota;c__JANJXX01;o__JAMOTR01;f__;g__;s__		0.984923	183012		3819875			true
Church2025:YPM-IZ-111208	Church2025__YPM-IZ-111208	bacterial	BAC00027	genome_target	validated	MAGSP0010	Clade B	d__Bacteria;p__Bacillota_I;c__Bacilli_A;o__Mycoplasmatales;f__Metamycoplasmataceae;g__;s__		0.147503	954		0			false
Church2025:YPM-IZ-111208	Church2025__YPM-IZ-111208	bacterial	BAC00124	genome_target	validated			d__Bacteria;p__Cyanobacteriota;c__Cyanobacteriia;o__PCC-6307;f__Cyanobiaceae;g__Synechococcus_C;s__Synechococcus_C sp000230675		0.117774	2867		0			false
Church2025:YPM-IZ-111208	Church2025__YPM-IZ-111208	bacterial	BAC00130	genome_target	validated			d__Bacteria;p__Patescibacteria;c__JAEDAM01;o__BD1-5;f__UBA6164;g__CAJXJP01;s__CAJXJP01 sp913055215		0.152161	1647		0			false
Church2025:YPM-IZ-111208	Church2025__YPM-IZ-111208	bacterial	BAC00142	genome_target	validated			d__Bacteria;p__Planctomycetota;c__UBA8108;o__UBA1146;f__UBA1146;g__UBA12191;s__UBA12191 sp002691835		0.153719	3125		0			false
Church2025:YPM-IZ-111208	Church2025__YPM-IZ-111208	bacterial	BAC00147	genome_target	high_confidence			d__Bacteria;p__Pseudomonadota;c__Alphaproteobacteria;o__JABSOH01;f__JABSOH01;g__;s__		0.801747	25043		147239			false
Church2025:YPM-IZ-111208	Church2025__YPM-IZ-111208	bacterial	BAC00290	genome_target	validated			d__Bacteria;p__Pseudomonadota;c__Gammaproteobacteria;o__Enterobacterales;f__Psychrobiaceae;g__Psychrobium;s__		0.26721	6768		0			false
Church2025:YPM-IZ-111208	Church2025__YPM-IZ-111208	bacterial	BAC00321	genome_target	validated			d__Bacteria;p__Pseudomonadota;c__Gammaproteobacteria;o__Enterobacterales;f__Vibrionaceae;g__Vibrio;s__Vibrio crassostreae		0.148216	7739		4733			false
Church2025:YPM-IZ-111208	Church2025__YPM-IZ-111208	bacterial	BAC00327	genome_target	validated			d__Bacteria;p__Pseudomonadota;c__Gammaproteobacteria;o__Enterobacterales;f__Vibrionaceae;g__Vibrio;s__Vibrio fortis		0.232452	11422		2025			false
Church2025:YPM-IZ-111208	Church2025__YPM-IZ-111208	bacterial	BAC00362	genome_target	high_confidence			d__Bacteria;p__Pseudomonadota;c__Gammaproteobacteria;o__JABDGN01;f__JABDGN01;g__;s__		0.977191	4660312		1667997			true
Church2025:YPM-IZ-111208	Church2025__YPM-IZ-111208	bacterial	BAC00370	genome_target	high_confidence			d__Bacteria;p__Pseudomonadota;c__Gammaproteobacteria;o__Pseudomonadales;f__Cellvibrionaceae;g__;s__		0.685994	24197		38534			false
Church2025:YPM-IZ-111209	Church2025__YPM-IZ-111209	archaeal	BAC00006	genome_target	high_confidence			d__Archaea;p__Thermoproteota;c__JANJXX01;o__JAMOTR01;f__;g__;s__		0.637575	35922		41813			false
Church2025:YPM-IZ-111209	Church2025__YPM-IZ-111209	bacterial	BAC00027	genome_target	high_confidence	MAGSP0010	Clade B	d__Bacteria;p__Bacillota_I;c__Bacilli_A;o__Mycoplasmatales;f__Metamycoplasmataceae;g__;s__		0.940084	189837		400691			true
Church2025:YPM-IZ-111209	Church2025__YPM-IZ-111209	bacterial	BAC00147	genome_target	validated			d__Bacteria;p__Pseudomonadota;c__Alphaproteobacteria;o__JABSOH01;f__JABSOH01;g__;s__		0.125618	2171		258			false
Church2025:YPM-IZ-111209	Church2025__YPM-IZ-111209	bacterial	BAC00362	genome_target	high_confidence			d__Bacteria;p__Pseudomonadota;c__Gammaproteobacteria;o__JABDGN01;f__JABDGN01;g__;s__		0.968617	323552		1665675			true
Church2025:YPM-IZ-111209	Church2025__YPM-IZ-111209	bacterial	BAC00370	genome_target	validated			d__Bacteria;p__Pseudomonadota;c__Gammaproteobacteria;o__Pseudomonadales;f__Cellvibrionaceae;g__;s__		0.188287	3480		7554			false
Church2025:YPM-IZ-111210	Church2025__YPM-IZ-111210	archaeal	BAC00006	genome_target	high_confidence			d__Archaea;p__Thermoproteota;c__JANJXX01;o__JAMOTR01;f__;g__;s__		0.969338	131106		3122667			false
Church2025:YPM-IZ-111210	Church2025__YPM-IZ-111210	bacterial	BAC00025	genome_target	validated	MAGSP0005	Clade A	d__Bacteria;p__Bacillota_I;c__Bacilli_A;o__Mycoplasmatales;f__Metamycoplasmataceae;g__;s__		0.197213	1961		0			false
Church2025:YPM-IZ-111210	Church2025__YPM-IZ-111210	bacterial	BAC00027	genome_target	high_confidence	MAGSP0010	Clade B	d__Bacteria;p__Bacillota_I;c__Bacilli_A;o__Mycoplasmatales;f__Metamycoplasmataceae;g__;s__		0.99956	611940		849721			true
Church2025:YPM-IZ-111210	Church2025__YPM-IZ-111210	bacterial	BAC00036	genome_target	high_confidence			d__Bacteria;p__Bacteroidota;c__Bacteroidia;o__Flavobacteriales;f__Crocinitomicaceae;g__Crocinitomix;s__		0.994715	222800		4996133			true
Church2025:YPM-IZ-111210	Church2025__YPM-IZ-111210	bacterial	BAC00147	genome_target	high_confidence			d__Bacteria;p__Pseudomonadota;c__Alphaproteobacteria;o__JABSOH01;f__JABSOH01;g__;s__		0.999391	379806		1817420			true
Church2025:YPM-IZ-111210	Church2025__YPM-IZ-111210	bacterial	BAC00189	genome_target	high_confidence			d__Bacteria;p__Pseudomonadota;c__Alphaproteobacteria;o__Rhodobacterales;f__Rhodobacteraceae;g__Shimia;s__Shimia sp024224295		0.561279	35239		61541			false
Church2025:YPM-IZ-111210	Church2025__YPM-IZ-111210	bacterial	BAC00244	genome_target	validated			d__Bacteria;p__Pseudomonadota;c__Gammaproteobacteria;o__Enterobacterales;f__Alteromonadaceae;g__Pseudoalteromonas;s__		0.199894	6203		358			false
Church2025:YPM-IZ-111210	Church2025__YPM-IZ-111210	bacterial	BAC00290	genome_target	validated			d__Bacteria;p__Pseudomonadota;c__Gammaproteobacteria;o__Enterobacterales;f__Psychrobiaceae;g__Psychrobium;s__		0.211365	5178		0			false
Church2025:YPM-IZ-111210	Church2025__YPM-IZ-111210	bacterial	BAC00362	genome_target	high_confidence			d__Bacteria;p__Pseudomonadota;c__Gammaproteobacteria;o__JABDGN01;f__JABDGN01;g__;s__		0.999595	786444		1732333			true
Church2025:YPM-IZ-111210	Church2025__YPM-IZ-111210	bacterial	BAC00370	genome_target	high_confidence			d__Bacteria;p__Pseudomonadota;c__Gammaproteobacteria;o__Pseudomonadales;f__Cellvibrionaceae;g__;s__		0.99997	1615370		1464916			true
Church2025:YPM-IZ-111241	Church2025__YPM-IZ-111241	bacterial	BAC00025	genome_target	validated	MAGSP0005	Clade A	d__Bacteria;p__Bacillota_I;c__Bacilli_A;o__Mycoplasmatales;f__Metamycoplasmataceae;g__;s__		0.389024	3812		1123			false
Church2025:YPM-IZ-111241	Church2025__YPM-IZ-111241	bacterial	BAC00027	genome_target	high_confidence	MAGSP0010	Clade B	d__Bacteria;p__Bacillota_I;c__Bacilli_A;o__Mycoplasmatales;f__Metamycoplasmataceae;g__;s__		0.831424	39063		618757			true
Church2025:YPM-IZ-111241	Church2025__YPM-IZ-111241	bacterial	BAC00147	genome_target	validated			d__Bacteria;p__Pseudomonadota;c__Alphaproteobacteria;o__JABSOH01;f__JABSOH01;g__;s__		0.213035	3291		649			false
Church2025:YPM-IZ-111241	Church2025__YPM-IZ-111241	bacterial	BAC00362	genome_target	high_confidence			d__Bacteria;p__Pseudomonadota;c__Gammaproteobacteria;o__JABDGN01;f__JABDGN01;g__;s__		0.627318	23096		32729			false
Church2025:YPM-IZ-111243	Church2025__YPM-IZ-111243	bacterial	BAC00025	genome_target	high_confidence	MAGSP0005	Clade A	d__Bacteria;p__Bacillota_I;c__Bacilli_A;o__Mycoplasmatales;f__Metamycoplasmataceae;g__;s__		0.627887	7756		37176			false
Church2025:YPM-IZ-111243	Church2025__YPM-IZ-111243	bacterial	BAC00359	genome_target	validated			d__Bacteria;p__Pseudomonadota;c__Gammaproteobacteria;o__Francisellales;f__Francisellaceae;g__Francisella_A;s__		0.308601	4726		3942			false
Church2025:YPM-IZ-111243	Church2025__YPM-IZ-111243	bacterial	BAC00362	genome_target	high_confidence			d__Bacteria;p__Pseudomonadota;c__Gammaproteobacteria;o__JABDGN01;f__JABDGN01;g__;s__		0.979956	1021100		1667568			true
Church2025:YPM-IZ-111513	Church2025__YPM-IZ-111513	bacterial	BAC00375	genome_target	high_confidence			d__Bacteria;p__Pseudomonadota;c__Gammaproteobacteria;o__Pseudomonadales;f__DT-91;g__CAKMZU01;s__		0.840764	86003		2255277			true
Church2025:YPM-IZ-111514	Church2025__YPM-IZ-111514	bacterial	BAC00375	genome_target	validated			d__Bacteria;p__Pseudomonadota;c__Gammaproteobacteria;o__Pseudomonadales;f__DT-91;g__CAKMZU01;s__		0.15923	5061		0			false
Church2025:YPM-IZ-111517	Church2025__YPM-IZ-111517	bacterial	BAC00375	genome_target	validated			d__Bacteria;p__Pseudomonadota;c__Gammaproteobacteria;o__Pseudomonadales;f__DT-91;g__CAKMZU01;s__		0.101133	3126		0			false
Church2025:YPM-IZ-111518	Church2025__YPM-IZ-111518	bacterial	BAC00375	genome_target	validated			d__Bacteria;p__Pseudomonadota;c__Gammaproteobacteria;o__Pseudomonadales;f__DT-91;g__CAKMZU01;s__		0.167325	5691		0			false
Church2025:YPM-IZ-111518	Church2025__YPM-IZ-111518	bacterial	BAC00381	genome_target	validated			d__Bacteria;p__Pseudomonadota;c__Gammaproteobacteria;o__Pseudomonadales;f__Halieaceae;g__Halioglobus;s__Halioglobus sp905480565		0.351499	11433		2114			false
Church2025:YPM-IZ-111520	Church2025__YPM-IZ-111520	bacterial	BAC00375	genome_target	high_confidence			d__Bacteria;p__Pseudomonadota;c__Gammaproteobacteria;o__Pseudomonadales;f__DT-91;g__CAKMZU01;s__		0.72272	47081		462073			false
Church2025:YPM-IZ-111520	Church2025__YPM-IZ-111520	bacterial	BAC00381	genome_target	validated			d__Bacteria;p__Pseudomonadota;c__Gammaproteobacteria;o__Pseudomonadales;f__Halieaceae;g__Halioglobus;s__Halioglobus sp905480565		0.180312	4788		0			false
Church2025:YPM-IZ-111521	Church2025__YPM-IZ-111521	bacterial	BAC00375	genome_target	validated			d__Bacteria;p__Pseudomonadota;c__Gammaproteobacteria;o__Pseudomonadales;f__DT-91;g__CAKMZU01;s__		0.24292	8266		0			false
Church2025:YPM-IZ-111521	Church2025__YPM-IZ-111521	bacterial	BAC00381	genome_target	validated			d__Bacteria;p__Pseudomonadota;c__Gammaproteobacteria;o__Pseudomonadales;f__Halieaceae;g__Halioglobus;s__Halioglobus sp905480565		0.137211	3448		0			false
Church2025:YPM-IZ-111530	Church2025__YPM-IZ-111530	bacterial	BAC00375	genome_target	high_confidence			d__Bacteria;p__Pseudomonadota;c__Gammaproteobacteria;o__Pseudomonadales;f__DT-91;g__CAKMZU01;s__		0.66185	38675		196452			false
Church2025:YPM-IZ-111539	Church2025__YPM-IZ-111539	bacterial	BAC00375	genome_target	high_confidence			d__Bacteria;p__Pseudomonadota;c__Gammaproteobacteria;o__Pseudomonadales;f__DT-91;g__CAKMZU01;s__		0.816109	67623		1375560			false
Church2025:YPM-IZ-111547	Church2025__YPM-IZ-111547	bacterial	BAC00146	genome_target	validated			d__Bacteria;p__Pseudomonadota;c__Alphaproteobacteria;o__JABSOH01;f__JABSOH01;g__;s__		0.163107	2681		311			false
Church2025:YPM-IZ-111839	Church2025__YPM-IZ-111839	bacterial	BAC00025	genome_target	high_confidence	MAGSP0005	Clade A	d__Bacteria;p__Bacillota_I;c__Bacilli_A;o__Mycoplasmatales;f__Metamycoplasmataceae;g__;s__		0.898098	133225		593282			true
Church2025:YPM-IZ-111839	Church2025__YPM-IZ-111839	bacterial	BAC00071	genome_target	validated			d__Bacteria;p__Bacteroidota;c__Bacteroidia;o__Flavobacteriales;f__Flavobacteriaceae;g__Nonlabens;s__Nonlabens tegetincola		0.242632	6851		1345			false
Church2025:YPM-IZ-111839	Church2025__YPM-IZ-111839	bacterial	BAC00120	genome_target	validated			d__Bacteria;p__Cyanobacteriota;c__Cyanobacteriia;o__PCC-6307;f__Cyanobiaceae;g__Prochlorococcus_A;s__Prochlorococcus_A sp003280965		0.131565	1712		0			false
Church2025:YPM-IZ-111839	Church2025__YPM-IZ-111839	bacterial	BAC00123	genome_target	validated			d__Bacteria;p__Cyanobacteriota;c__Cyanobacteriia;o__PCC-6307;f__Cyanobiaceae;g__Prochlorococcus_A;s__Prochlorococcus_A sp902627325		0.197621	1514		0			false
Church2025:YPM-IZ-111839	Church2025__YPM-IZ-111839	bacterial	BAC00190	genome_target	validated			d__Bacteria;p__Pseudomonadota;c__Alphaproteobacteria;o__Rhodobacterales;f__Rhodobacteraceae;g__Sulfitobacter;s__Sulfitobacter faviae		0.156929	4261		0			false
Church2025:YPM-IZ-111839	Church2025__YPM-IZ-111839	bacterial	BAC00192	genome_target	validated			d__Bacteria;p__Pseudomonadota;c__Alphaproteobacteria;o__Rhodobacterales;f__Rhodobacteraceae;g__Sulfitobacter;s__Sulfitobacter pontiacus		0.233105	9113		0			false
Church2025:YPM-IZ-111839	Church2025__YPM-IZ-111839	bacterial	BAC00193	genome_target	validated			d__Bacteria;p__Pseudomonadota;c__Alphaproteobacteria;o__Rhodobacterales;f__Rhodobacteraceae;g__Sulfitobacter;s__Sulfitobacter sp002703405		0.237939	8229		2507			false
Church2025:YPM-IZ-111839	Church2025__YPM-IZ-111839	bacterial	BAC00198	genome_target	high_confidence			d__Bacteria;p__Pseudomonadota;c__Alphaproteobacteria;o__Rickettsiales;f__Rickettsiaceae;g__GCA-2402195;s__		0.627456	15800		310467			false
Church2025:YPM-IZ-111839	Church2025__YPM-IZ-111839	bacterial	BAC00201	genome_target	validated			d__Bacteria;p__Pseudomonadota;c__Alphaproteobacteria;o__Sphingomonadales;f__Sphingomonadaceae;g__CAJXSN01;s__CAJXSN01 sp027941995		0.145247	4094		0			false
Church2025:YPM-IZ-111839	Church2025__YPM-IZ-111839	bacterial	BAC00202	genome_target	validated			d__Bacteria;p__Pseudomonadota;c__Alphaproteobacteria;o__Sphingomonadales;f__Sphingomonadaceae;g__Qipengyuania;s__Qipengyuania citrea		0.105345	2805		0			false
Church2025:YPM-IZ-111839	Church2025__YPM-IZ-111839	bacterial	BAC00223	genome_target	high_confidence			d__Bacteria;p__Pseudomonadota;c__Gammaproteobacteria;o__Enterobacterales;f__Alteromonadaceae;g__Alteromonas;s__Alteromonas abrolhosensis		0.149644	8307		62103			false
Church2025:YPM-IZ-111839	Church2025__YPM-IZ-111839	bacterial	BAC00227	genome_target	high_confidence			d__Bacteria;p__Pseudomonadota;c__Gammaproteobacteria;o__Enterobacterales;f__Alteromonadaceae;g__Alteromonas;s__Alteromonas macleodii		0.760893	79675		1351732			false
Church2025:YPM-IZ-111839	Church2025__YPM-IZ-111839	bacterial	BAC00277	genome_target	validated			d__Bacteria;p__Pseudomonadota;c__Gammaproteobacteria;o__Enterobacterales;f__Alteromonadaceae;g__Pseudoalteromonas;s__Pseudoalteromonas spongiae		0.139168	5977		0			false
Church2025:YPM-IZ-111839	Church2025__YPM-IZ-111839	bacterial	BAC00289	genome_target	high_confidence			d__Bacteria;p__Pseudomonadota;c__Gammaproteobacteria;o__Enterobacterales;f__Enterobacteriaceae;g__Serratia;s__Serratia nevei		0.798199	111614		1928962			false
Church2025:YPM-IZ-111839	Church2025__YPM-IZ-111839	bacterial	BAC00308	genome_target	validated			d__Bacteria;p__Pseudomonadota;c__Gammaproteobacteria;o__Enterobacterales;f__Vibrionaceae;g__Vibrio;s__Vibrio alginolyticus		0.332137	18374		3003			false
Church2025:YPM-IZ-111839	Church2025__YPM-IZ-111839	bacterial	BAC00367	genome_target	validated			d__Bacteria;p__Pseudomonadota;c__Gammaproteobacteria;o__Pseudomonadales;f__Alcanivoracaceae;g__Alcanivorax;s__Alcanivorax sp900107995		0.222789	8296		0			false
Church2025:YPM-IZ-111839	Church2025__YPM-IZ-111839	bacterial	BAC00395	genome_target	validated			d__Bacteria;p__Pseudomonadota;c__Gammaproteobacteria;o__Pseudomonadales;f__Halomonadaceae;g__Vreelandella;s__Vreelandella piezotolerans		0.114038	4199		1651			false
Church2025:YPM-IZ-111839	Church2025__YPM-IZ-111839	bacterial	BAC00409	genome_target	high_confidence			d__Bacteria;p__Pseudomonadota;c__Gammaproteobacteria;o__Pseudomonadales;f__Moraxellaceae;g__Psychrobacter;s__Psychrobacter sp000511655		0.659484	33852		150341			false
Church2025:YPM-IZ-111840	Church2025__YPM-IZ-111840	bacterial	BAC00409	genome_target	validated			d__Bacteria;p__Pseudomonadota;c__Gammaproteobacteria;o__Pseudomonadales;f__Moraxellaceae;g__Psychrobacter;s__Psychrobacter sp000511655		0.366601	10732		3855			false
Ahuja2024:CWD101	Ahuja2024__CWD101	viral	VOTU00282	genome_target	high_confidence					1.0	976					
Ahuja2024:CWD11	Ahuja2024__CWD11	viral	VOTU00263	genome_target	high_confidence					1.0	2233					
Ahuja2024:CWD11	Ahuja2024__CWD11	viral	VOTU00301	genome_target	high_confidence					0.988115	5719					
Ahuja2024:CWD116	Ahuja2024__CWD116	viral	VOTU00085	genome_target	high_confidence					1.0	6403					
Ahuja2024:CWD116	Ahuja2024__CWD116	viral	VOTU00109	genome_target	high_confidence					1.0	4911					
Ahuja2024:CWD116	Ahuja2024__CWD116	viral	VOTU00266	genome_target	validated					0.997352	10288					
Ahuja2024:CWD116	Ahuja2024__CWD116	viral	VOTU00274	genome_target	validated					0.800769	944					
Ahuja2024:CWD116	Ahuja2024__CWD116	viral	VOTU00285	genome_target	high_confidence					1.0	5456					
Ahuja2024:CWD116	Ahuja2024__CWD116	viral	VOTU00286	genome_target	high_confidence					1.0	5011					
Ahuja2024:CWD116	Ahuja2024__CWD116	viral	VOTU00293	genome_target	validated					1.0	7974					
Ahuja2024:CWD116	Ahuja2024__CWD116	viral	VOTU00313	genome_target	validated					1.0	9720					
Ahuja2024:CWD117	Ahuja2024__CWD117	viral	VOTU00283	genome_target	high_confidence					1.0	34257					
Ahuja2024:CWD117	Ahuja2024__CWD117	viral	VOTU00299	genome_target	high_confidence					0.992936	8297					
Ahuja2024:CWD117	Ahuja2024__CWD117	viral	VOTU00306	genome_target	high_confidence					1.0	6175					
Ahuja2024:CWD117	Ahuja2024__CWD117	viral	VOTU00310	genome_target	high_confidence					0.966686	15388					
Ahuja2024:CWD117	Ahuja2024__CWD117	viral	VOTU00314	genome_target	high_confidence					1.0	1383					
Ahuja2024:CWD117	Ahuja2024__CWD117	viral	VOTU00315	genome_target	high_confidence					1.0	26662					
Ahuja2024:CWD117	Ahuja2024__CWD117	viral	VOTU00316	genome_target	high_confidence					1.0	7149					
Ahuja2024:CWD12	Ahuja2024__CWD12	viral	VOTU00252	genome_target	high_confidence					1.0	2473					
Ahuja2024:CWD12	Ahuja2024__CWD12	viral	VOTU00256	genome_target	high_confidence					1.0	2782					
Ahuja2024:CWD12	Ahuja2024__CWD12	viral	VOTU00270	genome_target	validated					0.89677	2883					
Ahuja2024:CWD12	Ahuja2024__CWD12	viral	VOTU00307	genome_target	high_confidence					1.0	4524					
Ahuja2024:CWD122	Ahuja2024__CWD122	viral	VOTU00278	genome_target	high_confidence					1.0	7329					
Ahuja2024:CWD122	Ahuja2024__CWD122	viral	VOTU00294	genome_target	high_confidence					1.0	21382					
Ahuja2024:CWD122	Ahuja2024__CWD122	viral	VOTU00295	genome_target	high_confidence					1.0	16927					
Ahuja2024:CWD131	Ahuja2024__CWD131	viral	VOTU00281	genome_target	high_confidence					1.0	19580					
Ahuja2024:CWD131	Ahuja2024__CWD131	viral	VOTU00305	genome_target	high_confidence					1.0	66540					
Ahuja2024:CWD141	Ahuja2024__CWD141	viral	VOTU00153	genome_target	high_confidence					1.0	9157					
Ahuja2024:CWD144	Ahuja2024__CWD144	viral	VOTU00273	genome_target	high_confidence					1.0	19915					
Ahuja2024:CWD144	Ahuja2024__CWD144	viral	VOTU00275	genome_target	high_confidence					1.0	55032					
Ahuja2024:CWD144	Ahuja2024__CWD144	viral	VOTU00289	genome_target	high_confidence					1.0	14508					
Ahuja2024:CWD144	Ahuja2024__CWD144	viral	VOTU00290	genome_target	high_confidence					1.0	52056					
Ahuja2024:CWD144	Ahuja2024__CWD144	viral	VOTU00302	genome_target	high_confidence					1.0	12957					
Ahuja2024:CWD16	Ahuja2024__CWD16	viral	VOTU00207	genome_target	high_confidence					1.0	1297					
Ahuja2024:CWD16	Ahuja2024__CWD16	viral	VOTU00241	genome_target	validated					0.99353	2651					
Ahuja2024:CWD17	Ahuja2024__CWD17	viral	VOTU00249	genome_target	high_confidence					0.99962	1756					
Ahuja2024:CWD17	Ahuja2024__CWD17	viral	VOTU00252	genome_target	validated					0.852953	483					
Ahuja2024:CWD17	Ahuja2024__CWD17	viral	VOTU00256	genome_target	validated					0.996852	3020					
Ahuja2024:CWD17	Ahuja2024__CWD17	viral	VOTU00270	genome_target	high_confidence					1.0	11234					
Ahuja2024:CWD17	Ahuja2024__CWD17	viral	VOTU00307	genome_target	validated					1.0	8917					
Ahuja2024:CWD19	Ahuja2024__CWD19	viral	VOTU00271	genome_target	high_confidence					0.998504	20705					
Ahuja2024:CWD2	Ahuja2024__CWD2	viral	VOTU00266	genome_target	high_confidence					1.0	7363					
Ahuja2024:CWD2	Ahuja2024__CWD2	viral	VOTU00274	genome_target	high_confidence					1.0	557					
Ahuja2024:CWD2	Ahuja2024__CWD2	viral	VOTU00285	genome_target	validated					1.0	2801					
Ahuja2024:CWD2	Ahuja2024__CWD2	viral	VOTU00286	genome_target	validated					0.920684	2301					
Ahuja2024:CWD2	Ahuja2024__CWD2	viral	VOTU00293	genome_target	high_confidence					1.0	4962					
Ahuja2024:CWD2	Ahuja2024__CWD2	viral	VOTU00313	genome_target	high_confidence					1.0	4715					
Ahuja2024:CWD21	Ahuja2024__CWD21	viral	VOTU00284	genome_target	high_confidence					1.0	23162					
Ahuja2024:CWD3	Ahuja2024__CWD3	viral	VOTU00272	genome_target	high_confidence					1.0	9538					
Ahuja2024:CWD3	Ahuja2024__CWD3	viral	VOTU00287	genome_target	high_confidence					1.0	7320					
Ahuja2024:CWD3	Ahuja2024__CWD3	viral	VOTU00292	genome_target	high_confidence					1.0	1593					
Ahuja2024:CWD6	Ahuja2024__CWD6	viral	VOTU00256	genome_target	validated					0.826874	2347					
Ahuja2024:CWD6	Ahuja2024__CWD6	viral	VOTU00269	genome_target	high_confidence					1.0	44558					
Ahuja2024:CWD6	Ahuja2024__CWD6	viral	VOTU00288	genome_target	high_confidence					1.0	11317					
Ahuja2024:CWD6	Ahuja2024__CWD6	viral	VOTU00303	genome_target	high_confidence					1.0	6596					
Ahuja2024:NA1	Ahuja2024__NA1	viral	VOTU00075	genome_target	high_confidence					1.0	15787					
Ahuja2024:NA1	Ahuja2024__NA1	viral	VOTU00251	genome_target	high_confidence					1.0	6482					
Ahuja2024:NA1	Ahuja2024__NA1	viral	VOTU00264	genome_target	high_confidence					1.0	27171					
Ahuja2024:NA1	Ahuja2024__NA1	viral	VOTU00267	genome_target	high_confidence					1.0	9656					
Ahuja2024:NA1	Ahuja2024__NA1	viral	VOTU00277	genome_target	high_confidence					1.0	5946					
Ahuja2024:NA1	Ahuja2024__NA1	viral	VOTU00291	genome_target	high_confidence					1.0	19533					
Ahuja2024:NA1	Ahuja2024__NA1	viral	VOTU00298	genome_target	high_confidence					1.0	14049					
Ahuja2024:NA1	Ahuja2024__NA1	viral	VOTU00304	genome_target	high_confidence					1.0	42771					
Ahuja2024:NA1	Ahuja2024__NA1	viral	VOTU00308	genome_target	high_confidence					0.999433	17073					
Ahuja2024:NA10	Ahuja2024__NA10	viral	VOTU00319	genome_target	high_confidence					1.0	325					
Ahuja2024:NA11	Ahuja2024__NA11	viral	VOTU00319	genome_target	validated					0.999334	531					
Ahuja2024:NA2	Ahuja2024__NA2	viral	VOTU00317	genome_target	high_confidence					0.997558	1770					
Ahuja2024:NA3	Ahuja2024__NA3	viral	VOTU00279	genome_target	high_confidence					0.999193	6265					
Ahuja2024:NA3	Ahuja2024__NA3	viral	VOTU00312	genome_target	high_confidence					0.975754	21940					
Ahuja2024:NA4	Ahuja2024__NA4	viral	VOTU00261	genome_target	high_confidence					1.0	3322					
Ahuja2024:NA6	Ahuja2024__NA6	viral	VOTU00126	genome_target	high_confidence					1.0	7836					
Ahuja2024:NA6	Ahuja2024__NA6	viral	VOTU00226	genome_target	high_confidence					1.0	41428					
Ahuja2024:NA6	Ahuja2024__NA6	viral	VOTU00262	genome_target	high_confidence					1.0	49557					
Ahuja2024:NA6	Ahuja2024__NA6	viral	VOTU00265	genome_target	high_confidence					1.0	8570					
Ahuja2024:NA6	Ahuja2024__NA6	viral	VOTU00276	genome_target	high_confidence					1.0	73454					
Ahuja2024:NA6	Ahuja2024__NA6	viral	VOTU00280	genome_target	high_confidence					1.0	1651					
Ahuja2024:NA6	Ahuja2024__NA6	viral	VOTU00296	genome_target	high_confidence					1.0	84878					
Ahuja2024:NA6	Ahuja2024__NA6	viral	VOTU00300	genome_target	high_confidence					1.0	7842					
Ahuja2024:NA6	Ahuja2024__NA6	viral	VOTU00311	genome_target	high_confidence					1.0	6239					
Ahuja2024:NA7	Ahuja2024__NA7	viral	VOTU00268	genome_target	high_confidence					1.0	20297					
Ahuja2024:NA7	Ahuja2024__NA7	viral	VOTU00297	genome_target	high_confidence					1.0	4670					
Ahuja2024:NA9	Ahuja2024__NA9	viral	VOTU00304	genome_target	validated					0.806381	48					
Ahuja2024:NA9	Ahuja2024__NA9	viral	VOTU00309	genome_target	high_confidence					0.99828	1485					
Ahuja2024:NA9	Ahuja2024__NA9	viral	VOTU00318	genome_target	high_confidence					1.0	13610					
Ahuja2026:NA19	Ahuja2026__NA19	viral	VOTU00242	genome_target	high_confidence					1.0	1157					
Ahuja2026:NA28	Ahuja2026__NA28	viral	VOTU00207	genome_target	validated					0.86061	955					
Ahuja2026:NA28	Ahuja2026__NA28	viral	VOTU00241	genome_target	validated					1.0	3373					
Ahuja2026:NA30	Ahuja2026__NA30	viral	VOTU00207	genome_target	validated					0.788737	553					
Ahuja2026:NA30	Ahuja2026__NA30	viral	VOTU00239	genome_target	high_confidence					1.0	1395					
Ahuja2026:NA30	Ahuja2026__NA30	viral	VOTU00241	genome_target	high_confidence					1.0	3391					
Ahuja2026:NA31	Ahuja2026__NA31	viral	VOTU00007	genome_target	high_confidence					1.0	9827					
Ahuja2026:NA31	Ahuja2026__NA31	viral	VOTU00012	genome_target	validated					0.98471	1626					
Ahuja2026:NA31	Ahuja2026__NA31	viral	VOTU00020	genome_target	high_confidence					1.0	9854					
Ahuja2026:NA31	Ahuja2026__NA31	viral	VOTU00032	genome_target	high_confidence					1.0	24952					
Ahuja2026:NA31	Ahuja2026__NA31	viral	VOTU00035	genome_target	high_confidence					1.0	49133					
Ahuja2026:NA31	Ahuja2026__NA31	viral	VOTU00056	genome_target	high_confidence					1.0	25087					
Ahuja2026:NA31	Ahuja2026__NA31	viral	VOTU00057	genome_target	high_confidence					0.998736	4680					
Ahuja2026:NA31	Ahuja2026__NA31	viral	VOTU00063	genome_target	high_confidence					1.0	4029					
Ahuja2026:NA31	Ahuja2026__NA31	viral	VOTU00068	genome_target	high_confidence					0.998192	3121					
Ahuja2026:NA31	Ahuja2026__NA31	viral	VOTU00078	genome_target	high_confidence					1.0	2595					
Ahuja2026:NA31	Ahuja2026__NA31	viral	VOTU00081	genome_target	high_confidence					1.0	11148					
Ahuja2026:NA31	Ahuja2026__NA31	viral	VOTU00083	genome_target	high_confidence					1.0	4128					
Ahuja2026:NA31	Ahuja2026__NA31	viral	VOTU00091	genome_target	high_confidence					1.0	9165					
Ahuja2026:NA31	Ahuja2026__NA31	viral	VOTU00098	genome_target	high_confidence					1.0	2058					
Ahuja2026:NA31	Ahuja2026__NA31	viral	VOTU00099	genome_target	high_confidence					1.0	1637					
Ahuja2026:NA31	Ahuja2026__NA31	viral	VOTU00102	genome_target	high_confidence					1.0	3954					
Ahuja2026:NA31	Ahuja2026__NA31	viral	VOTU00104	genome_target	high_confidence					1.0	6988					
Ahuja2026:NA31	Ahuja2026__NA31	viral	VOTU00107	genome_target	high_confidence					1.0	1457					
Ahuja2026:NA31	Ahuja2026__NA31	viral	VOTU00108	genome_target	validated					0.973725	3769					
Ahuja2026:NA31	Ahuja2026__NA31	viral	VOTU00121	genome_target	high_confidence					0.999731	915					
Ahuja2026:NA31	Ahuja2026__NA31	viral	VOTU00131	genome_target	high_confidence					1.0	5542					
Ahuja2026:NA31	Ahuja2026__NA31	viral	VOTU00132	genome_target	high_confidence					1.0	1106					
Ahuja2026:NA31	Ahuja2026__NA31	viral	VOTU00142	genome_target	high_confidence					1.0	1324					
Ahuja2026:NA31	Ahuja2026__NA31	viral	VOTU00147	genome_target	high_confidence					1.0	870					
Ahuja2026:NA31	Ahuja2026__NA31	viral	VOTU00148	genome_target	high_confidence					1.0	798					
Ahuja2026:NA31	Ahuja2026__NA31	viral	VOTU00159	genome_target	high_confidence					1.0	855					
Ahuja2026:NA31	Ahuja2026__NA31	viral	VOTU00161	genome_target	high_confidence					1.0	2734					
Ahuja2026:NA31	Ahuja2026__NA31	viral	VOTU00174	genome_target	high_confidence					1.0	775					
Ahuja2026:NA31	Ahuja2026__NA31	viral	VOTU00185	genome_target	high_confidence					1.0	804					
Ahuja2026:NA31	Ahuja2026__NA31	viral	VOTU00189	genome_target	high_confidence					1.0	891					
Ahuja2026:NA31	Ahuja2026__NA31	viral	VOTU00190	genome_target	high_confidence					1.0	19802					
Ahuja2026:NA31	Ahuja2026__NA31	viral	VOTU00191	genome_target	high_confidence					1.0	859					
Ahuja2026:NA31	Ahuja2026__NA31	viral	VOTU00194	genome_target	high_confidence					1.0	2676					
Ahuja2026:NA31	Ahuja2026__NA31	viral	VOTU00196	genome_target	high_confidence					0.999559	867					
Ahuja2026:NA31	Ahuja2026__NA31	viral	VOTU00200	genome_target	high_confidence					1.0	978					
Ahuja2026:NA31	Ahuja2026__NA31	viral	VOTU00201	genome_target	high_confidence					1.0	623					
Ahuja2026:NA31	Ahuja2026__NA31	viral	VOTU00204	genome_target	high_confidence					0.998777	648					
Ahuja2026:NA31	Ahuja2026__NA31	viral	VOTU00210	genome_target	high_confidence					1.0	17097					
Ahuja2026:NA31	Ahuja2026__NA31	viral	VOTU00211	genome_target	high_confidence					0.999841	572					
Ahuja2026:NA31	Ahuja2026__NA31	viral	VOTU00219	genome_target	high_confidence					1.0	761					
Ahuja2026:NA31	Ahuja2026__NA31	viral	VOTU00223	genome_target	high_confidence					1.0	1238					
Ahuja2026:NA31	Ahuja2026__NA31	viral	VOTU00225	genome_target	high_confidence					1.0	541					
Ahuja2026:NA31	Ahuja2026__NA31	viral	VOTU00228	genome_target	high_confidence					0.999826	370					
Ahuja2026:NA31	Ahuja2026__NA31	viral	VOTU00232	genome_target	high_confidence					0.990074	431					
Ahuja2026:NA31	Ahuja2026__NA31	viral	VOTU00233	genome_target	high_confidence					1.0	454					
Ahuja2026:NA31	Ahuja2026__NA31	viral	VOTU00235	genome_target	high_confidence					1.0	557					
Ahuja2026:NA31	Ahuja2026__NA31	viral	VOTU00236	genome_target	validated					0.99222	562					
Ahuja2026:NA31	Ahuja2026__NA31	viral	VOTU00237	genome_target	high_confidence					0.995832	396					
Ahuja2026:NA31	Ahuja2026__NA31	viral	VOTU00238	genome_target	high_confidence					1.0	496					
Ahuja2026:NA31	Ahuja2026__NA31	viral	VOTU00243	genome_target	high_confidence					1.0	948					
Ahuja2026:NA31	Ahuja2026__NA31	viral	VOTU00245	genome_target	high_confidence					1.0	534					
Ahuja2026:NA31	Ahuja2026__NA31	viral	VOTU00247	genome_target	high_confidence					1.0	546					
Ahuja2026:NA31	Ahuja2026__NA31	viral	VOTU00250	genome_target	high_confidence					1.0	369					
Ahuja2026:NA31	Ahuja2026__NA31	viral	VOTU00254	genome_target	high_confidence					1.0	483					
Ahuja2026:NA31	Ahuja2026__NA31	viral	VOTU00259	genome_target	high_confidence					1.0	511					
Ahuja2026:NA32	Ahuja2026__NA32	viral	VOTU00129	genome_target	validated					0.993728	4188					
Ahuja2026:NA32	Ahuja2026__NA32	viral	VOTU00236	genome_target	validated					0.891261	111					
Ahuja2026:NA32	Ahuja2026__NA32	viral	VOTU00241	genome_target	validated					0.983919	2859					
Ahuja2026:NA33	Ahuja2026__NA33	viral	VOTU00028	genome_target	high_confidence					1.0	25035					
Ahuja2026:NA33	Ahuja2026__NA33	viral	VOTU00108	genome_target	high_confidence					1.0	7894					
Ahuja2026:NA33	Ahuja2026__NA33	viral	VOTU00129	genome_target	validated					0.844571	1340					
Ahuja2026:NA33	Ahuja2026__NA33	viral	VOTU00132	genome_target	validated					0.951826	975					
Ahuja2026:NA33	Ahuja2026__NA33	viral	VOTU00147	genome_target	validated					1.0	948					
Ahuja2026:NA33	Ahuja2026__NA33	viral	VOTU00235	genome_target	validated					0.973836	418					
Ahuja2026:NA33	Ahuja2026__NA33	viral	VOTU00236	genome_target	validated					0.956939	163					
Ahuja2026:NA33	Ahuja2026__NA33	viral	VOTU00239	genome_target	validated					0.772083	321					
Ahuja2026:NA37	Ahuja2026__NA37	viral	VOTU00108	genome_target	validated					0.810136	6133					
Ahuja2026:NA37	Ahuja2026__NA37	viral	VOTU00129	genome_target	validated					0.94904	3720					
Ahuja2026:NA37	Ahuja2026__NA37	viral	VOTU00241	genome_target	validated					0.970795	2095					
Ahuja2026:NA38	Ahuja2026__NA38	viral	VOTU00129	genome_target	high_confidence					1.0	6081					
Ahuja2026:NA38	Ahuja2026__NA38	viral	VOTU00241	genome_target	validated					0.982625	3489					
Ahuja2026:WS10	Ahuja2026__WS10	viral	VOTU00242	genome_target	high_confidence					0.930643	732					
Ahuja2026:WS2	Ahuja2026__WS2	viral	VOTU00207	genome_target	validated					0.771624	511					
Ahuja2026:WS2	Ahuja2026__WS2	viral	VOTU00241	genome_target	validated					0.993346	1508					
Ahuja2026:WS3	Ahuja2026__WS3	viral	VOTU00207	genome_target	validated					0.80865	630					
Ahuja2026:WS3	Ahuja2026__WS3	viral	VOTU00239	genome_target	validated					0.830971	844					
Ahuja2026:WS3	Ahuja2026__WS3	viral	VOTU00241	genome_target	validated					1.0	2890					
Ahuja2026:WS5	Ahuja2026__WS5	viral	VOTU00242	genome_target	validated					0.930086	481					
Ahuja2026:WS6	Ahuja2026__WS6	viral	VOTU00022	genome_target	high_confidence					0.98974	61827					
Ahuja2026:WS6	Ahuja2026__WS6	viral	VOTU00103	genome_target	validated					0.946895	12723					
Ahuja2026:WS6	Ahuja2026__WS6	viral	VOTU00242	genome_target	high_confidence					0.930271	750					
Ahuja2026:WS7	Ahuja2026__WS7	viral	VOTU00022	genome_target	high_confidence					1.0	4463					
Ahuja2026:WS7	Ahuja2026__WS7	viral	VOTU00103	genome_target	high_confidence					1.0	3887					
Ahuja2026:WS7	Ahuja2026__WS7	viral	VOTU00242	genome_target	validated					0.913165	491					
Ahuja2026:WS8	Ahuja2026__WS8	viral	VOTU00242	genome_target	validated					0.929714	742					
Ahuja2026:WS9	Ahuja2026__WS9	viral	VOTU00242	genome_target	validated					0.846411	538					
Church2025:FM-16644	Church2025__FM-16644	viral	VOTU00155	genome_target	validated					0.892047	257					
Church2025:NIWA-173304	Church2025__NIWA-173304	viral	VOTU00052	genome_target	validated					0.848832	482					
Church2025:NIWA-173304	Church2025__NIWA-173304	viral	VOTU00080	genome_target	validated					0.904145	345					
Church2025:NIWA-173304	Church2025__NIWA-173304	viral	VOTU00082	genome_target	validated					0.935411	323					
Church2025:NIWA-173304	Church2025__NIWA-173304	viral	VOTU00095	genome_target	validated					0.923803	7148					
Church2025:NIWA-173304	Church2025__NIWA-173304	viral	VOTU00118	genome_target	validated					0.80419	162					
Church2025:NIWA-173304	Church2025__NIWA-173304	viral	VOTU00120	genome_target	high_confidence					1.0	754					
Church2025:NIWA-173304	Church2025__NIWA-173304	viral	VOTU00152	genome_target	validated					0.779655	100					
Church2025:NIWA-173304	Church2025__NIWA-173304	viral	VOTU00167	genome_target	validated					0.759561	121					
Church2025:NIWA-173304	Church2025__NIWA-173304	viral	VOTU00170	genome_target	validated					0.89901	160					
Church2025:NIWA-173304	Church2025__NIWA-173304	viral	VOTU00172	genome_target	validated					0.779625	92					
Church2025:NIWA-173304	Church2025__NIWA-173304	viral	VOTU00178	genome_target	validated					0.774949	70					
Church2025:NIWA-173304	Church2025__NIWA-173304	viral	VOTU00183	genome_target	validated					0.758983	91					
Church2025:NIWA-173304	Church2025__NIWA-173304	viral	VOTU00188	genome_target	validated					0.791737	136					
Church2025:NIWA-173304	Church2025__NIWA-173304	viral	VOTU00212	genome_target	validated					0.813069	118					
Church2025:NIWA-173304	Church2025__NIWA-173304	viral	VOTU00248	genome_target	validated					0.951634	131					
Church2025:NIWA-173305	Church2025__NIWA-173305	viral	VOTU00031	genome_target	high_confidence					1.0	4281					
Church2025:NIWA-173305	Church2025__NIWA-173305	viral	VOTU00052	genome_target	validated					0.774538	381					
Church2025:NIWA-173305	Church2025__NIWA-173305	viral	VOTU00095	genome_target	high_confidence					0.898404	1587					
Church2025:OA-190531-1	Church2025__OA-190531-1	viral	VOTU00236	genome_target	high_confidence					1.0	924907					
Church2025:OA-Bluebottle	Church2025__OA-Bluebottle	viral	VOTU00073	genome_target	validated					0.938212	17889					
Church2025:TMAG-K5632	Church2025__TMAG-K5632	viral	VOTU00030	genome_target	high_confidence					1.0	12401					
Church2025:TMAG-K5632	Church2025__TMAG-K5632	viral	VOTU00059	genome_target	high_confidence					1.0	7238					
Church2025:TMAG-K5632	Church2025__TMAG-K5632	viral	VOTU00084	genome_target	high_confidence					1.0	4266					
Church2025:TMAG-K5632	Church2025__TMAG-K5632	viral	VOTU00110	genome_target	high_confidence					1.0	3190					
Church2025:TMAG-K5632	Church2025__TMAG-K5632	viral	VOTU00112	genome_target	high_confidence					1.0	2929					
Church2025:TMAG-K5632	Church2025__TMAG-K5632	viral	VOTU00127	genome_target	high_confidence					1.0	2466					
Church2025:TMAG-K5632	Church2025__TMAG-K5632	viral	VOTU00128	genome_target	high_confidence					1.0	7140					
Church2025:TMAG-K5632	Church2025__TMAG-K5632	viral	VOTU00158	genome_target	high_confidence					1.0	2592					
Church2025:TMAG-K5632	Church2025__TMAG-K5632	viral	VOTU00197	genome_target	high_confidence					1.0	1555					
Church2025:TMAG-K5632	Church2025__TMAG-K5632	viral	VOTU00222	genome_target	high_confidence					1.0	2803					
Church2025:TMAG-K5633	Church2025__TMAG-K5633	viral	VOTU00030	genome_target	validated					0.882874	602					
Church2025:TMAG-K5633	Church2025__TMAG-K5633	viral	VOTU00059	genome_target	validated					0.865886	357					
Church2025:TMAG-K5633	Church2025__TMAG-K5633	viral	VOTU00094	genome_target	validated					0.768703	284					
Church2025:TMAG-K5633	Church2025__TMAG-K5633	viral	VOTU00110	genome_target	validated					0.76117	127					
Church2025:TMAG-K5633	Church2025__TMAG-K5633	viral	VOTU00112	genome_target	validated					0.755713	135					
Church2025:TMAG-K5633	Church2025__TMAG-K5633	viral	VOTU00127	genome_target	validated					0.813447	109					
Church2025:TMAG-K5633	Church2025__TMAG-K5633	viral	VOTU00128	genome_target	validated					0.965104	291					
Church2025:TMAG-K5633	Church2025__TMAG-K5633	viral	VOTU00156	genome_target	high_confidence					0.75565	242					
Church2025:TMAG-K5633	Church2025__TMAG-K5633	viral	VOTU00158	genome_target	validated					0.880787	122					
Church2025:TMAG-K5633	Church2025__TMAG-K5633	viral	VOTU00197	genome_target	validated					0.793691	86					
Church2025:TMAG-K5633	Church2025__TMAG-K5633	viral	VOTU00212	genome_target	validated					0.850455	145					
Church2025:TMAG-K5633	Church2025__TMAG-K5633	viral	VOTU00222	genome_target	validated					0.929822	106					
Church2025:TMAG-K5635	Church2025__TMAG-K5635	viral	VOTU00012	genome_target	high_confidence					0.998169	14965					
Church2025:TMAG-K5635	Church2025__TMAG-K5635	viral	VOTU00013	genome_target	high_confidence					0.999003	7136					
Church2025:TMAG-K5636	Church2025__TMAG-K5636	viral	VOTU00012	genome_target	high_confidence					0.998189	176984					
Church2025:TMAG-K5636	Church2025__TMAG-K5636	viral	VOTU00236	genome_target	validated					0.98444	192					
Church2025:WAM-Z97902	Church2025__WAM-Z97902	viral	VOTU00073	genome_target	validated					0.914591	14752					
Church2025:WAM-Z97908	Church2025__WAM-Z97908	viral	VOTU00073	genome_target	validated					0.921089	13779					
Church2025:WAM-Z97916	Church2025__WAM-Z97916	viral	VOTU00073	genome_target	validated					0.900201	12538					
Church2025:WAM-Z97917	Church2025__WAM-Z97917	viral	VOTU00073	genome_target	validated					0.916035	15830					
Church2025:WAM-Z97921	Church2025__WAM-Z97921	viral	VOTU00073	genome_target	validated					0.910826	14007					
Church2025:YPM-IZ-104460	Church2025__YPM-IZ-104460	viral	VOTU00073	genome_target	validated					0.886276	11126					
Church2025:YPM-IZ-104460	Church2025__YPM-IZ-104460	viral	VOTU00240	genome_target	high_confidence					1.0	452					
Church2025:YPM-IZ-104461	Church2025__YPM-IZ-104461	viral	VOTU00008	genome_target	high_confidence					0.999981	10304					
Church2025:YPM-IZ-104464	Church2025__YPM-IZ-104464	viral	VOTU00004	genome_target	high_confidence					0.998706	9832					
Church2025:YPM-IZ-104464	Church2025__YPM-IZ-104464	viral	VOTU00033	genome_target	high_confidence					0.885986	4362					
Church2025:YPM-IZ-104464	Church2025__YPM-IZ-104464	viral	VOTU00034	genome_target	high_confidence					0.858786	17296					
Church2025:YPM-IZ-104464	Church2025__YPM-IZ-104464	viral	VOTU00036	genome_target	high_confidence					1.0	4232					
Church2025:YPM-IZ-104464	Church2025__YPM-IZ-104464	viral	VOTU00037	genome_target	high_confidence					1.0	4659					
Church2025:YPM-IZ-104464	Church2025__YPM-IZ-104464	viral	VOTU00040	genome_target	high_confidence					0.886769	4070					
Church2025:YPM-IZ-104464	Church2025__YPM-IZ-104464	viral	VOTU00041	genome_target	high_confidence					0.780382	3620					
Church2025:YPM-IZ-104464	Church2025__YPM-IZ-104464	viral	VOTU00043	genome_target	high_confidence					1.0	4827					
Church2025:YPM-IZ-104464	Church2025__YPM-IZ-104464	viral	VOTU00046	genome_target	high_confidence					1.0	5888					
Church2025:YPM-IZ-104464	Church2025__YPM-IZ-104464	viral	VOTU00048	genome_target	high_confidence					0.938853	8083					
Church2025:YPM-IZ-104464	Church2025__YPM-IZ-104464	viral	VOTU00051	genome_target	high_confidence					1.0	3305					
Church2025:YPM-IZ-104464	Church2025__YPM-IZ-104464	viral	VOTU00055	genome_target	high_confidence					0.953937	4129					
Church2025:YPM-IZ-104464	Church2025__YPM-IZ-104464	viral	VOTU00071	genome_target	high_confidence					0.930253	2673					
Church2025:YPM-IZ-104464	Church2025__YPM-IZ-104464	viral	VOTU00133	genome_target	high_confidence					1.0	1284					
Church2025:YPM-IZ-104464	Church2025__YPM-IZ-104464	viral	VOTU00137	genome_target	high_confidence					0.999484	1655					
Church2025:YPM-IZ-104464	Church2025__YPM-IZ-104464	viral	VOTU00151	genome_target	validated					0.791937	189					
Church2025:YPM-IZ-104464	Church2025__YPM-IZ-104464	viral	VOTU00169	genome_target	validated					0.976178	1466					
Church2025:YPM-IZ-104464	Church2025__YPM-IZ-104464	viral	VOTU00224	genome_target	high_confidence					0.995892	879					
Church2025:YPM-IZ-104464	Church2025__YPM-IZ-104464	viral	VOTU00234	genome_target	validated					0.774686	70					
Church2025:YPM-IZ-104464	Church2025__YPM-IZ-104464	viral	VOTU00244	genome_target	high_confidence					1.0	507					
Church2025:YPM-IZ-104464	Church2025__YPM-IZ-104464	viral	VOTU00255	genome_target	high_confidence					1.0	836					
Church2025:YPM-IZ-104465	Church2025__YPM-IZ-104465	viral	VOTU00034	genome_target	validated					0.811878	1067					
Church2025:YPM-IZ-104465	Church2025__YPM-IZ-104465	viral	VOTU00043	genome_target	validated					0.80801	487					
Church2025:YPM-IZ-104465	Church2025__YPM-IZ-104465	viral	VOTU00045	genome_target	high_confidence					0.993767	1590					
Church2025:YPM-IZ-104465	Church2025__YPM-IZ-104465	viral	VOTU00046	genome_target	validated					0.846154	550					
Church2025:YPM-IZ-104465	Church2025__YPM-IZ-104465	viral	VOTU00065	genome_target	validated					0.816126	351					
Church2025:YPM-IZ-104465	Church2025__YPM-IZ-104465	viral	VOTU00071	genome_target	validated					0.758944	335					
Church2025:YPM-IZ-104465	Church2025__YPM-IZ-104465	viral	VOTU00073	genome_target	validated					0.889061	16419					
Church2025:YPM-IZ-104465	Church2025__YPM-IZ-104465	viral	VOTU00087	genome_target	validated					0.834564	279					
Church2025:YPM-IZ-104465	Church2025__YPM-IZ-104465	viral	VOTU00134	genome_target	validated					0.935968	508					
Church2025:YPM-IZ-104465	Church2025__YPM-IZ-104465	viral	VOTU00149	genome_target	validated					0.76422	136					
Church2025:YPM-IZ-104465	Church2025__YPM-IZ-104465	viral	VOTU00150	genome_target	validated					0.854927	152					
Church2025:YPM-IZ-104465	Church2025__YPM-IZ-104465	viral	VOTU00176	genome_target	validated					0.827185	118					
Church2025:YPM-IZ-104465	Church2025__YPM-IZ-104465	viral	VOTU00215	genome_target	validated					0.974346	327					
Church2025:YPM-IZ-104465	Church2025__YPM-IZ-104465	viral	VOTU00231	genome_target	validated					0.982127	298					
Church2025:YPM-IZ-104465	Church2025__YPM-IZ-104465	viral	VOTU00244	genome_target	validated					0.788444	75					
Church2025:YPM-IZ-104465	Church2025__YPM-IZ-104465	viral	VOTU00255	genome_target	validated					0.787119	191					
Church2025:YPM-IZ-104465	Church2025__YPM-IZ-104465	viral	VOTU00257	genome_target	validated					0.756324	71					
Church2025:YPM-IZ-106919	Church2025__YPM-IZ-106919	viral	VOTU00015	genome_target	high_confidence					0.997	2922					
Church2025:YPM-IZ-106919	Church2025__YPM-IZ-106919	viral	VOTU00101	genome_target	high_confidence					1.0	2563					
Church2025:YPM-IZ-106919	Church2025__YPM-IZ-106919	viral	VOTU00130	genome_target	high_confidence					0.999118	2361					
Church2025:YPM-IZ-106919	Church2025__YPM-IZ-106919	viral	VOTU00131	genome_target	validated					0.750916	105					
Church2025:YPM-IZ-106919	Church2025__YPM-IZ-106919	viral	VOTU00155	genome_target	validated					0.839675	182					
Church2025:YPM-IZ-106919	Church2025__YPM-IZ-106919	viral	VOTU00164	genome_target	validated					0.853144	114					
Church2025:YPM-IZ-106919	Church2025__YPM-IZ-106919	viral	VOTU00240	genome_target	validated					0.973033	157					
Church2025:YPM-IZ-106920	Church2025__YPM-IZ-106920	viral	VOTU00164	genome_target	high_confidence					1.0	330					
Church2025:YPM-IZ-110264	Church2025__YPM-IZ-110264	viral	VOTU00012	genome_target	high_confidence					0.998169	19180					
Church2025:YPM-IZ-110264	Church2025__YPM-IZ-110264	viral	VOTU00135	genome_target	high_confidence					0.999192	612					
Church2025:YPM-IZ-110268	Church2025__YPM-IZ-110268	viral	VOTU00012	genome_target	high_confidence					0.998169	9754					
Church2025:YPM-IZ-110268	Church2025__YPM-IZ-110268	viral	VOTU00073	genome_target	high_confidence					0.932539	9860					
Church2025:YPM-IZ-110269	Church2025__YPM-IZ-110269	viral	VOTU00012	genome_target	high_confidence					0.992777	1991					
Church2025:YPM-IZ-110269	Church2025__YPM-IZ-110269	viral	VOTU00073	genome_target	validated					0.940379	28456					
Church2025:YPM-IZ-110276	Church2025__YPM-IZ-110276	viral	VOTU00012	genome_target	high_confidence					0.998189	46715					
Church2025:YPM-IZ-110276	Church2025__YPM-IZ-110276	viral	VOTU00073	genome_target	validated					0.872453	15139					
Church2025:YPM-IZ-110277	Church2025__YPM-IZ-110277	viral	VOTU00012	genome_target	high_confidence					0.998169	46755					
Church2025:YPM-IZ-110277	Church2025__YPM-IZ-110277	viral	VOTU00073	genome_target	validated					0.845273	10774					
Church2025:YPM-IZ-110277	Church2025__YPM-IZ-110277	viral	VOTU00155	genome_target	validated					0.814577	129					
Church2025:YPM-IZ-110278	Church2025__YPM-IZ-110278	viral	VOTU00012	genome_target	high_confidence					0.998169	6871					
Church2025:YPM-IZ-110433	Church2025__YPM-IZ-110433	viral	VOTU00021	genome_target	high_confidence					0.999363	9736					
Church2025:YPM-IZ-110433	Church2025__YPM-IZ-110433	viral	VOTU00217	genome_target	validated					0.996881	518					
Church2025:YPM-IZ-110436	Church2025__YPM-IZ-110436	viral	VOTU00016	genome_target	high_confidence					0.999649	20593					
Church2025:YPM-IZ-110436	Church2025__YPM-IZ-110436	viral	VOTU00079	genome_target	high_confidence					1.0	3990					
Church2025:YPM-IZ-110436	Church2025__YPM-IZ-110436	viral	VOTU00106	genome_target	high_confidence					1.0	3947					
Church2025:YPM-IZ-110436	Church2025__YPM-IZ-110436	viral	VOTU00214	genome_target	high_confidence					0.990924	272					
Church2025:YPM-IZ-110460	Church2025__YPM-IZ-110460	viral	VOTU00073	genome_target	validated					0.916551	11715					
Church2025:YPM-IZ-110469	Church2025__YPM-IZ-110469	viral	VOTU00024	genome_target	high_confidence					1.0	6266					
Church2025:YPM-IZ-110469	Church2025__YPM-IZ-110469	viral	VOTU00031	genome_target	high_confidence					0.896485	301098					
Church2025:YPM-IZ-110469	Church2025__YPM-IZ-110469	viral	VOTU00062	genome_target	high_confidence					0.99427	977					
Church2025:YPM-IZ-110469	Church2025__YPM-IZ-110469	viral	VOTU00066	genome_target	high_confidence					0.9381	144528					
Church2025:YPM-IZ-110469	Church2025__YPM-IZ-110469	viral	VOTU00253	genome_target	high_confidence					0.945734	157					
Church2025:YPM-IZ-110470	Church2025__YPM-IZ-110470	viral	VOTU00012	genome_target	high_confidence					0.987365	1790					
Church2025:YPM-IZ-110471	Church2025__YPM-IZ-110471	viral	VOTU00073	genome_target	validated					0.844964	6115					
Church2025:YPM-IZ-110473	Church2025__YPM-IZ-110473	viral	VOTU00012	genome_target	high_confidence					0.998148	5943					
Church2025:YPM-IZ-110473	Church2025__YPM-IZ-110473	viral	VOTU00236	genome_target	high_confidence					0.995296	271					
Church2025:YPM-IZ-110480	Church2025__YPM-IZ-110480	viral	VOTU00073	genome_target	validated					0.911599	7838					
Church2025:YPM-IZ-110515	Church2025__YPM-IZ-110515	viral	VOTU00012	genome_target	high_confidence					0.998169	5698					
Church2025:YPM-IZ-110520	Church2025__YPM-IZ-110520	viral	VOTU00012	genome_target	high_confidence					0.998127	4396					
Church2025:YPM-IZ-110526	Church2025__YPM-IZ-110526	viral	VOTU00012	genome_target	validated					0.835662	803					
Church2025:YPM-IZ-110556	Church2025__YPM-IZ-110556	viral	VOTU00012	genome_target	high_confidence					0.998169	12303					
Church2025:YPM-IZ-110556	Church2025__YPM-IZ-110556	viral	VOTU00229	genome_target	validated					0.995303	193					
Church2025:YPM-IZ-110557	Church2025__YPM-IZ-110557	viral	VOTU00012	genome_target	high_confidence					0.998148	9047					
Church2025:YPM-IZ-110558	Church2025__YPM-IZ-110558	viral	VOTU00229	genome_target	high_confidence					0.997043	484					
Church2025:YPM-IZ-110566	Church2025__YPM-IZ-110566	viral	VOTU00012	genome_target	high_confidence					0.989649	1549					
Church2025:YPM-IZ-110566	Church2025__YPM-IZ-110566	viral	VOTU00073	genome_target	validated					0.908608	12929					
Church2025:YPM-IZ-110569	Church2025__YPM-IZ-110569	viral	VOTU00009	genome_target	high_confidence					1.0	5031					
Church2025:YPM-IZ-110569	Church2025__YPM-IZ-110569	viral	VOTU00010	genome_target	high_confidence					1.0	4981					
Church2025:YPM-IZ-110569	Church2025__YPM-IZ-110569	viral	VOTU00012	genome_target	high_confidence					1.0	49801					
Church2025:YPM-IZ-110569	Church2025__YPM-IZ-110569	viral	VOTU00017	genome_target	high_confidence					1.0	3966					
Church2025:YPM-IZ-110569	Church2025__YPM-IZ-110569	viral	VOTU00026	genome_target	high_confidence					1.0	4206					
Church2025:YPM-IZ-110569	Church2025__YPM-IZ-110569	viral	VOTU00039	genome_target	high_confidence					1.0	1995					
Church2025:YPM-IZ-110569	Church2025__YPM-IZ-110569	viral	VOTU00042	genome_target	high_confidence					1.0	4417					
Church2025:YPM-IZ-110569	Church2025__YPM-IZ-110569	viral	VOTU00047	genome_target	high_confidence					0.999735	2397					
Church2025:YPM-IZ-110569	Church2025__YPM-IZ-110569	viral	VOTU00073	genome_target	validated					0.889783	14684					
Church2025:YPM-IZ-110569	Church2025__YPM-IZ-110569	viral	VOTU00074	genome_target	high_confidence					0.998902	1753					
Church2025:YPM-IZ-110569	Church2025__YPM-IZ-110569	viral	VOTU00100	genome_target	high_confidence					0.998165	647					
Church2025:YPM-IZ-110569	Church2025__YPM-IZ-110569	viral	VOTU00171	genome_target	high_confidence					1.0	314					
Church2025:YPM-IZ-110569	Church2025__YPM-IZ-110569	viral	VOTU00179	genome_target	high_confidence					0.995902	289					
Church2025:YPM-IZ-110569	Church2025__YPM-IZ-110569	viral	VOTU00203	genome_target	high_confidence					1.0	1110					
Church2025:YPM-IZ-110569	Church2025__YPM-IZ-110569	viral	VOTU00246	genome_target	high_confidence					1.0	216					
Church2025:YPM-IZ-110600	Church2025__YPM-IZ-110600	viral	VOTU00012	genome_target	high_confidence					0.998169	5693					
Church2025:YPM-IZ-110600	Church2025__YPM-IZ-110600	viral	VOTU00236	genome_target	validated					0.857246	71					
Church2025:YPM-IZ-110602	Church2025__YPM-IZ-110602	viral	VOTU00012	genome_target	validated					0.884988	816					
Church2025:YPM-IZ-110612	Church2025__YPM-IZ-110612	viral	VOTU00073	genome_target	validated					0.915364	13313					
Church2025:YPM-IZ-110613	Church2025__YPM-IZ-110613	viral	VOTU00012	genome_target	validated					0.942443	1076					
Church2025:YPM-IZ-110616	Church2025__YPM-IZ-110616	viral	VOTU00073	genome_target	validated					0.9198	16660					
Church2025:YPM-IZ-110616	Church2025__YPM-IZ-110616	viral	VOTU00206	genome_target	high_confidence					1.0	241					
Church2025:YPM-IZ-110631	Church2025__YPM-IZ-110631	viral	VOTU00217	genome_target	high_confidence					1.0	299					
Church2025:YPM-IZ-110667	Church2025__YPM-IZ-110667	viral	VOTU00018	genome_target	high_confidence					0.999909	7508					
Church2025:YPM-IZ-110667	Church2025__YPM-IZ-110667	viral	VOTU00181	genome_target	high_confidence					0.999863	471					
Church2025:YPM-IZ-110667	Church2025__YPM-IZ-110667	viral	VOTU00184	genome_target	high_confidence					1.0	379					
Church2025:YPM-IZ-110777	Church2025__YPM-IZ-110777	viral	VOTU00073	genome_target	validated					0.912218	13422					
Church2025:YPM-IZ-110785	Church2025__YPM-IZ-110785	viral	VOTU00060	genome_target	high_confidence					1.0	3484					
Church2025:YPM-IZ-110785	Church2025__YPM-IZ-110785	viral	VOTU00073	genome_target	validated					0.881892	8588					
Church2025:YPM-IZ-110785	Church2025__YPM-IZ-110785	viral	VOTU00116	genome_target	high_confidence					1.0	1545					
Church2025:YPM-IZ-110785	Church2025__YPM-IZ-110785	viral	VOTU00151	genome_target	high_confidence					1.0	1392					
Church2025:YPM-IZ-110785	Church2025__YPM-IZ-110785	viral	VOTU00155	genome_target	high_confidence					1.0	1810					
Church2025:YPM-IZ-110828	Church2025__YPM-IZ-110828	viral	VOTU00072	genome_target	high_confidence					1.0	3246					
Church2025:YPM-IZ-110828	Church2025__YPM-IZ-110828	viral	VOTU00114	genome_target	high_confidence					0.999398	2011					
Church2025:YPM-IZ-110829	Church2025__YPM-IZ-110829	viral	VOTU00049	genome_target	high_confidence					1.0	1897					
Church2025:YPM-IZ-110829	Church2025__YPM-IZ-110829	viral	VOTU00090	genome_target	high_confidence					1.0	899					
Church2025:YPM-IZ-110829	Church2025__YPM-IZ-110829	viral	VOTU00123	genome_target	high_confidence					1.0	679					
Church2025:YPM-IZ-110829	Church2025__YPM-IZ-110829	viral	VOTU00141	genome_target	high_confidence					1.0	625					
Church2025:YPM-IZ-110829	Church2025__YPM-IZ-110829	viral	VOTU00198	genome_target	high_confidence					1.0	543					
Church2025:YPM-IZ-110830	Church2025__YPM-IZ-110830	viral	VOTU00116	genome_target	validated					0.756015	416					
Church2025:YPM-IZ-110830	Church2025__YPM-IZ-110830	viral	VOTU00151	genome_target	validated					0.772788	489					
Church2025:YPM-IZ-110830	Church2025__YPM-IZ-110830	viral	VOTU00155	genome_target	validated					0.97284	738					
Church2025:YPM-IZ-110830	Church2025__YPM-IZ-110830	viral	VOTU00213	genome_target	high_confidence					0.884424	262					
Church2025:YPM-IZ-110830	Church2025__YPM-IZ-110830	viral	VOTU00240	genome_target	validated					0.939416	280					
Church2025:YPM-IZ-110842	Church2025__YPM-IZ-110842	viral	VOTU00155	genome_target	validated					0.984414	415					
Church2025:YPM-IZ-110877	Church2025__YPM-IZ-110877	viral	VOTU00012	genome_target	high_confidence					0.998169	4461					
Church2025:YPM-IZ-110878	Church2025__YPM-IZ-110878	viral	VOTU00139	genome_target	high_confidence					1.0	609					
Church2025:YPM-IZ-110878	Church2025__YPM-IZ-110878	viral	VOTU00217	genome_target	validated					0.96503	652					
Church2025:YPM-IZ-110882	Church2025__YPM-IZ-110882	viral	VOTU00073	genome_target	validated					0.911445	13597					
Church2025:YPM-IZ-110882	Church2025__YPM-IZ-110882	viral	VOTU00155	genome_target	validated					0.764841	117					
Church2025:YPM-IZ-110883	Church2025__YPM-IZ-110883	viral	VOTU00105	genome_target	high_confidence					1.0	519					
Church2025:YPM-IZ-110883	Church2025__YPM-IZ-110883	viral	VOTU00162	genome_target	high_confidence					1.0	428					
Church2025:YPM-IZ-110883	Church2025__YPM-IZ-110883	viral	VOTU00205	genome_target	high_confidence					1.0	305					
Church2025:YPM-IZ-110883	Church2025__YPM-IZ-110883	viral	VOTU00209	genome_target	high_confidence					1.0	312					
Church2025:YPM-IZ-110906	Church2025__YPM-IZ-110906	viral	VOTU00038	genome_target	high_confidence					0.999042	2115					
Church2025:YPM-IZ-110906	Church2025__YPM-IZ-110906	viral	VOTU00073	genome_target	validated					0.923616	13459					
Church2025:YPM-IZ-110907	Church2025__YPM-IZ-110907	viral	VOTU00034	genome_target	high_confidence					0.885131	4497					
Church2025:YPM-IZ-110907	Church2025__YPM-IZ-110907	viral	VOTU00037	genome_target	high_confidence					0.999911	2692					
Church2025:YPM-IZ-110907	Church2025__YPM-IZ-110907	viral	VOTU00040	genome_target	high_confidence					0.883455	1951					
Church2025:YPM-IZ-110907	Church2025__YPM-IZ-110907	viral	VOTU00043	genome_target	high_confidence					1.0	2455					
Church2025:YPM-IZ-110907	Church2025__YPM-IZ-110907	viral	VOTU00045	genome_target	high_confidence					1.0	8139					
Church2025:YPM-IZ-110907	Church2025__YPM-IZ-110907	viral	VOTU00046	genome_target	high_confidence					0.997829	2261					
Church2025:YPM-IZ-110907	Church2025__YPM-IZ-110907	viral	VOTU00051	genome_target	high_confidence					0.999039	2053					
Church2025:YPM-IZ-110907	Church2025__YPM-IZ-110907	viral	VOTU00054	genome_target	high_confidence					0.838924	1606					
Church2025:YPM-IZ-110907	Church2025__YPM-IZ-110907	viral	VOTU00058	genome_target	high_confidence					1.0	1708					
Church2025:YPM-IZ-110907	Church2025__YPM-IZ-110907	viral	VOTU00065	genome_target	high_confidence					0.998603	1889					
Church2025:YPM-IZ-110907	Church2025__YPM-IZ-110907	viral	VOTU00071	genome_target	high_confidence					0.928851	1785					
Church2025:YPM-IZ-110907	Church2025__YPM-IZ-110907	viral	VOTU00087	genome_target	high_confidence					1.0	1806					
Church2025:YPM-IZ-110907	Church2025__YPM-IZ-110907	viral	VOTU00097	genome_target	high_confidence					1.0	1046					
Church2025:YPM-IZ-110907	Church2025__YPM-IZ-110907	viral	VOTU00113	genome_target	high_confidence					0.999833	734					
Church2025:YPM-IZ-110907	Church2025__YPM-IZ-110907	viral	VOTU00115	genome_target	high_confidence					0.999221	701					
Church2025:YPM-IZ-110907	Church2025__YPM-IZ-110907	viral	VOTU00133	genome_target	high_confidence					0.996895	762					
Church2025:YPM-IZ-110907	Church2025__YPM-IZ-110907	viral	VOTU00134	genome_target	high_confidence					1.0	5479					
Church2025:YPM-IZ-110907	Church2025__YPM-IZ-110907	viral	VOTU00136	genome_target	high_confidence					0.889185	523					
Church2025:YPM-IZ-110907	Church2025__YPM-IZ-110907	viral	VOTU00149	genome_target	high_confidence					0.997992	683					
Church2025:YPM-IZ-110907	Church2025__YPM-IZ-110907	viral	VOTU00150	genome_target	high_confidence					1.0	698					
Church2025:YPM-IZ-110907	Church2025__YPM-IZ-110907	viral	VOTU00160	genome_target	high_confidence					1.0	724					
Church2025:YPM-IZ-110907	Church2025__YPM-IZ-110907	viral	VOTU00163	genome_target	high_confidence					0.993867	526					
Church2025:YPM-IZ-110907	Church2025__YPM-IZ-110907	viral	VOTU00166	genome_target	high_confidence					0.783177	372					
Church2025:YPM-IZ-110907	Church2025__YPM-IZ-110907	viral	VOTU00169	genome_target	high_confidence					0.999612	485					
Church2025:YPM-IZ-110907	Church2025__YPM-IZ-110907	viral	VOTU00173	genome_target	high_confidence					0.755817	284					
Church2025:YPM-IZ-110907	Church2025__YPM-IZ-110907	viral	VOTU00176	genome_target	high_confidence					1.0	500					
Church2025:YPM-IZ-110907	Church2025__YPM-IZ-110907	viral	VOTU00215	genome_target	high_confidence					1.0	1909					
Church2025:YPM-IZ-110907	Church2025__YPM-IZ-110907	viral	VOTU00224	genome_target	validated					0.758473	305					
Church2025:YPM-IZ-110907	Church2025__YPM-IZ-110907	viral	VOTU00230	genome_target	high_confidence					1.0	338					
Church2025:YPM-IZ-110907	Church2025__YPM-IZ-110907	viral	VOTU00231	genome_target	high_confidence					1.0	2915					
Church2025:YPM-IZ-110907	Church2025__YPM-IZ-110907	viral	VOTU00244	genome_target	validated					1.0	508					
Church2025:YPM-IZ-110907	Church2025__YPM-IZ-110907	viral	VOTU00255	genome_target	validated					0.940416	627					
Church2025:YPM-IZ-110907	Church2025__YPM-IZ-110907	viral	VOTU00257	genome_target	high_confidence					1.0	282					
Church2025:YPM-IZ-110931	Church2025__YPM-IZ-110931	viral	VOTU00155	genome_target	validated					0.930782	822					
Church2025:YPM-IZ-110931	Church2025__YPM-IZ-110931	viral	VOTU00168	genome_target	high_confidence					0.94297	3372					
Church2025:YPM-IZ-110931	Church2025__YPM-IZ-110931	viral	VOTU00175	genome_target	high_confidence					0.9955	1735					
Church2025:YPM-IZ-110931	Church2025__YPM-IZ-110931	viral	VOTU00234	genome_target	high_confidence					1.0	913					
Church2025:YPM-IZ-110938	Church2025__YPM-IZ-110938	viral	VOTU00073	genome_target	validated					0.781319	5607					
Church2025:YPM-IZ-110972	Church2025__YPM-IZ-110972	viral	VOTU00001	genome_target	high_confidence					0.999176	32458					
Church2025:YPM-IZ-110972	Church2025__YPM-IZ-110972	viral	VOTU00002	genome_target	high_confidence					0.999662	16606					
Church2025:YPM-IZ-110972	Church2025__YPM-IZ-110972	viral	VOTU00003	genome_target	high_confidence					1.0	4862					
Church2025:YPM-IZ-110972	Church2025__YPM-IZ-110972	viral	VOTU00006	genome_target	high_confidence					0.999876	5005					
Church2025:YPM-IZ-110972	Church2025__YPM-IZ-110972	viral	VOTU00193	genome_target	high_confidence					0.99971	1091					
Church2025:YPM-IZ-111009	Church2025__YPM-IZ-111009	viral	VOTU00073	genome_target	validated					0.899015	14788					
Church2025:YPM-IZ-111010	Church2025__YPM-IZ-111010	viral	VOTU00177	genome_target	high_confidence					0.98846	378					
Church2025:YPM-IZ-111157	Church2025__YPM-IZ-111157	viral	VOTU00031	genome_target	high_confidence					0.857104	13714					
Church2025:YPM-IZ-111157	Church2025__YPM-IZ-111157	viral	VOTU00066	genome_target	high_confidence					0.930554	4255					
Church2025:YPM-IZ-111163	Church2025__YPM-IZ-111163	viral	VOTU00073	genome_target	validated					0.907267	10705					
Church2025:YPM-IZ-111163	Church2025__YPM-IZ-111163	viral	VOTU00146	genome_target	high_confidence					0.998796	552					
Church2025:YPM-IZ-111163	Church2025__YPM-IZ-111163	viral	VOTU00182	genome_target	high_confidence					1.0	525					
Church2025:YPM-IZ-111163	Church2025__YPM-IZ-111163	viral	VOTU00187	genome_target	high_confidence					1.0	391					
Church2025:YPM-IZ-111163	Church2025__YPM-IZ-111163	viral	VOTU00199	genome_target	high_confidence					1.0	414					
Church2025:YPM-IZ-111163	Church2025__YPM-IZ-111163	viral	VOTU00221	genome_target	high_confidence					0.984089	330					
Church2025:YPM-IZ-111163	Church2025__YPM-IZ-111163	viral	VOTU00258	genome_target	high_confidence					0.995823	314					
Church2025:YPM-IZ-111207	Church2025__YPM-IZ-111207	viral	VOTU00029	genome_target	validated					0.960497	885					
Church2025:YPM-IZ-111207	Church2025__YPM-IZ-111207	viral	VOTU00031	genome_target	high_confidence					1.0	40829					
Church2025:YPM-IZ-111207	Church2025__YPM-IZ-111207	viral	VOTU00044	genome_target	validated					0.960999	845					
Church2025:YPM-IZ-111207	Church2025__YPM-IZ-111207	viral	VOTU00052	genome_target	validated					0.808282	373					
Church2025:YPM-IZ-111207	Church2025__YPM-IZ-111207	viral	VOTU00080	genome_target	validated					0.940316	819					
Church2025:YPM-IZ-111207	Church2025__YPM-IZ-111207	viral	VOTU00093	genome_target	validated					0.903369	288					
Church2025:YPM-IZ-111207	Church2025__YPM-IZ-111207	viral	VOTU00095	genome_target	high_confidence					0.923595	16483					
Church2025:YPM-IZ-111207	Church2025__YPM-IZ-111207	viral	VOTU00111	genome_target	validated					0.975456	364					
Church2025:YPM-IZ-111207	Church2025__YPM-IZ-111207	viral	VOTU00119	genome_target	validated					0.840313	220					
Church2025:YPM-IZ-111207	Church2025__YPM-IZ-111207	viral	VOTU00122	genome_target	high_confidence					0.999447	488					
Church2025:YPM-IZ-111207	Church2025__YPM-IZ-111207	viral	VOTU00138	genome_target	validated					0.766262	103					
Church2025:YPM-IZ-111207	Church2025__YPM-IZ-111207	viral	VOTU00140	genome_target	validated					0.873426	142					
Church2025:YPM-IZ-111207	Church2025__YPM-IZ-111207	viral	VOTU00154	genome_target	validated					0.762393	94					
Church2025:YPM-IZ-111207	Church2025__YPM-IZ-111207	viral	VOTU00167	genome_target	high_confidence					0.918536	278					
Church2025:YPM-IZ-111207	Church2025__YPM-IZ-111207	viral	VOTU00178	genome_target	validated					0.904697	189					
Church2025:YPM-IZ-111207	Church2025__YPM-IZ-111207	viral	VOTU00183	genome_target	validated					0.830017	92					
Church2025:YPM-IZ-111207	Church2025__YPM-IZ-111207	viral	VOTU00188	genome_target	validated					0.854625	185					
Church2025:YPM-IZ-111207	Church2025__YPM-IZ-111207	viral	VOTU00212	genome_target	validated					0.967886	253					
Church2025:YPM-IZ-111207	Church2025__YPM-IZ-111207	viral	VOTU00218	genome_target	high_confidence					0.993755	305					
Church2025:YPM-IZ-111208	Church2025__YPM-IZ-111208	viral	VOTU00031	genome_target	high_confidence					1.0	208086					
Church2025:YPM-IZ-111208	Church2025__YPM-IZ-111208	viral	VOTU00044	genome_target	validated					0.794418	405					
Church2025:YPM-IZ-111208	Church2025__YPM-IZ-111208	viral	VOTU00052	genome_target	validated					0.813978	387					
Church2025:YPM-IZ-111208	Church2025__YPM-IZ-111208	viral	VOTU00066	genome_target	high_confidence					0.960922	60621					
Church2025:YPM-IZ-111208	Church2025__YPM-IZ-111208	viral	VOTU00089	genome_target	validated					0.921132	450					
Church2025:YPM-IZ-111208	Church2025__YPM-IZ-111208	viral	VOTU00095	genome_target	validated					0.909507	5565					
Church2025:YPM-IZ-111208	Church2025__YPM-IZ-111208	viral	VOTU00122	genome_target	validated					0.902768	257					
Church2025:YPM-IZ-111208	Church2025__YPM-IZ-111208	viral	VOTU00154	genome_target	validated					0.87567	219					
Church2025:YPM-IZ-111208	Church2025__YPM-IZ-111208	viral	VOTU00183	genome_target	validated					0.945274	120					
Church2025:YPM-IZ-111208	Church2025__YPM-IZ-111208	viral	VOTU00218	genome_target	validated					0.829581	101					
Church2025:YPM-IZ-111209	Church2025__YPM-IZ-111209	viral	VOTU00031	genome_target	high_confidence					0.984874	7084					
Church2025:YPM-IZ-111209	Church2025__YPM-IZ-111209	viral	VOTU00095	genome_target	high_confidence					0.93796	2367					
Church2025:YPM-IZ-111210	Church2025__YPM-IZ-111210	viral	VOTU00011	genome_target	high_confidence					0.998274	4384					
Church2025:YPM-IZ-111210	Church2025__YPM-IZ-111210	viral	VOTU00029	genome_target	high_confidence					1.0	43723					
Church2025:YPM-IZ-111210	Church2025__YPM-IZ-111210	viral	VOTU00044	genome_target	high_confidence					1.0	38370					
Church2025:YPM-IZ-111210	Church2025__YPM-IZ-111210	viral	VOTU00052	genome_target	high_confidence					1.0	3927					
Church2025:YPM-IZ-111210	Church2025__YPM-IZ-111210	viral	VOTU00080	genome_target	high_confidence					1.0	5455					
Church2025:YPM-IZ-111210	Church2025__YPM-IZ-111210	viral	VOTU00082	genome_target	high_confidence					1.0	1960					
Church2025:YPM-IZ-111210	Church2025__YPM-IZ-111210	viral	VOTU00086	genome_target	high_confidence					1.0	1418					
Church2025:YPM-IZ-111210	Church2025__YPM-IZ-111210	viral	VOTU00089	genome_target	high_confidence					1.0	1238					
Church2025:YPM-IZ-111210	Church2025__YPM-IZ-111210	viral	VOTU00093	genome_target	high_confidence					1.0	1372					
Church2025:YPM-IZ-111210	Church2025__YPM-IZ-111210	viral	VOTU00094	genome_target	high_confidence					0.825348	1915					
Church2025:YPM-IZ-111210	Church2025__YPM-IZ-111210	viral	VOTU00095	genome_target	validated					0.921513	5928					
Church2025:YPM-IZ-111210	Church2025__YPM-IZ-111210	viral	VOTU00096	genome_target	high_confidence					0.999508	1182					
Church2025:YPM-IZ-111210	Church2025__YPM-IZ-111210	viral	VOTU00111	genome_target	high_confidence					1.0	1305					
Church2025:YPM-IZ-111210	Church2025__YPM-IZ-111210	viral	VOTU00117	genome_target	high_confidence					1.0	715					
Church2025:YPM-IZ-111210	Church2025__YPM-IZ-111210	viral	VOTU00118	genome_target	high_confidence					0.999293	1471					
Church2025:YPM-IZ-111210	Church2025__YPM-IZ-111210	viral	VOTU00119	genome_target	high_confidence					1.0	965					
Church2025:YPM-IZ-111210	Church2025__YPM-IZ-111210	viral	VOTU00120	genome_target	high_confidence					1.0	6704					
Church2025:YPM-IZ-111210	Church2025__YPM-IZ-111210	viral	VOTU00122	genome_target	validated					0.761255	339					
Church2025:YPM-IZ-111210	Church2025__YPM-IZ-111210	viral	VOTU00125	genome_target	high_confidence					1.0	859					
Church2025:YPM-IZ-111210	Church2025__YPM-IZ-111210	viral	VOTU00138	genome_target	high_confidence					1.0	575					
Church2025:YPM-IZ-111210	Church2025__YPM-IZ-111210	viral	VOTU00140	genome_target	high_confidence					1.0	1117					
Church2025:YPM-IZ-111210	Church2025__YPM-IZ-111210	viral	VOTU00143	genome_target	high_confidence					0.984474	539					
Church2025:YPM-IZ-111210	Church2025__YPM-IZ-111210	viral	VOTU00145	genome_target	high_confidence					0.999891	586					
Church2025:YPM-IZ-111210	Church2025__YPM-IZ-111210	viral	VOTU00152	genome_target	high_confidence					0.999437	767					
Church2025:YPM-IZ-111210	Church2025__YPM-IZ-111210	viral	VOTU00154	genome_target	high_confidence					1.0	640					
Church2025:YPM-IZ-111210	Church2025__YPM-IZ-111210	viral	VOTU00157	genome_target	high_confidence					0.999655	413					
Church2025:YPM-IZ-111210	Church2025__YPM-IZ-111210	viral	VOTU00167	genome_target	high_confidence					0.994391	812					
Church2025:YPM-IZ-111210	Church2025__YPM-IZ-111210	viral	VOTU00170	genome_target	high_confidence					1.0	1751					
Church2025:YPM-IZ-111210	Church2025__YPM-IZ-111210	viral	VOTU00172	genome_target	high_confidence					1.0	772					
Church2025:YPM-IZ-111210	Church2025__YPM-IZ-111210	viral	VOTU00178	genome_target	high_confidence					1.0	1741					
Church2025:YPM-IZ-111210	Church2025__YPM-IZ-111210	viral	VOTU00180	genome_target	high_confidence					1.0	715					
Church2025:YPM-IZ-111210	Church2025__YPM-IZ-111210	viral	VOTU00183	genome_target	high_confidence					1.0	983					
Church2025:YPM-IZ-111210	Church2025__YPM-IZ-111210	viral	VOTU00188	genome_target	high_confidence					1.0	867					
Church2025:YPM-IZ-111210	Church2025__YPM-IZ-111210	viral	VOTU00195	genome_target	high_confidence					0.983862	437					
Church2025:YPM-IZ-111210	Church2025__YPM-IZ-111210	viral	VOTU00208	genome_target	high_confidence					0.997198	278					
Church2025:YPM-IZ-111210	Church2025__YPM-IZ-111210	viral	VOTU00212	genome_target	high_confidence					1.0	635					
Church2025:YPM-IZ-111210	Church2025__YPM-IZ-111210	viral	VOTU00218	genome_target	validated					1.0	11594					
Church2025:YPM-IZ-111210	Church2025__YPM-IZ-111210	viral	VOTU00227	genome_target	high_confidence					1.0	407					
Church2025:YPM-IZ-111210	Church2025__YPM-IZ-111210	viral	VOTU00248	genome_target	high_confidence					1.0	721					
Church2025:YPM-IZ-111210	Church2025__YPM-IZ-111210	viral	VOTU00260	genome_target	high_confidence					1.0	342					
Church2025:YPM-IZ-111243	Church2025__YPM-IZ-111243	viral	VOTU00031	genome_target	high_confidence					0.99978	25167					
Church2025:YPM-IZ-111243	Church2025__YPM-IZ-111243	viral	VOTU00066	genome_target	high_confidence					0.93605	12309					
Church2025:YPM-IZ-111243	Church2025__YPM-IZ-111243	viral	VOTU00095	genome_target	validated					0.944552	1558					
Church2025:YPM-IZ-111517	Church2025__YPM-IZ-111517	viral	VOTU00005	genome_target	high_confidence					0.999984	5591					
Church2025:YPM-IZ-111517	Church2025__YPM-IZ-111517	viral	VOTU00061	genome_target	high_confidence					0.998963	1676					
Church2025:YPM-IZ-111517	Church2025__YPM-IZ-111517	viral	VOTU00067	genome_target	high_confidence					0.999952	1584					
Church2025:YPM-IZ-111518	Church2025__YPM-IZ-111518	viral	VOTU00014	genome_target	high_confidence					0.828135	1789					
Church2025:YPM-IZ-111518	Church2025__YPM-IZ-111518	viral	VOTU00061	genome_target	validated					0.777722	321					
Church2025:YPM-IZ-111518	Church2025__YPM-IZ-111518	viral	VOTU00192	genome_target	high_confidence					0.775274	114					
Church2025:YPM-IZ-111519	Church2025__YPM-IZ-111519	viral	VOTU00005	genome_target	validated					0.802719	754					
Church2025:YPM-IZ-111529	Church2025__YPM-IZ-111529	viral	VOTU00005	genome_target	validated					0.873022	1079					
Church2025:YPM-IZ-111529	Church2025__YPM-IZ-111529	viral	VOTU00061	genome_target	validated					0.891683	515					
Church2025:YPM-IZ-111530	Church2025__YPM-IZ-111530	viral	VOTU00014	genome_target	high_confidence					0.916658	2759					
Church2025:YPM-IZ-111547	Church2025__YPM-IZ-111547	viral	VOTU00073	genome_target	validated					0.884935	9422					
Church2025:YPM-IZ-111839	Church2025__YPM-IZ-111839	viral	VOTU00004	genome_target	validated					0.964131	1595					
Church2025:YPM-IZ-111839	Church2025__YPM-IZ-111839	viral	VOTU00023	genome_target	high_confidence					0.997291	45860					
Church2025:YPM-IZ-111839	Church2025__YPM-IZ-111839	viral	VOTU00033	genome_target	validated					0.823093	730					
Church2025:YPM-IZ-111839	Church2025__YPM-IZ-111839	viral	VOTU00034	genome_target	high_confidence					0.836928	2922					
Church2025:YPM-IZ-111839	Church2025__YPM-IZ-111839	viral	VOTU00036	genome_target	validated					0.940095	901					
Church2025:YPM-IZ-111839	Church2025__YPM-IZ-111839	viral	VOTU00037	genome_target	validated					0.953517	923					
Church2025:YPM-IZ-111839	Church2025__YPM-IZ-111839	viral	VOTU00040	genome_target	high_confidence					0.860754	1031					
Church2025:YPM-IZ-111839	Church2025__YPM-IZ-111839	viral	VOTU00043	genome_target	high_confidence					0.960303	904					
Church2025:YPM-IZ-111839	Church2025__YPM-IZ-111839	viral	VOTU00046	genome_target	validated					0.966324	864					
Church2025:YPM-IZ-111839	Church2025__YPM-IZ-111839	viral	VOTU00048	genome_target	high_confidence					0.895043	1254					
Church2025:YPM-IZ-111839	Church2025__YPM-IZ-111839	viral	VOTU00051	genome_target	validated					0.965268	813					
Church2025:YPM-IZ-111839	Church2025__YPM-IZ-111839	viral	VOTU00055	genome_target	validated					0.877541	645					
Church2025:YPM-IZ-111839	Church2025__YPM-IZ-111839	viral	VOTU00071	genome_target	validated					0.897635	552					
Church2025:YPM-IZ-111839	Church2025__YPM-IZ-111839	viral	VOTU00133	genome_target	validated					0.923277	227					
Church2025:YPM-IZ-111839	Church2025__YPM-IZ-111839	viral	VOTU00137	genome_target	validated					0.979367	243					
Church2025:YPM-IZ-111839	Church2025__YPM-IZ-111839	viral	VOTU00169	genome_target	validated					0.909891	280					
Church2025:YPM-IZ-111839	Church2025__YPM-IZ-111839	viral	VOTU00224	genome_target	validated					0.947792	181					
Church2025:YPM-IZ-111839	Church2025__YPM-IZ-111839	viral	VOTU00244	genome_target	validated					0.965331	153					
Church2025:YPM-IZ-111839	Church2025__YPM-IZ-111839	viral	VOTU00255	genome_target	validated					0.95565	166					
Church2025:YPM-IZ-111840	Church2025__YPM-IZ-111840	viral	VOTU00073	genome_target	validated					0.941204	23692					
Ahuja2024:NA4	Ahuja2024__NA4	eukaryote	Arthropoda	eukaryote_reporting_group	high_confidence			Eukaryota;Amorphea;Obazoa;Opisthokonta;Holozoa;Choanozoa;Metazoa;Animalia;BCP clade;Bilateria;Protostomia;Ecdysozoa;Arthropoda;Crustacea;Maxillopoda;Copepoda;Calanoida	prey			1914		2	assembly18s,phyloflash	
Ahuja2026:NA31	Ahuja2026__NA31	eukaryote	Amorphea;Obazoa;Opisthokonta;Nucletmycea;Fungi	eukaryote_reporting_group	validated			Eukaryota;Amorphea;Obazoa;Opisthokonta;Nucletmycea;Fungi;Dikarya;Ascomycota;Pezizomycotina	unassigned			77		0		
Ahuja2026:NA31	Ahuja2026__NA31	eukaryote	SAR;Alveolata;Dinoflagellata;Dinophyceae;Peridiniphycidae	eukaryote_reporting_group	validated			Eukaryota;SAR;Alveolata;Dinoflagellata;Dinophyceae;Peridiniphycidae;Gonyaulacales;Azadinium	unassigned			2		1	phyloflash	
Ahuja2026:NA37	Ahuja2026__NA37	eukaryote	Amorphea;Amoebozoa;Discosea;Flabellinia;Dactylopodida	eukaryote_reporting_group	validated			Eukaryota;Amorphea;Amoebozoa;Discosea;Flabellinia;Dactylopodida	unassigned			52		0		
Ahuja2026:NA37	Ahuja2026__NA37	eukaryote	Amorphea;Obazoa;Opisthokonta;Nucletmycea;Fungi	eukaryote_reporting_group	validated			Eukaryota;Amorphea;Obazoa;Opisthokonta;Nucletmycea;Fungi;Dikarya;Basidiomycota;Agaricomycotina;Agaricomycetes;Boletales;Tapinellaceae;Tapinella	unassigned			73		0		
Ahuja2026:NA37	Ahuja2026__NA37	eukaryote	Archaeplastida;Chloroplastida;Chlorophyta;Trebouxiophyceae	eukaryote_reporting_group	validated			Eukaryota;Archaeplastida;Chloroplastida;Chlorophyta;Trebouxiophyceae	unassigned			248		0		
Ahuja2026:NA37	Ahuja2026__NA37	eukaryote	Arthropoda	eukaryote_reporting_group	high_confidence			Eukaryota;Amorphea;Obazoa;Opisthokonta;Holozoa;Choanozoa;Metazoa;Animalia;BCP clade;Bilateria;Protostomia;Ecdysozoa;Arthropoda;Crustacea;Maxillopoda;Copepoda;Calanoida	prey			513		2	assembly18s,phyloflash	
Ahuja2026:NA37	Ahuja2026__NA37	eukaryote	Discoba;Discicristata;Euglenozoa;Kinetoplastea;Prokinetoplastina	eukaryote_reporting_group	validated			Eukaryota;Discoba;Discicristata;Euglenozoa;Kinetoplastea;Prokinetoplastina;Ichthyobodo	unassigned			57		0		
Ahuja2026:WS6	Ahuja2026__WS6	eukaryote	SAR;Alveolata;Ciliophora;Intramacronucleata;Conthreep	eukaryote_reporting_group	validated			Eukaryota;SAR;Alveolata;Ciliophora;Intramacronucleata;Conthreep;Oligohymenophorea;Apostomatia;uncultured	unassigned			27		1	phyloflash	
Ahuja2026:WS6	Ahuja2026__WS6	eukaryote	SAR;Alveolata;Protalveolata;Syndiniales;Syndiniales Group II	eukaryote_reporting_group	validated			Eukaryota;SAR;Alveolata;Protalveolata;Syndiniales;Syndiniales Group II	parasite			4		1	phyloflash	
Church2025:NIWA-173305	Church2025__NIWA-173305	eukaryote	Amorphea;Amoebozoa;Discosea;Flabellinia;Dactylopodida	eukaryote_reporting_group	high_confidence			Eukaryota;Amorphea;Amoebozoa;Discosea;Flabellinia;Dactylopodida	unassigned			152		1	phyloflash	
Church2025:NIWA-173305	Church2025__NIWA-173305	eukaryote	Discoba;Discicristata;Euglenozoa;Kinetoplastea;Prokinetoplastina	eukaryote_reporting_group	high_confidence			Eukaryota;Discoba;Discicristata;Euglenozoa;Kinetoplastea;Prokinetoplastina;Ichthyobodo	endosymbiont of Paramoeba			157		2	assembly18s,phyloflash	
Church2025:TMAG-K5632	Church2025__TMAG-K5632	eukaryote	Amorphea;Amoebozoa;Discosea;Flabellinia;Dactylopodida	eukaryote_reporting_group	high_confidence			Eukaryota;Amorphea;Amoebozoa;Discosea;Flabellinia;Dactylopodida	unassigned			111		1	phyloflash	
Church2025:TMAG-K5632	Church2025__TMAG-K5632	eukaryote	Discoba;Discicristata;Euglenozoa;Kinetoplastea;Prokinetoplastina	eukaryote_reporting_group	high_confidence			Eukaryota;Discoba;Discicristata;Euglenozoa;Kinetoplastea;Prokinetoplastina	endosymbiont of Paramoeba			238		2	assembly18s,phyloflash	
Church2025:TMAG-K5632	Church2025__TMAG-K5632	eukaryote	Nematozoa	eukaryote_reporting_group	high_confidence			Eukaryota;Amorphea;Obazoa;Opisthokonta;Holozoa;Choanozoa;Metazoa;Animalia;BCP clade;Bilateria;Protostomia;Ecdysozoa;Nematozoa;Nematoda;Chromadorea;Rhabditida	unassigned			210		1	phyloflash	
Church2025:TMAG-K5633	Church2025__TMAG-K5633	eukaryote	Discoba;Discicristata;Euglenozoa;Kinetoplastea;Prokinetoplastina	eukaryote_reporting_group	validated			Eukaryota;Discoba;Discicristata;Euglenozoa;Kinetoplastea;Prokinetoplastina	endosymbiont of Paramoeba			17		2	assembly18s,phyloflash	
Church2025:TMAG-K5633	Church2025__TMAG-K5633	eukaryote	Nematozoa	eukaryote_reporting_group	high_confidence			Eukaryota;Amorphea;Obazoa;Opisthokonta;Holozoa;Choanozoa;Metazoa;Animalia;BCP clade;Bilateria;Protostomia;Ecdysozoa;Nematozoa;Nematoda;Chromadorea;Rhabditida	unassigned			284		1	phyloflash	
Church2025:WAM-Z97901	Church2025__WAM-Z97901	eukaryote	Amorphea;Amoebozoa;Discosea;Flabellinia;Dactylopodida	eukaryote_reporting_group	high_confidence			Eukaryota;Amorphea;Amoebozoa;Discosea;Flabellinia;Dactylopodida	unassigned			125		1	phyloflash	
Church2025:WAM-Z97901	Church2025__WAM-Z97901	eukaryote	Discoba;Discicristata;Euglenozoa;Kinetoplastea;Prokinetoplastina	eukaryote_reporting_group	high_confidence			Eukaryota;Discoba;Discicristata;Euglenozoa;Kinetoplastea;Prokinetoplastina	endosymbiont of Paramoeba			98		2	assembly18s,phyloflash	
Church2025:WAM-Z97902	Church2025__WAM-Z97902	eukaryote	Entoprocta	eukaryote_reporting_group	validated			Eukaryota;Amorphea;Obazoa;Opisthokonta;Holozoa;Choanozoa;Metazoa;Animalia;BCP clade;Bilateria;Protostomia;Lophotrochozoa;Entoprocta;Solitaria;Loxosomatidae	unassigned			46		0		
Church2025:WAM-Z97902	Church2025__WAM-Z97902	eukaryote	Nematozoa	eukaryote_reporting_group	high_confidence			Eukaryota;Amorphea;Obazoa;Opisthokonta;Holozoa;Choanozoa;Metazoa;Animalia;BCP clade;Bilateria;Protostomia;Ecdysozoa;Nematozoa;Nematoda;Chromadorea;Rhabditida	unassigned			466		1	phyloflash	
Church2025:WAM-Z97917	Church2025__WAM-Z97917	eukaryote	Chordata	eukaryote_reporting_group	validated			Eukaryota;Amorphea;Obazoa;Opisthokonta;Holozoa;Choanozoa;Metazoa;Animalia;BCP clade;Bilateria;Deuterostomia;Chordata;Vertebrata;Gnathostomata;Euteleostomi;Actinopterygii;Neopterygii;Teleostei	prey			367		0		
Church2025:YPM-IZ-104464	Church2025__YPM-IZ-104464	eukaryote	Platyhelminthes	eukaryote_reporting_group	high_confidence			Eukaryota;Amorphea;Obazoa;Opisthokonta;Holozoa;Choanozoa;Metazoa;Animalia;BCP clade;Bilateria;Protostomia;Lophotrochozoa;Platyhelminthes;Trematoda;Digenea;Azygiida	parasite			508		1	phyloflash	
Church2025:YPM-IZ-110436	Church2025__YPM-IZ-110436	eukaryote	Platyhelminthes	eukaryote_reporting_group	high_confidence			Eukaryota;Amorphea;Obazoa;Opisthokonta;Holozoa;Choanozoa;Metazoa;Animalia;BCP clade;Bilateria;Protostomia;Lophotrochozoa;Platyhelminthes;Trematoda;Digenea;Azygiida	parasite			1291		2	phyloflash	
Church2025:YPM-IZ-110460	Church2025__YPM-IZ-110460	eukaryote	Platyhelminthes	eukaryote_reporting_group	high_confidence			Eukaryota;Amorphea;Obazoa;Opisthokonta;Holozoa;Choanozoa;Metazoa;Animalia;BCP clade;Bilateria;Protostomia;Lophotrochozoa;Platyhelminthes;Cestoda;Eucestoda	parasite			38		1	phyloflash	
Church2025:YPM-IZ-110469	Church2025__YPM-IZ-110469	eukaryote	Amorphea;Amoebozoa;Discosea;Flabellinia;Dactylopodida	eukaryote_reporting_group	high_confidence			Eukaryota;Amorphea;Amoebozoa;Discosea;Flabellinia;Dactylopodida	unassigned			227		1	phyloflash	
Church2025:YPM-IZ-110469	Church2025__YPM-IZ-110469	eukaryote	Archaeplastida;Rhodophyceae;Florideophycidae;Rhodymeniophycidae	eukaryote_reporting_group	validated			Eukaryota;Archaeplastida;Rhodophyceae;Florideophycidae;Rhodymeniophycidae	unassigned			961		0		
Church2025:YPM-IZ-110469	Church2025__YPM-IZ-110469	eukaryote	Discoba;Discicristata;Euglenozoa;Kinetoplastea;Prokinetoplastina	eukaryote_reporting_group	high_confidence			Eukaryota;Discoba;Discicristata;Euglenozoa;Kinetoplastea;Prokinetoplastina	endosymbiont of Paramoeba			396		2	assembly18s,phyloflash	
Church2025:YPM-IZ-110556	Church2025__YPM-IZ-110556	eukaryote	Nematozoa	eukaryote_reporting_group	validated			Eukaryota;Amorphea;Obazoa;Opisthokonta;Holozoa;Choanozoa;Metazoa;Animalia;BCP clade;Bilateria;Protostomia;Ecdysozoa;Nematozoa;Nematoda;Chromadorea;Rhabditida	unassigned			41		0		
Church2025:YPM-IZ-110557	Church2025__YPM-IZ-110557	eukaryote	Platyhelminthes	eukaryote_reporting_group	high_confidence			Eukaryota;Amorphea;Obazoa;Opisthokonta;Holozoa;Choanozoa;Metazoa;Animalia;BCP clade;Bilateria;Protostomia;Lophotrochozoa;Platyhelminthes;Trematoda;Digenea;Plagiorchiida	parasite			65		1	phyloflash	
Church2025:YPM-IZ-110613	Church2025__YPM-IZ-110613	eukaryote	Platyhelminthes	eukaryote_reporting_group	validated			Eukaryota;Amorphea;Obazoa;Opisthokonta;Holozoa;Choanozoa;Metazoa;Animalia;BCP clade;Bilateria;Protostomia;Lophotrochozoa;Platyhelminthes;Rhabditophora;Seriata;Proseriata	unassigned			26		1	phyloflash	
Church2025:YPM-IZ-110616	Church2025__YPM-IZ-110616	eukaryote	Arthropoda	eukaryote_reporting_group	validated			Arthropoda (novel lineage)	unassigned			18		2	phyloflash	
Church2025:YPM-IZ-110631	Church2025__YPM-IZ-110631	eukaryote	Platyhelminthes	eukaryote_reporting_group	high_confidence			Eukaryota;Amorphea;Obazoa;Opisthokonta;Holozoa;Choanozoa;Metazoa;Animalia;BCP clade;Bilateria;Protostomia;Lophotrochozoa;Platyhelminthes;Trematoda;Digenea;Plagiorchiida	parasite			474		1	phyloflash	
Church2025:YPM-IZ-110694	Church2025__YPM-IZ-110694	eukaryote	Platyhelminthes	eukaryote_reporting_group	high_confidence			Eukaryota;Amorphea;Obazoa;Opisthokonta;Holozoa;Choanozoa;Metazoa;Animalia;BCP clade;Bilateria;Protostomia;Lophotrochozoa;Platyhelminthes;Trematoda;Digenea;Plagiorchiida	parasite			358		1	phyloflash	
Church2025:YPM-IZ-110777	Church2025__YPM-IZ-110777	eukaryote	Platyhelminthes	eukaryote_reporting_group	high_confidence			Eukaryota;Amorphea;Obazoa;Opisthokonta;Holozoa;Choanozoa;Metazoa;Animalia;BCP clade;Bilateria;Protostomia;Lophotrochozoa;Platyhelminthes;Cestoda;Eucestoda;Tetraphyllidea	parasite			436		1	phyloflash	
Church2025:YPM-IZ-110785	Church2025__YPM-IZ-110785	eukaryote	Amorphea;Amoebozoa;Discosea;Flabellinia;Dactylopodida	eukaryote_reporting_group	high_confidence			Eukaryota;Amorphea;Amoebozoa;Discosea;Flabellinia;Dactylopodida	unassigned			523		1	phyloflash	
Church2025:YPM-IZ-110785	Church2025__YPM-IZ-110785	eukaryote	Discoba;Discicristata;Euglenozoa;Kinetoplastea;Prokinetoplastina	eukaryote_reporting_group	high_confidence			Eukaryota;Discoba;Discicristata;Euglenozoa;Kinetoplastea;Prokinetoplastina	endosymbiont of Paramoeba			1074		2	assembly18s,phyloflash	
Church2025:YPM-IZ-110828	Church2025__YPM-IZ-110828	eukaryote	Nematozoa	eukaryote_reporting_group	high_confidence			Eukaryota;Amorphea;Obazoa;Opisthokonta;Holozoa;Choanozoa;Metazoa;Animalia;BCP clade;Bilateria;Protostomia;Ecdysozoa;Nematozoa;Nematoda;Chromadorea;Rhabditida	unassigned			401		1	phyloflash	
Church2025:YPM-IZ-110829	Church2025__YPM-IZ-110829	eukaryote	Amorphea;Obazoa;Opisthokonta;Nucletmycea;Fungi	eukaryote_reporting_group	high_confidence			Eukaryota;Amorphea;Obazoa;Opisthokonta;Nucletmycea;Fungi;Dikarya;Ascomycota;Pezizomycotina;Sordariomycetes;Lulworthiales;Lulworthiaceae;Lindra	unassigned			170		1	phyloflash	
Church2025:YPM-IZ-110829	Church2025__YPM-IZ-110829	eukaryote	Nematozoa	eukaryote_reporting_group	high_confidence			Eukaryota;Amorphea;Obazoa;Opisthokonta;Holozoa;Choanozoa;Metazoa;Animalia;BCP clade;Bilateria;Protostomia;Ecdysozoa;Nematozoa;Nematoda;Chromadorea;Rhabditida	unassigned			454		2	phyloflash	
Church2025:YPM-IZ-110846	Church2025__YPM-IZ-110846	eukaryote	Platyhelminthes	eukaryote_reporting_group	high_confidence			Eukaryota;Amorphea;Obazoa;Opisthokonta;Holozoa;Choanozoa;Metazoa;Animalia;BCP clade;Bilateria;Protostomia;Lophotrochozoa;Platyhelminthes;Trematoda;Digenea;Plagiorchiida	parasite			127		1	phyloflash	
Church2025:YPM-IZ-110881	Church2025__YPM-IZ-110881	eukaryote	Mollusca	eukaryote_reporting_group	high_confidence			Eukaryota;Amorphea;Obazoa;Opisthokonta;Holozoa;Choanozoa;Metazoa;Animalia;BCP clade;Bilateria;Protostomia;Lophotrochozoa;Mollusca;Bivalvia;Pteriomorphia;Mytiloida	prey			67		1	phyloflash	
Church2025:YPM-IZ-110882	Church2025__YPM-IZ-110882	eukaryote	Platyhelminthes	eukaryote_reporting_group	high_confidence			Eukaryota;Amorphea;Obazoa;Opisthokonta;Holozoa;Choanozoa;Metazoa;Animalia;BCP clade;Bilateria;Protostomia;Lophotrochozoa;Platyhelminthes;Trematoda;Digenea;Azygiida	parasite			139		1	phyloflash	
Church2025:YPM-IZ-110883	Church2025__YPM-IZ-110883	eukaryote	Chaetognatha	eukaryote_reporting_group	high_confidence			Eukaryota;Amorphea;Obazoa;Opisthokonta;Holozoa;Choanozoa;Metazoa;Animalia;BCP clade;Bilateria;Protostomia;Chaetognatha;Sagittoidea;Aphragmophora	prey			80		1	phyloflash	
Church2025:YPM-IZ-110883	Church2025__YPM-IZ-110883	eukaryote	Mollusca	eukaryote_reporting_group	high_confidence			Eukaryota;Amorphea;Obazoa;Opisthokonta;Holozoa;Choanozoa;Metazoa;Animalia;BCP clade;Bilateria;Protostomia;Lophotrochozoa;Mollusca;Bivalvia;Pteriomorphia;Mytiloida	prey			1689		1	phyloflash	
Church2025:YPM-IZ-110907	Church2025__YPM-IZ-110907	eukaryote	Chordata	eukaryote_reporting_group	high_confidence			Eukaryota;Amorphea;Obazoa;Opisthokonta;Holozoa;Choanozoa;Metazoa;Animalia;BCP clade;Bilateria;Deuterostomia;Chordata;Vertebrata;Gnathostomata;Euteleostomi;Actinopterygii;Neopterygii;Teleostei	prey			131		1	phyloflash	
Church2025:YPM-IZ-110931	Church2025__YPM-IZ-110931	eukaryote	Amorphea;Obazoa;Opisthokonta;Nucletmycea;Fungi	eukaryote_reporting_group	high_confidence			Eukaryota;Amorphea;Obazoa;Opisthokonta;Nucletmycea;Fungi;Dikarya;Ascomycota;Pezizomycotina;Dothideomycetes;Pleosporales;Pleosporaceae;Alternaria	unassigned			67		1	phyloflash	
Church2025:YPM-IZ-110931	Church2025__YPM-IZ-110931	eukaryote	Platyhelminthes	eukaryote_reporting_group	high_confidence			Eukaryota;Amorphea;Obazoa;Opisthokonta;Holozoa;Choanozoa;Metazoa;Animalia;BCP clade;Bilateria;Protostomia;Lophotrochozoa;Platyhelminthes;Trematoda;Digenea;Azygiida	parasite			1705		1	phyloflash	
Church2025:YPM-IZ-111009	Church2025__YPM-IZ-111009	eukaryote	Discoba;Discicristata;Euglenozoa;Kinetoplastea;Prokinetoplastina	eukaryote_reporting_group	validated			Eukaryota;Discoba;Discicristata;Euglenozoa;Kinetoplastea;Prokinetoplastina;Ichthyobodo	endosymbiont of Paramoeba			17		1	assembly18s	
Church2025:YPM-IZ-111156	Church2025__YPM-IZ-111156	eukaryote	Chordata	eukaryote_reporting_group	validated			Eukaryota;Amorphea;Obazoa;Opisthokonta;Holozoa;Choanozoa;Metazoa;Animalia;BCP clade;Bilateria;Deuterostomia;Chordata;Vertebrata;Gnathostomata;Euteleostomi;Actinopterygii;Neopterygii;Teleostei	prey			70		0		
Church2025:YPM-IZ-111158	Church2025__YPM-IZ-111158	eukaryote	Chordata	eukaryote_reporting_group	validated			Eukaryota;Amorphea;Obazoa;Opisthokonta;Holozoa;Choanozoa;Metazoa;Animalia;BCP clade;Bilateria;Deuterostomia;Chordata;Vertebrata;Gnathostomata;Euteleostomi;Actinopterygii;Neopterygii;Teleostei	prey			151		0		
Church2025:YPM-IZ-111207	Church2025__YPM-IZ-111207	eukaryote	Amorphea;Amoebozoa;Discosea;Flabellinia;Dactylopodida	eukaryote_reporting_group	high_confidence			Eukaryota;Amorphea;Amoebozoa;Discosea;Flabellinia;Dactylopodida	unassigned			536		1	phyloflash	
Church2025:YPM-IZ-111207	Church2025__YPM-IZ-111207	eukaryote	Discoba;Discicristata;Euglenozoa;Kinetoplastea;Prokinetoplastina	eukaryote_reporting_group	high_confidence			Eukaryota;Discoba;Discicristata;Euglenozoa;Kinetoplastea;Prokinetoplastina	endosymbiont of Paramoeba			876		2	assembly18s,phyloflash	
Church2025:YPM-IZ-111208	Church2025__YPM-IZ-111208	eukaryote	Amorphea;Amoebozoa;Discosea;Flabellinia;Dactylopodida	eukaryote_reporting_group	high_confidence			Eukaryota;Amorphea;Amoebozoa;Discosea;Flabellinia;Dactylopodida	unassigned			211		1	phyloflash	
Church2025:YPM-IZ-111208	Church2025__YPM-IZ-111208	eukaryote	Discoba;Discicristata;Euglenozoa;Kinetoplastea;Prokinetoplastina	eukaryote_reporting_group	high_confidence			Eukaryota;Discoba;Discicristata;Euglenozoa;Kinetoplastea;Prokinetoplastina	endosymbiont of Paramoeba			471		2	assembly18s,phyloflash	
Church2025:YPM-IZ-111209	Church2025__YPM-IZ-111209	eukaryote	Amorphea;Amoebozoa;Discosea;Flabellinia;Dactylopodida	eukaryote_reporting_group	high_confidence			Eukaryota;Amorphea;Amoebozoa;Discosea;Flabellinia;Dactylopodida	unassigned			49		1	phyloflash	
Church2025:YPM-IZ-111209	Church2025__YPM-IZ-111209	eukaryote	Discoba;Discicristata;Euglenozoa;Kinetoplastea;Prokinetoplastina	eukaryote_reporting_group	high_confidence			Eukaryota;Discoba;Discicristata;Euglenozoa;Kinetoplastea;Prokinetoplastina	endosymbiont of Paramoeba			49		2	assembly18s,phyloflash	
Church2025:YPM-IZ-111210	Church2025__YPM-IZ-111210	eukaryote	Amorphea;Amoebozoa;Discosea;Flabellinia;Dactylopodida	eukaryote_reporting_group	high_confidence			Eukaryota;Amorphea;Amoebozoa;Discosea;Flabellinia;Dactylopodida	unassigned			217		1	phyloflash	
Church2025:YPM-IZ-111210	Church2025__YPM-IZ-111210	eukaryote	Discoba;Discicristata;Euglenozoa;Kinetoplastea;Prokinetoplastina	eukaryote_reporting_group	high_confidence			Eukaryota;Discoba;Discicristata;Euglenozoa;Kinetoplastea;Prokinetoplastina	endosymbiont of Paramoeba			325		2	assembly18s,phyloflash	
Church2025:YPM-IZ-111243	Church2025__YPM-IZ-111243	eukaryote	Platyhelminthes	eukaryote_reporting_group	high_confidence			Eukaryota;Amorphea;Obazoa;Opisthokonta;Holozoa;Choanozoa;Metazoa;Animalia;BCP clade;Bilateria;Protostomia;Lophotrochozoa;Platyhelminthes;Cestoda;Eucestoda;Bothriocephalidea	parasite			643		1	phyloflash	
Church2025:YPM-IZ-111518	Church2025__YPM-IZ-111518	eukaryote	SAR;Stramenopiles;Ochrophyta;Diatomea;Bacillariophytina	eukaryote_reporting_group	validated			Eukaryota;SAR;Stramenopiles;Ochrophyta;Diatomea;Bacillariophytina;Mediophyceae	unassigned			8		1	phyloflash	
