scope	tissue	ocean_region	target	positive_libraries	total_libraries	fraction_positive	positive_library_ids	denominator_library_ids
all_libraries	all_tissues	all_regions	MAGSP0005	44	151	0.29139073	Church2025:TMAG-K5632;Church2025:TMAG-K5633;Church2025:TMAG-K5634;Church2025:TMAG-K5635;Church2025:TMAG-K5636;Church2025:WAM-Z88480;Church2025:WAM-Z97900;Church2025:WAM-Z97901;Church2025:WAM-Z97902;Church2025:WAM-Z97903;Church2025:WAM-Z97907;Church2025:WAM-Z97908;Church2025:WAM-Z97910;Church2025:WAM-Z97911;Church2025:WAM-Z97914;Church2025:WAM-Z97916;Church2025:WAM-Z97917;Church2025:WAM-Z97920;Church2025:WAM-Z97921;Church2025:WAM-Z97923;Church2025:YPM-IZ-110468;Church2025:YPM-IZ-110469;Church2025:YPM-IZ-110515;Church2025:YPM-IZ-110556;Church2025:YPM-IZ-110557;Church2025:YPM-IZ-110558;Church2025:YPM-IZ-110566;Church2025:YPM-IZ-110569;Church2025:YPM-IZ-110605;Church2025:YPM-IZ-110613;Church2025:YPM-IZ-110830;Church2025:YPM-IZ-110931;Church2025:YPM-IZ-111006;Church2025:YPM-IZ-111007;Church2025:YPM-IZ-111008;Church2025:YPM-IZ-111009;Church2025:YPM-IZ-111156;Church2025:YPM-IZ-111157;Church2025:YPM-IZ-111159;Church2025:YPM-IZ-111160;Church2025:YPM-IZ-111210;Church2025:YPM-IZ-111241;Church2025:YPM-IZ-111243;Church2025:YPM-IZ-111839	Church2025:FM-16644;Church2025:NIWA-173304;Church2025:NIWA-173305;Church2025:OA-190531-1;Church2025:OA-Bluebottle;Church2025:TMAG-K5632;Church2025:TMAG-K5633;Church2025:TMAG-K5634;Church2025:TMAG-K5635;Church2025:TMAG-K5636;Church2025:WAM-Z88480;Church2025:WAM-Z97900;Church2025:WAM-Z97901;Church2025:WAM-Z97902;Church2025:WAM-Z97903;Church2025:WAM-Z97906;Church2025:WAM-Z97907;Church2025:WAM-Z97908;Church2025:WAM-Z97910;Church2025:WAM-Z97911;Church2025:WAM-Z97914;Church2025:WAM-Z97916;Church2025:WAM-Z97917;Church2025:WAM-Z97920;Church2025:WAM-Z97921;Church2025:WAM-Z97923;Church2025:YPM-IZ-104460;Church2025:YPM-IZ-104461;Church2025:YPM-IZ-104464;Church2025:YPM-IZ-104465;Church2025:YPM-IZ-106919;Church2025:YPM-IZ-106920;Church2025:YPM-IZ-106923;Church2025:YPM-IZ-106935;Church2025:YPM-IZ-106936;Church2025:YPM-IZ-106937;Church2025:YPM-IZ-106941;Church2025:YPM-IZ-106943;Church2025:YPM-IZ-106954;Church2025:YPM-IZ-106958;Church2025:YPM-IZ-110251;Church2025:YPM-IZ-110254;Church2025:YPM-IZ-110264;Church2025:YPM-IZ-110268;Church2025:YPM-IZ-110269;Church2025:YPM-IZ-110276;Church2025:YPM-IZ-110277;Church2025:YPM-IZ-110278;Church2025:YPM-IZ-110433;Church2025:YPM-IZ-110434;Church2025:YPM-IZ-110436;Church2025:YPM-IZ-110438;Church2025:YPM-IZ-110443;Church2025:YPM-IZ-110460;Church2025:YPM-IZ-110467;Church2025:YPM-IZ-110468;Church2025:YPM-IZ-110469;Church2025:YPM-IZ-110470;Church2025:YPM-IZ-110471;Church2025:YPM-IZ-110473;Church2025:YPM-IZ-110474;Church2025:YPM-IZ-110480;Church2025:YPM-IZ-110515;Church2025:YPM-IZ-110520;Church2025:YPM-IZ-110526;Church2025:YPM-IZ-110556;Church2025:YPM-IZ-110557;Church2025:YPM-IZ-110558;Church2025:YPM-IZ-110566;Church2025:YPM-IZ-110569;Church2025:YPM-IZ-110600;Church2025:YPM-IZ-110602;Church2025:YPM-IZ-110605;Church2025:YPM-IZ-110612;Church2025:YPM-IZ-110613;Church2025:YPM-IZ-110616;Church2025:YPM-IZ-110631;Church2025:YPM-IZ-110633;Church2025:YPM-IZ-110667;Church2025:YPM-IZ-110694;Church2025:YPM-IZ-110716;Church2025:YPM-IZ-110726;Church2025:YPM-IZ-110738;Church2025:YPM-IZ-110777;Church2025:YPM-IZ-110780;Church2025:YPM-IZ-110785;Church2025:YPM-IZ-110786;Church2025:YPM-IZ-110828;Church2025:YPM-IZ-110829;Church2025:YPM-IZ-110830;Church2025:YPM-IZ-110842;Church2025:YPM-IZ-110843;Church2025:YPM-IZ-110844;Church2025:YPM-IZ-110845;Church2025:YPM-IZ-110846;Church2025:YPM-IZ-110847;Church2025:YPM-IZ-110876;Church2025:YPM-IZ-110877;Church2025:YPM-IZ-110878;Church2025:YPM-IZ-110880;Church2025:YPM-IZ-110881;Church2025:YPM-IZ-110882;Church2025:YPM-IZ-110883;Church2025:YPM-IZ-110906;Church2025:YPM-IZ-110907;Church2025:YPM-IZ-110925;Church2025:YPM-IZ-110926;Church2025:YPM-IZ-110930;Church2025:YPM-IZ-110931;Church2025:YPM-IZ-110933;Church2025:YPM-IZ-110937;Church2025:YPM-IZ-110938;Church2025:YPM-IZ-110943;Church2025:YPM-IZ-110972;Church2025:YPM-IZ-111006;Church2025:YPM-IZ-111007;Church2025:YPM-IZ-111008;Church2025:YPM-IZ-111009;Church2025:YPM-IZ-111010;Church2025:YPM-IZ-111012;Church2025:YPM-IZ-111013;Church2025:YPM-IZ-111014;Church2025:YPM-IZ-111016;Church2025:YPM-IZ-111017;Church2025:YPM-IZ-111018;Church2025:YPM-IZ-111156;Church2025:YPM-IZ-111157;Church2025:YPM-IZ-111158;Church2025:YPM-IZ-111159;Church2025:YPM-IZ-111160;Church2025:YPM-IZ-111163;Church2025:YPM-IZ-111207;Church2025:YPM-IZ-111208;Church2025:YPM-IZ-111209;Church2025:YPM-IZ-111210;Church2025:YPM-IZ-111241;Church2025:YPM-IZ-111243;Church2025:YPM-IZ-111495;Church2025:YPM-IZ-111513;Church2025:YPM-IZ-111514;Church2025:YPM-IZ-111517;Church2025:YPM-IZ-111518;Church2025:YPM-IZ-111519;Church2025:YPM-IZ-111520;Church2025:YPM-IZ-111521;Church2025:YPM-IZ-111529;Church2025:YPM-IZ-111530;Church2025:YPM-IZ-111539;Church2025:YPM-IZ-111547;Church2025:YPM-IZ-111839;Church2025:YPM-IZ-111840
all_libraries	all_tissues	all_regions	MAGSP0007	22	151	0.14569536	Church2025:OA-190531-1;Church2025:TMAG-K5632;Church2025:TMAG-K5635;Church2025:WAM-Z97902;Church2025:WAM-Z97907;Church2025:WAM-Z97911;Church2025:WAM-Z97916;Church2025:WAM-Z97917;Church2025:WAM-Z97920;Church2025:WAM-Z97921;Church2025:YPM-IZ-110515;Church2025:YPM-IZ-110520;Church2025:YPM-IZ-110613;Church2025:YPM-IZ-110780;Church2025:YPM-IZ-110938;Church2025:YPM-IZ-111007;Church2025:YPM-IZ-111008;Church2025:YPM-IZ-111156;Church2025:YPM-IZ-111157;Church2025:YPM-IZ-111158;Church2025:YPM-IZ-111159;Church2025:YPM-IZ-111163	Church2025:FM-16644;Church2025:NIWA-173304;Church2025:NIWA-173305;Church2025:OA-190531-1;Church2025:OA-Bluebottle;Church2025:TMAG-K5632;Church2025:TMAG-K5633;Church2025:TMAG-K5634;Church2025:TMAG-K5635;Church2025:TMAG-K5636;Church2025:WAM-Z88480;Church2025:WAM-Z97900;Church2025:WAM-Z97901;Church2025:WAM-Z97902;Church2025:WAM-Z97903;Church2025:WAM-Z97906;Church2025:WAM-Z97907;Church2025:WAM-Z97908;Church2025:WAM-Z97910;Church2025:WAM-Z97911;Church2025:WAM-Z97914;Church2025:WAM-Z97916;Church2025:WAM-Z97917;Church2025:WAM-Z97920;Church2025:WAM-Z97921;Church2025:WAM-Z97923;Church2025:YPM-IZ-104460;Church2025:YPM-IZ-104461;Church2025:YPM-IZ-104464;Church2025:YPM-IZ-104465;Church2025:YPM-IZ-106919;Church2025:YPM-IZ-106920;Church2025:YPM-IZ-106923;Church2025:YPM-IZ-106935;Church2025:YPM-IZ-106936;Church2025:YPM-IZ-106937;Church2025:YPM-IZ-106941;Church2025:YPM-IZ-106943;Church2025:YPM-IZ-106954;Church2025:YPM-IZ-106958;Church2025:YPM-IZ-110251;Church2025:YPM-IZ-110254;Church2025:YPM-IZ-110264;Church2025:YPM-IZ-110268;Church2025:YPM-IZ-110269;Church2025:YPM-IZ-110276;Church2025:YPM-IZ-110277;Church2025:YPM-IZ-110278;Church2025:YPM-IZ-110433;Church2025:YPM-IZ-110434;Church2025:YPM-IZ-110436;Church2025:YPM-IZ-110438;Church2025:YPM-IZ-110443;Church2025:YPM-IZ-110460;Church2025:YPM-IZ-110467;Church2025:YPM-IZ-110468;Church2025:YPM-IZ-110469;Church2025:YPM-IZ-110470;Church2025:YPM-IZ-110471;Church2025:YPM-IZ-110473;Church2025:YPM-IZ-110474;Church2025:YPM-IZ-110480;Church2025:YPM-IZ-110515;Church2025:YPM-IZ-110520;Church2025:YPM-IZ-110526;Church2025:YPM-IZ-110556;Church2025:YPM-IZ-110557;Church2025:YPM-IZ-110558;Church2025:YPM-IZ-110566;Church2025:YPM-IZ-110569;Church2025:YPM-IZ-110600;Church2025:YPM-IZ-110602;Church2025:YPM-IZ-110605;Church2025:YPM-IZ-110612;Church2025:YPM-IZ-110613;Church2025:YPM-IZ-110616;Church2025:YPM-IZ-110631;Church2025:YPM-IZ-110633;Church2025:YPM-IZ-110667;Church2025:YPM-IZ-110694;Church2025:YPM-IZ-110716;Church2025:YPM-IZ-110726;Church2025:YPM-IZ-110738;Church2025:YPM-IZ-110777;Church2025:YPM-IZ-110780;Church2025:YPM-IZ-110785;Church2025:YPM-IZ-110786;Church2025:YPM-IZ-110828;Church2025:YPM-IZ-110829;Church2025:YPM-IZ-110830;Church2025:YPM-IZ-110842;Church2025:YPM-IZ-110843;Church2025:YPM-IZ-110844;Church2025:YPM-IZ-110845;Church2025:YPM-IZ-110846;Church2025:YPM-IZ-110847;Church2025:YPM-IZ-110876;Church2025:YPM-IZ-110877;Church2025:YPM-IZ-110878;Church2025:YPM-IZ-110880;Church2025:YPM-IZ-110881;Church2025:YPM-IZ-110882;Church2025:YPM-IZ-110883;Church2025:YPM-IZ-110906;Church2025:YPM-IZ-110907;Church2025:YPM-IZ-110925;Church2025:YPM-IZ-110926;Church2025:YPM-IZ-110930;Church2025:YPM-IZ-110931;Church2025:YPM-IZ-110933;Church2025:YPM-IZ-110937;Church2025:YPM-IZ-110938;Church2025:YPM-IZ-110943;Church2025:YPM-IZ-110972;Church2025:YPM-IZ-111006;Church2025:YPM-IZ-111007;Church2025:YPM-IZ-111008;Church2025:YPM-IZ-111009;Church2025:YPM-IZ-111010;Church2025:YPM-IZ-111012;Church2025:YPM-IZ-111013;Church2025:YPM-IZ-111014;Church2025:YPM-IZ-111016;Church2025:YPM-IZ-111017;Church2025:YPM-IZ-111018;Church2025:YPM-IZ-111156;Church2025:YPM-IZ-111157;Church2025:YPM-IZ-111158;Church2025:YPM-IZ-111159;Church2025:YPM-IZ-111160;Church2025:YPM-IZ-111163;Church2025:YPM-IZ-111207;Church2025:YPM-IZ-111208;Church2025:YPM-IZ-111209;Church2025:YPM-IZ-111210;Church2025:YPM-IZ-111241;Church2025:YPM-IZ-111243;Church2025:YPM-IZ-111495;Church2025:YPM-IZ-111513;Church2025:YPM-IZ-111514;Church2025:YPM-IZ-111517;Church2025:YPM-IZ-111518;Church2025:YPM-IZ-111519;Church2025:YPM-IZ-111520;Church2025:YPM-IZ-111521;Church2025:YPM-IZ-111529;Church2025:YPM-IZ-111530;Church2025:YPM-IZ-111539;Church2025:YPM-IZ-111547;Church2025:YPM-IZ-111839;Church2025:YPM-IZ-111840
all_libraries	all_tissues	all_regions	MAGSP0010	51	151	0.33774834	Church2025:NIWA-173304;Church2025:OA-190531-1;Church2025:TMAG-K5632;Church2025:TMAG-K5635;Church2025:TMAG-K5636;Church2025:WAM-Z88480;Church2025:WAM-Z97901;Church2025:WAM-Z97902;Church2025:WAM-Z97903;Church2025:WAM-Z97906;Church2025:WAM-Z97907;Church2025:WAM-Z97908;Church2025:WAM-Z97911;Church2025:WAM-Z97916;Church2025:WAM-Z97917;Church2025:WAM-Z97920;Church2025:WAM-Z97921;Church2025:WAM-Z97923;Church2025:YPM-IZ-106954;Church2025:YPM-IZ-110436;Church2025:YPM-IZ-110467;Church2025:YPM-IZ-110473;Church2025:YPM-IZ-110515;Church2025:YPM-IZ-110520;Church2025:YPM-IZ-110566;Church2025:YPM-IZ-110569;Church2025:YPM-IZ-110602;Church2025:YPM-IZ-110613;Church2025:YPM-IZ-110694;Church2025:YPM-IZ-110842;Church2025:YPM-IZ-110844;Church2025:YPM-IZ-110930;Church2025:YPM-IZ-110931;Church2025:YPM-IZ-110938;Church2025:YPM-IZ-110943;Church2025:YPM-IZ-111006;Church2025:YPM-IZ-111007;Church2025:YPM-IZ-111008;Church2025:YPM-IZ-111009;Church2025:YPM-IZ-111010;Church2025:YPM-IZ-111156;Church2025:YPM-IZ-111157;Church2025:YPM-IZ-111158;Church2025:YPM-IZ-111159;Church2025:YPM-IZ-111160;Church2025:YPM-IZ-111163;Church2025:YPM-IZ-111207;Church2025:YPM-IZ-111208;Church2025:YPM-IZ-111209;Church2025:YPM-IZ-111210;Church2025:YPM-IZ-111241	Church2025:FM-16644;Church2025:NIWA-173304;Church2025:NIWA-173305;Church2025:OA-190531-1;Church2025:OA-Bluebottle;Church2025:TMAG-K5632;Church2025:TMAG-K5633;Church2025:TMAG-K5634;Church2025:TMAG-K5635;Church2025:TMAG-K5636;Church2025:WAM-Z88480;Church2025:WAM-Z97900;Church2025:WAM-Z97901;Church2025:WAM-Z97902;Church2025:WAM-Z97903;Church2025:WAM-Z97906;Church2025:WAM-Z97907;Church2025:WAM-Z97908;Church2025:WAM-Z97910;Church2025:WAM-Z97911;Church2025:WAM-Z97914;Church2025:WAM-Z97916;Church2025:WAM-Z97917;Church2025:WAM-Z97920;Church2025:WAM-Z97921;Church2025:WAM-Z97923;Church2025:YPM-IZ-104460;Church2025:YPM-IZ-104461;Church2025:YPM-IZ-104464;Church2025:YPM-IZ-104465;Church2025:YPM-IZ-106919;Church2025:YPM-IZ-106920;Church2025:YPM-IZ-106923;Church2025:YPM-IZ-106935;Church2025:YPM-IZ-106936;Church2025:YPM-IZ-106937;Church2025:YPM-IZ-106941;Church2025:YPM-IZ-106943;Church2025:YPM-IZ-106954;Church2025:YPM-IZ-106958;Church2025:YPM-IZ-110251;Church2025:YPM-IZ-110254;Church2025:YPM-IZ-110264;Church2025:YPM-IZ-110268;Church2025:YPM-IZ-110269;Church2025:YPM-IZ-110276;Church2025:YPM-IZ-110277;Church2025:YPM-IZ-110278;Church2025:YPM-IZ-110433;Church2025:YPM-IZ-110434;Church2025:YPM-IZ-110436;Church2025:YPM-IZ-110438;Church2025:YPM-IZ-110443;Church2025:YPM-IZ-110460;Church2025:YPM-IZ-110467;Church2025:YPM-IZ-110468;Church2025:YPM-IZ-110469;Church2025:YPM-IZ-110470;Church2025:YPM-IZ-110471;Church2025:YPM-IZ-110473;Church2025:YPM-IZ-110474;Church2025:YPM-IZ-110480;Church2025:YPM-IZ-110515;Church2025:YPM-IZ-110520;Church2025:YPM-IZ-110526;Church2025:YPM-IZ-110556;Church2025:YPM-IZ-110557;Church2025:YPM-IZ-110558;Church2025:YPM-IZ-110566;Church2025:YPM-IZ-110569;Church2025:YPM-IZ-110600;Church2025:YPM-IZ-110602;Church2025:YPM-IZ-110605;Church2025:YPM-IZ-110612;Church2025:YPM-IZ-110613;Church2025:YPM-IZ-110616;Church2025:YPM-IZ-110631;Church2025:YPM-IZ-110633;Church2025:YPM-IZ-110667;Church2025:YPM-IZ-110694;Church2025:YPM-IZ-110716;Church2025:YPM-IZ-110726;Church2025:YPM-IZ-110738;Church2025:YPM-IZ-110777;Church2025:YPM-IZ-110780;Church2025:YPM-IZ-110785;Church2025:YPM-IZ-110786;Church2025:YPM-IZ-110828;Church2025:YPM-IZ-110829;Church2025:YPM-IZ-110830;Church2025:YPM-IZ-110842;Church2025:YPM-IZ-110843;Church2025:YPM-IZ-110844;Church2025:YPM-IZ-110845;Church2025:YPM-IZ-110846;Church2025:YPM-IZ-110847;Church2025:YPM-IZ-110876;Church2025:YPM-IZ-110877;Church2025:YPM-IZ-110878;Church2025:YPM-IZ-110880;Church2025:YPM-IZ-110881;Church2025:YPM-IZ-110882;Church2025:YPM-IZ-110883;Church2025:YPM-IZ-110906;Church2025:YPM-IZ-110907;Church2025:YPM-IZ-110925;Church2025:YPM-IZ-110926;Church2025:YPM-IZ-110930;Church2025:YPM-IZ-110931;Church2025:YPM-IZ-110933;Church2025:YPM-IZ-110937;Church2025:YPM-IZ-110938;Church2025:YPM-IZ-110943;Church2025:YPM-IZ-110972;Church2025:YPM-IZ-111006;Church2025:YPM-IZ-111007;Church2025:YPM-IZ-111008;Church2025:YPM-IZ-111009;Church2025:YPM-IZ-111010;Church2025:YPM-IZ-111012;Church2025:YPM-IZ-111013;Church2025:YPM-IZ-111014;Church2025:YPM-IZ-111016;Church2025:YPM-IZ-111017;Church2025:YPM-IZ-111018;Church2025:YPM-IZ-111156;Church2025:YPM-IZ-111157;Church2025:YPM-IZ-111158;Church2025:YPM-IZ-111159;Church2025:YPM-IZ-111160;Church2025:YPM-IZ-111163;Church2025:YPM-IZ-111207;Church2025:YPM-IZ-111208;Church2025:YPM-IZ-111209;Church2025:YPM-IZ-111210;Church2025:YPM-IZ-111241;Church2025:YPM-IZ-111243;Church2025:YPM-IZ-111495;Church2025:YPM-IZ-111513;Church2025:YPM-IZ-111514;Church2025:YPM-IZ-111517;Church2025:YPM-IZ-111518;Church2025:YPM-IZ-111519;Church2025:YPM-IZ-111520;Church2025:YPM-IZ-111521;Church2025:YPM-IZ-111529;Church2025:YPM-IZ-111530;Church2025:YPM-IZ-111539;Church2025:YPM-IZ-111547;Church2025:YPM-IZ-111839;Church2025:YPM-IZ-111840
all_libraries	all_tissues	all_regions	Vibrio	23	151	0.15231788	Church2025:FM-16644;Church2025:TMAG-K5632;Church2025:WAM-Z97902;Church2025:WAM-Z97903;Church2025:YPM-IZ-106923;Church2025:YPM-IZ-110433;Church2025:YPM-IZ-110434;Church2025:YPM-IZ-110600;Church2025:YPM-IZ-110602;Church2025:YPM-IZ-110616;Church2025:YPM-IZ-110631;Church2025:YPM-IZ-110633;Church2025:YPM-IZ-110667;Church2025:YPM-IZ-110738;Church2025:YPM-IZ-110785;Church2025:YPM-IZ-110786;Church2025:YPM-IZ-110828;Church2025:YPM-IZ-110829;Church2025:YPM-IZ-110878;Church2025:YPM-IZ-110972;Church2025:YPM-IZ-111163;Church2025:YPM-IZ-111208;Church2025:YPM-IZ-111839	Church2025:FM-16644;Church2025:NIWA-173304;Church2025:NIWA-173305;Church2025:OA-190531-1;Church2025:OA-Bluebottle;Church2025:TMAG-K5632;Church2025:TMAG-K5633;Church2025:TMAG-K5634;Church2025:TMAG-K5635;Church2025:TMAG-K5636;Church2025:WAM-Z88480;Church2025:WAM-Z97900;Church2025:WAM-Z97901;Church2025:WAM-Z97902;Church2025:WAM-Z97903;Church2025:WAM-Z97906;Church2025:WAM-Z97907;Church2025:WAM-Z97908;Church2025:WAM-Z97910;Church2025:WAM-Z97911;Church2025:WAM-Z97914;Church2025:WAM-Z97916;Church2025:WAM-Z97917;Church2025:WAM-Z97920;Church2025:WAM-Z97921;Church2025:WAM-Z97923;Church2025:YPM-IZ-104460;Church2025:YPM-IZ-104461;Church2025:YPM-IZ-104464;Church2025:YPM-IZ-104465;Church2025:YPM-IZ-106919;Church2025:YPM-IZ-106920;Church2025:YPM-IZ-106923;Church2025:YPM-IZ-106935;Church2025:YPM-IZ-106936;Church2025:YPM-IZ-106937;Church2025:YPM-IZ-106941;Church2025:YPM-IZ-106943;Church2025:YPM-IZ-106954;Church2025:YPM-IZ-106958;Church2025:YPM-IZ-110251;Church2025:YPM-IZ-110254;Church2025:YPM-IZ-110264;Church2025:YPM-IZ-110268;Church2025:YPM-IZ-110269;Church2025:YPM-IZ-110276;Church2025:YPM-IZ-110277;Church2025:YPM-IZ-110278;Church2025:YPM-IZ-110433;Church2025:YPM-IZ-110434;Church2025:YPM-IZ-110436;Church2025:YPM-IZ-110438;Church2025:YPM-IZ-110443;Church2025:YPM-IZ-110460;Church2025:YPM-IZ-110467;Church2025:YPM-IZ-110468;Church2025:YPM-IZ-110469;Church2025:YPM-IZ-110470;Church2025:YPM-IZ-110471;Church2025:YPM-IZ-110473;Church2025:YPM-IZ-110474;Church2025:YPM-IZ-110480;Church2025:YPM-IZ-110515;Church2025:YPM-IZ-110520;Church2025:YPM-IZ-110526;Church2025:YPM-IZ-110556;Church2025:YPM-IZ-110557;Church2025:YPM-IZ-110558;Church2025:YPM-IZ-110566;Church2025:YPM-IZ-110569;Church2025:YPM-IZ-110600;Church2025:YPM-IZ-110602;Church2025:YPM-IZ-110605;Church2025:YPM-IZ-110612;Church2025:YPM-IZ-110613;Church2025:YPM-IZ-110616;Church2025:YPM-IZ-110631;Church2025:YPM-IZ-110633;Church2025:YPM-IZ-110667;Church2025:YPM-IZ-110694;Church2025:YPM-IZ-110716;Church2025:YPM-IZ-110726;Church2025:YPM-IZ-110738;Church2025:YPM-IZ-110777;Church2025:YPM-IZ-110780;Church2025:YPM-IZ-110785;Church2025:YPM-IZ-110786;Church2025:YPM-IZ-110828;Church2025:YPM-IZ-110829;Church2025:YPM-IZ-110830;Church2025:YPM-IZ-110842;Church2025:YPM-IZ-110843;Church2025:YPM-IZ-110844;Church2025:YPM-IZ-110845;Church2025:YPM-IZ-110846;Church2025:YPM-IZ-110847;Church2025:YPM-IZ-110876;Church2025:YPM-IZ-110877;Church2025:YPM-IZ-110878;Church2025:YPM-IZ-110880;Church2025:YPM-IZ-110881;Church2025:YPM-IZ-110882;Church2025:YPM-IZ-110883;Church2025:YPM-IZ-110906;Church2025:YPM-IZ-110907;Church2025:YPM-IZ-110925;Church2025:YPM-IZ-110926;Church2025:YPM-IZ-110930;Church2025:YPM-IZ-110931;Church2025:YPM-IZ-110933;Church2025:YPM-IZ-110937;Church2025:YPM-IZ-110938;Church2025:YPM-IZ-110943;Church2025:YPM-IZ-110972;Church2025:YPM-IZ-111006;Church2025:YPM-IZ-111007;Church2025:YPM-IZ-111008;Church2025:YPM-IZ-111009;Church2025:YPM-IZ-111010;Church2025:YPM-IZ-111012;Church2025:YPM-IZ-111013;Church2025:YPM-IZ-111014;Church2025:YPM-IZ-111016;Church2025:YPM-IZ-111017;Church2025:YPM-IZ-111018;Church2025:YPM-IZ-111156;Church2025:YPM-IZ-111157;Church2025:YPM-IZ-111158;Church2025:YPM-IZ-111159;Church2025:YPM-IZ-111160;Church2025:YPM-IZ-111163;Church2025:YPM-IZ-111207;Church2025:YPM-IZ-111208;Church2025:YPM-IZ-111209;Church2025:YPM-IZ-111210;Church2025:YPM-IZ-111241;Church2025:YPM-IZ-111243;Church2025:YPM-IZ-111495;Church2025:YPM-IZ-111513;Church2025:YPM-IZ-111514;Church2025:YPM-IZ-111517;Church2025:YPM-IZ-111518;Church2025:YPM-IZ-111519;Church2025:YPM-IZ-111520;Church2025:YPM-IZ-111521;Church2025:YPM-IZ-111529;Church2025:YPM-IZ-111530;Church2025:YPM-IZ-111539;Church2025:YPM-IZ-111547;Church2025:YPM-IZ-111839;Church2025:YPM-IZ-111840
all_libraries	all_tissues	Central Pacific	MAGSP0005	1	23	0.043478261	Church2025:YPM-IZ-111839	Church2025:YPM-IZ-110264;Church2025:YPM-IZ-110268;Church2025:YPM-IZ-110269;Church2025:YPM-IZ-110276;Church2025:YPM-IZ-110277;Church2025:YPM-IZ-110278;Church2025:YPM-IZ-110460;Church2025:YPM-IZ-110471;Church2025:YPM-IZ-110473;Church2025:YPM-IZ-110474;Church2025:YPM-IZ-110480;Church2025:YPM-IZ-110777;Church2025:YPM-IZ-110780;Church2025:YPM-IZ-110785;Church2025:YPM-IZ-110786;Church2025:YPM-IZ-110881;Church2025:YPM-IZ-110882;Church2025:YPM-IZ-110883;Church2025:YPM-IZ-110906;Church2025:YPM-IZ-110907;Church2025:YPM-IZ-111547;Church2025:YPM-IZ-111839;Church2025:YPM-IZ-111840
all_libraries	all_tissues	Central Pacific	MAGSP0007	1	23	0.043478261	Church2025:YPM-IZ-110780	Church2025:YPM-IZ-110264;Church2025:YPM-IZ-110268;Church2025:YPM-IZ-110269;Church2025:YPM-IZ-110276;Church2025:YPM-IZ-110277;Church2025:YPM-IZ-110278;Church2025:YPM-IZ-110460;Church2025:YPM-IZ-110471;Church2025:YPM-IZ-110473;Church2025:YPM-IZ-110474;Church2025:YPM-IZ-110480;Church2025:YPM-IZ-110777;Church2025:YPM-IZ-110780;Church2025:YPM-IZ-110785;Church2025:YPM-IZ-110786;Church2025:YPM-IZ-110881;Church2025:YPM-IZ-110882;Church2025:YPM-IZ-110883;Church2025:YPM-IZ-110906;Church2025:YPM-IZ-110907;Church2025:YPM-IZ-111547;Church2025:YPM-IZ-111839;Church2025:YPM-IZ-111840
all_libraries	all_tissues	Central Pacific	MAGSP0010	1	23	0.043478261	Church2025:YPM-IZ-110473	Church2025:YPM-IZ-110264;Church2025:YPM-IZ-110268;Church2025:YPM-IZ-110269;Church2025:YPM-IZ-110276;Church2025:YPM-IZ-110277;Church2025:YPM-IZ-110278;Church2025:YPM-IZ-110460;Church2025:YPM-IZ-110471;Church2025:YPM-IZ-110473;Church2025:YPM-IZ-110474;Church2025:YPM-IZ-110480;Church2025:YPM-IZ-110777;Church2025:YPM-IZ-110780;Church2025:YPM-IZ-110785;Church2025:YPM-IZ-110786;Church2025:YPM-IZ-110881;Church2025:YPM-IZ-110882;Church2025:YPM-IZ-110883;Church2025:YPM-IZ-110906;Church2025:YPM-IZ-110907;Church2025:YPM-IZ-111547;Church2025:YPM-IZ-111839;Church2025:YPM-IZ-111840
all_libraries	all_tissues	Central Pacific	Vibrio	3	23	0.13043478	Church2025:YPM-IZ-110785;Church2025:YPM-IZ-110786;Church2025:YPM-IZ-111839	Church2025:YPM-IZ-110264;Church2025:YPM-IZ-110268;Church2025:YPM-IZ-110269;Church2025:YPM-IZ-110276;Church2025:YPM-IZ-110277;Church2025:YPM-IZ-110278;Church2025:YPM-IZ-110460;Church2025:YPM-IZ-110471;Church2025:YPM-IZ-110473;Church2025:YPM-IZ-110474;Church2025:YPM-IZ-110480;Church2025:YPM-IZ-110777;Church2025:YPM-IZ-110780;Church2025:YPM-IZ-110785;Church2025:YPM-IZ-110786;Church2025:YPM-IZ-110881;Church2025:YPM-IZ-110882;Church2025:YPM-IZ-110883;Church2025:YPM-IZ-110906;Church2025:YPM-IZ-110907;Church2025:YPM-IZ-111547;Church2025:YPM-IZ-111839;Church2025:YPM-IZ-111840
all_libraries	all_tissues	E Indian	MAGSP0005	11	12	0.91666667	Church2025:WAM-Z88480;Church2025:WAM-Z97900;Church2025:WAM-Z97901;Church2025:WAM-Z97902;Church2025:WAM-Z97903;Church2025:WAM-Z97907;Church2025:WAM-Z97908;Church2025:WAM-Z97910;Church2025:WAM-Z97911;Church2025:WAM-Z97914;Church2025:WAM-Z97916	Church2025:WAM-Z88480;Church2025:WAM-Z97900;Church2025:WAM-Z97901;Church2025:WAM-Z97902;Church2025:WAM-Z97903;Church2025:WAM-Z97906;Church2025:WAM-Z97907;Church2025:WAM-Z97908;Church2025:WAM-Z97910;Church2025:WAM-Z97911;Church2025:WAM-Z97914;Church2025:WAM-Z97916
all_libraries	all_tissues	E Indian	MAGSP0007	4	12	0.33333333	Church2025:WAM-Z97902;Church2025:WAM-Z97907;Church2025:WAM-Z97911;Church2025:WAM-Z97916	Church2025:WAM-Z88480;Church2025:WAM-Z97900;Church2025:WAM-Z97901;Church2025:WAM-Z97902;Church2025:WAM-Z97903;Church2025:WAM-Z97906;Church2025:WAM-Z97907;Church2025:WAM-Z97908;Church2025:WAM-Z97910;Church2025:WAM-Z97911;Church2025:WAM-Z97914;Church2025:WAM-Z97916
all_libraries	all_tissues	E Indian	MAGSP0010	9	12	0.75	Church2025:WAM-Z88480;Church2025:WAM-Z97901;Church2025:WAM-Z97902;Church2025:WAM-Z97903;Church2025:WAM-Z97906;Church2025:WAM-Z97907;Church2025:WAM-Z97908;Church2025:WAM-Z97911;Church2025:WAM-Z97916	Church2025:WAM-Z88480;Church2025:WAM-Z97900;Church2025:WAM-Z97901;Church2025:WAM-Z97902;Church2025:WAM-Z97903;Church2025:WAM-Z97906;Church2025:WAM-Z97907;Church2025:WAM-Z97908;Church2025:WAM-Z97910;Church2025:WAM-Z97911;Church2025:WAM-Z97914;Church2025:WAM-Z97916
all_libraries	all_tissues	E Indian	Vibrio	2	12	0.16666667	Church2025:WAM-Z97902;Church2025:WAM-Z97903	Church2025:WAM-Z88480;Church2025:WAM-Z97900;Church2025:WAM-Z97901;Church2025:WAM-Z97902;Church2025:WAM-Z97903;Church2025:WAM-Z97906;Church2025:WAM-Z97907;Church2025:WAM-Z97908;Church2025:WAM-Z97910;Church2025:WAM-Z97911;Church2025:WAM-Z97914;Church2025:WAM-Z97916
all_libraries	all_tissues	Gulf of California	MAGSP0005	0	2	0		Church2025:YPM-IZ-110877;Church2025:YPM-IZ-110878
all_libraries	all_tissues	Gulf of California	MAGSP0007	0	2	0		Church2025:YPM-IZ-110877;Church2025:YPM-IZ-110878
all_libraries	all_tissues	Gulf of California	MAGSP0010	0	2	0		Church2025:YPM-IZ-110877;Church2025:YPM-IZ-110878
all_libraries	all_tissues	Gulf of California	Vibrio	1	2	0.5	Church2025:YPM-IZ-110878	Church2025:YPM-IZ-110877;Church2025:YPM-IZ-110878
all_libraries	all_tissues	Gulf of Mexico	MAGSP0005	0	7	0		Church2025:YPM-IZ-106935;Church2025:YPM-IZ-106936;Church2025:YPM-IZ-106937;Church2025:YPM-IZ-106958;Church2025:YPM-IZ-110438;Church2025:YPM-IZ-110443;Church2025:YPM-IZ-110876
all_libraries	all_tissues	Gulf of Mexico	MAGSP0007	0	7	0		Church2025:YPM-IZ-106935;Church2025:YPM-IZ-106936;Church2025:YPM-IZ-106937;Church2025:YPM-IZ-106958;Church2025:YPM-IZ-110438;Church2025:YPM-IZ-110443;Church2025:YPM-IZ-110876
all_libraries	all_tissues	Gulf of Mexico	MAGSP0010	0	7	0		Church2025:YPM-IZ-106935;Church2025:YPM-IZ-106936;Church2025:YPM-IZ-106937;Church2025:YPM-IZ-106958;Church2025:YPM-IZ-110438;Church2025:YPM-IZ-110443;Church2025:YPM-IZ-110876
all_libraries	all_tissues	Gulf of Mexico	Vibrio	0	7	0		Church2025:YPM-IZ-106935;Church2025:YPM-IZ-106936;Church2025:YPM-IZ-106937;Church2025:YPM-IZ-106958;Church2025:YPM-IZ-110438;Church2025:YPM-IZ-110443;Church2025:YPM-IZ-110876
all_libraries	all_tissues	NE Atlantic	MAGSP0005	0	11	0		Church2025:FM-16644;Church2025:YPM-IZ-110716;Church2025:YPM-IZ-110726;Church2025:YPM-IZ-110738;Church2025:YPM-IZ-110842;Church2025:YPM-IZ-110843;Church2025:YPM-IZ-110844;Church2025:YPM-IZ-110845;Church2025:YPM-IZ-110846;Church2025:YPM-IZ-110847;Church2025:YPM-IZ-110972
all_libraries	all_tissues	NE Atlantic	MAGSP0007	0	11	0		Church2025:FM-16644;Church2025:YPM-IZ-110716;Church2025:YPM-IZ-110726;Church2025:YPM-IZ-110738;Church2025:YPM-IZ-110842;Church2025:YPM-IZ-110843;Church2025:YPM-IZ-110844;Church2025:YPM-IZ-110845;Church2025:YPM-IZ-110846;Church2025:YPM-IZ-110847;Church2025:YPM-IZ-110972
all_libraries	all_tissues	NE Atlantic	MAGSP0010	2	11	0.18181818	Church2025:YPM-IZ-110842;Church2025:YPM-IZ-110844	Church2025:FM-16644;Church2025:YPM-IZ-110716;Church2025:YPM-IZ-110726;Church2025:YPM-IZ-110738;Church2025:YPM-IZ-110842;Church2025:YPM-IZ-110843;Church2025:YPM-IZ-110844;Church2025:YPM-IZ-110845;Church2025:YPM-IZ-110846;Church2025:YPM-IZ-110847;Church2025:YPM-IZ-110972
all_libraries	all_tissues	NE Atlantic	Vibrio	3	11	0.27272727	Church2025:FM-16644;Church2025:YPM-IZ-110738;Church2025:YPM-IZ-110972	Church2025:FM-16644;Church2025:YPM-IZ-110716;Church2025:YPM-IZ-110726;Church2025:YPM-IZ-110738;Church2025:YPM-IZ-110842;Church2025:YPM-IZ-110843;Church2025:YPM-IZ-110844;Church2025:YPM-IZ-110845;Church2025:YPM-IZ-110846;Church2025:YPM-IZ-110847;Church2025:YPM-IZ-110972
all_libraries	all_tissues	NW Atlantic	MAGSP0005	0	19	0		Church2025:YPM-IZ-106941;Church2025:YPM-IZ-106943;Church2025:YPM-IZ-106954;Church2025:YPM-IZ-110251;Church2025:YPM-IZ-110254;Church2025:YPM-IZ-110433;Church2025:YPM-IZ-110434;Church2025:YPM-IZ-110436;Church2025:YPM-IZ-110631;Church2025:YPM-IZ-110633;Church2025:YPM-IZ-110667;Church2025:YPM-IZ-110694;Church2025:YPM-IZ-110880;Church2025:YPM-IZ-111012;Church2025:YPM-IZ-111013;Church2025:YPM-IZ-111014;Church2025:YPM-IZ-111016;Church2025:YPM-IZ-111017;Church2025:YPM-IZ-111018
all_libraries	all_tissues	NW Atlantic	MAGSP0007	0	19	0		Church2025:YPM-IZ-106941;Church2025:YPM-IZ-106943;Church2025:YPM-IZ-106954;Church2025:YPM-IZ-110251;Church2025:YPM-IZ-110254;Church2025:YPM-IZ-110433;Church2025:YPM-IZ-110434;Church2025:YPM-IZ-110436;Church2025:YPM-IZ-110631;Church2025:YPM-IZ-110633;Church2025:YPM-IZ-110667;Church2025:YPM-IZ-110694;Church2025:YPM-IZ-110880;Church2025:YPM-IZ-111012;Church2025:YPM-IZ-111013;Church2025:YPM-IZ-111014;Church2025:YPM-IZ-111016;Church2025:YPM-IZ-111017;Church2025:YPM-IZ-111018
all_libraries	all_tissues	NW Atlantic	MAGSP0010	3	19	0.15789474	Church2025:YPM-IZ-106954;Church2025:YPM-IZ-110436;Church2025:YPM-IZ-110694	Church2025:YPM-IZ-106941;Church2025:YPM-IZ-106943;Church2025:YPM-IZ-106954;Church2025:YPM-IZ-110251;Church2025:YPM-IZ-110254;Church2025:YPM-IZ-110433;Church2025:YPM-IZ-110434;Church2025:YPM-IZ-110436;Church2025:YPM-IZ-110631;Church2025:YPM-IZ-110633;Church2025:YPM-IZ-110667;Church2025:YPM-IZ-110694;Church2025:YPM-IZ-110880;Church2025:YPM-IZ-111012;Church2025:YPM-IZ-111013;Church2025:YPM-IZ-111014;Church2025:YPM-IZ-111016;Church2025:YPM-IZ-111017;Church2025:YPM-IZ-111018
all_libraries	all_tissues	NW Atlantic	Vibrio	5	19	0.26315789	Church2025:YPM-IZ-110433;Church2025:YPM-IZ-110434;Church2025:YPM-IZ-110631;Church2025:YPM-IZ-110633;Church2025:YPM-IZ-110667	Church2025:YPM-IZ-106941;Church2025:YPM-IZ-106943;Church2025:YPM-IZ-106954;Church2025:YPM-IZ-110251;Church2025:YPM-IZ-110254;Church2025:YPM-IZ-110433;Church2025:YPM-IZ-110434;Church2025:YPM-IZ-110436;Church2025:YPM-IZ-110631;Church2025:YPM-IZ-110633;Church2025:YPM-IZ-110667;Church2025:YPM-IZ-110694;Church2025:YPM-IZ-110880;Church2025:YPM-IZ-111012;Church2025:YPM-IZ-111013;Church2025:YPM-IZ-111014;Church2025:YPM-IZ-111016;Church2025:YPM-IZ-111017;Church2025:YPM-IZ-111018
all_libraries	all_tissues	NW Pacific	MAGSP0005	3	19	0.15789474	Church2025:YPM-IZ-110566;Church2025:YPM-IZ-110569;Church2025:YPM-IZ-110931	Church2025:YPM-IZ-104460;Church2025:YPM-IZ-104461;Church2025:YPM-IZ-104464;Church2025:YPM-IZ-104465;Church2025:YPM-IZ-106919;Church2025:YPM-IZ-106920;Church2025:YPM-IZ-106923;Church2025:YPM-IZ-110566;Church2025:YPM-IZ-110569;Church2025:YPM-IZ-110600;Church2025:YPM-IZ-110602;Church2025:YPM-IZ-110925;Church2025:YPM-IZ-110926;Church2025:YPM-IZ-110930;Church2025:YPM-IZ-110931;Church2025:YPM-IZ-110933;Church2025:YPM-IZ-110937;Church2025:YPM-IZ-110938;Church2025:YPM-IZ-110943
all_libraries	all_tissues	NW Pacific	MAGSP0007	1	19	0.052631579	Church2025:YPM-IZ-110938	Church2025:YPM-IZ-104460;Church2025:YPM-IZ-104461;Church2025:YPM-IZ-104464;Church2025:YPM-IZ-104465;Church2025:YPM-IZ-106919;Church2025:YPM-IZ-106920;Church2025:YPM-IZ-106923;Church2025:YPM-IZ-110566;Church2025:YPM-IZ-110569;Church2025:YPM-IZ-110600;Church2025:YPM-IZ-110602;Church2025:YPM-IZ-110925;Church2025:YPM-IZ-110926;Church2025:YPM-IZ-110930;Church2025:YPM-IZ-110931;Church2025:YPM-IZ-110933;Church2025:YPM-IZ-110937;Church2025:YPM-IZ-110938;Church2025:YPM-IZ-110943
all_libraries	all_tissues	NW Pacific	MAGSP0010	7	19	0.36842105	Church2025:YPM-IZ-110566;Church2025:YPM-IZ-110569;Church2025:YPM-IZ-110602;Church2025:YPM-IZ-110930;Church2025:YPM-IZ-110931;Church2025:YPM-IZ-110938;Church2025:YPM-IZ-110943	Church2025:YPM-IZ-104460;Church2025:YPM-IZ-104461;Church2025:YPM-IZ-104464;Church2025:YPM-IZ-104465;Church2025:YPM-IZ-106919;Church2025:YPM-IZ-106920;Church2025:YPM-IZ-106923;Church2025:YPM-IZ-110566;Church2025:YPM-IZ-110569;Church2025:YPM-IZ-110600;Church2025:YPM-IZ-110602;Church2025:YPM-IZ-110925;Church2025:YPM-IZ-110926;Church2025:YPM-IZ-110930;Church2025:YPM-IZ-110931;Church2025:YPM-IZ-110933;Church2025:YPM-IZ-110937;Church2025:YPM-IZ-110938;Church2025:YPM-IZ-110943
all_libraries	all_tissues	NW Pacific	Vibrio	3	19	0.15789474	Church2025:YPM-IZ-106923;Church2025:YPM-IZ-110600;Church2025:YPM-IZ-110602	Church2025:YPM-IZ-104460;Church2025:YPM-IZ-104461;Church2025:YPM-IZ-104464;Church2025:YPM-IZ-104465;Church2025:YPM-IZ-106919;Church2025:YPM-IZ-106920;Church2025:YPM-IZ-106923;Church2025:YPM-IZ-110566;Church2025:YPM-IZ-110569;Church2025:YPM-IZ-110600;Church2025:YPM-IZ-110602;Church2025:YPM-IZ-110925;Church2025:YPM-IZ-110926;Church2025:YPM-IZ-110930;Church2025:YPM-IZ-110931;Church2025:YPM-IZ-110933;Church2025:YPM-IZ-110937;Church2025:YPM-IZ-110938;Church2025:YPM-IZ-110943
all_libraries	all_tissues	SE Pacific	MAGSP0005	0	2	0		Church2025:YPM-IZ-110828;Church2025:YPM-IZ-110829
all_libraries	all_tissues	SE Pacific	MAGSP0007	0	2	0		Church2025:YPM-IZ-110828;Church2025:YPM-IZ-110829
all_libraries	all_tissues	SE Pacific	MAGSP0010	0	2	0		Church2025:YPM-IZ-110828;Church2025:YPM-IZ-110829
all_libraries	all_tissues	SE Pacific	Vibrio	2	2	1	Church2025:YPM-IZ-110828;Church2025:YPM-IZ-110829	Church2025:YPM-IZ-110828;Church2025:YPM-IZ-110829
all_libraries	all_tissues	SW Atlantic	MAGSP0005	1	1	1	Church2025:YPM-IZ-110830	Church2025:YPM-IZ-110830
all_libraries	all_tissues	SW Atlantic	MAGSP0007	0	1	0		Church2025:YPM-IZ-110830
all_libraries	all_tissues	SW Atlantic	MAGSP0010	0	1	0		Church2025:YPM-IZ-110830
all_libraries	all_tissues	SW Atlantic	Vibrio	0	1	0		Church2025:YPM-IZ-110830
all_libraries	all_tissues	SW Pacific	MAGSP0005	24	50	0.48	Church2025:TMAG-K5632;Church2025:TMAG-K5633;Church2025:TMAG-K5634;Church2025:TMAG-K5635;Church2025:TMAG-K5636;Church2025:WAM-Z97917;Church2025:WAM-Z97920;Church2025:WAM-Z97921;Church2025:WAM-Z97923;Church2025:YPM-IZ-110468;Church2025:YPM-IZ-110469;Church2025:YPM-IZ-110515;Church2025:YPM-IZ-110556;Church2025:YPM-IZ-110557;Church2025:YPM-IZ-110558;Church2025:YPM-IZ-110605;Church2025:YPM-IZ-110613;Church2025:YPM-IZ-111156;Church2025:YPM-IZ-111157;Church2025:YPM-IZ-111159;Church2025:YPM-IZ-111160;Church2025:YPM-IZ-111210;Church2025:YPM-IZ-111241;Church2025:YPM-IZ-111243	Church2025:NIWA-173304;Church2025:NIWA-173305;Church2025:OA-190531-1;Church2025:OA-Bluebottle;Church2025:TMAG-K5632;Church2025:TMAG-K5633;Church2025:TMAG-K5634;Church2025:TMAG-K5635;Church2025:TMAG-K5636;Church2025:WAM-Z97917;Church2025:WAM-Z97920;Church2025:WAM-Z97921;Church2025:WAM-Z97923;Church2025:YPM-IZ-110467;Church2025:YPM-IZ-110468;Church2025:YPM-IZ-110469;Church2025:YPM-IZ-110470;Church2025:YPM-IZ-110515;Church2025:YPM-IZ-110520;Church2025:YPM-IZ-110526;Church2025:YPM-IZ-110556;Church2025:YPM-IZ-110557;Church2025:YPM-IZ-110558;Church2025:YPM-IZ-110605;Church2025:YPM-IZ-110612;Church2025:YPM-IZ-110613;Church2025:YPM-IZ-110616;Church2025:YPM-IZ-111156;Church2025:YPM-IZ-111157;Church2025:YPM-IZ-111158;Church2025:YPM-IZ-111159;Church2025:YPM-IZ-111160;Church2025:YPM-IZ-111163;Church2025:YPM-IZ-111207;Church2025:YPM-IZ-111208;Church2025:YPM-IZ-111209;Church2025:YPM-IZ-111210;Church2025:YPM-IZ-111241;Church2025:YPM-IZ-111243;Church2025:YPM-IZ-111495;Church2025:YPM-IZ-111513;Church2025:YPM-IZ-111514;Church2025:YPM-IZ-111517;Church2025:YPM-IZ-111518;Church2025:YPM-IZ-111519;Church2025:YPM-IZ-111520;Church2025:YPM-IZ-111521;Church2025:YPM-IZ-111529;Church2025:YPM-IZ-111530;Church2025:YPM-IZ-111539
all_libraries	all_tissues	SW Pacific	MAGSP0007	14	50	0.28	Church2025:OA-190531-1;Church2025:TMAG-K5632;Church2025:TMAG-K5635;Church2025:WAM-Z97917;Church2025:WAM-Z97920;Church2025:WAM-Z97921;Church2025:YPM-IZ-110515;Church2025:YPM-IZ-110520;Church2025:YPM-IZ-110613;Church2025:YPM-IZ-111156;Church2025:YPM-IZ-111157;Church2025:YPM-IZ-111158;Church2025:YPM-IZ-111159;Church2025:YPM-IZ-111163	Church2025:NIWA-173304;Church2025:NIWA-173305;Church2025:OA-190531-1;Church2025:OA-Bluebottle;Church2025:TMAG-K5632;Church2025:TMAG-K5633;Church2025:TMAG-K5634;Church2025:TMAG-K5635;Church2025:TMAG-K5636;Church2025:WAM-Z97917;Church2025:WAM-Z97920;Church2025:WAM-Z97921;Church2025:WAM-Z97923;Church2025:YPM-IZ-110467;Church2025:YPM-IZ-110468;Church2025:YPM-IZ-110469;Church2025:YPM-IZ-110470;Church2025:YPM-IZ-110515;Church2025:YPM-IZ-110520;Church2025:YPM-IZ-110526;Church2025:YPM-IZ-110556;Church2025:YPM-IZ-110557;Church2025:YPM-IZ-110558;Church2025:YPM-IZ-110605;Church2025:YPM-IZ-110612;Church2025:YPM-IZ-110613;Church2025:YPM-IZ-110616;Church2025:YPM-IZ-111156;Church2025:YPM-IZ-111157;Church2025:YPM-IZ-111158;Church2025:YPM-IZ-111159;Church2025:YPM-IZ-111160;Church2025:YPM-IZ-111163;Church2025:YPM-IZ-111207;Church2025:YPM-IZ-111208;Church2025:YPM-IZ-111209;Church2025:YPM-IZ-111210;Church2025:YPM-IZ-111241;Church2025:YPM-IZ-111243;Church2025:YPM-IZ-111495;Church2025:YPM-IZ-111513;Church2025:YPM-IZ-111514;Church2025:YPM-IZ-111517;Church2025:YPM-IZ-111518;Church2025:YPM-IZ-111519;Church2025:YPM-IZ-111520;Church2025:YPM-IZ-111521;Church2025:YPM-IZ-111529;Church2025:YPM-IZ-111530;Church2025:YPM-IZ-111539
all_libraries	all_tissues	SW Pacific	MAGSP0010	24	50	0.48	Church2025:NIWA-173304;Church2025:OA-190531-1;Church2025:TMAG-K5632;Church2025:TMAG-K5635;Church2025:TMAG-K5636;Church2025:WAM-Z97917;Church2025:WAM-Z97920;Church2025:WAM-Z97921;Church2025:WAM-Z97923;Church2025:YPM-IZ-110467;Church2025:YPM-IZ-110515;Church2025:YPM-IZ-110520;Church2025:YPM-IZ-110613;Church2025:YPM-IZ-111156;Church2025:YPM-IZ-111157;Church2025:YPM-IZ-111158;Church2025:YPM-IZ-111159;Church2025:YPM-IZ-111160;Church2025:YPM-IZ-111163;Church2025:YPM-IZ-111207;Church2025:YPM-IZ-111208;Church2025:YPM-IZ-111209;Church2025:YPM-IZ-111210;Church2025:YPM-IZ-111241	Church2025:NIWA-173304;Church2025:NIWA-173305;Church2025:OA-190531-1;Church2025:OA-Bluebottle;Church2025:TMAG-K5632;Church2025:TMAG-K5633;Church2025:TMAG-K5634;Church2025:TMAG-K5635;Church2025:TMAG-K5636;Church2025:WAM-Z97917;Church2025:WAM-Z97920;Church2025:WAM-Z97921;Church2025:WAM-Z97923;Church2025:YPM-IZ-110467;Church2025:YPM-IZ-110468;Church2025:YPM-IZ-110469;Church2025:YPM-IZ-110470;Church2025:YPM-IZ-110515;Church2025:YPM-IZ-110520;Church2025:YPM-IZ-110526;Church2025:YPM-IZ-110556;Church2025:YPM-IZ-110557;Church2025:YPM-IZ-110558;Church2025:YPM-IZ-110605;Church2025:YPM-IZ-110612;Church2025:YPM-IZ-110613;Church2025:YPM-IZ-110616;Church2025:YPM-IZ-111156;Church2025:YPM-IZ-111157;Church2025:YPM-IZ-111158;Church2025:YPM-IZ-111159;Church2025:YPM-IZ-111160;Church2025:YPM-IZ-111163;Church2025:YPM-IZ-111207;Church2025:YPM-IZ-111208;Church2025:YPM-IZ-111209;Church2025:YPM-IZ-111210;Church2025:YPM-IZ-111241;Church2025:YPM-IZ-111243;Church2025:YPM-IZ-111495;Church2025:YPM-IZ-111513;Church2025:YPM-IZ-111514;Church2025:YPM-IZ-111517;Church2025:YPM-IZ-111518;Church2025:YPM-IZ-111519;Church2025:YPM-IZ-111520;Church2025:YPM-IZ-111521;Church2025:YPM-IZ-111529;Church2025:YPM-IZ-111530;Church2025:YPM-IZ-111539
all_libraries	all_tissues	SW Pacific	Vibrio	4	50	0.08	Church2025:TMAG-K5632;Church2025:YPM-IZ-110616;Church2025:YPM-IZ-111163;Church2025:YPM-IZ-111208	Church2025:NIWA-173304;Church2025:NIWA-173305;Church2025:OA-190531-1;Church2025:OA-Bluebottle;Church2025:TMAG-K5632;Church2025:TMAG-K5633;Church2025:TMAG-K5634;Church2025:TMAG-K5635;Church2025:TMAG-K5636;Church2025:WAM-Z97917;Church2025:WAM-Z97920;Church2025:WAM-Z97921;Church2025:WAM-Z97923;Church2025:YPM-IZ-110467;Church2025:YPM-IZ-110468;Church2025:YPM-IZ-110469;Church2025:YPM-IZ-110470;Church2025:YPM-IZ-110515;Church2025:YPM-IZ-110520;Church2025:YPM-IZ-110526;Church2025:YPM-IZ-110556;Church2025:YPM-IZ-110557;Church2025:YPM-IZ-110558;Church2025:YPM-IZ-110605;Church2025:YPM-IZ-110612;Church2025:YPM-IZ-110613;Church2025:YPM-IZ-110616;Church2025:YPM-IZ-111156;Church2025:YPM-IZ-111157;Church2025:YPM-IZ-111158;Church2025:YPM-IZ-111159;Church2025:YPM-IZ-111160;Church2025:YPM-IZ-111163;Church2025:YPM-IZ-111207;Church2025:YPM-IZ-111208;Church2025:YPM-IZ-111209;Church2025:YPM-IZ-111210;Church2025:YPM-IZ-111241;Church2025:YPM-IZ-111243;Church2025:YPM-IZ-111495;Church2025:YPM-IZ-111513;Church2025:YPM-IZ-111514;Church2025:YPM-IZ-111517;Church2025:YPM-IZ-111518;Church2025:YPM-IZ-111519;Church2025:YPM-IZ-111520;Church2025:YPM-IZ-111521;Church2025:YPM-IZ-111529;Church2025:YPM-IZ-111530;Church2025:YPM-IZ-111539
all_libraries	all_tissues	W Indian	MAGSP0005	4	5	0.8	Church2025:YPM-IZ-111006;Church2025:YPM-IZ-111007;Church2025:YPM-IZ-111008;Church2025:YPM-IZ-111009	Church2025:YPM-IZ-111006;Church2025:YPM-IZ-111007;Church2025:YPM-IZ-111008;Church2025:YPM-IZ-111009;Church2025:YPM-IZ-111010
all_libraries	all_tissues	W Indian	MAGSP0007	2	5	0.4	Church2025:YPM-IZ-111007;Church2025:YPM-IZ-111008	Church2025:YPM-IZ-111006;Church2025:YPM-IZ-111007;Church2025:YPM-IZ-111008;Church2025:YPM-IZ-111009;Church2025:YPM-IZ-111010
all_libraries	all_tissues	W Indian	MAGSP0010	5	5	1	Church2025:YPM-IZ-111006;Church2025:YPM-IZ-111007;Church2025:YPM-IZ-111008;Church2025:YPM-IZ-111009;Church2025:YPM-IZ-111010	Church2025:YPM-IZ-111006;Church2025:YPM-IZ-111007;Church2025:YPM-IZ-111008;Church2025:YPM-IZ-111009;Church2025:YPM-IZ-111010
all_libraries	all_tissues	W Indian	Vibrio	0	5	0		Church2025:YPM-IZ-111006;Church2025:YPM-IZ-111007;Church2025:YPM-IZ-111008;Church2025:YPM-IZ-111009;Church2025:YPM-IZ-111010
all_libraries	tentacle	all_regions	MAGSP0005	26	108	0.24074074	Church2025:TMAG-K5632;Church2025:TMAG-K5633;Church2025:TMAG-K5634;Church2025:TMAG-K5635;Church2025:TMAG-K5636;Church2025:YPM-IZ-110468;Church2025:YPM-IZ-110469;Church2025:YPM-IZ-110515;Church2025:YPM-IZ-110556;Church2025:YPM-IZ-110557;Church2025:YPM-IZ-110558;Church2025:YPM-IZ-110566;Church2025:YPM-IZ-110569;Church2025:YPM-IZ-110605;Church2025:YPM-IZ-110613;Church2025:YPM-IZ-110830;Church2025:YPM-IZ-110931;Church2025:YPM-IZ-111006;Church2025:YPM-IZ-111007;Church2025:YPM-IZ-111008;Church2025:YPM-IZ-111009;Church2025:YPM-IZ-111156;Church2025:YPM-IZ-111157;Church2025:YPM-IZ-111159;Church2025:YPM-IZ-111160;Church2025:YPM-IZ-111210	Church2025:FM-16644;Church2025:NIWA-173304;Church2025:NIWA-173305;Church2025:TMAG-K5632;Church2025:TMAG-K5633;Church2025:TMAG-K5634;Church2025:TMAG-K5635;Church2025:TMAG-K5636;Church2025:YPM-IZ-104460;Church2025:YPM-IZ-104461;Church2025:YPM-IZ-104464;Church2025:YPM-IZ-106919;Church2025:YPM-IZ-106920;Church2025:YPM-IZ-106923;Church2025:YPM-IZ-106935;Church2025:YPM-IZ-106936;Church2025:YPM-IZ-106937;Church2025:YPM-IZ-106941;Church2025:YPM-IZ-106943;Church2025:YPM-IZ-106954;Church2025:YPM-IZ-106958;Church2025:YPM-IZ-110251;Church2025:YPM-IZ-110254;Church2025:YPM-IZ-110264;Church2025:YPM-IZ-110268;Church2025:YPM-IZ-110269;Church2025:YPM-IZ-110276;Church2025:YPM-IZ-110277;Church2025:YPM-IZ-110278;Church2025:YPM-IZ-110433;Church2025:YPM-IZ-110438;Church2025:YPM-IZ-110443;Church2025:YPM-IZ-110460;Church2025:YPM-IZ-110467;Church2025:YPM-IZ-110468;Church2025:YPM-IZ-110469;Church2025:YPM-IZ-110471;Church2025:YPM-IZ-110473;Church2025:YPM-IZ-110474;Church2025:YPM-IZ-110480;Church2025:YPM-IZ-110515;Church2025:YPM-IZ-110520;Church2025:YPM-IZ-110526;Church2025:YPM-IZ-110556;Church2025:YPM-IZ-110557;Church2025:YPM-IZ-110558;Church2025:YPM-IZ-110566;Church2025:YPM-IZ-110569;Church2025:YPM-IZ-110600;Church2025:YPM-IZ-110602;Church2025:YPM-IZ-110605;Church2025:YPM-IZ-110612;Church2025:YPM-IZ-110613;Church2025:YPM-IZ-110616;Church2025:YPM-IZ-110631;Church2025:YPM-IZ-110633;Church2025:YPM-IZ-110667;Church2025:YPM-IZ-110694;Church2025:YPM-IZ-110716;Church2025:YPM-IZ-110726;Church2025:YPM-IZ-110738;Church2025:YPM-IZ-110777;Church2025:YPM-IZ-110780;Church2025:YPM-IZ-110785;Church2025:YPM-IZ-110786;Church2025:YPM-IZ-110828;Church2025:YPM-IZ-110829;Church2025:YPM-IZ-110830;Church2025:YPM-IZ-110842;Church2025:YPM-IZ-110843;Church2025:YPM-IZ-110844;Church2025:YPM-IZ-110845;Church2025:YPM-IZ-110846;Church2025:YPM-IZ-110847;Church2025:YPM-IZ-110876;Church2025:YPM-IZ-110877;Church2025:YPM-IZ-110878;Church2025:YPM-IZ-110880;Church2025:YPM-IZ-110925;Church2025:YPM-IZ-110926;Church2025:YPM-IZ-110930;Church2025:YPM-IZ-110931;Church2025:YPM-IZ-110933;Church2025:YPM-IZ-110937;Church2025:YPM-IZ-110938;Church2025:YPM-IZ-110943;Church2025:YPM-IZ-110972;Church2025:YPM-IZ-111006;Church2025:YPM-IZ-111007;Church2025:YPM-IZ-111008;Church2025:YPM-IZ-111009;Church2025:YPM-IZ-111010;Church2025:YPM-IZ-111012;Church2025:YPM-IZ-111013;Church2025:YPM-IZ-111014;Church2025:YPM-IZ-111016;Church2025:YPM-IZ-111017;Church2025:YPM-IZ-111018;Church2025:YPM-IZ-111156;Church2025:YPM-IZ-111157;Church2025:YPM-IZ-111158;Church2025:YPM-IZ-111159;Church2025:YPM-IZ-111160;Church2025:YPM-IZ-111163;Church2025:YPM-IZ-111207;Church2025:YPM-IZ-111208;Church2025:YPM-IZ-111209;Church2025:YPM-IZ-111210
all_libraries	tentacle	all_regions	MAGSP0007	14	108	0.12962963	Church2025:TMAG-K5632;Church2025:TMAG-K5635;Church2025:YPM-IZ-110515;Church2025:YPM-IZ-110520;Church2025:YPM-IZ-110613;Church2025:YPM-IZ-110780;Church2025:YPM-IZ-110938;Church2025:YPM-IZ-111007;Church2025:YPM-IZ-111008;Church2025:YPM-IZ-111156;Church2025:YPM-IZ-111157;Church2025:YPM-IZ-111158;Church2025:YPM-IZ-111159;Church2025:YPM-IZ-111163	Church2025:FM-16644;Church2025:NIWA-173304;Church2025:NIWA-173305;Church2025:TMAG-K5632;Church2025:TMAG-K5633;Church2025:TMAG-K5634;Church2025:TMAG-K5635;Church2025:TMAG-K5636;Church2025:YPM-IZ-104460;Church2025:YPM-IZ-104461;Church2025:YPM-IZ-104464;Church2025:YPM-IZ-106919;Church2025:YPM-IZ-106920;Church2025:YPM-IZ-106923;Church2025:YPM-IZ-106935;Church2025:YPM-IZ-106936;Church2025:YPM-IZ-106937;Church2025:YPM-IZ-106941;Church2025:YPM-IZ-106943;Church2025:YPM-IZ-106954;Church2025:YPM-IZ-106958;Church2025:YPM-IZ-110251;Church2025:YPM-IZ-110254;Church2025:YPM-IZ-110264;Church2025:YPM-IZ-110268;Church2025:YPM-IZ-110269;Church2025:YPM-IZ-110276;Church2025:YPM-IZ-110277;Church2025:YPM-IZ-110278;Church2025:YPM-IZ-110433;Church2025:YPM-IZ-110438;Church2025:YPM-IZ-110443;Church2025:YPM-IZ-110460;Church2025:YPM-IZ-110467;Church2025:YPM-IZ-110468;Church2025:YPM-IZ-110469;Church2025:YPM-IZ-110471;Church2025:YPM-IZ-110473;Church2025:YPM-IZ-110474;Church2025:YPM-IZ-110480;Church2025:YPM-IZ-110515;Church2025:YPM-IZ-110520;Church2025:YPM-IZ-110526;Church2025:YPM-IZ-110556;Church2025:YPM-IZ-110557;Church2025:YPM-IZ-110558;Church2025:YPM-IZ-110566;Church2025:YPM-IZ-110569;Church2025:YPM-IZ-110600;Church2025:YPM-IZ-110602;Church2025:YPM-IZ-110605;Church2025:YPM-IZ-110612;Church2025:YPM-IZ-110613;Church2025:YPM-IZ-110616;Church2025:YPM-IZ-110631;Church2025:YPM-IZ-110633;Church2025:YPM-IZ-110667;Church2025:YPM-IZ-110694;Church2025:YPM-IZ-110716;Church2025:YPM-IZ-110726;Church2025:YPM-IZ-110738;Church2025:YPM-IZ-110777;Church2025:YPM-IZ-110780;Church2025:YPM-IZ-110785;Church2025:YPM-IZ-110786;Church2025:YPM-IZ-110828;Church2025:YPM-IZ-110829;Church2025:YPM-IZ-110830;Church2025:YPM-IZ-110842;Church2025:YPM-IZ-110843;Church2025:YPM-IZ-110844;Church2025:YPM-IZ-110845;Church2025:YPM-IZ-110846;Church2025:YPM-IZ-110847;Church2025:YPM-IZ-110876;Church2025:YPM-IZ-110877;Church2025:YPM-IZ-110878;Church2025:YPM-IZ-110880;Church2025:YPM-IZ-110925;Church2025:YPM-IZ-110926;Church2025:YPM-IZ-110930;Church2025:YPM-IZ-110931;Church2025:YPM-IZ-110933;Church2025:YPM-IZ-110937;Church2025:YPM-IZ-110938;Church2025:YPM-IZ-110943;Church2025:YPM-IZ-110972;Church2025:YPM-IZ-111006;Church2025:YPM-IZ-111007;Church2025:YPM-IZ-111008;Church2025:YPM-IZ-111009;Church2025:YPM-IZ-111010;Church2025:YPM-IZ-111012;Church2025:YPM-IZ-111013;Church2025:YPM-IZ-111014;Church2025:YPM-IZ-111016;Church2025:YPM-IZ-111017;Church2025:YPM-IZ-111018;Church2025:YPM-IZ-111156;Church2025:YPM-IZ-111157;Church2025:YPM-IZ-111158;Church2025:YPM-IZ-111159;Church2025:YPM-IZ-111160;Church2025:YPM-IZ-111163;Church2025:YPM-IZ-111207;Church2025:YPM-IZ-111208;Church2025:YPM-IZ-111209;Church2025:YPM-IZ-111210
all_libraries	tentacle	all_regions	MAGSP0010	35	108	0.32407407	Church2025:NIWA-173304;Church2025:TMAG-K5632;Church2025:TMAG-K5635;Church2025:TMAG-K5636;Church2025:YPM-IZ-106954;Church2025:YPM-IZ-110467;Church2025:YPM-IZ-110473;Church2025:YPM-IZ-110515;Church2025:YPM-IZ-110520;Church2025:YPM-IZ-110566;Church2025:YPM-IZ-110569;Church2025:YPM-IZ-110602;Church2025:YPM-IZ-110613;Church2025:YPM-IZ-110694;Church2025:YPM-IZ-110842;Church2025:YPM-IZ-110844;Church2025:YPM-IZ-110930;Church2025:YPM-IZ-110931;Church2025:YPM-IZ-110938;Church2025:YPM-IZ-110943;Church2025:YPM-IZ-111006;Church2025:YPM-IZ-111007;Church2025:YPM-IZ-111008;Church2025:YPM-IZ-111009;Church2025:YPM-IZ-111010;Church2025:YPM-IZ-111156;Church2025:YPM-IZ-111157;Church2025:YPM-IZ-111158;Church2025:YPM-IZ-111159;Church2025:YPM-IZ-111160;Church2025:YPM-IZ-111163;Church2025:YPM-IZ-111207;Church2025:YPM-IZ-111208;Church2025:YPM-IZ-111209;Church2025:YPM-IZ-111210	Church2025:FM-16644;Church2025:NIWA-173304;Church2025:NIWA-173305;Church2025:TMAG-K5632;Church2025:TMAG-K5633;Church2025:TMAG-K5634;Church2025:TMAG-K5635;Church2025:TMAG-K5636;Church2025:YPM-IZ-104460;Church2025:YPM-IZ-104461;Church2025:YPM-IZ-104464;Church2025:YPM-IZ-106919;Church2025:YPM-IZ-106920;Church2025:YPM-IZ-106923;Church2025:YPM-IZ-106935;Church2025:YPM-IZ-106936;Church2025:YPM-IZ-106937;Church2025:YPM-IZ-106941;Church2025:YPM-IZ-106943;Church2025:YPM-IZ-106954;Church2025:YPM-IZ-106958;Church2025:YPM-IZ-110251;Church2025:YPM-IZ-110254;Church2025:YPM-IZ-110264;Church2025:YPM-IZ-110268;Church2025:YPM-IZ-110269;Church2025:YPM-IZ-110276;Church2025:YPM-IZ-110277;Church2025:YPM-IZ-110278;Church2025:YPM-IZ-110433;Church2025:YPM-IZ-110438;Church2025:YPM-IZ-110443;Church2025:YPM-IZ-110460;Church2025:YPM-IZ-110467;Church2025:YPM-IZ-110468;Church2025:YPM-IZ-110469;Church2025:YPM-IZ-110471;Church2025:YPM-IZ-110473;Church2025:YPM-IZ-110474;Church2025:YPM-IZ-110480;Church2025:YPM-IZ-110515;Church2025:YPM-IZ-110520;Church2025:YPM-IZ-110526;Church2025:YPM-IZ-110556;Church2025:YPM-IZ-110557;Church2025:YPM-IZ-110558;Church2025:YPM-IZ-110566;Church2025:YPM-IZ-110569;Church2025:YPM-IZ-110600;Church2025:YPM-IZ-110602;Church2025:YPM-IZ-110605;Church2025:YPM-IZ-110612;Church2025:YPM-IZ-110613;Church2025:YPM-IZ-110616;Church2025:YPM-IZ-110631;Church2025:YPM-IZ-110633;Church2025:YPM-IZ-110667;Church2025:YPM-IZ-110694;Church2025:YPM-IZ-110716;Church2025:YPM-IZ-110726;Church2025:YPM-IZ-110738;Church2025:YPM-IZ-110777;Church2025:YPM-IZ-110780;Church2025:YPM-IZ-110785;Church2025:YPM-IZ-110786;Church2025:YPM-IZ-110828;Church2025:YPM-IZ-110829;Church2025:YPM-IZ-110830;Church2025:YPM-IZ-110842;Church2025:YPM-IZ-110843;Church2025:YPM-IZ-110844;Church2025:YPM-IZ-110845;Church2025:YPM-IZ-110846;Church2025:YPM-IZ-110847;Church2025:YPM-IZ-110876;Church2025:YPM-IZ-110877;Church2025:YPM-IZ-110878;Church2025:YPM-IZ-110880;Church2025:YPM-IZ-110925;Church2025:YPM-IZ-110926;Church2025:YPM-IZ-110930;Church2025:YPM-IZ-110931;Church2025:YPM-IZ-110933;Church2025:YPM-IZ-110937;Church2025:YPM-IZ-110938;Church2025:YPM-IZ-110943;Church2025:YPM-IZ-110972;Church2025:YPM-IZ-111006;Church2025:YPM-IZ-111007;Church2025:YPM-IZ-111008;Church2025:YPM-IZ-111009;Church2025:YPM-IZ-111010;Church2025:YPM-IZ-111012;Church2025:YPM-IZ-111013;Church2025:YPM-IZ-111014;Church2025:YPM-IZ-111016;Church2025:YPM-IZ-111017;Church2025:YPM-IZ-111018;Church2025:YPM-IZ-111156;Church2025:YPM-IZ-111157;Church2025:YPM-IZ-111158;Church2025:YPM-IZ-111159;Church2025:YPM-IZ-111160;Church2025:YPM-IZ-111163;Church2025:YPM-IZ-111207;Church2025:YPM-IZ-111208;Church2025:YPM-IZ-111209;Church2025:YPM-IZ-111210
all_libraries	tentacle	all_regions	Vibrio	19	108	0.17592593	Church2025:FM-16644;Church2025:TMAG-K5632;Church2025:YPM-IZ-106923;Church2025:YPM-IZ-110433;Church2025:YPM-IZ-110600;Church2025:YPM-IZ-110602;Church2025:YPM-IZ-110616;Church2025:YPM-IZ-110631;Church2025:YPM-IZ-110633;Church2025:YPM-IZ-110667;Church2025:YPM-IZ-110738;Church2025:YPM-IZ-110785;Church2025:YPM-IZ-110786;Church2025:YPM-IZ-110828;Church2025:YPM-IZ-110829;Church2025:YPM-IZ-110878;Church2025:YPM-IZ-110972;Church2025:YPM-IZ-111163;Church2025:YPM-IZ-111208	Church2025:FM-16644;Church2025:NIWA-173304;Church2025:NIWA-173305;Church2025:TMAG-K5632;Church2025:TMAG-K5633;Church2025:TMAG-K5634;Church2025:TMAG-K5635;Church2025:TMAG-K5636;Church2025:YPM-IZ-104460;Church2025:YPM-IZ-104461;Church2025:YPM-IZ-104464;Church2025:YPM-IZ-106919;Church2025:YPM-IZ-106920;Church2025:YPM-IZ-106923;Church2025:YPM-IZ-106935;Church2025:YPM-IZ-106936;Church2025:YPM-IZ-106937;Church2025:YPM-IZ-106941;Church2025:YPM-IZ-106943;Church2025:YPM-IZ-106954;Church2025:YPM-IZ-106958;Church2025:YPM-IZ-110251;Church2025:YPM-IZ-110254;Church2025:YPM-IZ-110264;Church2025:YPM-IZ-110268;Church2025:YPM-IZ-110269;Church2025:YPM-IZ-110276;Church2025:YPM-IZ-110277;Church2025:YPM-IZ-110278;Church2025:YPM-IZ-110433;Church2025:YPM-IZ-110438;Church2025:YPM-IZ-110443;Church2025:YPM-IZ-110460;Church2025:YPM-IZ-110467;Church2025:YPM-IZ-110468;Church2025:YPM-IZ-110469;Church2025:YPM-IZ-110471;Church2025:YPM-IZ-110473;Church2025:YPM-IZ-110474;Church2025:YPM-IZ-110480;Church2025:YPM-IZ-110515;Church2025:YPM-IZ-110520;Church2025:YPM-IZ-110526;Church2025:YPM-IZ-110556;Church2025:YPM-IZ-110557;Church2025:YPM-IZ-110558;Church2025:YPM-IZ-110566;Church2025:YPM-IZ-110569;Church2025:YPM-IZ-110600;Church2025:YPM-IZ-110602;Church2025:YPM-IZ-110605;Church2025:YPM-IZ-110612;Church2025:YPM-IZ-110613;Church2025:YPM-IZ-110616;Church2025:YPM-IZ-110631;Church2025:YPM-IZ-110633;Church2025:YPM-IZ-110667;Church2025:YPM-IZ-110694;Church2025:YPM-IZ-110716;Church2025:YPM-IZ-110726;Church2025:YPM-IZ-110738;Church2025:YPM-IZ-110777;Church2025:YPM-IZ-110780;Church2025:YPM-IZ-110785;Church2025:YPM-IZ-110786;Church2025:YPM-IZ-110828;Church2025:YPM-IZ-110829;Church2025:YPM-IZ-110830;Church2025:YPM-IZ-110842;Church2025:YPM-IZ-110843;Church2025:YPM-IZ-110844;Church2025:YPM-IZ-110845;Church2025:YPM-IZ-110846;Church2025:YPM-IZ-110847;Church2025:YPM-IZ-110876;Church2025:YPM-IZ-110877;Church2025:YPM-IZ-110878;Church2025:YPM-IZ-110880;Church2025:YPM-IZ-110925;Church2025:YPM-IZ-110926;Church2025:YPM-IZ-110930;Church2025:YPM-IZ-110931;Church2025:YPM-IZ-110933;Church2025:YPM-IZ-110937;Church2025:YPM-IZ-110938;Church2025:YPM-IZ-110943;Church2025:YPM-IZ-110972;Church2025:YPM-IZ-111006;Church2025:YPM-IZ-111007;Church2025:YPM-IZ-111008;Church2025:YPM-IZ-111009;Church2025:YPM-IZ-111010;Church2025:YPM-IZ-111012;Church2025:YPM-IZ-111013;Church2025:YPM-IZ-111014;Church2025:YPM-IZ-111016;Church2025:YPM-IZ-111017;Church2025:YPM-IZ-111018;Church2025:YPM-IZ-111156;Church2025:YPM-IZ-111157;Church2025:YPM-IZ-111158;Church2025:YPM-IZ-111159;Church2025:YPM-IZ-111160;Church2025:YPM-IZ-111163;Church2025:YPM-IZ-111207;Church2025:YPM-IZ-111208;Church2025:YPM-IZ-111209;Church2025:YPM-IZ-111210
all_libraries	tentacle	Central Pacific	MAGSP0005	0	15	0		Church2025:YPM-IZ-110264;Church2025:YPM-IZ-110268;Church2025:YPM-IZ-110269;Church2025:YPM-IZ-110276;Church2025:YPM-IZ-110277;Church2025:YPM-IZ-110278;Church2025:YPM-IZ-110460;Church2025:YPM-IZ-110471;Church2025:YPM-IZ-110473;Church2025:YPM-IZ-110474;Church2025:YPM-IZ-110480;Church2025:YPM-IZ-110777;Church2025:YPM-IZ-110780;Church2025:YPM-IZ-110785;Church2025:YPM-IZ-110786
all_libraries	tentacle	Central Pacific	MAGSP0007	1	15	0.066666667	Church2025:YPM-IZ-110780	Church2025:YPM-IZ-110264;Church2025:YPM-IZ-110268;Church2025:YPM-IZ-110269;Church2025:YPM-IZ-110276;Church2025:YPM-IZ-110277;Church2025:YPM-IZ-110278;Church2025:YPM-IZ-110460;Church2025:YPM-IZ-110471;Church2025:YPM-IZ-110473;Church2025:YPM-IZ-110474;Church2025:YPM-IZ-110480;Church2025:YPM-IZ-110777;Church2025:YPM-IZ-110780;Church2025:YPM-IZ-110785;Church2025:YPM-IZ-110786
all_libraries	tentacle	Central Pacific	MAGSP0010	1	15	0.066666667	Church2025:YPM-IZ-110473	Church2025:YPM-IZ-110264;Church2025:YPM-IZ-110268;Church2025:YPM-IZ-110269;Church2025:YPM-IZ-110276;Church2025:YPM-IZ-110277;Church2025:YPM-IZ-110278;Church2025:YPM-IZ-110460;Church2025:YPM-IZ-110471;Church2025:YPM-IZ-110473;Church2025:YPM-IZ-110474;Church2025:YPM-IZ-110480;Church2025:YPM-IZ-110777;Church2025:YPM-IZ-110780;Church2025:YPM-IZ-110785;Church2025:YPM-IZ-110786
all_libraries	tentacle	Central Pacific	Vibrio	2	15	0.13333333	Church2025:YPM-IZ-110785;Church2025:YPM-IZ-110786	Church2025:YPM-IZ-110264;Church2025:YPM-IZ-110268;Church2025:YPM-IZ-110269;Church2025:YPM-IZ-110276;Church2025:YPM-IZ-110277;Church2025:YPM-IZ-110278;Church2025:YPM-IZ-110460;Church2025:YPM-IZ-110471;Church2025:YPM-IZ-110473;Church2025:YPM-IZ-110474;Church2025:YPM-IZ-110480;Church2025:YPM-IZ-110777;Church2025:YPM-IZ-110780;Church2025:YPM-IZ-110785;Church2025:YPM-IZ-110786
all_libraries	tentacle	E Indian	MAGSP0005	0	0			
all_libraries	tentacle	E Indian	MAGSP0007	0	0			
all_libraries	tentacle	E Indian	MAGSP0010	0	0			
all_libraries	tentacle	E Indian	Vibrio	0	0			
all_libraries	tentacle	Gulf of California	MAGSP0005	0	2	0		Church2025:YPM-IZ-110877;Church2025:YPM-IZ-110878
all_libraries	tentacle	Gulf of California	MAGSP0007	0	2	0		Church2025:YPM-IZ-110877;Church2025:YPM-IZ-110878
all_libraries	tentacle	Gulf of California	MAGSP0010	0	2	0		Church2025:YPM-IZ-110877;Church2025:YPM-IZ-110878
all_libraries	tentacle	Gulf of California	Vibrio	1	2	0.5	Church2025:YPM-IZ-110878	Church2025:YPM-IZ-110877;Church2025:YPM-IZ-110878
all_libraries	tentacle	Gulf of Mexico	MAGSP0005	0	7	0		Church2025:YPM-IZ-106935;Church2025:YPM-IZ-106936;Church2025:YPM-IZ-106937;Church2025:YPM-IZ-106958;Church2025:YPM-IZ-110438;Church2025:YPM-IZ-110443;Church2025:YPM-IZ-110876
all_libraries	tentacle	Gulf of Mexico	MAGSP0007	0	7	0		Church2025:YPM-IZ-106935;Church2025:YPM-IZ-106936;Church2025:YPM-IZ-106937;Church2025:YPM-IZ-106958;Church2025:YPM-IZ-110438;Church2025:YPM-IZ-110443;Church2025:YPM-IZ-110876
all_libraries	tentacle	Gulf of Mexico	MAGSP0010	0	7	0		Church2025:YPM-IZ-106935;Church2025:YPM-IZ-106936;Church2025:YPM-IZ-106937;Church2025:YPM-IZ-106958;Church2025:YPM-IZ-110438;Church2025:YPM-IZ-110443;Church2025:YPM-IZ-110876
all_libraries	tentacle	Gulf of Mexico	Vibrio	0	7	0		Church2025:YPM-IZ-106935;Church2025:YPM-IZ-106936;Church2025:YPM-IZ-106937;Church2025:YPM-IZ-106958;Church2025:YPM-IZ-110438;Church2025:YPM-IZ-110443;Church2025:YPM-IZ-110876
all_libraries	tentacle	NE Atlantic	MAGSP0005	0	11	0		Church2025:FM-16644;Church2025:YPM-IZ-110716;Church2025:YPM-IZ-110726;Church2025:YPM-IZ-110738;Church2025:YPM-IZ-110842;Church2025:YPM-IZ-110843;Church2025:YPM-IZ-110844;Church2025:YPM-IZ-110845;Church2025:YPM-IZ-110846;Church2025:YPM-IZ-110847;Church2025:YPM-IZ-110972
all_libraries	tentacle	NE Atlantic	MAGSP0007	0	11	0		Church2025:FM-16644;Church2025:YPM-IZ-110716;Church2025:YPM-IZ-110726;Church2025:YPM-IZ-110738;Church2025:YPM-IZ-110842;Church2025:YPM-IZ-110843;Church2025:YPM-IZ-110844;Church2025:YPM-IZ-110845;Church2025:YPM-IZ-110846;Church2025:YPM-IZ-110847;Church2025:YPM-IZ-110972
all_libraries	tentacle	NE Atlantic	MAGSP0010	2	11	0.18181818	Church2025:YPM-IZ-110842;Church2025:YPM-IZ-110844	Church2025:FM-16644;Church2025:YPM-IZ-110716;Church2025:YPM-IZ-110726;Church2025:YPM-IZ-110738;Church2025:YPM-IZ-110842;Church2025:YPM-IZ-110843;Church2025:YPM-IZ-110844;Church2025:YPM-IZ-110845;Church2025:YPM-IZ-110846;Church2025:YPM-IZ-110847;Church2025:YPM-IZ-110972
all_libraries	tentacle	NE Atlantic	Vibrio	3	11	0.27272727	Church2025:FM-16644;Church2025:YPM-IZ-110738;Church2025:YPM-IZ-110972	Church2025:FM-16644;Church2025:YPM-IZ-110716;Church2025:YPM-IZ-110726;Church2025:YPM-IZ-110738;Church2025:YPM-IZ-110842;Church2025:YPM-IZ-110843;Church2025:YPM-IZ-110844;Church2025:YPM-IZ-110845;Church2025:YPM-IZ-110846;Church2025:YPM-IZ-110847;Church2025:YPM-IZ-110972
all_libraries	tentacle	NW Atlantic	MAGSP0005	0	17	0		Church2025:YPM-IZ-106941;Church2025:YPM-IZ-106943;Church2025:YPM-IZ-106954;Church2025:YPM-IZ-110251;Church2025:YPM-IZ-110254;Church2025:YPM-IZ-110433;Church2025:YPM-IZ-110631;Church2025:YPM-IZ-110633;Church2025:YPM-IZ-110667;Church2025:YPM-IZ-110694;Church2025:YPM-IZ-110880;Church2025:YPM-IZ-111012;Church2025:YPM-IZ-111013;Church2025:YPM-IZ-111014;Church2025:YPM-IZ-111016;Church2025:YPM-IZ-111017;Church2025:YPM-IZ-111018
all_libraries	tentacle	NW Atlantic	MAGSP0007	0	17	0		Church2025:YPM-IZ-106941;Church2025:YPM-IZ-106943;Church2025:YPM-IZ-106954;Church2025:YPM-IZ-110251;Church2025:YPM-IZ-110254;Church2025:YPM-IZ-110433;Church2025:YPM-IZ-110631;Church2025:YPM-IZ-110633;Church2025:YPM-IZ-110667;Church2025:YPM-IZ-110694;Church2025:YPM-IZ-110880;Church2025:YPM-IZ-111012;Church2025:YPM-IZ-111013;Church2025:YPM-IZ-111014;Church2025:YPM-IZ-111016;Church2025:YPM-IZ-111017;Church2025:YPM-IZ-111018
all_libraries	tentacle	NW Atlantic	MAGSP0010	2	17	0.11764706	Church2025:YPM-IZ-106954;Church2025:YPM-IZ-110694	Church2025:YPM-IZ-106941;Church2025:YPM-IZ-106943;Church2025:YPM-IZ-106954;Church2025:YPM-IZ-110251;Church2025:YPM-IZ-110254;Church2025:YPM-IZ-110433;Church2025:YPM-IZ-110631;Church2025:YPM-IZ-110633;Church2025:YPM-IZ-110667;Church2025:YPM-IZ-110694;Church2025:YPM-IZ-110880;Church2025:YPM-IZ-111012;Church2025:YPM-IZ-111013;Church2025:YPM-IZ-111014;Church2025:YPM-IZ-111016;Church2025:YPM-IZ-111017;Church2025:YPM-IZ-111018
all_libraries	tentacle	NW Atlantic	Vibrio	4	17	0.23529412	Church2025:YPM-IZ-110433;Church2025:YPM-IZ-110631;Church2025:YPM-IZ-110633;Church2025:YPM-IZ-110667	Church2025:YPM-IZ-106941;Church2025:YPM-IZ-106943;Church2025:YPM-IZ-106954;Church2025:YPM-IZ-110251;Church2025:YPM-IZ-110254;Church2025:YPM-IZ-110433;Church2025:YPM-IZ-110631;Church2025:YPM-IZ-110633;Church2025:YPM-IZ-110667;Church2025:YPM-IZ-110694;Church2025:YPM-IZ-110880;Church2025:YPM-IZ-111012;Church2025:YPM-IZ-111013;Church2025:YPM-IZ-111014;Church2025:YPM-IZ-111016;Church2025:YPM-IZ-111017;Church2025:YPM-IZ-111018
all_libraries	tentacle	NW Pacific	MAGSP0005	3	18	0.16666667	Church2025:YPM-IZ-110566;Church2025:YPM-IZ-110569;Church2025:YPM-IZ-110931	Church2025:YPM-IZ-104460;Church2025:YPM-IZ-104461;Church2025:YPM-IZ-104464;Church2025:YPM-IZ-106919;Church2025:YPM-IZ-106920;Church2025:YPM-IZ-106923;Church2025:YPM-IZ-110566;Church2025:YPM-IZ-110569;Church2025:YPM-IZ-110600;Church2025:YPM-IZ-110602;Church2025:YPM-IZ-110925;Church2025:YPM-IZ-110926;Church2025:YPM-IZ-110930;Church2025:YPM-IZ-110931;Church2025:YPM-IZ-110933;Church2025:YPM-IZ-110937;Church2025:YPM-IZ-110938;Church2025:YPM-IZ-110943
all_libraries	tentacle	NW Pacific	MAGSP0007	1	18	0.055555556	Church2025:YPM-IZ-110938	Church2025:YPM-IZ-104460;Church2025:YPM-IZ-104461;Church2025:YPM-IZ-104464;Church2025:YPM-IZ-106919;Church2025:YPM-IZ-106920;Church2025:YPM-IZ-106923;Church2025:YPM-IZ-110566;Church2025:YPM-IZ-110569;Church2025:YPM-IZ-110600;Church2025:YPM-IZ-110602;Church2025:YPM-IZ-110925;Church2025:YPM-IZ-110926;Church2025:YPM-IZ-110930;Church2025:YPM-IZ-110931;Church2025:YPM-IZ-110933;Church2025:YPM-IZ-110937;Church2025:YPM-IZ-110938;Church2025:YPM-IZ-110943
all_libraries	tentacle	NW Pacific	MAGSP0010	7	18	0.38888889	Church2025:YPM-IZ-110566;Church2025:YPM-IZ-110569;Church2025:YPM-IZ-110602;Church2025:YPM-IZ-110930;Church2025:YPM-IZ-110931;Church2025:YPM-IZ-110938;Church2025:YPM-IZ-110943	Church2025:YPM-IZ-104460;Church2025:YPM-IZ-104461;Church2025:YPM-IZ-104464;Church2025:YPM-IZ-106919;Church2025:YPM-IZ-106920;Church2025:YPM-IZ-106923;Church2025:YPM-IZ-110566;Church2025:YPM-IZ-110569;Church2025:YPM-IZ-110600;Church2025:YPM-IZ-110602;Church2025:YPM-IZ-110925;Church2025:YPM-IZ-110926;Church2025:YPM-IZ-110930;Church2025:YPM-IZ-110931;Church2025:YPM-IZ-110933;Church2025:YPM-IZ-110937;Church2025:YPM-IZ-110938;Church2025:YPM-IZ-110943
all_libraries	tentacle	NW Pacific	Vibrio	3	18	0.16666667	Church2025:YPM-IZ-106923;Church2025:YPM-IZ-110600;Church2025:YPM-IZ-110602	Church2025:YPM-IZ-104460;Church2025:YPM-IZ-104461;Church2025:YPM-IZ-104464;Church2025:YPM-IZ-106919;Church2025:YPM-IZ-106920;Church2025:YPM-IZ-106923;Church2025:YPM-IZ-110566;Church2025:YPM-IZ-110569;Church2025:YPM-IZ-110600;Church2025:YPM-IZ-110602;Church2025:YPM-IZ-110925;Church2025:YPM-IZ-110926;Church2025:YPM-IZ-110930;Church2025:YPM-IZ-110931;Church2025:YPM-IZ-110933;Church2025:YPM-IZ-110937;Church2025:YPM-IZ-110938;Church2025:YPM-IZ-110943
all_libraries	tentacle	SE Pacific	MAGSP0005	0	2	0		Church2025:YPM-IZ-110828;Church2025:YPM-IZ-110829
all_libraries	tentacle	SE Pacific	MAGSP0007	0	2	0		Church2025:YPM-IZ-110828;Church2025:YPM-IZ-110829
all_libraries	tentacle	SE Pacific	MAGSP0010	0	2	0		Church2025:YPM-IZ-110828;Church2025:YPM-IZ-110829
all_libraries	tentacle	SE Pacific	Vibrio	2	2	1	Church2025:YPM-IZ-110828;Church2025:YPM-IZ-110829	Church2025:YPM-IZ-110828;Church2025:YPM-IZ-110829
all_libraries	tentacle	SW Atlantic	MAGSP0005	1	1	1	Church2025:YPM-IZ-110830	Church2025:YPM-IZ-110830
all_libraries	tentacle	SW Atlantic	MAGSP0007	0	1	0		Church2025:YPM-IZ-110830
all_libraries	tentacle	SW Atlantic	MAGSP0010	0	1	0		Church2025:YPM-IZ-110830
all_libraries	tentacle	SW Atlantic	Vibrio	0	1	0		Church2025:YPM-IZ-110830
all_libraries	tentacle	SW Pacific	MAGSP0005	18	30	0.6	Church2025:TMAG-K5632;Church2025:TMAG-K5633;Church2025:TMAG-K5634;Church2025:TMAG-K5635;Church2025:TMAG-K5636;Church2025:YPM-IZ-110468;Church2025:YPM-IZ-110469;Church2025:YPM-IZ-110515;Church2025:YPM-IZ-110556;Church2025:YPM-IZ-110557;Church2025:YPM-IZ-110558;Church2025:YPM-IZ-110605;Church2025:YPM-IZ-110613;Church2025:YPM-IZ-111156;Church2025:YPM-IZ-111157;Church2025:YPM-IZ-111159;Church2025:YPM-IZ-111160;Church2025:YPM-IZ-111210	Church2025:NIWA-173304;Church2025:NIWA-173305;Church2025:TMAG-K5632;Church2025:TMAG-K5633;Church2025:TMAG-K5634;Church2025:TMAG-K5635;Church2025:TMAG-K5636;Church2025:YPM-IZ-110467;Church2025:YPM-IZ-110468;Church2025:YPM-IZ-110469;Church2025:YPM-IZ-110515;Church2025:YPM-IZ-110520;Church2025:YPM-IZ-110526;Church2025:YPM-IZ-110556;Church2025:YPM-IZ-110557;Church2025:YPM-IZ-110558;Church2025:YPM-IZ-110605;Church2025:YPM-IZ-110612;Church2025:YPM-IZ-110613;Church2025:YPM-IZ-110616;Church2025:YPM-IZ-111156;Church2025:YPM-IZ-111157;Church2025:YPM-IZ-111158;Church2025:YPM-IZ-111159;Church2025:YPM-IZ-111160;Church2025:YPM-IZ-111163;Church2025:YPM-IZ-111207;Church2025:YPM-IZ-111208;Church2025:YPM-IZ-111209;Church2025:YPM-IZ-111210
all_libraries	tentacle	SW Pacific	MAGSP0007	10	30	0.33333333	Church2025:TMAG-K5632;Church2025:TMAG-K5635;Church2025:YPM-IZ-110515;Church2025:YPM-IZ-110520;Church2025:YPM-IZ-110613;Church2025:YPM-IZ-111156;Church2025:YPM-IZ-111157;Church2025:YPM-IZ-111158;Church2025:YPM-IZ-111159;Church2025:YPM-IZ-111163	Church2025:NIWA-173304;Church2025:NIWA-173305;Church2025:TMAG-K5632;Church2025:TMAG-K5633;Church2025:TMAG-K5634;Church2025:TMAG-K5635;Church2025:TMAG-K5636;Church2025:YPM-IZ-110467;Church2025:YPM-IZ-110468;Church2025:YPM-IZ-110469;Church2025:YPM-IZ-110515;Church2025:YPM-IZ-110520;Church2025:YPM-IZ-110526;Church2025:YPM-IZ-110556;Church2025:YPM-IZ-110557;Church2025:YPM-IZ-110558;Church2025:YPM-IZ-110605;Church2025:YPM-IZ-110612;Church2025:YPM-IZ-110613;Church2025:YPM-IZ-110616;Church2025:YPM-IZ-111156;Church2025:YPM-IZ-111157;Church2025:YPM-IZ-111158;Church2025:YPM-IZ-111159;Church2025:YPM-IZ-111160;Church2025:YPM-IZ-111163;Church2025:YPM-IZ-111207;Church2025:YPM-IZ-111208;Church2025:YPM-IZ-111209;Church2025:YPM-IZ-111210
all_libraries	tentacle	SW Pacific	MAGSP0010	18	30	0.6	Church2025:NIWA-173304;Church2025:TMAG-K5632;Church2025:TMAG-K5635;Church2025:TMAG-K5636;Church2025:YPM-IZ-110467;Church2025:YPM-IZ-110515;Church2025:YPM-IZ-110520;Church2025:YPM-IZ-110613;Church2025:YPM-IZ-111156;Church2025:YPM-IZ-111157;Church2025:YPM-IZ-111158;Church2025:YPM-IZ-111159;Church2025:YPM-IZ-111160;Church2025:YPM-IZ-111163;Church2025:YPM-IZ-111207;Church2025:YPM-IZ-111208;Church2025:YPM-IZ-111209;Church2025:YPM-IZ-111210	Church2025:NIWA-173304;Church2025:NIWA-173305;Church2025:TMAG-K5632;Church2025:TMAG-K5633;Church2025:TMAG-K5634;Church2025:TMAG-K5635;Church2025:TMAG-K5636;Church2025:YPM-IZ-110467;Church2025:YPM-IZ-110468;Church2025:YPM-IZ-110469;Church2025:YPM-IZ-110515;Church2025:YPM-IZ-110520;Church2025:YPM-IZ-110526;Church2025:YPM-IZ-110556;Church2025:YPM-IZ-110557;Church2025:YPM-IZ-110558;Church2025:YPM-IZ-110605;Church2025:YPM-IZ-110612;Church2025:YPM-IZ-110613;Church2025:YPM-IZ-110616;Church2025:YPM-IZ-111156;Church2025:YPM-IZ-111157;Church2025:YPM-IZ-111158;Church2025:YPM-IZ-111159;Church2025:YPM-IZ-111160;Church2025:YPM-IZ-111163;Church2025:YPM-IZ-111207;Church2025:YPM-IZ-111208;Church2025:YPM-IZ-111209;Church2025:YPM-IZ-111210
all_libraries	tentacle	SW Pacific	Vibrio	4	30	0.13333333	Church2025:TMAG-K5632;Church2025:YPM-IZ-110616;Church2025:YPM-IZ-111163;Church2025:YPM-IZ-111208	Church2025:NIWA-173304;Church2025:NIWA-173305;Church2025:TMAG-K5632;Church2025:TMAG-K5633;Church2025:TMAG-K5634;Church2025:TMAG-K5635;Church2025:TMAG-K5636;Church2025:YPM-IZ-110467;Church2025:YPM-IZ-110468;Church2025:YPM-IZ-110469;Church2025:YPM-IZ-110515;Church2025:YPM-IZ-110520;Church2025:YPM-IZ-110526;Church2025:YPM-IZ-110556;Church2025:YPM-IZ-110557;Church2025:YPM-IZ-110558;Church2025:YPM-IZ-110605;Church2025:YPM-IZ-110612;Church2025:YPM-IZ-110613;Church2025:YPM-IZ-110616;Church2025:YPM-IZ-111156;Church2025:YPM-IZ-111157;Church2025:YPM-IZ-111158;Church2025:YPM-IZ-111159;Church2025:YPM-IZ-111160;Church2025:YPM-IZ-111163;Church2025:YPM-IZ-111207;Church2025:YPM-IZ-111208;Church2025:YPM-IZ-111209;Church2025:YPM-IZ-111210
all_libraries	tentacle	W Indian	MAGSP0005	4	5	0.8	Church2025:YPM-IZ-111006;Church2025:YPM-IZ-111007;Church2025:YPM-IZ-111008;Church2025:YPM-IZ-111009	Church2025:YPM-IZ-111006;Church2025:YPM-IZ-111007;Church2025:YPM-IZ-111008;Church2025:YPM-IZ-111009;Church2025:YPM-IZ-111010
all_libraries	tentacle	W Indian	MAGSP0007	2	5	0.4	Church2025:YPM-IZ-111007;Church2025:YPM-IZ-111008	Church2025:YPM-IZ-111006;Church2025:YPM-IZ-111007;Church2025:YPM-IZ-111008;Church2025:YPM-IZ-111009;Church2025:YPM-IZ-111010
all_libraries	tentacle	W Indian	MAGSP0010	5	5	1	Church2025:YPM-IZ-111006;Church2025:YPM-IZ-111007;Church2025:YPM-IZ-111008;Church2025:YPM-IZ-111009;Church2025:YPM-IZ-111010	Church2025:YPM-IZ-111006;Church2025:YPM-IZ-111007;Church2025:YPM-IZ-111008;Church2025:YPM-IZ-111009;Church2025:YPM-IZ-111010
all_libraries	tentacle	W Indian	Vibrio	0	5	0		Church2025:YPM-IZ-111006;Church2025:YPM-IZ-111007;Church2025:YPM-IZ-111008;Church2025:YPM-IZ-111009;Church2025:YPM-IZ-111010
single_flowcell	all_tissues	all_regions	MAGSP0005	28	122	0.2295082	Church2025:TMAG-K5634;Church2025:TMAG-K5635;Church2025:TMAG-K5636;Church2025:WAM-Z97900;Church2025:WAM-Z97901;Church2025:WAM-Z97903;Church2025:WAM-Z97917;Church2025:WAM-Z97920;Church2025:WAM-Z97921;Church2025:YPM-IZ-110468;Church2025:YPM-IZ-110515;Church2025:YPM-IZ-110557;Church2025:YPM-IZ-110558;Church2025:YPM-IZ-110566;Church2025:YPM-IZ-110569;Church2025:YPM-IZ-110605;Church2025:YPM-IZ-110613;Church2025:YPM-IZ-110830;Church2025:YPM-IZ-110931;Church2025:YPM-IZ-111006;Church2025:YPM-IZ-111007;Church2025:YPM-IZ-111008;Church2025:YPM-IZ-111009;Church2025:YPM-IZ-111156;Church2025:YPM-IZ-111157;Church2025:YPM-IZ-111159;Church2025:YPM-IZ-111160;Church2025:YPM-IZ-111839	Church2025:FM-16644;Church2025:NIWA-173305;Church2025:OA-190531-1;Church2025:OA-Bluebottle;Church2025:TMAG-K5634;Church2025:TMAG-K5635;Church2025:TMAG-K5636;Church2025:WAM-Z97900;Church2025:WAM-Z97901;Church2025:WAM-Z97903;Church2025:WAM-Z97906;Church2025:WAM-Z97917;Church2025:WAM-Z97920;Church2025:WAM-Z97921;Church2025:YPM-IZ-104460;Church2025:YPM-IZ-104461;Church2025:YPM-IZ-104464;Church2025:YPM-IZ-104465;Church2025:YPM-IZ-106919;Church2025:YPM-IZ-106920;Church2025:YPM-IZ-106923;Church2025:YPM-IZ-106935;Church2025:YPM-IZ-106936;Church2025:YPM-IZ-106937;Church2025:YPM-IZ-106941;Church2025:YPM-IZ-106943;Church2025:YPM-IZ-106954;Church2025:YPM-IZ-106958;Church2025:YPM-IZ-110251;Church2025:YPM-IZ-110254;Church2025:YPM-IZ-110264;Church2025:YPM-IZ-110268;Church2025:YPM-IZ-110276;Church2025:YPM-IZ-110277;Church2025:YPM-IZ-110278;Church2025:YPM-IZ-110433;Church2025:YPM-IZ-110434;Church2025:YPM-IZ-110436;Church2025:YPM-IZ-110438;Church2025:YPM-IZ-110443;Church2025:YPM-IZ-110460;Church2025:YPM-IZ-110467;Church2025:YPM-IZ-110468;Church2025:YPM-IZ-110470;Church2025:YPM-IZ-110471;Church2025:YPM-IZ-110473;Church2025:YPM-IZ-110474;Church2025:YPM-IZ-110480;Church2025:YPM-IZ-110515;Church2025:YPM-IZ-110520;Church2025:YPM-IZ-110526;Church2025:YPM-IZ-110557;Church2025:YPM-IZ-110558;Church2025:YPM-IZ-110566;Church2025:YPM-IZ-110569;Church2025:YPM-IZ-110600;Church2025:YPM-IZ-110602;Church2025:YPM-IZ-110605;Church2025:YPM-IZ-110612;Church2025:YPM-IZ-110613;Church2025:YPM-IZ-110616;Church2025:YPM-IZ-110631;Church2025:YPM-IZ-110633;Church2025:YPM-IZ-110667;Church2025:YPM-IZ-110694;Church2025:YPM-IZ-110716;Church2025:YPM-IZ-110726;Church2025:YPM-IZ-110777;Church2025:YPM-IZ-110780;Church2025:YPM-IZ-110785;Church2025:YPM-IZ-110786;Church2025:YPM-IZ-110829;Church2025:YPM-IZ-110830;Church2025:YPM-IZ-110843;Church2025:YPM-IZ-110844;Church2025:YPM-IZ-110845;Church2025:YPM-IZ-110846;Church2025:YPM-IZ-110847;Church2025:YPM-IZ-110876;Church2025:YPM-IZ-110878;Church2025:YPM-IZ-110880;Church2025:YPM-IZ-110881;Church2025:YPM-IZ-110882;Church2025:YPM-IZ-110883;Church2025:YPM-IZ-110925;Church2025:YPM-IZ-110926;Church2025:YPM-IZ-110930;Church2025:YPM-IZ-110931;Church2025:YPM-IZ-110933;Church2025:YPM-IZ-110937;Church2025:YPM-IZ-110938;Church2025:YPM-IZ-110943;Church2025:YPM-IZ-110972;Church2025:YPM-IZ-111006;Church2025:YPM-IZ-111007;Church2025:YPM-IZ-111008;Church2025:YPM-IZ-111009;Church2025:YPM-IZ-111010;Church2025:YPM-IZ-111012;Church2025:YPM-IZ-111013;Church2025:YPM-IZ-111014;Church2025:YPM-IZ-111016;Church2025:YPM-IZ-111017;Church2025:YPM-IZ-111018;Church2025:YPM-IZ-111156;Church2025:YPM-IZ-111157;Church2025:YPM-IZ-111158;Church2025:YPM-IZ-111159;Church2025:YPM-IZ-111160;Church2025:YPM-IZ-111163;Church2025:YPM-IZ-111209;Church2025:YPM-IZ-111517;Church2025:YPM-IZ-111518;Church2025:YPM-IZ-111519;Church2025:YPM-IZ-111520;Church2025:YPM-IZ-111521;Church2025:YPM-IZ-111529;Church2025:YPM-IZ-111530;Church2025:YPM-IZ-111539;Church2025:YPM-IZ-111547;Church2025:YPM-IZ-111839;Church2025:YPM-IZ-111840
single_flowcell	all_tissues	all_regions	MAGSP0007	17	122	0.13934426	Church2025:OA-190531-1;Church2025:TMAG-K5635;Church2025:WAM-Z97917;Church2025:WAM-Z97920;Church2025:WAM-Z97921;Church2025:YPM-IZ-110515;Church2025:YPM-IZ-110520;Church2025:YPM-IZ-110613;Church2025:YPM-IZ-110780;Church2025:YPM-IZ-110938;Church2025:YPM-IZ-111007;Church2025:YPM-IZ-111008;Church2025:YPM-IZ-111156;Church2025:YPM-IZ-111157;Church2025:YPM-IZ-111158;Church2025:YPM-IZ-111159;Church2025:YPM-IZ-111163	Church2025:FM-16644;Church2025:NIWA-173305;Church2025:OA-190531-1;Church2025:OA-Bluebottle;Church2025:TMAG-K5634;Church2025:TMAG-K5635;Church2025:TMAG-K5636;Church2025:WAM-Z97900;Church2025:WAM-Z97901;Church2025:WAM-Z97903;Church2025:WAM-Z97906;Church2025:WAM-Z97917;Church2025:WAM-Z97920;Church2025:WAM-Z97921;Church2025:YPM-IZ-104460;Church2025:YPM-IZ-104461;Church2025:YPM-IZ-104464;Church2025:YPM-IZ-104465;Church2025:YPM-IZ-106919;Church2025:YPM-IZ-106920;Church2025:YPM-IZ-106923;Church2025:YPM-IZ-106935;Church2025:YPM-IZ-106936;Church2025:YPM-IZ-106937;Church2025:YPM-IZ-106941;Church2025:YPM-IZ-106943;Church2025:YPM-IZ-106954;Church2025:YPM-IZ-106958;Church2025:YPM-IZ-110251;Church2025:YPM-IZ-110254;Church2025:YPM-IZ-110264;Church2025:YPM-IZ-110268;Church2025:YPM-IZ-110276;Church2025:YPM-IZ-110277;Church2025:YPM-IZ-110278;Church2025:YPM-IZ-110433;Church2025:YPM-IZ-110434;Church2025:YPM-IZ-110436;Church2025:YPM-IZ-110438;Church2025:YPM-IZ-110443;Church2025:YPM-IZ-110460;Church2025:YPM-IZ-110467;Church2025:YPM-IZ-110468;Church2025:YPM-IZ-110470;Church2025:YPM-IZ-110471;Church2025:YPM-IZ-110473;Church2025:YPM-IZ-110474;Church2025:YPM-IZ-110480;Church2025:YPM-IZ-110515;Church2025:YPM-IZ-110520;Church2025:YPM-IZ-110526;Church2025:YPM-IZ-110557;Church2025:YPM-IZ-110558;Church2025:YPM-IZ-110566;Church2025:YPM-IZ-110569;Church2025:YPM-IZ-110600;Church2025:YPM-IZ-110602;Church2025:YPM-IZ-110605;Church2025:YPM-IZ-110612;Church2025:YPM-IZ-110613;Church2025:YPM-IZ-110616;Church2025:YPM-IZ-110631;Church2025:YPM-IZ-110633;Church2025:YPM-IZ-110667;Church2025:YPM-IZ-110694;Church2025:YPM-IZ-110716;Church2025:YPM-IZ-110726;Church2025:YPM-IZ-110777;Church2025:YPM-IZ-110780;Church2025:YPM-IZ-110785;Church2025:YPM-IZ-110786;Church2025:YPM-IZ-110829;Church2025:YPM-IZ-110830;Church2025:YPM-IZ-110843;Church2025:YPM-IZ-110844;Church2025:YPM-IZ-110845;Church2025:YPM-IZ-110846;Church2025:YPM-IZ-110847;Church2025:YPM-IZ-110876;Church2025:YPM-IZ-110878;Church2025:YPM-IZ-110880;Church2025:YPM-IZ-110881;Church2025:YPM-IZ-110882;Church2025:YPM-IZ-110883;Church2025:YPM-IZ-110925;Church2025:YPM-IZ-110926;Church2025:YPM-IZ-110930;Church2025:YPM-IZ-110931;Church2025:YPM-IZ-110933;Church2025:YPM-IZ-110937;Church2025:YPM-IZ-110938;Church2025:YPM-IZ-110943;Church2025:YPM-IZ-110972;Church2025:YPM-IZ-111006;Church2025:YPM-IZ-111007;Church2025:YPM-IZ-111008;Church2025:YPM-IZ-111009;Church2025:YPM-IZ-111010;Church2025:YPM-IZ-111012;Church2025:YPM-IZ-111013;Church2025:YPM-IZ-111014;Church2025:YPM-IZ-111016;Church2025:YPM-IZ-111017;Church2025:YPM-IZ-111018;Church2025:YPM-IZ-111156;Church2025:YPM-IZ-111157;Church2025:YPM-IZ-111158;Church2025:YPM-IZ-111159;Church2025:YPM-IZ-111160;Church2025:YPM-IZ-111163;Church2025:YPM-IZ-111209;Church2025:YPM-IZ-111517;Church2025:YPM-IZ-111518;Church2025:YPM-IZ-111519;Church2025:YPM-IZ-111520;Church2025:YPM-IZ-111521;Church2025:YPM-IZ-111529;Church2025:YPM-IZ-111530;Church2025:YPM-IZ-111539;Church2025:YPM-IZ-111547;Church2025:YPM-IZ-111839;Church2025:YPM-IZ-111840
single_flowcell	all_tissues	all_regions	MAGSP0010	37	122	0.30327869	Church2025:OA-190531-1;Church2025:TMAG-K5635;Church2025:TMAG-K5636;Church2025:WAM-Z97901;Church2025:WAM-Z97903;Church2025:WAM-Z97906;Church2025:WAM-Z97917;Church2025:WAM-Z97920;Church2025:WAM-Z97921;Church2025:YPM-IZ-106954;Church2025:YPM-IZ-110436;Church2025:YPM-IZ-110467;Church2025:YPM-IZ-110473;Church2025:YPM-IZ-110515;Church2025:YPM-IZ-110520;Church2025:YPM-IZ-110566;Church2025:YPM-IZ-110569;Church2025:YPM-IZ-110602;Church2025:YPM-IZ-110613;Church2025:YPM-IZ-110694;Church2025:YPM-IZ-110844;Church2025:YPM-IZ-110930;Church2025:YPM-IZ-110931;Church2025:YPM-IZ-110938;Church2025:YPM-IZ-110943;Church2025:YPM-IZ-111006;Church2025:YPM-IZ-111007;Church2025:YPM-IZ-111008;Church2025:YPM-IZ-111009;Church2025:YPM-IZ-111010;Church2025:YPM-IZ-111156;Church2025:YPM-IZ-111157;Church2025:YPM-IZ-111158;Church2025:YPM-IZ-111159;Church2025:YPM-IZ-111160;Church2025:YPM-IZ-111163;Church2025:YPM-IZ-111209	Church2025:FM-16644;Church2025:NIWA-173305;Church2025:OA-190531-1;Church2025:OA-Bluebottle;Church2025:TMAG-K5634;Church2025:TMAG-K5635;Church2025:TMAG-K5636;Church2025:WAM-Z97900;Church2025:WAM-Z97901;Church2025:WAM-Z97903;Church2025:WAM-Z97906;Church2025:WAM-Z97917;Church2025:WAM-Z97920;Church2025:WAM-Z97921;Church2025:YPM-IZ-104460;Church2025:YPM-IZ-104461;Church2025:YPM-IZ-104464;Church2025:YPM-IZ-104465;Church2025:YPM-IZ-106919;Church2025:YPM-IZ-106920;Church2025:YPM-IZ-106923;Church2025:YPM-IZ-106935;Church2025:YPM-IZ-106936;Church2025:YPM-IZ-106937;Church2025:YPM-IZ-106941;Church2025:YPM-IZ-106943;Church2025:YPM-IZ-106954;Church2025:YPM-IZ-106958;Church2025:YPM-IZ-110251;Church2025:YPM-IZ-110254;Church2025:YPM-IZ-110264;Church2025:YPM-IZ-110268;Church2025:YPM-IZ-110276;Church2025:YPM-IZ-110277;Church2025:YPM-IZ-110278;Church2025:YPM-IZ-110433;Church2025:YPM-IZ-110434;Church2025:YPM-IZ-110436;Church2025:YPM-IZ-110438;Church2025:YPM-IZ-110443;Church2025:YPM-IZ-110460;Church2025:YPM-IZ-110467;Church2025:YPM-IZ-110468;Church2025:YPM-IZ-110470;Church2025:YPM-IZ-110471;Church2025:YPM-IZ-110473;Church2025:YPM-IZ-110474;Church2025:YPM-IZ-110480;Church2025:YPM-IZ-110515;Church2025:YPM-IZ-110520;Church2025:YPM-IZ-110526;Church2025:YPM-IZ-110557;Church2025:YPM-IZ-110558;Church2025:YPM-IZ-110566;Church2025:YPM-IZ-110569;Church2025:YPM-IZ-110600;Church2025:YPM-IZ-110602;Church2025:YPM-IZ-110605;Church2025:YPM-IZ-110612;Church2025:YPM-IZ-110613;Church2025:YPM-IZ-110616;Church2025:YPM-IZ-110631;Church2025:YPM-IZ-110633;Church2025:YPM-IZ-110667;Church2025:YPM-IZ-110694;Church2025:YPM-IZ-110716;Church2025:YPM-IZ-110726;Church2025:YPM-IZ-110777;Church2025:YPM-IZ-110780;Church2025:YPM-IZ-110785;Church2025:YPM-IZ-110786;Church2025:YPM-IZ-110829;Church2025:YPM-IZ-110830;Church2025:YPM-IZ-110843;Church2025:YPM-IZ-110844;Church2025:YPM-IZ-110845;Church2025:YPM-IZ-110846;Church2025:YPM-IZ-110847;Church2025:YPM-IZ-110876;Church2025:YPM-IZ-110878;Church2025:YPM-IZ-110880;Church2025:YPM-IZ-110881;Church2025:YPM-IZ-110882;Church2025:YPM-IZ-110883;Church2025:YPM-IZ-110925;Church2025:YPM-IZ-110926;Church2025:YPM-IZ-110930;Church2025:YPM-IZ-110931;Church2025:YPM-IZ-110933;Church2025:YPM-IZ-110937;Church2025:YPM-IZ-110938;Church2025:YPM-IZ-110943;Church2025:YPM-IZ-110972;Church2025:YPM-IZ-111006;Church2025:YPM-IZ-111007;Church2025:YPM-IZ-111008;Church2025:YPM-IZ-111009;Church2025:YPM-IZ-111010;Church2025:YPM-IZ-111012;Church2025:YPM-IZ-111013;Church2025:YPM-IZ-111014;Church2025:YPM-IZ-111016;Church2025:YPM-IZ-111017;Church2025:YPM-IZ-111018;Church2025:YPM-IZ-111156;Church2025:YPM-IZ-111157;Church2025:YPM-IZ-111158;Church2025:YPM-IZ-111159;Church2025:YPM-IZ-111160;Church2025:YPM-IZ-111163;Church2025:YPM-IZ-111209;Church2025:YPM-IZ-111517;Church2025:YPM-IZ-111518;Church2025:YPM-IZ-111519;Church2025:YPM-IZ-111520;Church2025:YPM-IZ-111521;Church2025:YPM-IZ-111529;Church2025:YPM-IZ-111530;Church2025:YPM-IZ-111539;Church2025:YPM-IZ-111547;Church2025:YPM-IZ-111839;Church2025:YPM-IZ-111840
single_flowcell	all_tissues	all_regions	Vibrio	18	122	0.14754098	Church2025:FM-16644;Church2025:WAM-Z97903;Church2025:YPM-IZ-106923;Church2025:YPM-IZ-110433;Church2025:YPM-IZ-110434;Church2025:YPM-IZ-110600;Church2025:YPM-IZ-110602;Church2025:YPM-IZ-110616;Church2025:YPM-IZ-110631;Church2025:YPM-IZ-110633;Church2025:YPM-IZ-110667;Church2025:YPM-IZ-110785;Church2025:YPM-IZ-110786;Church2025:YPM-IZ-110829;Church2025:YPM-IZ-110878;Church2025:YPM-IZ-110972;Church2025:YPM-IZ-111163;Church2025:YPM-IZ-111839	Church2025:FM-16644;Church2025:NIWA-173305;Church2025:OA-190531-1;Church2025:OA-Bluebottle;Church2025:TMAG-K5634;Church2025:TMAG-K5635;Church2025:TMAG-K5636;Church2025:WAM-Z97900;Church2025:WAM-Z97901;Church2025:WAM-Z97903;Church2025:WAM-Z97906;Church2025:WAM-Z97917;Church2025:WAM-Z97920;Church2025:WAM-Z97921;Church2025:YPM-IZ-104460;Church2025:YPM-IZ-104461;Church2025:YPM-IZ-104464;Church2025:YPM-IZ-104465;Church2025:YPM-IZ-106919;Church2025:YPM-IZ-106920;Church2025:YPM-IZ-106923;Church2025:YPM-IZ-106935;Church2025:YPM-IZ-106936;Church2025:YPM-IZ-106937;Church2025:YPM-IZ-106941;Church2025:YPM-IZ-106943;Church2025:YPM-IZ-106954;Church2025:YPM-IZ-106958;Church2025:YPM-IZ-110251;Church2025:YPM-IZ-110254;Church2025:YPM-IZ-110264;Church2025:YPM-IZ-110268;Church2025:YPM-IZ-110276;Church2025:YPM-IZ-110277;Church2025:YPM-IZ-110278;Church2025:YPM-IZ-110433;Church2025:YPM-IZ-110434;Church2025:YPM-IZ-110436;Church2025:YPM-IZ-110438;Church2025:YPM-IZ-110443;Church2025:YPM-IZ-110460;Church2025:YPM-IZ-110467;Church2025:YPM-IZ-110468;Church2025:YPM-IZ-110470;Church2025:YPM-IZ-110471;Church2025:YPM-IZ-110473;Church2025:YPM-IZ-110474;Church2025:YPM-IZ-110480;Church2025:YPM-IZ-110515;Church2025:YPM-IZ-110520;Church2025:YPM-IZ-110526;Church2025:YPM-IZ-110557;Church2025:YPM-IZ-110558;Church2025:YPM-IZ-110566;Church2025:YPM-IZ-110569;Church2025:YPM-IZ-110600;Church2025:YPM-IZ-110602;Church2025:YPM-IZ-110605;Church2025:YPM-IZ-110612;Church2025:YPM-IZ-110613;Church2025:YPM-IZ-110616;Church2025:YPM-IZ-110631;Church2025:YPM-IZ-110633;Church2025:YPM-IZ-110667;Church2025:YPM-IZ-110694;Church2025:YPM-IZ-110716;Church2025:YPM-IZ-110726;Church2025:YPM-IZ-110777;Church2025:YPM-IZ-110780;Church2025:YPM-IZ-110785;Church2025:YPM-IZ-110786;Church2025:YPM-IZ-110829;Church2025:YPM-IZ-110830;Church2025:YPM-IZ-110843;Church2025:YPM-IZ-110844;Church2025:YPM-IZ-110845;Church2025:YPM-IZ-110846;Church2025:YPM-IZ-110847;Church2025:YPM-IZ-110876;Church2025:YPM-IZ-110878;Church2025:YPM-IZ-110880;Church2025:YPM-IZ-110881;Church2025:YPM-IZ-110882;Church2025:YPM-IZ-110883;Church2025:YPM-IZ-110925;Church2025:YPM-IZ-110926;Church2025:YPM-IZ-110930;Church2025:YPM-IZ-110931;Church2025:YPM-IZ-110933;Church2025:YPM-IZ-110937;Church2025:YPM-IZ-110938;Church2025:YPM-IZ-110943;Church2025:YPM-IZ-110972;Church2025:YPM-IZ-111006;Church2025:YPM-IZ-111007;Church2025:YPM-IZ-111008;Church2025:YPM-IZ-111009;Church2025:YPM-IZ-111010;Church2025:YPM-IZ-111012;Church2025:YPM-IZ-111013;Church2025:YPM-IZ-111014;Church2025:YPM-IZ-111016;Church2025:YPM-IZ-111017;Church2025:YPM-IZ-111018;Church2025:YPM-IZ-111156;Church2025:YPM-IZ-111157;Church2025:YPM-IZ-111158;Church2025:YPM-IZ-111159;Church2025:YPM-IZ-111160;Church2025:YPM-IZ-111163;Church2025:YPM-IZ-111209;Church2025:YPM-IZ-111517;Church2025:YPM-IZ-111518;Church2025:YPM-IZ-111519;Church2025:YPM-IZ-111520;Church2025:YPM-IZ-111521;Church2025:YPM-IZ-111529;Church2025:YPM-IZ-111530;Church2025:YPM-IZ-111539;Church2025:YPM-IZ-111547;Church2025:YPM-IZ-111839;Church2025:YPM-IZ-111840
single_flowcell	all_tissues	Central Pacific	MAGSP0005	1	20	0.05	Church2025:YPM-IZ-111839	Church2025:YPM-IZ-110264;Church2025:YPM-IZ-110268;Church2025:YPM-IZ-110276;Church2025:YPM-IZ-110277;Church2025:YPM-IZ-110278;Church2025:YPM-IZ-110460;Church2025:YPM-IZ-110471;Church2025:YPM-IZ-110473;Church2025:YPM-IZ-110474;Church2025:YPM-IZ-110480;Church2025:YPM-IZ-110777;Church2025:YPM-IZ-110780;Church2025:YPM-IZ-110785;Church2025:YPM-IZ-110786;Church2025:YPM-IZ-110881;Church2025:YPM-IZ-110882;Church2025:YPM-IZ-110883;Church2025:YPM-IZ-111547;Church2025:YPM-IZ-111839;Church2025:YPM-IZ-111840
single_flowcell	all_tissues	Central Pacific	MAGSP0007	1	20	0.05	Church2025:YPM-IZ-110780	Church2025:YPM-IZ-110264;Church2025:YPM-IZ-110268;Church2025:YPM-IZ-110276;Church2025:YPM-IZ-110277;Church2025:YPM-IZ-110278;Church2025:YPM-IZ-110460;Church2025:YPM-IZ-110471;Church2025:YPM-IZ-110473;Church2025:YPM-IZ-110474;Church2025:YPM-IZ-110480;Church2025:YPM-IZ-110777;Church2025:YPM-IZ-110780;Church2025:YPM-IZ-110785;Church2025:YPM-IZ-110786;Church2025:YPM-IZ-110881;Church2025:YPM-IZ-110882;Church2025:YPM-IZ-110883;Church2025:YPM-IZ-111547;Church2025:YPM-IZ-111839;Church2025:YPM-IZ-111840
single_flowcell	all_tissues	Central Pacific	MAGSP0010	1	20	0.05	Church2025:YPM-IZ-110473	Church2025:YPM-IZ-110264;Church2025:YPM-IZ-110268;Church2025:YPM-IZ-110276;Church2025:YPM-IZ-110277;Church2025:YPM-IZ-110278;Church2025:YPM-IZ-110460;Church2025:YPM-IZ-110471;Church2025:YPM-IZ-110473;Church2025:YPM-IZ-110474;Church2025:YPM-IZ-110480;Church2025:YPM-IZ-110777;Church2025:YPM-IZ-110780;Church2025:YPM-IZ-110785;Church2025:YPM-IZ-110786;Church2025:YPM-IZ-110881;Church2025:YPM-IZ-110882;Church2025:YPM-IZ-110883;Church2025:YPM-IZ-111547;Church2025:YPM-IZ-111839;Church2025:YPM-IZ-111840
single_flowcell	all_tissues	Central Pacific	Vibrio	3	20	0.15	Church2025:YPM-IZ-110785;Church2025:YPM-IZ-110786;Church2025:YPM-IZ-111839	Church2025:YPM-IZ-110264;Church2025:YPM-IZ-110268;Church2025:YPM-IZ-110276;Church2025:YPM-IZ-110277;Church2025:YPM-IZ-110278;Church2025:YPM-IZ-110460;Church2025:YPM-IZ-110471;Church2025:YPM-IZ-110473;Church2025:YPM-IZ-110474;Church2025:YPM-IZ-110480;Church2025:YPM-IZ-110777;Church2025:YPM-IZ-110780;Church2025:YPM-IZ-110785;Church2025:YPM-IZ-110786;Church2025:YPM-IZ-110881;Church2025:YPM-IZ-110882;Church2025:YPM-IZ-110883;Church2025:YPM-IZ-111547;Church2025:YPM-IZ-111839;Church2025:YPM-IZ-111840
single_flowcell	all_tissues	E Indian	MAGSP0005	3	4	0.75	Church2025:WAM-Z97900;Church2025:WAM-Z97901;Church2025:WAM-Z97903	Church2025:WAM-Z97900;Church2025:WAM-Z97901;Church2025:WAM-Z97903;Church2025:WAM-Z97906
single_flowcell	all_tissues	E Indian	MAGSP0007	0	4	0		Church2025:WAM-Z97900;Church2025:WAM-Z97901;Church2025:WAM-Z97903;Church2025:WAM-Z97906
single_flowcell	all_tissues	E Indian	MAGSP0010	3	4	0.75	Church2025:WAM-Z97901;Church2025:WAM-Z97903;Church2025:WAM-Z97906	Church2025:WAM-Z97900;Church2025:WAM-Z97901;Church2025:WAM-Z97903;Church2025:WAM-Z97906
single_flowcell	all_tissues	E Indian	Vibrio	1	4	0.25	Church2025:WAM-Z97903	Church2025:WAM-Z97900;Church2025:WAM-Z97901;Church2025:WAM-Z97903;Church2025:WAM-Z97906
single_flowcell	all_tissues	Gulf of California	MAGSP0005	0	1	0		Church2025:YPM-IZ-110878
single_flowcell	all_tissues	Gulf of California	MAGSP0007	0	1	0		Church2025:YPM-IZ-110878
single_flowcell	all_tissues	Gulf of California	MAGSP0010	0	1	0		Church2025:YPM-IZ-110878
single_flowcell	all_tissues	Gulf of California	Vibrio	1	1	1	Church2025:YPM-IZ-110878	Church2025:YPM-IZ-110878
single_flowcell	all_tissues	Gulf of Mexico	MAGSP0005	0	7	0		Church2025:YPM-IZ-106935;Church2025:YPM-IZ-106936;Church2025:YPM-IZ-106937;Church2025:YPM-IZ-106958;Church2025:YPM-IZ-110438;Church2025:YPM-IZ-110443;Church2025:YPM-IZ-110876
single_flowcell	all_tissues	Gulf of Mexico	MAGSP0007	0	7	0		Church2025:YPM-IZ-106935;Church2025:YPM-IZ-106936;Church2025:YPM-IZ-106937;Church2025:YPM-IZ-106958;Church2025:YPM-IZ-110438;Church2025:YPM-IZ-110443;Church2025:YPM-IZ-110876
single_flowcell	all_tissues	Gulf of Mexico	MAGSP0010	0	7	0		Church2025:YPM-IZ-106935;Church2025:YPM-IZ-106936;Church2025:YPM-IZ-106937;Church2025:YPM-IZ-106958;Church2025:YPM-IZ-110438;Church2025:YPM-IZ-110443;Church2025:YPM-IZ-110876
single_flowcell	all_tissues	Gulf of Mexico	Vibrio	0	7	0		Church2025:YPM-IZ-106935;Church2025:YPM-IZ-106936;Church2025:YPM-IZ-106937;Church2025:YPM-IZ-106958;Church2025:YPM-IZ-110438;Church2025:YPM-IZ-110443;Church2025:YPM-IZ-110876
single_flowcell	all_tissues	NE Atlantic	MAGSP0005	0	9	0		Church2025:FM-16644;Church2025:YPM-IZ-110716;Church2025:YPM-IZ-110726;Church2025:YPM-IZ-110843;Church2025:YPM-IZ-110844;Church2025:YPM-IZ-110845;Church2025:YPM-IZ-110846;Church2025:YPM-IZ-110847;Church2025:YPM-IZ-110972
single_flowcell	all_tissues	NE Atlantic	MAGSP0007	0	9	0		Church2025:FM-16644;Church2025:YPM-IZ-110716;Church2025:YPM-IZ-110726;Church2025:YPM-IZ-110843;Church2025:YPM-IZ-110844;Church2025:YPM-IZ-110845;Church2025:YPM-IZ-110846;Church2025:YPM-IZ-110847;Church2025:YPM-IZ-110972
single_flowcell	all_tissues	NE Atlantic	MAGSP0010	1	9	0.11111111	Church2025:YPM-IZ-110844	Church2025:FM-16644;Church2025:YPM-IZ-110716;Church2025:YPM-IZ-110726;Church2025:YPM-IZ-110843;Church2025:YPM-IZ-110844;Church2025:YPM-IZ-110845;Church2025:YPM-IZ-110846;Church2025:YPM-IZ-110847;Church2025:YPM-IZ-110972
single_flowcell	all_tissues	NE Atlantic	Vibrio	2	9	0.22222222	Church2025:FM-16644;Church2025:YPM-IZ-110972	Church2025:FM-16644;Church2025:YPM-IZ-110716;Church2025:YPM-IZ-110726;Church2025:YPM-IZ-110843;Church2025:YPM-IZ-110844;Church2025:YPM-IZ-110845;Church2025:YPM-IZ-110846;Church2025:YPM-IZ-110847;Church2025:YPM-IZ-110972
single_flowcell	all_tissues	NW Atlantic	MAGSP0005	0	19	0		Church2025:YPM-IZ-106941;Church2025:YPM-IZ-106943;Church2025:YPM-IZ-106954;Church2025:YPM-IZ-110251;Church2025:YPM-IZ-110254;Church2025:YPM-IZ-110433;Church2025:YPM-IZ-110434;Church2025:YPM-IZ-110436;Church2025:YPM-IZ-110631;Church2025:YPM-IZ-110633;Church2025:YPM-IZ-110667;Church2025:YPM-IZ-110694;Church2025:YPM-IZ-110880;Church2025:YPM-IZ-111012;Church2025:YPM-IZ-111013;Church2025:YPM-IZ-111014;Church2025:YPM-IZ-111016;Church2025:YPM-IZ-111017;Church2025:YPM-IZ-111018
single_flowcell	all_tissues	NW Atlantic	MAGSP0007	0	19	0		Church2025:YPM-IZ-106941;Church2025:YPM-IZ-106943;Church2025:YPM-IZ-106954;Church2025:YPM-IZ-110251;Church2025:YPM-IZ-110254;Church2025:YPM-IZ-110433;Church2025:YPM-IZ-110434;Church2025:YPM-IZ-110436;Church2025:YPM-IZ-110631;Church2025:YPM-IZ-110633;Church2025:YPM-IZ-110667;Church2025:YPM-IZ-110694;Church2025:YPM-IZ-110880;Church2025:YPM-IZ-111012;Church2025:YPM-IZ-111013;Church2025:YPM-IZ-111014;Church2025:YPM-IZ-111016;Church2025:YPM-IZ-111017;Church2025:YPM-IZ-111018
single_flowcell	all_tissues	NW Atlantic	MAGSP0010	3	19	0.15789474	Church2025:YPM-IZ-106954;Church2025:YPM-IZ-110436;Church2025:YPM-IZ-110694	Church2025:YPM-IZ-106941;Church2025:YPM-IZ-106943;Church2025:YPM-IZ-106954;Church2025:YPM-IZ-110251;Church2025:YPM-IZ-110254;Church2025:YPM-IZ-110433;Church2025:YPM-IZ-110434;Church2025:YPM-IZ-110436;Church2025:YPM-IZ-110631;Church2025:YPM-IZ-110633;Church2025:YPM-IZ-110667;Church2025:YPM-IZ-110694;Church2025:YPM-IZ-110880;Church2025:YPM-IZ-111012;Church2025:YPM-IZ-111013;Church2025:YPM-IZ-111014;Church2025:YPM-IZ-111016;Church2025:YPM-IZ-111017;Church2025:YPM-IZ-111018
single_flowcell	all_tissues	NW Atlantic	Vibrio	5	19	0.26315789	Church2025:YPM-IZ-110433;Church2025:YPM-IZ-110434;Church2025:YPM-IZ-110631;Church2025:YPM-IZ-110633;Church2025:YPM-IZ-110667	Church2025:YPM-IZ-106941;Church2025:YPM-IZ-106943;Church2025:YPM-IZ-106954;Church2025:YPM-IZ-110251;Church2025:YPM-IZ-110254;Church2025:YPM-IZ-110433;Church2025:YPM-IZ-110434;Church2025:YPM-IZ-110436;Church2025:YPM-IZ-110631;Church2025:YPM-IZ-110633;Church2025:YPM-IZ-110667;Church2025:YPM-IZ-110694;Church2025:YPM-IZ-110880;Church2025:YPM-IZ-111012;Church2025:YPM-IZ-111013;Church2025:YPM-IZ-111014;Church2025:YPM-IZ-111016;Church2025:YPM-IZ-111017;Church2025:YPM-IZ-111018
single_flowcell	all_tissues	NW Pacific	MAGSP0005	3	19	0.15789474	Church2025:YPM-IZ-110566;Church2025:YPM-IZ-110569;Church2025:YPM-IZ-110931	Church2025:YPM-IZ-104460;Church2025:YPM-IZ-104461;Church2025:YPM-IZ-104464;Church2025:YPM-IZ-104465;Church2025:YPM-IZ-106919;Church2025:YPM-IZ-106920;Church2025:YPM-IZ-106923;Church2025:YPM-IZ-110566;Church2025:YPM-IZ-110569;Church2025:YPM-IZ-110600;Church2025:YPM-IZ-110602;Church2025:YPM-IZ-110925;Church2025:YPM-IZ-110926;Church2025:YPM-IZ-110930;Church2025:YPM-IZ-110931;Church2025:YPM-IZ-110933;Church2025:YPM-IZ-110937;Church2025:YPM-IZ-110938;Church2025:YPM-IZ-110943
single_flowcell	all_tissues	NW Pacific	MAGSP0007	1	19	0.052631579	Church2025:YPM-IZ-110938	Church2025:YPM-IZ-104460;Church2025:YPM-IZ-104461;Church2025:YPM-IZ-104464;Church2025:YPM-IZ-104465;Church2025:YPM-IZ-106919;Church2025:YPM-IZ-106920;Church2025:YPM-IZ-106923;Church2025:YPM-IZ-110566;Church2025:YPM-IZ-110569;Church2025:YPM-IZ-110600;Church2025:YPM-IZ-110602;Church2025:YPM-IZ-110925;Church2025:YPM-IZ-110926;Church2025:YPM-IZ-110930;Church2025:YPM-IZ-110931;Church2025:YPM-IZ-110933;Church2025:YPM-IZ-110937;Church2025:YPM-IZ-110938;Church2025:YPM-IZ-110943
single_flowcell	all_tissues	NW Pacific	MAGSP0010	7	19	0.36842105	Church2025:YPM-IZ-110566;Church2025:YPM-IZ-110569;Church2025:YPM-IZ-110602;Church2025:YPM-IZ-110930;Church2025:YPM-IZ-110931;Church2025:YPM-IZ-110938;Church2025:YPM-IZ-110943	Church2025:YPM-IZ-104460;Church2025:YPM-IZ-104461;Church2025:YPM-IZ-104464;Church2025:YPM-IZ-104465;Church2025:YPM-IZ-106919;Church2025:YPM-IZ-106920;Church2025:YPM-IZ-106923;Church2025:YPM-IZ-110566;Church2025:YPM-IZ-110569;Church2025:YPM-IZ-110600;Church2025:YPM-IZ-110602;Church2025:YPM-IZ-110925;Church2025:YPM-IZ-110926;Church2025:YPM-IZ-110930;Church2025:YPM-IZ-110931;Church2025:YPM-IZ-110933;Church2025:YPM-IZ-110937;Church2025:YPM-IZ-110938;Church2025:YPM-IZ-110943
single_flowcell	all_tissues	NW Pacific	Vibrio	3	19	0.15789474	Church2025:YPM-IZ-106923;Church2025:YPM-IZ-110600;Church2025:YPM-IZ-110602	Church2025:YPM-IZ-104460;Church2025:YPM-IZ-104461;Church2025:YPM-IZ-104464;Church2025:YPM-IZ-104465;Church2025:YPM-IZ-106919;Church2025:YPM-IZ-106920;Church2025:YPM-IZ-106923;Church2025:YPM-IZ-110566;Church2025:YPM-IZ-110569;Church2025:YPM-IZ-110600;Church2025:YPM-IZ-110602;Church2025:YPM-IZ-110925;Church2025:YPM-IZ-110926;Church2025:YPM-IZ-110930;Church2025:YPM-IZ-110931;Church2025:YPM-IZ-110933;Church2025:YPM-IZ-110937;Church2025:YPM-IZ-110938;Church2025:YPM-IZ-110943
single_flowcell	all_tissues	SE Pacific	MAGSP0005	0	1	0		Church2025:YPM-IZ-110829
single_flowcell	all_tissues	SE Pacific	MAGSP0007	0	1	0		Church2025:YPM-IZ-110829
single_flowcell	all_tissues	SE Pacific	MAGSP0010	0	1	0		Church2025:YPM-IZ-110829
single_flowcell	all_tissues	SE Pacific	Vibrio	1	1	1	Church2025:YPM-IZ-110829	Church2025:YPM-IZ-110829
single_flowcell	all_tissues	SW Atlantic	MAGSP0005	1	1	1	Church2025:YPM-IZ-110830	Church2025:YPM-IZ-110830
single_flowcell	all_tissues	SW Atlantic	MAGSP0007	0	1	0		Church2025:YPM-IZ-110830
single_flowcell	all_tissues	SW Atlantic	MAGSP0010	0	1	0		Church2025:YPM-IZ-110830
single_flowcell	all_tissues	SW Atlantic	Vibrio	0	1	0		Church2025:YPM-IZ-110830
single_flowcell	all_tissues	SW Pacific	MAGSP0005	16	36	0.44444444	Church2025:TMAG-K5634;Church2025:TMAG-K5635;Church2025:TMAG-K5636;Church2025:WAM-Z97917;Church2025:WAM-Z97920;Church2025:WAM-Z97921;Church2025:YPM-IZ-110468;Church2025:YPM-IZ-110515;Church2025:YPM-IZ-110557;Church2025:YPM-IZ-110558;Church2025:YPM-IZ-110605;Church2025:YPM-IZ-110613;Church2025:YPM-IZ-111156;Church2025:YPM-IZ-111157;Church2025:YPM-IZ-111159;Church2025:YPM-IZ-111160	Church2025:NIWA-173305;Church2025:OA-190531-1;Church2025:OA-Bluebottle;Church2025:TMAG-K5634;Church2025:TMAG-K5635;Church2025:TMAG-K5636;Church2025:WAM-Z97917;Church2025:WAM-Z97920;Church2025:WAM-Z97921;Church2025:YPM-IZ-110467;Church2025:YPM-IZ-110468;Church2025:YPM-IZ-110470;Church2025:YPM-IZ-110515;Church2025:YPM-IZ-110520;Church2025:YPM-IZ-110526;Church2025:YPM-IZ-110557;Church2025:YPM-IZ-110558;Church2025:YPM-IZ-110605;Church2025:YPM-IZ-110612;Church2025:YPM-IZ-110613;Church2025:YPM-IZ-110616;Church2025:YPM-IZ-111156;Church2025:YPM-IZ-111157;Church2025:YPM-IZ-111158;Church2025:YPM-IZ-111159;Church2025:YPM-IZ-111160;Church2025:YPM-IZ-111163;Church2025:YPM-IZ-111209;Church2025:YPM-IZ-111517;Church2025:YPM-IZ-111518;Church2025:YPM-IZ-111519;Church2025:YPM-IZ-111520;Church2025:YPM-IZ-111521;Church2025:YPM-IZ-111529;Church2025:YPM-IZ-111530;Church2025:YPM-IZ-111539
single_flowcell	all_tissues	SW Pacific	MAGSP0007	13	36	0.36111111	Church2025:OA-190531-1;Church2025:TMAG-K5635;Church2025:WAM-Z97917;Church2025:WAM-Z97920;Church2025:WAM-Z97921;Church2025:YPM-IZ-110515;Church2025:YPM-IZ-110520;Church2025:YPM-IZ-110613;Church2025:YPM-IZ-111156;Church2025:YPM-IZ-111157;Church2025:YPM-IZ-111158;Church2025:YPM-IZ-111159;Church2025:YPM-IZ-111163	Church2025:NIWA-173305;Church2025:OA-190531-1;Church2025:OA-Bluebottle;Church2025:TMAG-K5634;Church2025:TMAG-K5635;Church2025:TMAG-K5636;Church2025:WAM-Z97917;Church2025:WAM-Z97920;Church2025:WAM-Z97921;Church2025:YPM-IZ-110467;Church2025:YPM-IZ-110468;Church2025:YPM-IZ-110470;Church2025:YPM-IZ-110515;Church2025:YPM-IZ-110520;Church2025:YPM-IZ-110526;Church2025:YPM-IZ-110557;Church2025:YPM-IZ-110558;Church2025:YPM-IZ-110605;Church2025:YPM-IZ-110612;Church2025:YPM-IZ-110613;Church2025:YPM-IZ-110616;Church2025:YPM-IZ-111156;Church2025:YPM-IZ-111157;Church2025:YPM-IZ-111158;Church2025:YPM-IZ-111159;Church2025:YPM-IZ-111160;Church2025:YPM-IZ-111163;Church2025:YPM-IZ-111209;Church2025:YPM-IZ-111517;Church2025:YPM-IZ-111518;Church2025:YPM-IZ-111519;Church2025:YPM-IZ-111520;Church2025:YPM-IZ-111521;Church2025:YPM-IZ-111529;Church2025:YPM-IZ-111530;Church2025:YPM-IZ-111539
single_flowcell	all_tissues	SW Pacific	MAGSP0010	17	36	0.47222222	Church2025:OA-190531-1;Church2025:TMAG-K5635;Church2025:TMAG-K5636;Church2025:WAM-Z97917;Church2025:WAM-Z97920;Church2025:WAM-Z97921;Church2025:YPM-IZ-110467;Church2025:YPM-IZ-110515;Church2025:YPM-IZ-110520;Church2025:YPM-IZ-110613;Church2025:YPM-IZ-111156;Church2025:YPM-IZ-111157;Church2025:YPM-IZ-111158;Church2025:YPM-IZ-111159;Church2025:YPM-IZ-111160;Church2025:YPM-IZ-111163;Church2025:YPM-IZ-111209	Church2025:NIWA-173305;Church2025:OA-190531-1;Church2025:OA-Bluebottle;Church2025:TMAG-K5634;Church2025:TMAG-K5635;Church2025:TMAG-K5636;Church2025:WAM-Z97917;Church2025:WAM-Z97920;Church2025:WAM-Z97921;Church2025:YPM-IZ-110467;Church2025:YPM-IZ-110468;Church2025:YPM-IZ-110470;Church2025:YPM-IZ-110515;Church2025:YPM-IZ-110520;Church2025:YPM-IZ-110526;Church2025:YPM-IZ-110557;Church2025:YPM-IZ-110558;Church2025:YPM-IZ-110605;Church2025:YPM-IZ-110612;Church2025:YPM-IZ-110613;Church2025:YPM-IZ-110616;Church2025:YPM-IZ-111156;Church2025:YPM-IZ-111157;Church2025:YPM-IZ-111158;Church2025:YPM-IZ-111159;Church2025:YPM-IZ-111160;Church2025:YPM-IZ-111163;Church2025:YPM-IZ-111209;Church2025:YPM-IZ-111517;Church2025:YPM-IZ-111518;Church2025:YPM-IZ-111519;Church2025:YPM-IZ-111520;Church2025:YPM-IZ-111521;Church2025:YPM-IZ-111529;Church2025:YPM-IZ-111530;Church2025:YPM-IZ-111539
single_flowcell	all_tissues	SW Pacific	Vibrio	2	36	0.055555556	Church2025:YPM-IZ-110616;Church2025:YPM-IZ-111163	Church2025:NIWA-173305;Church2025:OA-190531-1;Church2025:OA-Bluebottle;Church2025:TMAG-K5634;Church2025:TMAG-K5635;Church2025:TMAG-K5636;Church2025:WAM-Z97917;Church2025:WAM-Z97920;Church2025:WAM-Z97921;Church2025:YPM-IZ-110467;Church2025:YPM-IZ-110468;Church2025:YPM-IZ-110470;Church2025:YPM-IZ-110515;Church2025:YPM-IZ-110520;Church2025:YPM-IZ-110526;Church2025:YPM-IZ-110557;Church2025:YPM-IZ-110558;Church2025:YPM-IZ-110605;Church2025:YPM-IZ-110612;Church2025:YPM-IZ-110613;Church2025:YPM-IZ-110616;Church2025:YPM-IZ-111156;Church2025:YPM-IZ-111157;Church2025:YPM-IZ-111158;Church2025:YPM-IZ-111159;Church2025:YPM-IZ-111160;Church2025:YPM-IZ-111163;Church2025:YPM-IZ-111209;Church2025:YPM-IZ-111517;Church2025:YPM-IZ-111518;Church2025:YPM-IZ-111519;Church2025:YPM-IZ-111520;Church2025:YPM-IZ-111521;Church2025:YPM-IZ-111529;Church2025:YPM-IZ-111530;Church2025:YPM-IZ-111539
single_flowcell	all_tissues	W Indian	MAGSP0005	4	5	0.8	Church2025:YPM-IZ-111006;Church2025:YPM-IZ-111007;Church2025:YPM-IZ-111008;Church2025:YPM-IZ-111009	Church2025:YPM-IZ-111006;Church2025:YPM-IZ-111007;Church2025:YPM-IZ-111008;Church2025:YPM-IZ-111009;Church2025:YPM-IZ-111010
single_flowcell	all_tissues	W Indian	MAGSP0007	2	5	0.4	Church2025:YPM-IZ-111007;Church2025:YPM-IZ-111008	Church2025:YPM-IZ-111006;Church2025:YPM-IZ-111007;Church2025:YPM-IZ-111008;Church2025:YPM-IZ-111009;Church2025:YPM-IZ-111010
single_flowcell	all_tissues	W Indian	MAGSP0010	5	5	1	Church2025:YPM-IZ-111006;Church2025:YPM-IZ-111007;Church2025:YPM-IZ-111008;Church2025:YPM-IZ-111009;Church2025:YPM-IZ-111010	Church2025:YPM-IZ-111006;Church2025:YPM-IZ-111007;Church2025:YPM-IZ-111008;Church2025:YPM-IZ-111009;Church2025:YPM-IZ-111010
single_flowcell	all_tissues	W Indian	Vibrio	0	5	0		Church2025:YPM-IZ-111006;Church2025:YPM-IZ-111007;Church2025:YPM-IZ-111008;Church2025:YPM-IZ-111009;Church2025:YPM-IZ-111010
single_flowcell	tentacle	all_regions	MAGSP0005	21	95	0.22105263	Church2025:TMAG-K5634;Church2025:TMAG-K5635;Church2025:TMAG-K5636;Church2025:YPM-IZ-110468;Church2025:YPM-IZ-110515;Church2025:YPM-IZ-110557;Church2025:YPM-IZ-110558;Church2025:YPM-IZ-110566;Church2025:YPM-IZ-110569;Church2025:YPM-IZ-110605;Church2025:YPM-IZ-110613;Church2025:YPM-IZ-110830;Church2025:YPM-IZ-110931;Church2025:YPM-IZ-111006;Church2025:YPM-IZ-111007;Church2025:YPM-IZ-111008;Church2025:YPM-IZ-111009;Church2025:YPM-IZ-111156;Church2025:YPM-IZ-111157;Church2025:YPM-IZ-111159;Church2025:YPM-IZ-111160	Church2025:FM-16644;Church2025:NIWA-173305;Church2025:TMAG-K5634;Church2025:TMAG-K5635;Church2025:TMAG-K5636;Church2025:YPM-IZ-104460;Church2025:YPM-IZ-104461;Church2025:YPM-IZ-104464;Church2025:YPM-IZ-106919;Church2025:YPM-IZ-106920;Church2025:YPM-IZ-106923;Church2025:YPM-IZ-106935;Church2025:YPM-IZ-106936;Church2025:YPM-IZ-106937;Church2025:YPM-IZ-106941;Church2025:YPM-IZ-106943;Church2025:YPM-IZ-106954;Church2025:YPM-IZ-106958;Church2025:YPM-IZ-110251;Church2025:YPM-IZ-110254;Church2025:YPM-IZ-110264;Church2025:YPM-IZ-110268;Church2025:YPM-IZ-110276;Church2025:YPM-IZ-110277;Church2025:YPM-IZ-110278;Church2025:YPM-IZ-110433;Church2025:YPM-IZ-110438;Church2025:YPM-IZ-110443;Church2025:YPM-IZ-110460;Church2025:YPM-IZ-110467;Church2025:YPM-IZ-110468;Church2025:YPM-IZ-110471;Church2025:YPM-IZ-110473;Church2025:YPM-IZ-110474;Church2025:YPM-IZ-110480;Church2025:YPM-IZ-110515;Church2025:YPM-IZ-110520;Church2025:YPM-IZ-110526;Church2025:YPM-IZ-110557;Church2025:YPM-IZ-110558;Church2025:YPM-IZ-110566;Church2025:YPM-IZ-110569;Church2025:YPM-IZ-110600;Church2025:YPM-IZ-110602;Church2025:YPM-IZ-110605;Church2025:YPM-IZ-110612;Church2025:YPM-IZ-110613;Church2025:YPM-IZ-110616;Church2025:YPM-IZ-110631;Church2025:YPM-IZ-110633;Church2025:YPM-IZ-110667;Church2025:YPM-IZ-110694;Church2025:YPM-IZ-110716;Church2025:YPM-IZ-110726;Church2025:YPM-IZ-110777;Church2025:YPM-IZ-110780;Church2025:YPM-IZ-110785;Church2025:YPM-IZ-110786;Church2025:YPM-IZ-110829;Church2025:YPM-IZ-110830;Church2025:YPM-IZ-110843;Church2025:YPM-IZ-110844;Church2025:YPM-IZ-110845;Church2025:YPM-IZ-110846;Church2025:YPM-IZ-110847;Church2025:YPM-IZ-110876;Church2025:YPM-IZ-110878;Church2025:YPM-IZ-110880;Church2025:YPM-IZ-110925;Church2025:YPM-IZ-110926;Church2025:YPM-IZ-110930;Church2025:YPM-IZ-110931;Church2025:YPM-IZ-110933;Church2025:YPM-IZ-110937;Church2025:YPM-IZ-110938;Church2025:YPM-IZ-110943;Church2025:YPM-IZ-110972;Church2025:YPM-IZ-111006;Church2025:YPM-IZ-111007;Church2025:YPM-IZ-111008;Church2025:YPM-IZ-111009;Church2025:YPM-IZ-111010;Church2025:YPM-IZ-111012;Church2025:YPM-IZ-111013;Church2025:YPM-IZ-111014;Church2025:YPM-IZ-111016;Church2025:YPM-IZ-111017;Church2025:YPM-IZ-111018;Church2025:YPM-IZ-111156;Church2025:YPM-IZ-111157;Church2025:YPM-IZ-111158;Church2025:YPM-IZ-111159;Church2025:YPM-IZ-111160;Church2025:YPM-IZ-111163;Church2025:YPM-IZ-111209
single_flowcell	tentacle	all_regions	MAGSP0007	13	95	0.13684211	Church2025:TMAG-K5635;Church2025:YPM-IZ-110515;Church2025:YPM-IZ-110520;Church2025:YPM-IZ-110613;Church2025:YPM-IZ-110780;Church2025:YPM-IZ-110938;Church2025:YPM-IZ-111007;Church2025:YPM-IZ-111008;Church2025:YPM-IZ-111156;Church2025:YPM-IZ-111157;Church2025:YPM-IZ-111158;Church2025:YPM-IZ-111159;Church2025:YPM-IZ-111163	Church2025:FM-16644;Church2025:NIWA-173305;Church2025:TMAG-K5634;Church2025:TMAG-K5635;Church2025:TMAG-K5636;Church2025:YPM-IZ-104460;Church2025:YPM-IZ-104461;Church2025:YPM-IZ-104464;Church2025:YPM-IZ-106919;Church2025:YPM-IZ-106920;Church2025:YPM-IZ-106923;Church2025:YPM-IZ-106935;Church2025:YPM-IZ-106936;Church2025:YPM-IZ-106937;Church2025:YPM-IZ-106941;Church2025:YPM-IZ-106943;Church2025:YPM-IZ-106954;Church2025:YPM-IZ-106958;Church2025:YPM-IZ-110251;Church2025:YPM-IZ-110254;Church2025:YPM-IZ-110264;Church2025:YPM-IZ-110268;Church2025:YPM-IZ-110276;Church2025:YPM-IZ-110277;Church2025:YPM-IZ-110278;Church2025:YPM-IZ-110433;Church2025:YPM-IZ-110438;Church2025:YPM-IZ-110443;Church2025:YPM-IZ-110460;Church2025:YPM-IZ-110467;Church2025:YPM-IZ-110468;Church2025:YPM-IZ-110471;Church2025:YPM-IZ-110473;Church2025:YPM-IZ-110474;Church2025:YPM-IZ-110480;Church2025:YPM-IZ-110515;Church2025:YPM-IZ-110520;Church2025:YPM-IZ-110526;Church2025:YPM-IZ-110557;Church2025:YPM-IZ-110558;Church2025:YPM-IZ-110566;Church2025:YPM-IZ-110569;Church2025:YPM-IZ-110600;Church2025:YPM-IZ-110602;Church2025:YPM-IZ-110605;Church2025:YPM-IZ-110612;Church2025:YPM-IZ-110613;Church2025:YPM-IZ-110616;Church2025:YPM-IZ-110631;Church2025:YPM-IZ-110633;Church2025:YPM-IZ-110667;Church2025:YPM-IZ-110694;Church2025:YPM-IZ-110716;Church2025:YPM-IZ-110726;Church2025:YPM-IZ-110777;Church2025:YPM-IZ-110780;Church2025:YPM-IZ-110785;Church2025:YPM-IZ-110786;Church2025:YPM-IZ-110829;Church2025:YPM-IZ-110830;Church2025:YPM-IZ-110843;Church2025:YPM-IZ-110844;Church2025:YPM-IZ-110845;Church2025:YPM-IZ-110846;Church2025:YPM-IZ-110847;Church2025:YPM-IZ-110876;Church2025:YPM-IZ-110878;Church2025:YPM-IZ-110880;Church2025:YPM-IZ-110925;Church2025:YPM-IZ-110926;Church2025:YPM-IZ-110930;Church2025:YPM-IZ-110931;Church2025:YPM-IZ-110933;Church2025:YPM-IZ-110937;Church2025:YPM-IZ-110938;Church2025:YPM-IZ-110943;Church2025:YPM-IZ-110972;Church2025:YPM-IZ-111006;Church2025:YPM-IZ-111007;Church2025:YPM-IZ-111008;Church2025:YPM-IZ-111009;Church2025:YPM-IZ-111010;Church2025:YPM-IZ-111012;Church2025:YPM-IZ-111013;Church2025:YPM-IZ-111014;Church2025:YPM-IZ-111016;Church2025:YPM-IZ-111017;Church2025:YPM-IZ-111018;Church2025:YPM-IZ-111156;Church2025:YPM-IZ-111157;Church2025:YPM-IZ-111158;Church2025:YPM-IZ-111159;Church2025:YPM-IZ-111160;Church2025:YPM-IZ-111163;Church2025:YPM-IZ-111209
single_flowcell	tentacle	all_regions	MAGSP0010	29	95	0.30526316	Church2025:TMAG-K5635;Church2025:TMAG-K5636;Church2025:YPM-IZ-106954;Church2025:YPM-IZ-110467;Church2025:YPM-IZ-110473;Church2025:YPM-IZ-110515;Church2025:YPM-IZ-110520;Church2025:YPM-IZ-110566;Church2025:YPM-IZ-110569;Church2025:YPM-IZ-110602;Church2025:YPM-IZ-110613;Church2025:YPM-IZ-110694;Church2025:YPM-IZ-110844;Church2025:YPM-IZ-110930;Church2025:YPM-IZ-110931;Church2025:YPM-IZ-110938;Church2025:YPM-IZ-110943;Church2025:YPM-IZ-111006;Church2025:YPM-IZ-111007;Church2025:YPM-IZ-111008;Church2025:YPM-IZ-111009;Church2025:YPM-IZ-111010;Church2025:YPM-IZ-111156;Church2025:YPM-IZ-111157;Church2025:YPM-IZ-111158;Church2025:YPM-IZ-111159;Church2025:YPM-IZ-111160;Church2025:YPM-IZ-111163;Church2025:YPM-IZ-111209	Church2025:FM-16644;Church2025:NIWA-173305;Church2025:TMAG-K5634;Church2025:TMAG-K5635;Church2025:TMAG-K5636;Church2025:YPM-IZ-104460;Church2025:YPM-IZ-104461;Church2025:YPM-IZ-104464;Church2025:YPM-IZ-106919;Church2025:YPM-IZ-106920;Church2025:YPM-IZ-106923;Church2025:YPM-IZ-106935;Church2025:YPM-IZ-106936;Church2025:YPM-IZ-106937;Church2025:YPM-IZ-106941;Church2025:YPM-IZ-106943;Church2025:YPM-IZ-106954;Church2025:YPM-IZ-106958;Church2025:YPM-IZ-110251;Church2025:YPM-IZ-110254;Church2025:YPM-IZ-110264;Church2025:YPM-IZ-110268;Church2025:YPM-IZ-110276;Church2025:YPM-IZ-110277;Church2025:YPM-IZ-110278;Church2025:YPM-IZ-110433;Church2025:YPM-IZ-110438;Church2025:YPM-IZ-110443;Church2025:YPM-IZ-110460;Church2025:YPM-IZ-110467;Church2025:YPM-IZ-110468;Church2025:YPM-IZ-110471;Church2025:YPM-IZ-110473;Church2025:YPM-IZ-110474;Church2025:YPM-IZ-110480;Church2025:YPM-IZ-110515;Church2025:YPM-IZ-110520;Church2025:YPM-IZ-110526;Church2025:YPM-IZ-110557;Church2025:YPM-IZ-110558;Church2025:YPM-IZ-110566;Church2025:YPM-IZ-110569;Church2025:YPM-IZ-110600;Church2025:YPM-IZ-110602;Church2025:YPM-IZ-110605;Church2025:YPM-IZ-110612;Church2025:YPM-IZ-110613;Church2025:YPM-IZ-110616;Church2025:YPM-IZ-110631;Church2025:YPM-IZ-110633;Church2025:YPM-IZ-110667;Church2025:YPM-IZ-110694;Church2025:YPM-IZ-110716;Church2025:YPM-IZ-110726;Church2025:YPM-IZ-110777;Church2025:YPM-IZ-110780;Church2025:YPM-IZ-110785;Church2025:YPM-IZ-110786;Church2025:YPM-IZ-110829;Church2025:YPM-IZ-110830;Church2025:YPM-IZ-110843;Church2025:YPM-IZ-110844;Church2025:YPM-IZ-110845;Church2025:YPM-IZ-110846;Church2025:YPM-IZ-110847;Church2025:YPM-IZ-110876;Church2025:YPM-IZ-110878;Church2025:YPM-IZ-110880;Church2025:YPM-IZ-110925;Church2025:YPM-IZ-110926;Church2025:YPM-IZ-110930;Church2025:YPM-IZ-110931;Church2025:YPM-IZ-110933;Church2025:YPM-IZ-110937;Church2025:YPM-IZ-110938;Church2025:YPM-IZ-110943;Church2025:YPM-IZ-110972;Church2025:YPM-IZ-111006;Church2025:YPM-IZ-111007;Church2025:YPM-IZ-111008;Church2025:YPM-IZ-111009;Church2025:YPM-IZ-111010;Church2025:YPM-IZ-111012;Church2025:YPM-IZ-111013;Church2025:YPM-IZ-111014;Church2025:YPM-IZ-111016;Church2025:YPM-IZ-111017;Church2025:YPM-IZ-111018;Church2025:YPM-IZ-111156;Church2025:YPM-IZ-111157;Church2025:YPM-IZ-111158;Church2025:YPM-IZ-111159;Church2025:YPM-IZ-111160;Church2025:YPM-IZ-111163;Church2025:YPM-IZ-111209
single_flowcell	tentacle	all_regions	Vibrio	15	95	0.15789474	Church2025:FM-16644;Church2025:YPM-IZ-106923;Church2025:YPM-IZ-110433;Church2025:YPM-IZ-110600;Church2025:YPM-IZ-110602;Church2025:YPM-IZ-110616;Church2025:YPM-IZ-110631;Church2025:YPM-IZ-110633;Church2025:YPM-IZ-110667;Church2025:YPM-IZ-110785;Church2025:YPM-IZ-110786;Church2025:YPM-IZ-110829;Church2025:YPM-IZ-110878;Church2025:YPM-IZ-110972;Church2025:YPM-IZ-111163	Church2025:FM-16644;Church2025:NIWA-173305;Church2025:TMAG-K5634;Church2025:TMAG-K5635;Church2025:TMAG-K5636;Church2025:YPM-IZ-104460;Church2025:YPM-IZ-104461;Church2025:YPM-IZ-104464;Church2025:YPM-IZ-106919;Church2025:YPM-IZ-106920;Church2025:YPM-IZ-106923;Church2025:YPM-IZ-106935;Church2025:YPM-IZ-106936;Church2025:YPM-IZ-106937;Church2025:YPM-IZ-106941;Church2025:YPM-IZ-106943;Church2025:YPM-IZ-106954;Church2025:YPM-IZ-106958;Church2025:YPM-IZ-110251;Church2025:YPM-IZ-110254;Church2025:YPM-IZ-110264;Church2025:YPM-IZ-110268;Church2025:YPM-IZ-110276;Church2025:YPM-IZ-110277;Church2025:YPM-IZ-110278;Church2025:YPM-IZ-110433;Church2025:YPM-IZ-110438;Church2025:YPM-IZ-110443;Church2025:YPM-IZ-110460;Church2025:YPM-IZ-110467;Church2025:YPM-IZ-110468;Church2025:YPM-IZ-110471;Church2025:YPM-IZ-110473;Church2025:YPM-IZ-110474;Church2025:YPM-IZ-110480;Church2025:YPM-IZ-110515;Church2025:YPM-IZ-110520;Church2025:YPM-IZ-110526;Church2025:YPM-IZ-110557;Church2025:YPM-IZ-110558;Church2025:YPM-IZ-110566;Church2025:YPM-IZ-110569;Church2025:YPM-IZ-110600;Church2025:YPM-IZ-110602;Church2025:YPM-IZ-110605;Church2025:YPM-IZ-110612;Church2025:YPM-IZ-110613;Church2025:YPM-IZ-110616;Church2025:YPM-IZ-110631;Church2025:YPM-IZ-110633;Church2025:YPM-IZ-110667;Church2025:YPM-IZ-110694;Church2025:YPM-IZ-110716;Church2025:YPM-IZ-110726;Church2025:YPM-IZ-110777;Church2025:YPM-IZ-110780;Church2025:YPM-IZ-110785;Church2025:YPM-IZ-110786;Church2025:YPM-IZ-110829;Church2025:YPM-IZ-110830;Church2025:YPM-IZ-110843;Church2025:YPM-IZ-110844;Church2025:YPM-IZ-110845;Church2025:YPM-IZ-110846;Church2025:YPM-IZ-110847;Church2025:YPM-IZ-110876;Church2025:YPM-IZ-110878;Church2025:YPM-IZ-110880;Church2025:YPM-IZ-110925;Church2025:YPM-IZ-110926;Church2025:YPM-IZ-110930;Church2025:YPM-IZ-110931;Church2025:YPM-IZ-110933;Church2025:YPM-IZ-110937;Church2025:YPM-IZ-110938;Church2025:YPM-IZ-110943;Church2025:YPM-IZ-110972;Church2025:YPM-IZ-111006;Church2025:YPM-IZ-111007;Church2025:YPM-IZ-111008;Church2025:YPM-IZ-111009;Church2025:YPM-IZ-111010;Church2025:YPM-IZ-111012;Church2025:YPM-IZ-111013;Church2025:YPM-IZ-111014;Church2025:YPM-IZ-111016;Church2025:YPM-IZ-111017;Church2025:YPM-IZ-111018;Church2025:YPM-IZ-111156;Church2025:YPM-IZ-111157;Church2025:YPM-IZ-111158;Church2025:YPM-IZ-111159;Church2025:YPM-IZ-111160;Church2025:YPM-IZ-111163;Church2025:YPM-IZ-111209
single_flowcell	tentacle	Central Pacific	MAGSP0005	0	14	0		Church2025:YPM-IZ-110264;Church2025:YPM-IZ-110268;Church2025:YPM-IZ-110276;Church2025:YPM-IZ-110277;Church2025:YPM-IZ-110278;Church2025:YPM-IZ-110460;Church2025:YPM-IZ-110471;Church2025:YPM-IZ-110473;Church2025:YPM-IZ-110474;Church2025:YPM-IZ-110480;Church2025:YPM-IZ-110777;Church2025:YPM-IZ-110780;Church2025:YPM-IZ-110785;Church2025:YPM-IZ-110786
single_flowcell	tentacle	Central Pacific	MAGSP0007	1	14	0.071428571	Church2025:YPM-IZ-110780	Church2025:YPM-IZ-110264;Church2025:YPM-IZ-110268;Church2025:YPM-IZ-110276;Church2025:YPM-IZ-110277;Church2025:YPM-IZ-110278;Church2025:YPM-IZ-110460;Church2025:YPM-IZ-110471;Church2025:YPM-IZ-110473;Church2025:YPM-IZ-110474;Church2025:YPM-IZ-110480;Church2025:YPM-IZ-110777;Church2025:YPM-IZ-110780;Church2025:YPM-IZ-110785;Church2025:YPM-IZ-110786
single_flowcell	tentacle	Central Pacific	MAGSP0010	1	14	0.071428571	Church2025:YPM-IZ-110473	Church2025:YPM-IZ-110264;Church2025:YPM-IZ-110268;Church2025:YPM-IZ-110276;Church2025:YPM-IZ-110277;Church2025:YPM-IZ-110278;Church2025:YPM-IZ-110460;Church2025:YPM-IZ-110471;Church2025:YPM-IZ-110473;Church2025:YPM-IZ-110474;Church2025:YPM-IZ-110480;Church2025:YPM-IZ-110777;Church2025:YPM-IZ-110780;Church2025:YPM-IZ-110785;Church2025:YPM-IZ-110786
single_flowcell	tentacle	Central Pacific	Vibrio	2	14	0.14285714	Church2025:YPM-IZ-110785;Church2025:YPM-IZ-110786	Church2025:YPM-IZ-110264;Church2025:YPM-IZ-110268;Church2025:YPM-IZ-110276;Church2025:YPM-IZ-110277;Church2025:YPM-IZ-110278;Church2025:YPM-IZ-110460;Church2025:YPM-IZ-110471;Church2025:YPM-IZ-110473;Church2025:YPM-IZ-110474;Church2025:YPM-IZ-110480;Church2025:YPM-IZ-110777;Church2025:YPM-IZ-110780;Church2025:YPM-IZ-110785;Church2025:YPM-IZ-110786
single_flowcell	tentacle	E Indian	MAGSP0005	0	0			
single_flowcell	tentacle	E Indian	MAGSP0007	0	0			
single_flowcell	tentacle	E Indian	MAGSP0010	0	0			
single_flowcell	tentacle	E Indian	Vibrio	0	0			
single_flowcell	tentacle	Gulf of California	MAGSP0005	0	1	0		Church2025:YPM-IZ-110878
single_flowcell	tentacle	Gulf of California	MAGSP0007	0	1	0		Church2025:YPM-IZ-110878
single_flowcell	tentacle	Gulf of California	MAGSP0010	0	1	0		Church2025:YPM-IZ-110878
single_flowcell	tentacle	Gulf of California	Vibrio	1	1	1	Church2025:YPM-IZ-110878	Church2025:YPM-IZ-110878
single_flowcell	tentacle	Gulf of Mexico	MAGSP0005	0	7	0		Church2025:YPM-IZ-106935;Church2025:YPM-IZ-106936;Church2025:YPM-IZ-106937;Church2025:YPM-IZ-106958;Church2025:YPM-IZ-110438;Church2025:YPM-IZ-110443;Church2025:YPM-IZ-110876
single_flowcell	tentacle	Gulf of Mexico	MAGSP0007	0	7	0		Church2025:YPM-IZ-106935;Church2025:YPM-IZ-106936;Church2025:YPM-IZ-106937;Church2025:YPM-IZ-106958;Church2025:YPM-IZ-110438;Church2025:YPM-IZ-110443;Church2025:YPM-IZ-110876
single_flowcell	tentacle	Gulf of Mexico	MAGSP0010	0	7	0		Church2025:YPM-IZ-106935;Church2025:YPM-IZ-106936;Church2025:YPM-IZ-106937;Church2025:YPM-IZ-106958;Church2025:YPM-IZ-110438;Church2025:YPM-IZ-110443;Church2025:YPM-IZ-110876
single_flowcell	tentacle	Gulf of Mexico	Vibrio	0	7	0		Church2025:YPM-IZ-106935;Church2025:YPM-IZ-106936;Church2025:YPM-IZ-106937;Church2025:YPM-IZ-106958;Church2025:YPM-IZ-110438;Church2025:YPM-IZ-110443;Church2025:YPM-IZ-110876
single_flowcell	tentacle	NE Atlantic	MAGSP0005	0	9	0		Church2025:FM-16644;Church2025:YPM-IZ-110716;Church2025:YPM-IZ-110726;Church2025:YPM-IZ-110843;Church2025:YPM-IZ-110844;Church2025:YPM-IZ-110845;Church2025:YPM-IZ-110846;Church2025:YPM-IZ-110847;Church2025:YPM-IZ-110972
single_flowcell	tentacle	NE Atlantic	MAGSP0007	0	9	0		Church2025:FM-16644;Church2025:YPM-IZ-110716;Church2025:YPM-IZ-110726;Church2025:YPM-IZ-110843;Church2025:YPM-IZ-110844;Church2025:YPM-IZ-110845;Church2025:YPM-IZ-110846;Church2025:YPM-IZ-110847;Church2025:YPM-IZ-110972
single_flowcell	tentacle	NE Atlantic	MAGSP0010	1	9	0.11111111	Church2025:YPM-IZ-110844	Church2025:FM-16644;Church2025:YPM-IZ-110716;Church2025:YPM-IZ-110726;Church2025:YPM-IZ-110843;Church2025:YPM-IZ-110844;Church2025:YPM-IZ-110845;Church2025:YPM-IZ-110846;Church2025:YPM-IZ-110847;Church2025:YPM-IZ-110972
single_flowcell	tentacle	NE Atlantic	Vibrio	2	9	0.22222222	Church2025:FM-16644;Church2025:YPM-IZ-110972	Church2025:FM-16644;Church2025:YPM-IZ-110716;Church2025:YPM-IZ-110726;Church2025:YPM-IZ-110843;Church2025:YPM-IZ-110844;Church2025:YPM-IZ-110845;Church2025:YPM-IZ-110846;Church2025:YPM-IZ-110847;Church2025:YPM-IZ-110972
single_flowcell	tentacle	NW Atlantic	MAGSP0005	0	17	0		Church2025:YPM-IZ-106941;Church2025:YPM-IZ-106943;Church2025:YPM-IZ-106954;Church2025:YPM-IZ-110251;Church2025:YPM-IZ-110254;Church2025:YPM-IZ-110433;Church2025:YPM-IZ-110631;Church2025:YPM-IZ-110633;Church2025:YPM-IZ-110667;Church2025:YPM-IZ-110694;Church2025:YPM-IZ-110880;Church2025:YPM-IZ-111012;Church2025:YPM-IZ-111013;Church2025:YPM-IZ-111014;Church2025:YPM-IZ-111016;Church2025:YPM-IZ-111017;Church2025:YPM-IZ-111018
single_flowcell	tentacle	NW Atlantic	MAGSP0007	0	17	0		Church2025:YPM-IZ-106941;Church2025:YPM-IZ-106943;Church2025:YPM-IZ-106954;Church2025:YPM-IZ-110251;Church2025:YPM-IZ-110254;Church2025:YPM-IZ-110433;Church2025:YPM-IZ-110631;Church2025:YPM-IZ-110633;Church2025:YPM-IZ-110667;Church2025:YPM-IZ-110694;Church2025:YPM-IZ-110880;Church2025:YPM-IZ-111012;Church2025:YPM-IZ-111013;Church2025:YPM-IZ-111014;Church2025:YPM-IZ-111016;Church2025:YPM-IZ-111017;Church2025:YPM-IZ-111018
single_flowcell	tentacle	NW Atlantic	MAGSP0010	2	17	0.11764706	Church2025:YPM-IZ-106954;Church2025:YPM-IZ-110694	Church2025:YPM-IZ-106941;Church2025:YPM-IZ-106943;Church2025:YPM-IZ-106954;Church2025:YPM-IZ-110251;Church2025:YPM-IZ-110254;Church2025:YPM-IZ-110433;Church2025:YPM-IZ-110631;Church2025:YPM-IZ-110633;Church2025:YPM-IZ-110667;Church2025:YPM-IZ-110694;Church2025:YPM-IZ-110880;Church2025:YPM-IZ-111012;Church2025:YPM-IZ-111013;Church2025:YPM-IZ-111014;Church2025:YPM-IZ-111016;Church2025:YPM-IZ-111017;Church2025:YPM-IZ-111018
single_flowcell	tentacle	NW Atlantic	Vibrio	4	17	0.23529412	Church2025:YPM-IZ-110433;Church2025:YPM-IZ-110631;Church2025:YPM-IZ-110633;Church2025:YPM-IZ-110667	Church2025:YPM-IZ-106941;Church2025:YPM-IZ-106943;Church2025:YPM-IZ-106954;Church2025:YPM-IZ-110251;Church2025:YPM-IZ-110254;Church2025:YPM-IZ-110433;Church2025:YPM-IZ-110631;Church2025:YPM-IZ-110633;Church2025:YPM-IZ-110667;Church2025:YPM-IZ-110694;Church2025:YPM-IZ-110880;Church2025:YPM-IZ-111012;Church2025:YPM-IZ-111013;Church2025:YPM-IZ-111014;Church2025:YPM-IZ-111016;Church2025:YPM-IZ-111017;Church2025:YPM-IZ-111018
single_flowcell	tentacle	NW Pacific	MAGSP0005	3	18	0.16666667	Church2025:YPM-IZ-110566;Church2025:YPM-IZ-110569;Church2025:YPM-IZ-110931	Church2025:YPM-IZ-104460;Church2025:YPM-IZ-104461;Church2025:YPM-IZ-104464;Church2025:YPM-IZ-106919;Church2025:YPM-IZ-106920;Church2025:YPM-IZ-106923;Church2025:YPM-IZ-110566;Church2025:YPM-IZ-110569;Church2025:YPM-IZ-110600;Church2025:YPM-IZ-110602;Church2025:YPM-IZ-110925;Church2025:YPM-IZ-110926;Church2025:YPM-IZ-110930;Church2025:YPM-IZ-110931;Church2025:YPM-IZ-110933;Church2025:YPM-IZ-110937;Church2025:YPM-IZ-110938;Church2025:YPM-IZ-110943
single_flowcell	tentacle	NW Pacific	MAGSP0007	1	18	0.055555556	Church2025:YPM-IZ-110938	Church2025:YPM-IZ-104460;Church2025:YPM-IZ-104461;Church2025:YPM-IZ-104464;Church2025:YPM-IZ-106919;Church2025:YPM-IZ-106920;Church2025:YPM-IZ-106923;Church2025:YPM-IZ-110566;Church2025:YPM-IZ-110569;Church2025:YPM-IZ-110600;Church2025:YPM-IZ-110602;Church2025:YPM-IZ-110925;Church2025:YPM-IZ-110926;Church2025:YPM-IZ-110930;Church2025:YPM-IZ-110931;Church2025:YPM-IZ-110933;Church2025:YPM-IZ-110937;Church2025:YPM-IZ-110938;Church2025:YPM-IZ-110943
single_flowcell	tentacle	NW Pacific	MAGSP0010	7	18	0.38888889	Church2025:YPM-IZ-110566;Church2025:YPM-IZ-110569;Church2025:YPM-IZ-110602;Church2025:YPM-IZ-110930;Church2025:YPM-IZ-110931;Church2025:YPM-IZ-110938;Church2025:YPM-IZ-110943	Church2025:YPM-IZ-104460;Church2025:YPM-IZ-104461;Church2025:YPM-IZ-104464;Church2025:YPM-IZ-106919;Church2025:YPM-IZ-106920;Church2025:YPM-IZ-106923;Church2025:YPM-IZ-110566;Church2025:YPM-IZ-110569;Church2025:YPM-IZ-110600;Church2025:YPM-IZ-110602;Church2025:YPM-IZ-110925;Church2025:YPM-IZ-110926;Church2025:YPM-IZ-110930;Church2025:YPM-IZ-110931;Church2025:YPM-IZ-110933;Church2025:YPM-IZ-110937;Church2025:YPM-IZ-110938;Church2025:YPM-IZ-110943
single_flowcell	tentacle	NW Pacific	Vibrio	3	18	0.16666667	Church2025:YPM-IZ-106923;Church2025:YPM-IZ-110600;Church2025:YPM-IZ-110602	Church2025:YPM-IZ-104460;Church2025:YPM-IZ-104461;Church2025:YPM-IZ-104464;Church2025:YPM-IZ-106919;Church2025:YPM-IZ-106920;Church2025:YPM-IZ-106923;Church2025:YPM-IZ-110566;Church2025:YPM-IZ-110569;Church2025:YPM-IZ-110600;Church2025:YPM-IZ-110602;Church2025:YPM-IZ-110925;Church2025:YPM-IZ-110926;Church2025:YPM-IZ-110930;Church2025:YPM-IZ-110931;Church2025:YPM-IZ-110933;Church2025:YPM-IZ-110937;Church2025:YPM-IZ-110938;Church2025:YPM-IZ-110943
single_flowcell	tentacle	SE Pacific	MAGSP0005	0	1	0		Church2025:YPM-IZ-110829
single_flowcell	tentacle	SE Pacific	MAGSP0007	0	1	0		Church2025:YPM-IZ-110829
single_flowcell	tentacle	SE Pacific	MAGSP0010	0	1	0		Church2025:YPM-IZ-110829
single_flowcell	tentacle	SE Pacific	Vibrio	1	1	1	Church2025:YPM-IZ-110829	Church2025:YPM-IZ-110829
single_flowcell	tentacle	SW Atlantic	MAGSP0005	1	1	1	Church2025:YPM-IZ-110830	Church2025:YPM-IZ-110830
single_flowcell	tentacle	SW Atlantic	MAGSP0007	0	1	0		Church2025:YPM-IZ-110830
single_flowcell	tentacle	SW Atlantic	MAGSP0010	0	1	0		Church2025:YPM-IZ-110830
single_flowcell	tentacle	SW Atlantic	Vibrio	0	1	0		Church2025:YPM-IZ-110830
single_flowcell	tentacle	SW Pacific	MAGSP0005	13	22	0.59090909	Church2025:TMAG-K5634;Church2025:TMAG-K5635;Church2025:TMAG-K5636;Church2025:YPM-IZ-110468;Church2025:YPM-IZ-110515;Church2025:YPM-IZ-110557;Church2025:YPM-IZ-110558;Church2025:YPM-IZ-110605;Church2025:YPM-IZ-110613;Church2025:YPM-IZ-111156;Church2025:YPM-IZ-111157;Church2025:YPM-IZ-111159;Church2025:YPM-IZ-111160	Church2025:NIWA-173305;Church2025:TMAG-K5634;Church2025:TMAG-K5635;Church2025:TMAG-K5636;Church2025:YPM-IZ-110467;Church2025:YPM-IZ-110468;Church2025:YPM-IZ-110515;Church2025:YPM-IZ-110520;Church2025:YPM-IZ-110526;Church2025:YPM-IZ-110557;Church2025:YPM-IZ-110558;Church2025:YPM-IZ-110605;Church2025:YPM-IZ-110612;Church2025:YPM-IZ-110613;Church2025:YPM-IZ-110616;Church2025:YPM-IZ-111156;Church2025:YPM-IZ-111157;Church2025:YPM-IZ-111158;Church2025:YPM-IZ-111159;Church2025:YPM-IZ-111160;Church2025:YPM-IZ-111163;Church2025:YPM-IZ-111209
single_flowcell	tentacle	SW Pacific	MAGSP0007	9	22	0.40909091	Church2025:TMAG-K5635;Church2025:YPM-IZ-110515;Church2025:YPM-IZ-110520;Church2025:YPM-IZ-110613;Church2025:YPM-IZ-111156;Church2025:YPM-IZ-111157;Church2025:YPM-IZ-111158;Church2025:YPM-IZ-111159;Church2025:YPM-IZ-111163	Church2025:NIWA-173305;Church2025:TMAG-K5634;Church2025:TMAG-K5635;Church2025:TMAG-K5636;Church2025:YPM-IZ-110467;Church2025:YPM-IZ-110468;Church2025:YPM-IZ-110515;Church2025:YPM-IZ-110520;Church2025:YPM-IZ-110526;Church2025:YPM-IZ-110557;Church2025:YPM-IZ-110558;Church2025:YPM-IZ-110605;Church2025:YPM-IZ-110612;Church2025:YPM-IZ-110613;Church2025:YPM-IZ-110616;Church2025:YPM-IZ-111156;Church2025:YPM-IZ-111157;Church2025:YPM-IZ-111158;Church2025:YPM-IZ-111159;Church2025:YPM-IZ-111160;Church2025:YPM-IZ-111163;Church2025:YPM-IZ-111209
single_flowcell	tentacle	SW Pacific	MAGSP0010	13	22	0.59090909	Church2025:TMAG-K5635;Church2025:TMAG-K5636;Church2025:YPM-IZ-110467;Church2025:YPM-IZ-110515;Church2025:YPM-IZ-110520;Church2025:YPM-IZ-110613;Church2025:YPM-IZ-111156;Church2025:YPM-IZ-111157;Church2025:YPM-IZ-111158;Church2025:YPM-IZ-111159;Church2025:YPM-IZ-111160;Church2025:YPM-IZ-111163;Church2025:YPM-IZ-111209	Church2025:NIWA-173305;Church2025:TMAG-K5634;Church2025:TMAG-K5635;Church2025:TMAG-K5636;Church2025:YPM-IZ-110467;Church2025:YPM-IZ-110468;Church2025:YPM-IZ-110515;Church2025:YPM-IZ-110520;Church2025:YPM-IZ-110526;Church2025:YPM-IZ-110557;Church2025:YPM-IZ-110558;Church2025:YPM-IZ-110605;Church2025:YPM-IZ-110612;Church2025:YPM-IZ-110613;Church2025:YPM-IZ-110616;Church2025:YPM-IZ-111156;Church2025:YPM-IZ-111157;Church2025:YPM-IZ-111158;Church2025:YPM-IZ-111159;Church2025:YPM-IZ-111160;Church2025:YPM-IZ-111163;Church2025:YPM-IZ-111209
single_flowcell	tentacle	SW Pacific	Vibrio	2	22	0.090909091	Church2025:YPM-IZ-110616;Church2025:YPM-IZ-111163	Church2025:NIWA-173305;Church2025:TMAG-K5634;Church2025:TMAG-K5635;Church2025:TMAG-K5636;Church2025:YPM-IZ-110467;Church2025:YPM-IZ-110468;Church2025:YPM-IZ-110515;Church2025:YPM-IZ-110520;Church2025:YPM-IZ-110526;Church2025:YPM-IZ-110557;Church2025:YPM-IZ-110558;Church2025:YPM-IZ-110605;Church2025:YPM-IZ-110612;Church2025:YPM-IZ-110613;Church2025:YPM-IZ-110616;Church2025:YPM-IZ-111156;Church2025:YPM-IZ-111157;Church2025:YPM-IZ-111158;Church2025:YPM-IZ-111159;Church2025:YPM-IZ-111160;Church2025:YPM-IZ-111163;Church2025:YPM-IZ-111209
single_flowcell	tentacle	W Indian	MAGSP0005	4	5	0.8	Church2025:YPM-IZ-111006;Church2025:YPM-IZ-111007;Church2025:YPM-IZ-111008;Church2025:YPM-IZ-111009	Church2025:YPM-IZ-111006;Church2025:YPM-IZ-111007;Church2025:YPM-IZ-111008;Church2025:YPM-IZ-111009;Church2025:YPM-IZ-111010
single_flowcell	tentacle	W Indian	MAGSP0007	2	5	0.4	Church2025:YPM-IZ-111007;Church2025:YPM-IZ-111008	Church2025:YPM-IZ-111006;Church2025:YPM-IZ-111007;Church2025:YPM-IZ-111008;Church2025:YPM-IZ-111009;Church2025:YPM-IZ-111010
single_flowcell	tentacle	W Indian	MAGSP0010	5	5	1	Church2025:YPM-IZ-111006;Church2025:YPM-IZ-111007;Church2025:YPM-IZ-111008;Church2025:YPM-IZ-111009;Church2025:YPM-IZ-111010	Church2025:YPM-IZ-111006;Church2025:YPM-IZ-111007;Church2025:YPM-IZ-111008;Church2025:YPM-IZ-111009;Church2025:YPM-IZ-111010
single_flowcell	tentacle	W Indian	Vibrio	0	5	0		Church2025:YPM-IZ-111006;Church2025:YPM-IZ-111007;Church2025:YPM-IZ-111008;Church2025:YPM-IZ-111009;Church2025:YPM-IZ-111010
